S01D000053656C665F436F6D6D697373696F6E696E675F42504D2E73313951
S10B0000C01F0020CD380100EF
S1130400FFFFFFFFFFFFFFFFFFFFFFFFFE7BFFFF7D
S1130600C01F0020A56E0000C7730000C773000060
S1130610C7730000C7730000C77300000000000028
S1130620000000000000000000000000C77300008C
S1130630C773000000000000C7730000D1A60000CB
S1130640C7730000C7730000C7730000C7730000BE
S1130650C7730000C7730000C7730000C7730000AE
S1130660C7730000C7730000C7730000C77300009E
S1130670C7730000C7730000C7730000C77300008E
S1130680C7730000C7730000C7730000C77300007E
S1130690C7730000C7730000C7730000C77300006E
S11306A0C7730000C7730000C7730000C77300005E
S11306B00000000000000000C7730000A7AE0000A7
S11306C0A7AE000051AF000051AF000007B000001A
S11306D007B000000000000000000000C773000025
S11306E0C7730000C773000007450000C77300000C
S11306F0C7730000000000000000000000000000BC
S1130700C7730000C7730000C7730000C7730000FD
S1130710DF3D0000000000000000000000000000B9
S1130720C7730000C77300008F6E0000C77300001A
S1130730C7730000C7730000C7730000C7730000CD
S1130740C77300000000000000000000000000006B
S1130750000000000000000000000000C77300005B
S10B0760C7730000993D00007D
S113076810B5032002F0E5F8DFF8F44B002204F199
S11307782A0104F1080002F0B3FA002204F1DE01B0
S113078804F10A0002F0ACFA0020A0814FF6FD1132
S1130798A089084040F0200204F12C0104F10C0067
S11307A802F09EFA0122611C204602F091F9A08908
S11307B84FF6FE7101EA000204F12C0104F10C0069
S11307C802F08EFA002204F1F80104F1580002F054
S11307D800FB002204F1F40104F1540002F0F9FAD8
S11307E8142204F1FC0104F15C0002F0F2FA002284
S11307F804F13A0104F11A0002F072FA002204F139
S11308083C0104F11C0002F06BFA002204F13E01E1
S113081804F11E0002F064FA002204F12E0104F12E
S11308280E0002F05DFA002204F1320104F1120014
S113083802F056FA002204F1360104F1160002F01F
S11308484FFA002204F1300104F1100002F048FAD2
S1130858002204F1340104F1140002F041FA0022E8
S113086804F1380104F1180002F03AFA002204F104
S1130878400104F1200002F033FA002204F1E801F7
S113088804F1480002F0A5FA002204F1EC0104F195
S11308984C0002F09EFA002204F1F00104F1500029
S11308A802F097FA002204F1420104F1220002F056
S11308B817FA002204F1E00104F1240002F010FA0E
S11308C8002204F5807104F1600002F082FA00222B
S11308D804F5827104F1640002F07BFA002204F545
S11308E8847104F1680002F074FA002204F5867138
S11308F804F16C0002F06DFA002204F5887104F129
S1130908700002F066FA002204F58A7104F174009A
S113091802F05FFA002204F58C7104F1780002F009
S113092858FA002204F58E7104F17C0002F051FAA1
S1130938002204F1E20104F1260002F0D1F90022B8
S113094804F5907104F1800002F043FA0020C4F821
S1130958B00000214FF0FF30C4F8D800C4F8D40028
S1130968C4F8C400C4F8C800C4F8CC00C4F8C00073
S1130978C4F8BC00C4F8B800C4F8B410FF20A071CF
S1130988C4F89C101420A070C4F8A010EB20607167
S1130998C4F8A4104FF08040C4F8AC00C4F8981010
S11309A86FF08040C4F89410C4F89010E170C4F853
S11309B8D000002204F1DC01201D02F089F89FED2B
S11309C8620A04F5967104F1880002F05FFA9FED5B
S11309D85F0A04F5927104F1840002F057FA9FED5E
S11309E85A0A04F5947104F18C0002F04FFA02F0EB
S11309F8B1FA03F087F94FF47A714FF47A5003F09F
S1130A0869FC03F07DFD03F0B7FDA11DE01C02F0B5
S1130A186CF804F1B80104F1900002F0E6F904F16D
S1130A28BC0104F1940002F0E0F904F1C00104F1FE
S1130A38980002F0DAF904F1C40104F19C0002F010
S1130A48D4F904F1C80104F1A00002F0CEF904F1CC
S1130A58D00104F1AC0002F0C8F904F1CC0104F1AE
S1130A68A40002F0C2F904F1DC01201D02F03DF8F3
S1130A7803F041FD00EE100AB8EE400ABDEEC00ACC
S1130A8810EE100A401000EE100AB8EEC00ADFEDAE
S1130A98300A60EE200A9FED2F1A20EE010AFDEEBF
S1130AA8E00ABDEEC00AC4ED240A84ED250A10EE5E
S1130AB8902A04F1B80104F1900002F08AF9D4F8FC
S1130AC8942004F1BC0104F1940002F082F9D4F8F2
S1130AD8942004F1C00104F1980002F07AF900228C
S1130AE8A11DE01C01F0F4FF002204F1C40104F18B
S1130AF89C0002F06EF94FF0804204F1C80104F141
S1130B08A00002F066F94FF0804204F1D00104F12C
S1130B18AC0002F05EF9002204F1CC0104F1A40057
S1130B2802F057F9002204F5987104F1A80002F0C4
S1130B3850F9002204F1DC01201D01F0C9FFBDE8D1
S1130B481040042001F0F5BE0000000000000C4233
S1130B586666863F3333733F2DE9F04703F04AFF57
S1130B68DFF8FC4721786278D2430020D2B2914260
S1130B7818BF0120A189A28DD24392B2914218BF15
S1130B88401C2189628DD24392B2914218BF401C05
S1130B98B4F91A10B4F93A20D24389B292B2914204
S1130BA818BF401CB4F91C10B4F93C20D24389B2D4
S1130BB892B2914218BF401CB4F91E10B4F93E20F9
S1130BC8D24389B292B2914218BF401CB4F92210A0
S1130BD8B4F94220D24389B292B2914218BF401C60
S1130BE8218CB4F84020D24392B2914218BF401CE1
S1130BF820B102220021012003F0B2FF208CDFF88B
S1130C086457012804D03FD3032828D013D33BE0EA
S1130C18DFF854070069A18AA083A08B461A2869C3
S1130C28218B36B2471A3FB27142A1EB0708218AD9
S1130C38414461833EE0DFF830070069218A60831C
S1130C48608B401A0FFA80F82869218B471A3FB243
S1130C58C8F10001CE1BA18A8919A1832AE0DFF813
S1130C6808070069218A6083608B401A0FFA80F8AC
S1130C782869A18AA083A08B461A36B2C8F100005D
S1130C88871B208BC01915E0DFF8DC060169B4F96D
S1130C9810206183B4F91A104069A083A1EB0208FB
S1130CA8B4F91C00B4F91410461A2869B4F91810D8
S1130CB800B2471AE083B4F91A00C0436087B4F954
S1130CC81C00C043A087B4F91E00C043E0876869CC
S1130CD86084B4F922008146C043A4F84200207815
S1130CE8032840F0A48003F0B9FC03F09DF8B4F89D
S1130CF80CA003F0AAF9062808BF4AF0400A1AD043
S1130D08052818D1208940F0010204F12A0104F1D0
S1130D18080001F0E5FF608940F0010204F1DE01FA
S1130D2804F10A0001F0DCFF782204F5907104F163
S1130D38800002F04EF803F0F0FD052808BF4AF0E1
S1130D48800A1AD0042818D1208940F0040204F13A
S1130D582A0104F1080001F0C3FF608940F004028D
S1130D6804F1DE0104F10A0001F0BAFF782204F567
S1130D78907104F1800002F02CF85FEA4A6048BFE1
S1130D885FEA0A604BD5B4F91000B0F5006048BFBB
S1130D984042B4F91410B1F5006148BF4942B4F9AE
S1130DA81820B2F5006248BF5242B4F922306528CF
S1130DB8BCBF6529652A15DAA3F1320040F69C7197
S1130DC888420CD3208940F0020204F12A0104F17C
S1130DD8080001F085FF608940F002020EE04AF045
S1130DE8100A18E0208940F0010204F12A0104F1F4
S1130DF8080001F075FF608940F0010204F1DE018A
S1130E0804F10A0001F06CFF782204F5907104F1F2
S1130E18800001F0DEFF4FF63F7000EA0A0A5246EE
S1130E2804F12C0104F10C0001F05AFF04E02078CD
S1130E38042808BF03F012FC2078052813D1208960
S1130E4830B9A089000703D4A08940F002000EE05D
S1130E58A0894FF6FD710840A081A089C043A085F0
S1130E6803F04EFB07E04FF6FD71A0890840A0810E
S1130E78A089C043A0852078032805D100264FF017
S1130E880008374640F619394B463AB231B20FFAE0
S1130E9888F002F083F8E079401CE071C00744D47C
S1130EA82078032841D02078052818BF00200CD1C9
S1130EB8DFF8B80401690268036A01208B42BCBFE9
S1130EC80B4602209342B8BF03202084208CC043E1
S1130ED8A4F84000208C012810D018D3032816D178
S1130EE8DFF8840402684FF6E0710A4042F0080211
S1130EF802602868084040F0090015E0DFF868043B
S1130F0802684FF6E0710A4042F0090207E0DFF890
S1130F18580402684FF6E0710A4042F00802026081
S1130F282868084040F00C002860BDE8F04703F04A
S1130F3885BDF0B581B0002001F076FDDFF82044CE
S1130F48611C204601F0D1FD04F12A0104F10800D6
S1130F5801F0D3FE04F1DE0104F10A0001F0CDFE34
S1130F6804F12C0104F10C0001F0C7FE04F12E0178
S1130F7804F10E0001F0C1FE04F1320104F1120083
S1130F8801F0BBFE04F1360104F1160001F0B5FED0
S1130F9804F1300104F1100001F0AFFE04F1340152
S1130FA804F1140001F0A9FE04F1380104F1180059
S1130FB801F0A3FE04F1420104F1220001F09DFEB8
S1130FC804F13A0104F11A0001F097FE04F13C011E
S1130FD804F11C0001F091FE04F13E0104F11E002D
S1130FE801F08BFE04F5827104F1640001F0FDFE4A
S1130FF804F5847104F1680001F0F7FE04F58671C4
S113100804F16C0001F0F1FE04F5887104F170003C
S113101801F0EBFE04F58A7104F1740001F0E5FEB9
S113102804F58C7104F1780001F0DFFE04F58E718B
S113103804F17C0001F0D9FE207805285BD1B4F9CD
S11310481A0040F6F675401FA84218D3208940F0CC
S1131058010204F12A0104F1080001F041FE60894B
S113106840F0010204F1DE0104F10A0001F038FE47
S1131078782204F5907104F1800001F0AAFEB4F915
S11310881C00401FA84218D3208940F0010204F133
S11310982A0104F1080001F023FE608940F00102EE
S11310A804F1DE0104F10A0001F01AFE782204F5C5
S11310B8907104F1800001F08CFEB4F91E00401F09
S11310C8A84218D3208940F0010204F12A0104F14E
S11310D8080001F005FE608940F0010204F1DE0118
S11310E804F10A0001F0FCFD782204F5907104F182
S11310F8800001F06EFEB4F91A00B4F91010421A17
S113110892B204F12E0104F10E0001F0E9FDB4F9E4
S11311181C00B4F91410421A92B204F1320104F119
S1131128120001F0DDFDB4F91E00B4F91810421ADA
S113113892B204F1360104F1160001F0D1FDB4F9BC
S11311480E00216F10FB00F001EBE012B4F912005D
S1131158616F10FB00F001EBE015B4F91600A16F04
S113116810FB00F001EBE016E06F471C40F6A2709C
S113117887421BDB92FBF7F204F5827104F16400E9
S113118801F027FE95FBF7F204F5847104F1680079
S113119801F01FFE96FBF7F204F5867104F16C006A
S11311A801F017FE002200271546164604F588713B
S11311B804F1700001F00DFE2A4604F58A7104F169
S11311C8740001F006FE324604F58C7104F17800CF
S11311D801F0FFFD3A4604F58E7104F17C0001F03C
S11311E8F8FD04F1C40104F19C0001F0FEFD04F1D2
S11311F8C80104F1A00001F0F8FD04F1CC0104F1E8
S1131208A40001F0F2FD04F5987104F1A80001F0BE
S1131218ECFD04F1C00104F1980001F0E6FD04F1CD
S1131228BC0104F1940001F0E0FD04F1B80104F1FB
S1131238900001F0DAFDA11DE01C01F056FC611DCF
S1131248A01C01F052FC04F1DC01201D01F04DFC4E
S1131258D4F89C00B0F1804F06D2421C04F1C401BA
S113126804F19C0001F0B5FD41480568D4F8A400D8
S1131278414205EBE1010E18324604F1CC0104F1B8
S1131288A40001F0A6FDD4F8A800414205EB6101D1
S11312980D18F6102A4604F5987104F1A80001F017
S11312A898FDD4F8AC00F028B8BF6E10D4F89800B4
S11312B8B0423EDAD4F8942004F1C00104F1980055
S11312C801F087FDE078012842D10022A11DE01C2D
S11312D801F0FEFBD4F8A000421C04F1C80104F19B
S11312E8A00001F076FDD4F8A000A17888422FD39D
S11312F82079012808D1D4F89C2004F1D00104F104
S1131308AC0001F066FD05E0012204F1DC01201DBA
S113131801F0DEFB002204F1C80104F1A00001F091
S113132858FD002204F1C40104F19C0001F051FDB0
S11313380EE086420CDAD4F8902004F1C00104F1DE
S1131348980001F046FD0122A11DE01C01F0C0FB3C
S113135803F042F901B0BDE8F040012001F064BB9C
S1131368A40C002000B00340007002401880034021
S11313783880034000B581B0032001F055FB01B06B
S11313885DF804EB042001F04FBB000030B581B0D8
S1131398002001F007FBDFF8204E611C204601F015
S11313A8A4FB04F12A0104F1080001F0A6FC04F1ED
S11313B8DE0104F10A0001F0A0FC04F12C0104F19F
S11313C80C0001F09AFC04F5827104F1640001F048
S11313D80CFD04F5847104F1680001F006FD04F5C0
S11313E8867104F16C0001F000FD04F1FC0104F1C4
S11313F85C0001F0FAFC04F12E0104F10E0001F086
S11314087CFC04F1320104F1120001F076FC04F1D1
S1131418360104F1160001F070FC04F1E20104F154
S1131428260001F06AFC04F5807104F1600001F003
S1131438DCFC04F5907104F1800001F0D6FC04F1A1
S1131448F40104F1540001F0D0FC04F1F80104F1B2
S1131458580001F0CAFC04F1D80104F1B00001F00D
S1131468C4FC04F1D40104F1B40001F0BEFC2078FA
S1131478032818BF062836D004F1420104F12200DB
S113148801F03BFCB4F9220040F2035188420CDA23
S1131498208940F4007204F12A0104F1080001F0E3
S11314A81FFC608940F400720FE040F666718842C0
S11314B819DB208940F4806204F12A0104F1080050
S11314C801F00EFC608940F4806204F1DE0104F14D
S11314D80A0001F005FC4FF4FA6204F5907104F176
S11314E8800001F076FCB4F90E00B4F9121010FB78
S11314F800F011FB0100B4F9161011FB010204F10C
S1131508FC0104F15C0001F064FC208938B1207806
S1131518022804DB0622611C204601F0D9FA20784F
S1131528052840F09180A06E2B28E06E0ADAB0F509
S1131538F37FA4BF606EB0F5F37F2BDBA08940F482
S1131548807221E02B280BDAA06EB0F5F37FA4BFDC
S1131558606EB0F5F37F1DDBA08940F4807213E060
S1131568606E2B280BDAE06EB0F5F37FA4BFA06E93
S1131578B0F5F37F0EDBA08940F4807204E0A08903
S11315884FF6FF6101EA000204F12C0104F10C009A
S113159801F0A6FBA089C0F300200028E08C22D02B
S11315A8401CE084E08CB0F57A7F20DD4FF47A703B
S11315B8E08404F12A01208940F0800204F1080043
S11315C801F08EFB608940F0800204F1DE0104F131
S11315D80A0001F085FBC82204F5907104F180002B
S11315E801F0F7FB03E010B1E08C401EE08404F145
S11315F8E201E28C04F1260001F072FB04F1D0014F
S113160804F1AC0001F0F1FBA08902F0CBFF012842
S113161814D1208940F0400204F12A0104F10800A1
S113162801F05EFB608940F0400204F1DE0104F140
S11316380A0001F055FB782200F0B0BDA08900072C
S113164840F1B28500F0A3BD042840F0C28002F046
S113165857FF01F053F8A0892189090748BF782268
S113166800F19C85400540F19F85A0894FF6FB71E8
S113167801EA000204F12C0104F10C0001F030FB32
S1131688A08900054CBF00224FF47A7204F1D801F6
S113169804F1B00001F09DFBA11DE01C01F025FA46
S11316A804F1B80104F1900001F09FFB04F1BC01BE
S11316B804F1940001F099FB04F1C00104F19800CD
S11316C801F093FB04F1C40104F19C0001F08DFBCB
S11316D804F1C80104F1A00001F087FB04F1D00172
S11316E804F1AC0001F081FB04F1CC0104F1A40085
S11316F801F07BFB04F1DC01201D01F0F6F902F096
S1131708FAFE00EE100AB8EE400ABDEEC00A10EE6A
S1131718100A401000EE100AB8EEC00ADFEDAC0A59
S113172860EE200A9FEDAB1A20EE010AFDEEE00AF6
S1131738BDEEC00AC4ED240A84ED250A10EE902AF1
S113174804F1B80104F1900001F043FBD4F89420AB
S113175804F1BC0104F1940001F03BFBD4F894209B
S113176804F1C00104F1980001F033FB0022A11D2B
S1131778E01C01F0ADF9002204F1C40104F19C005D
S113178801F027FB4FF0804204F1C80104F1A000E6
S113179801F01FFB4FF0804204F1D00104F1AC00CA
S11317A801F017FB002204F1CC0104F1A40001F0BC
S11317B810FB002204F5987104F1A80001F009FB5C
S11317C8002204F1DC01201D01F082F9022200F05C
S11317D8DFBC032840F0008102F092FEA089400794
S11317E81DD5A0894FF6FB7101EA000204F12C0112
S11317F804F10C0001F074FAA0894FF6EF7101EAC4
S1131808000204F12C0104F10C0001F069FA7D20B6
S113181802F0FBFB4FF4A071282002F0DEFEA08941
S1131828C00640F1BC80A0894FF6FE7101EA0002AF
S113183804F12C0104F10C0001F052FA002204F125
S1131848F80104F1580001F0C4FA002204F1F4018B
S113185804F1540001F0BDFAA11DE01C01F045F9A2
S113186804F1B80104F1900001F0BFFA04F1BC01DD
S113187804F1940001F0B9FA04F1C00104F19800EC
S113188801F0B3FA04F1C40104F19C0001F0ADFACB
S113189804F1C80104F1A00001F0A7FA04F1D00191
S11318A804F1AC0001F0A1FA04F1CC0104F1A400A4
S11318B801F09BFA04F1DC01201D01F016F902F095
S11318C81AFE00EE100AB8EE400ABDEEC00A10EE89
S11318D8100A401000EE100AB8EEC00ADFED3C0A08
S11318E860EE200A9FED3B1A20EE010AFDEEE00AA5
S11318F8BDEEC00AC4ED240A84ED250A10EE902A30
S113190804F1B80104F1900001F063FAD4F89420CA
S113191804F1BC0104F1940001F05BFAD4F89420BA
S113192804F1C00104F1980001F053FA0022A11D4A
S1131938E01C01F0CDF8002204F1C40104F19C007C
S113194801F047FA4FF0804204F1C80104F1A00005
S113195801F03FFA4FF0804204F1D00104F1AC00E9
S113196801F037FA002204F1CC0104F1A40001F0DB
S113197830FA002204F5987104F1A80001F029FA5C
S1131988002204F1DC01201D01F0A2F8A08900075F
S11319984CBF04220522611C204601F099F802F08C
S11319A801FE012840F00084208940F0400204F13F
S11319B82A0104F1080001F093F9608940F040021B
S11319C804F1DE0104F10A0001F08AF97822E5E362
S11319D86666863F3333733F022840F00B8102F07A
S11319E8A1FD0020EFF3108572B6B4F90E10B4F916
S11319F82E20D24389B292B2914218BF0120B4F981
S1131A081210B4F93220D24389B292B2914218BF6B
S1131A18401CB4F91610B4F93620D24389B292B2F4
S1131A28914218BF401CB4F91010B4F93020D243C5
S1131A3889B292B2914218BF401CB4F91410B4F997
S1131A483420D24389B292B2914218BF401CB4F9EF
S1131A581810B4F93820D24389B292B2914218BF0F
S1131A68401CB4F92210B4F94220D24389B292B28C
S1131A78914218BF401C20B101220021012003F02B
S1131A886FF885F3108804F1E80104F1480001F0C7
S1131A98ACF904F1EC0104F14C0001F0A6F904F1ED
S1131AA8F00104F1500001F0A0F9A06CB4F90E1093
S1131AB8B4F910205118A1EB204101EB810200EB8D
S1131AC8C2152A4604F1E80104F1480001F081F93D
S1131AD82A1492B204F1300104F1100001F000F963
S1131AE8E06CB4F91210B4F914205118A1EB204198
S1131AF801EB810200EBC2152A4604F1EC0104F162
S1131B084C0001F066F92A1492B204F1340104F18C
S1131B18140001F0E5F8206DB4F91610B4F9182092
S1131B285118A1EB204101EB810200EBC2152A46B2
S1131B3804F1F00104F1500001F04BF92A1492B2B7
S1131B4804F1380104F1180001F0CAF8A08940072B
S1131B5821D5A0894FF2FF7101EA000204F12C019A
S1131B6804F10C0001F0BCF8A0894FF6FF3101EA3A
S1131B78000204F12C0104F10C0001F0B1F8032275
S1131B88611C204600F0A4FF002204F1DE0104F1E8
S1131B980A0001F0A5F8A089A189400540F1048351
S1131BA8C80700F10183D4F8B00028B1421E04F13B
S1131BB8D80104F1B000F5E2A0894FF6FF3101EA3B
S1131BC8000204F12C0104F10C0001F089F84FF42F
S1131BD8C87204F1D80104F1B00001F0FAF8002247
S1131BE804F1D40104F1B40001F0F3F802F088FC24
S1131BF80722CDE2072840F08F81D4F8B0000028EE
S1131C0800F0D880421E04F1D80104F1B00001F0BC
S1131C18E0F8D4F8B450B5F57A7F07DA32352A46B5
S1131C2804F1D40104F1B40001F0D3F8C5F58042FD
S1131C3805F5804092B24FF4804180B202F080FCF6
S1131C48B4F90E00B4F91210B4F9162010F1190FF2
S1131C5880F2AA8201F13100632880F0A5821A2A51
S1131C68C0F2A282A08940F0010204F12C0104F11F
S1131C780C0001F035F8A11DE01C00F036FF04F15A
S1131C88B80104F1900001F0B0F804F1BC0104F1CA
S1131C98940001F0AAF804F1C00104F1980001F0DD
S1131CA8A4F804F1C40104F19C0001F09EF804F1C5
S1131CB8C80104F1A00001F098F804F1D00104F17E
S1131CC8AC0001F092F804F1CC0104F1A40001F095
S1131CD88CF804F1DC01201D00F007FF02F00BFC76
S1131CE800EE100AB8EE400ABDEEC00A10EE100A63
S1131CF8401000EE100AB8EEC00ADFED5A0A60EE92
S1131D08200A9FED2B1A20EE010AFDEEE00ABDEE33
S1131D18C00AC4ED240A84ED250A10EE902A04F1C1
S1131D28B80104F1900001F054F8D4F8942004F1B7
S1131D38BC0104F1940001F04CF8D4F8942004F1A7
S1131D48C00104F1980001F044F80022A11DE01C30
S1131D5800F0BEFE002204F1C40104F19C0001F06D
S1131D6838F84FF0804204F1C80104F1A00001F0F2
S1131D7830F84FF0804204F1D00104F1AC0001F0D6
S1131D8828F8002204F1CC0104F1A40001F021F8A0
S1131D98002204F5987104F1A80001F01AF8002251
S1131DA804F1DC01201D00F093FE0222F0E100BFE3
S1131DB83333733F208940F0080204F12A0104F107
S1131DC8080000F08DFF608940F0080204F1DE018C
S1131DD804F10A0000F084FFA11DE01C00F085FE58
S1131DE804F1B80104F1900000F0FFFF04F1BC0114
S1131DF804F1940000F0F9FF04F1C00104F1980023
S1131E0800F0F3FF04F1C40104F19C0000F0EDFFBD
S1131E1804F1C80104F1A00000F0E7FF04F1D001C7
S1131E2804F1AC0000F0E1FF04F1CC0104F1A400DA
S1131E3800F0DBFF04F1DC01201D00F056FE02F087
S1131E485AFB00EE100AB8EE400ABDEEC00A10EEC6
S1131E58100A401000EE100AB8EEC00ADFED010ABD
S1131E6802E000BF6666863F60EE200A9FEDD11A45
S1131E7820EE010AFDEEE00ABDEEC00AC4ED240A14
S1131E8884ED250A10EE902A04F1B80104F19000BB
S1131E9800F09FFFD4F8942004F1BC0104F19400ED
S1131EA800F097FFD4F8942004F1C00104F19800DD
S1131EB800F08FFF0022A11DE01C00F009FE0022A3
S1131EC804F1C40104F19C0000F083FF4FF0804248
S1131ED804F1C80104F1A00000F07BFF4FF0804238
S1131EE804F1D00104F1AC0000F073FF002204F106
S1131EF8CC0104F1A40000F06CFF002204F59871F1
S1131F0804F1A80000F065FF002204F1DC01201DA3
S1131F1800F0DEFD782241E1012840F0EA8000204B
S1131F28EFF3108572B6B4F90E10B4F92E20D2432B
S1131F3889B292B2914218BF0120B4F91210B4F9CF
S1131F483220D24389B292B2914218BF401CB4F9EC
S1131F581610B4F93620D24389B292B2914218BF0E
S1131F68401CB4F91010B4F93020D24389B292B2AB
S1131F78914218BF401CB4F91410B4F93420D24368
S1131F8889B292B2914218BF401CB4F91810B4F93E
S1131F983820D24389B292B2914218BF401CB4F996
S1131FA82210B4F94220D24389B292B2914218BFA6
S1131FB8401C20B101220021012002F0D1FD85F34B
S1131FC8108804F1E80104F1480000F00EFF04F160
S1131FD8EC0104F14C0000F008FF04F1F00104F1F5
S1131FE8500000F002FFA06CB4F90E10B4F91020F0
S1131FF85118A1EB204101EB810200EBC2152A46DE
S113200804F1E80104F1480000F0E3FE2A1492B256
S113201804F1300104F1100000F062FEE06CB4F940
S11320281210B4F914205118A1EB204101EB8102DC
S113203800EBC2152A4604F1EC0104F14C0000F04F
S1132048C8FE2A1492B204F1340104F1140000F019
S113205847FE206DB4F91610B4F918205118A1EBF5
S1132068204101EB810200EBC2152A4604F1F0017C
S113207804F1500000F0ADFE2A1492B204F13801C4
S113208804F1180000F02CFE04F1E00104F124002E
S113209800F033FEB4F92400C82806DA421C92B2D0
S11320A804F1E00104F124001DE0E06D216E0A282A
S11320B81BD24D1C2A4604F5807104F1600000F01F
S11320C888FE062D11D3002204F5807104F1600006
S11320D800F07FFEA0894FF6DF7101EA000204F1E7
S11320E82C0104F10C0000F0FBFDA08980065BD4F0
S11320F84DE0062858D12089C0F38010B8B920894A
S1132108C0F3402080B104F1420104F1220000F040
S1132118F4FDB4F9220040F66671884204DA40F20C
S11321280351884205DA02E002F0EAF901E002F01C
S1132138F9F92089C0F30020B0BBD4F8800060BB53
S1132148002204F1E20104F1260000F0C9FD002296
S113215804F12A0104F1080000F0C2FDA0894FF639
S1132168FE7101EA000204F12C0104F10C0000F0F4
S1132178B7FD002204F1F80104F1580000F029FE2B
S1132188002204F1F40104F1540000F022FE0422B8
S1132198611C204600F09CFC06E0421E04F5907188
S11321A804F1800000F015FE01B0BDE830400120C4
S11321B800F0F8BB3333733FA40C002010B506209D
S11321C800F0F0FBDFF81C47611C204600F08DFC92
S11321D82078A1890228C0F28F80C1F3402000280A
S11321E800F08A80606C32224FF6FF71801C02F086
S11321F80BFD616C0988884204D00022002101206B
S113220802F0AEFC04F12A0104F1080000F075FDA7
S113221804F1DE0104F10A0000F06FFD04F12C0161
S113222804F10C0000F069FD04F1E40104F1280054
S113223800F063FD04F5927104F1840000F039FEA6
S113224804F5827104F1640000F0CFFD04F5847193
S113225804F1680000F0C9FD04F5867104F16C000E
S113226800F0C3FD208D401C2085208D282803DB29
S113227800F0A0F90020208594ED210A2189C1F3FA
S11322880021BDEEC00A002910EE100A616C00B2EC
S11322980DD0B1F9041088421FDA20894FF6FF6186
S11322A801EA000204F12A0104F1080013E0B1F97B
S11322B80610814211DA208940F4807204F12A015F
S11322C804F1080000F00CFD608940F4807204F108
S11322D8DE0104F10A0000F003FD228D04F1E4019B
S11322E804F1280000F0FCFC94ED210A04F5927135
S11322F804F1840000F0CAFDBDE81040072000F096
S113230851BB10B5DFF8DC4504F12A0104F10800DB
S113231800F0F3FC2189012001B9002010BD30B57B
S11323280446DFF8C05581B005F12A0105F108001B
S113233800F0E3FC2889E04000F0010001B030BD62
S113234830B50446DFF89C5581B005F1DE0105F18E
S11323580A0000F0D2FC69890120E140C90758BF8E
S1132368002001B030BD30B50446DFF8785581B09F
S113237805F12C0105F10C0000F0BFFCA889E04030
S113238800F0010001B030BD10B5DFF85845611CFC
S1132398204600F0AAFB04F12C0104F10C0000F023
S11323A8A4FB2078A189022806D10906880E00F02A
S11323B8010080F0010010BD002010BD10B5DFF849
S11323C82445611C204600F090FB04F12C0104F123
S11323D80C0000F092FCA0892178022918D1C0F3DE
S11323E84020A8B1A08940F0040204F12C0104F1B2
S11323F80C0000F075FCA0894FF6F77101EA0002A1
S113240804F12C0104F10C0000F06AFC012010BD59
S1132418002010BD30B5DFF8CC4481B0611C2046E3
S113242800F063FB04F12C0104F10C0000F065FCDE
S11324382078052818BF032810D1EFF3108572B649
S1132448A08940F0080204F12C0104F10C0000F00A
S113245847FC85F31088012001B030BD002001B08D
S113246830BD10B5DFF87C4404F12C0104F10C00F4
S113247800F043FCA08940F4006204F12C0104F14B
S11324880C0000F02DFCBDE81040C3E7F0B504468D
S11324980D46DFF8507481B0164607F12C0107F198
S11324A80C0000F02AFCB889800707D5B2B2A9B29B
S11324B8A0B201B0BDE8F04002F042B801B0F0BDEE
S11324C830B50446DFF81C5481B005F12C0105F140
S11324D80C0000F012FCA889C0F3400565B1012C7A
S11324E805D1012502F00CF8284601B030BD022CB4
S11324F804BF012502F016F8284601B030BD0000DB
S113250870B50546DFF8DC43002604F12C0104F11C
S11325180C0000F0F2FB002D4AD0656432224FF61D
S1132528FF71A81C02F070FB616C0988884211D005
S113253800221146012002F013FBA0894FF6FF5137
S113254801EA000204F12C0104F10C0000F0C8FBBC
S1132558304670BDA08940F4007204F12C0104F1E6
S11325680C0000F0BDFB002204F1E40104F1280092
S113257800F0B6FB606CB0F9020000EE100AB8EE89
S1132588C00A04F5927104F1840000F07FFC9FED09
S11325985A0A04F5947104F18C0000F077FC9FED5D
S11325A8560A04F5967104F1880000F06FFC0126C0
S11325B8304670BD10B5CB4C2DED048B606CB0F972
S11325C80800D4ED210A00EE100AB8EEC00A70EE35
S11325D8C08A94ED190AD4ED1A0AB8EEC00AF8EEC6
S11325E8E00A30EE200AD4ED1B0AF8EEE00A30EED9
S11325F8200ADFEDB90A20EE200ADFEDB80A20EE42
S1132608208A611DA01C00F070FA04F1D00104F1C5
S1132618AC0000F0EAFBA07800EE100AB8EE400A1D
S1132628DFEDAF0A20EE200AD4ED2B0A606CF8EE39
S1132638600AB7EE001A70EE810A80EE209A90EDD7
S1132648050A90ED061A20EE090A69EE090A00EE59
S1132658810AD0ED070AB0F90A10B0EE081A60EE44
S1132668810A90ED081AF7EE001A41EE281A01EED5
S1132678101AB8EEC11A60EEA10AB4EE491A60EE57
S1132688880AF1EE10FA4FBF90ED0B1AD0ED0A1A32
S113269890ED091A01EEA81A30EE800A01EE680AD4
S11326A8D0ED030A20EE200AD0ED040A94ED211A95
S11326B800EE201A84ED211A04F5947104F18C00BB
S11326C800F0F7FB04F5967104F1880000F0F1FBC3
S11326D8B0EE480A04F5947104F18C0000F0D6FBBE
S11326E8B0EE490A04F5967104F18800BDEC048B38
S11326F8BDE8104000F0CABB0000000030B581B04E
S11327080020EFF3108572B6764CB4F90E10B4F9C4
S11327182E20D24389B292B2914218BF0120B4F953
S11327281210B4F93220D24389B292B2914218BF3E
S1132738401CB4F91610B4F93620D24389B292B2C7
S1132748914218BF401CB4F91010B4F93020D24398
S113275889B292B2914218BF401CB4F91410B4F96A
S11327683420D24389B292B2914218BF401CB4F9C2
S11327781810B4F93820D24389B292B2914218BFE2
S1132788401CB4F92210B4F94220D24389B292B25F
S1132798914218BF401C20B101220021012002F0FF
S11327A8DFF985F31088A06D00216FF001028942DA
S11327B809DC01DB904206D2421C04F1F80104F161
S11327C8580000F006FBE06D616D42F21072904211
S11327D838BFB1F5A07F33D201F0E4FE01281FD140
S11327E8208940F0400204F12A0104F1080000F0B5
S11327F877FA608940F0400204F1DE0104F10A002E
S113280800F06EFA002204F1F40104F1540000F01F
S1132818E0FA42F6E06204F5907104F180000DE0FC
S1132828606D00216FF00102894209DC01DB9042EE
S113283806D2421C04F1F40104F1540000F0C9FA70
S1132848606DB0F5A07F24D34FF4A071282001F067
S1132858C4FE02F062F8042810D1208940F0040272
S113286804F12A0104F1080000F03AFA608940F002
S1132878040204F1DE0104F10A0008E0052808D185
S1132888A08940F4806204F12C0104F10C0000F0EA
S113289827FA2089A16DB1F5484F05D2C10703D4A1
S11328A8810701D4400714D5208940F0080204F1B7
S11328B82A0104F1080000F013FA608940F00802C4
S11328C804F1DE0104F10A0001B0BDE8304000F073
S11328D807BA01B030BD0000F4D4B3410000003899
S11328E800007A45A40C002030B5704C81B0FF2557
S11328F8FF220821204602F01BFB002020722A46F2
S1132908122104F10C0002F013FB002060722A4625
S11329180B2104F1200002F00BFB0020A0722A46D0
S1132928042104F12C0002F003FB0020E07201B042
S113293830BD5E490A7A082A03DA5054501C0872DA
S1132948704700220321122002F00AB910B5574C2F
S1132958207A082802D00022022103E0207828B136
S113296800220121122002F0FBF813E0607801280C
S113297804BFA0780228F3D1E078032804BF2079A3
S11329880428EDD16079052801BFA0790628E079EB
S11329980728E5D1FF220821204602F0C9FA0020C1
S11329A8207210BD41494A7A122A04DA531818735E
S11329B8501C4872704700220321102002F0D0B83E
S11329C830B53A4C607A81B0122802D00022022134
S11329D80CE0002004F10C010FF2D40211F8013BC1
S11329E812F8015BAB4205D000220121102002F04D
S11329F8B7F80FE011F8013B12F8015BAB4202BFD4
S1132A0811F8013B12F8015BAB42EDD1C01CC0B216
S1132A181228E3DBFF22122104F10C0002F088FAE9
S1132A280020607201B030BD20498A7A0B2A05DA89
S1132A38531883F82000501C887270470022032121
S1132A48112002F08DB8000030B5184CA07A81B07E
S1132A580B2802D00022022110E094F8200058B973
S1132A685FF0010004F121010FF2590211F8013B52
S1132A7812F8015BAB4205D000220121112002F0BB
S1132A886FF809E011F8013B12F8015BAB42F3D18E
S1132A98801CC0B20B28E9DBFF220B2104F12000C3
S1132AA802F046FA0020A07201B030BDF4FBFF1F0B
S1132AB800010203000104050001060700010809DA
S1132AC800010000000102000100010304000100EC
S1132AD810B4EFF31084230072B60270D2B2D44358
S1132AE80C7083F3108810BC704770B582B0040072
S1132AF80D0000208DF80200EFF31080060072B676
S1132B082078C0438DF801009DF801002978884297
S1132B1853D02A0092B2210089B2012002F020F891
S1132B2801208DF8020020788DF8010001208DF82D
S1132B3800009DF80000002817D09DF800002070C0
S1132B4820789DF80010884209D02A0092B221000A
S1132B5889B2022002F004F802208DF802009DF8E0
S1132B68000040008DF80000E3E79DF801002070A4
S1132B7828788DF8010001208DF800009DF80000E8
S1132B88002817D09DF80000287028789DF80010B8
S1132B98884209D02A0092B2210089B2022001F0A9
S1132BA8DFFF03208DF802009DF8000040008DF837
S1132BB80000E3E79DF80100287086F310889DF86B
S1132BC8020076BD70B4EFF31086350072B60026A5
S1132BD834009C4206D2A65C2654A65CF64366548E
S1132BE8641CF6E785F3108870BC70472DE9F04142
S1132BF882B004000D00160000208DF80100EFF3E8
S1132C081080804672B600200700B74262D2385D51
S1132C18C0438DF802009DF80200795D884257D0C0
S1132C289DF80100002809D12A0092B2210089B236
S1132C38012001F095FF01208DF80100385D8DF821
S1132C48020001208DF800009DF80000002817D02C
S1132C589DF800003855385D9DF80010884209D069
S1132C682A0092B2210089B2022001F079FF0220E1
S1132C788DF801009DF8000040008DF80000E3E79E
S1132C889DF802003855785D8DF8020001208DF812
S1132C9800009DF80000002817D09DF80000785522
S1132CA8785D9DF80010884209D02A0092B221006C
S1132CB889B2022001F054FF03208DF801009DF829
S1132CC8000040008DF80000E3E79DF80200785505
S1132CD87F1C9AE788F310889DF80100BDE8F68107
S1132CE810B4EFF31084230072B6028092B2D44376
S1132CF80C8083F3108810BC70477CB504000D0069
S1132D0800208DF80400EFF31080060072B62088C6
S1132D18C043ADF80200BDF802002988884253D0A8
S1132D282A0092B2210089B2012001F019FF012082
S1132D388DF804002088ADF802000120ADF80000E9
S1132D48BDF80000002817D0BDF8000020802088B6
S1132D58BDF80010884209D02A0092B2210089B235
S1132D68022001F0FDFE02208DF80400BDF80000E9
S1132D784000ADF80000E3E7BDF802002080288891
S1132D88ADF802000120ADF80000BDF800000028ED
S1132D9817D0BDF8000028802888BDF800108842A4
S1132DA809D02A0092B2210089B2022001F0D8FE8B
S1132DB803208DF80400BDF800004000ADF80000C1
S1132DC8E3E7BDF80200288086F310889DF8040024
S1132DD876BD10B4EFF31084230072B60260D443B6
S1132DE80C6083F3108810BC70472DE9F843040085
S1132DF80D0000200700EFF31080814672B62068AA
S1132E08C0430600286886423AD02A0092B22100BC
S1132E1889B2012001F0A4FE012007002068060001
S1132E2801208046B8F1000F10D0C4F80080206853
S1132E38404508D02A0092B2210089B2022001F04C
S1132E488FFE022007005FEA4808EBE7266028683F
S1132E58060001208046B8F1000F10D0C5F80080A4
S1132E682868404508D02A0092B2210089B202207D
S1132E7801F076FE032007005FEA4808EBE72E60BE
S1132E8889F310883800C0B2BDE8F28381B08DEDB3
S1132E98000A009BDB430093EFF310831A0072B619
S1132EA810EE103A0360009B0B6082F3108801B0A7
S1132EB870472DE9F04182B004000D00002006009F
S1132EC8EFF31080804672B6206800900098C043E3
S1132ED8009000982968884236D02A0092B22100CE
S1132EE889B2012001F03CFE012006002068009010
S1132EF801200700002F0ED027602068B84208D0B0
S1132F082A0092B2210089B2022001F029FE02208F
S1132F1806007F00EEE700982060286800900120F2
S1132F280700002F0ED02F602868B84208D02A0066
S1132F3892B2210089B2022001F012FE0320060099
S1132F487F00EEE70098286088F310883000C0B24C
S1132F58BDE8F68100B581B002F008F802F0A4F8E3
S1132F6802F0C0FDDFF8AC0C002141608160C16053
S1132F78016002F01FFE03F035FB41F28C01DFF81B
S1132F88A80CC16001B000210161416181618180A7
S1132F98022141700021017000BD000070B5DFF806
S1132FA8884CA5784042000100EE900A6E1C9FED03
S1132FB8550AF8EEE00ADFF85C5C60EE800A9FEDE3
S1132FC8521A60EE810A4842C5ED010A000100EE7A
S1132FD8900AF8EEE00A60EE800A60EE810A504238
S1132FE8C5ED020A000100EE900AF8EEE00A20EEB0
S1132FF8800ADFED450A20EE200A85ED030AD80091
S113300800EE100AB8EEC00ADFED400A20EE200AEE
S1133018DFED3D0A6078E168A67020EE200A85EDB0
S1133028000A072826DB6A6822F0004200EE102A0C
S1133038AA6822F0004200EE902AEA68DFED341A0A
S113304822F00042B4EE610A01EE102AF1EE10FA01
S1133058BFBFF4EE610AF1EE10FAB4EE611AF1EEB4
S113306810FA07DB226940F201431A43226141F452
S1133078806101E021F48061E16029B3032805DA65
S1133088022840F00181C1F34000C8B106206070F5
S1133098606940F001006061FFF7BCF9FFF774F95B
S11330A801280DD10020A08003F09CFAE06838B90B
S11330B8606920F4FD70606103F04CF903206070CE
S11330C8BDE8704001F06ABF08284DD103F0E4FA66
S11330D8DFF8E40BD0ED3A0A30EE200A85ED040A55
S11330E801F0FCFF6069C0F3800109B10921617036
S11330F8C10737D4C0F3400060B10220FFF7E0F9FC
S1133108DEE700BF5A640341000000386666DF4307
S11331189A99014195F8490095F8481050FA81F2B6
S11331281AB1F9B90028CBD0E7E79FEDB00AD5ED7D
S11331380E0A60EE800AFDEEE00A10EE902AD5ED44
S11331480D0A60EE800AFDEEE00A10EE901AD5ED45
S11331580C0A20EE800ABDEEC00A10EE100AFFF732
S113316895F9ADE70120C9E707283AD16069C10795
S11331782CD4C0F3400008B1022028E095F8490097
S113318895F8481050FA81F21AB1F9B908B3022037
S11331981DE09FED960AD5ED0E0A60EE800AFDEE5D
S11331A8E00A10EE902AD5ED0D0A60EE800AFDEED5
S11331B8E00A10EE901AD5ED0C0A20EE800ABDEE56
S11331C8C00A10EE100AFFF761F902E00120FFF7C8
S11331D877F96069C0F3800000280CBF0820052037
S11331E86DE7042826D1FFF7E9F86069C0F3800089
S11331F808B1052063E70120FFF7B5F801287FF43B
S11332085FAF606910F0F00F18BF0B200CD1C0F34A
S1133218C00119B103F0FAF9072005E0C0F3002052
S113322818B103F01BFB01206070606920F00800EE
S1133238606145E709281BD1F00744BF0520607089
S11332486069C1078ED4C0F3400000287FF455AFED
S113325895F8490095F8481050FA81F2002A3FF48D
S113326864AF00297FF47EAF00283FF429AF44E718
S1133278052809D1FFF7CEF8FFF786F801287FF46F
S11332881FAF03F0AFF917E702280AD100297FF42A
S113329817AFFFF779F801287FF412AF00202061F7
S11332A80AE703280DD1002028616069C008C0001E
S11332B8606110F4FC7F3FF403AF0020A080042079
S11332C8FDE60A283FF4FCAE0B283DD16069C1072E
S11332D82CD4C0F3400008B1022028E095F8490036
S11332E895F8481050FA81F21AB1F9B908B30220D6
S11332F81DE09FED3E0AD5ED0E0A60EE800AFDEE54
S1133308E00A10EE902AD5ED0D0A60EE800AFDEE73
S1133318E00A10EE901AD5ED0C0A20EE800ABDEEF4
S1133328C00A10EE100AFFF7B1F802E00120FFF717
S1133338C7F86069C0F3800100293FF4C1AE20F0EA
S1133348F00060610520BAE601287FF4A5AEF00715
S113335848BF03F0B9FA6069C1072CD4C0F3400030
S113336808B1022028E095F8490095F8481050FA69
S113337881F21AB1F9B908B302201DE09FED1B0AC6
S1133388D5ED0E0A60EE800AFDEEE00A10EE902AF2
S1133398D5ED0D0A60EE800AFDEEE00A10EE901AF3
S11333A8D5ED0C0A20EE800ABDEEC00A10EE100A14
S11333B8FFF76CF802E00120FFF782F803F0CAFB7C
S11333C8012805D06069C0F3800000283FF478AE76
S11333D8E06800287FF474AE2061606920F480708E
S11333E8606103F06BFA052069E6000000000047FD
S11333F800B581B001F0D4FD01B05DF804EB02F032
S1133408AFBD02F03EBE30B581B002F0C9FBDFF8B3
S11334181848E16840B9206940F4800040F0010090
S1133428206141F4800001E021F48000E06006207E
S1133438FEF775FFE16838B1206940F601021043D0
S1133448206141F4006001E021F40060E060E0786C
S113345810B1401EE070E2E03C20E070FEF751FF3E
S1133468050067D00020FEF75AFF40B140F2011171
S1133478206908432061E06840F48070E06001201E
S1133488FEF74DFF40B140F2012120690843206155
S1133498E06840F40070E0600220FEF740FF48B1A5
S11334A8206940F4002040F001002061E06840F405
S11334B80020E0600720FEF732FF48B1206940F49D
S11334C8005040F001002061E06840F40050E060E2
S11334D80920FEF724FF38B1206940F00900206173
S11334E8E06840F00800E0600A20FEF718FF38B1F1
S11334F8206940F005002061E06840F00400E060C5
S11335080320FEF70CFF48B1206940F4805040F0D6
S113351801002061E06840F48050E0600820FEF774
S1133528FEFEF0B1206940F081002061E06840F0BF
S1133538800015E0E068DFF888170840E06006209E
S113354802F072FF48B1206940F4005040F00100D5
S11335582061E06840F4005002E0E06820F4005084
S1133568E0606078082818BF07281CD002280BD10F
S1133578A088B0F5507F13DD206940F00300206176
S1133588E06840F002001CE0062804D1E068DFF897
S11335983417084015E0042814D1A088212807DA34
S11335A8401CA0800EE00120FEF7DDFE284309D16F
S11335B8206940F4802040F001002061E06840F474
S11335C88020E060607807280ADB207E800607D424
S11335D8206940F003002061E06840F00200E060E8
S11335E8042002F021FFE16830B1206940F0210095
S11335F8206141F0200001E021F02000E060052076
S113360802F012FF38B1206940F041002061E068FF
S113361840F0400002E0E06820F04000E06061789B
S1133628A069032903D1052161F3440014E020F0C3
S11336380A0008290ED140F01000A06103F0D0F868
S11336480328A1690CBF41F0040021F004004008DC
S1133658400001E020F00400A0610920FEF783FE89
S1133668DFF86426A169127802F0010210182278A2
S11336781018C0B203280CBF41F0200021F020002C
S1133688A06101B0BDE8304002F030BD00B581B0A2
S113369801F088FC01F03EFD02F03AFA01B05DF851
S11336A804EB02F0BBBDF0B503000846114681B037
S11336B84FF0FF3243D1DFF870359C69C4F34014EE
S11336C8C4B35C69C4F380057DBB00284CBF454284
S11336D805469E6837682DB2AF42A4BF7768BD42DD
S11336E81EDB00294CBF4D420D46B7682DB2AF42D0
S11336F8A4BF3669B5420EDB5D78032D03D144F0CF
S113370808025A6101E0082D1BD102F083FF002250
S1133718104601B0F0BD6FF00202104601B0F0BDD2
S11337286FF00102104601B0F0BD6FF005021046BB
S113373801B0F0BD6FF00402104601B0F0BD6FF0A7
S11337480602104601B0F0BD0000000030B51C466A
S113375881B04FF0FF33002871D1DFF8CC54A86949
S1133768C0F34010002865D06869C0F380000028C1
S11337785BD16878032818BF0B2862D1002A48BF98
S11337885242DFF890044261220048BF52428261EB
S11337980329049A059B3FD8DFE801F00210202E84
S11337A8C26100210162032002F098FE686940F0BA
S11337B8100068610023184601B030BDC2611900C9
S11337C848BF49420162042002F088FE686940F05B
S11337D8200068610023184601B030BD0021C26191
S11337E80162052002F07AFE686940F040006861D1
S11337F80023184601B030BDC261190048BF4942D0
S11338080162062002F06AFE686940F0800068617F
S11338180023184601B030BD002141618161C161B6
S113382801620023184601B030BD6FF00503184645
S113383801B030BD6FF00403184601B030BD6FF01D
S11338480603184601B030BD30B581B00C460028D7
S11338583AD1DFF8D4536869A96920F0080068618F
S1133868C1F3401171B3C0F3800068BB68780828BD
S11338781CBF0728042819D1002C48BF64420CB97E
S1133888002006E0A868C068A042BABF0446012028
S1133898022002F023FE686940F0040068612146B2
S11338A8002002F0B7FE002001B030BD0B280BD178
S11338B8072002F04DFE686940F00400686101B019
S11338C8002030BDFEF7CDFD002001B030BD000062
S11338D80022002840F0A380DFF84C034378032B30
S11338E8C0F29D80162900F29980DFE801F00C6788
S11338F813191F2B31437379494F55375B613D25A4
S11339086D7F858B91000069421E9241D243D20F8C
S1133918104670470069800800F00102104670479D
S11339280069C00800F001021046704700690009E8
S113393800F00102104670470069400C00F00102D3
S1133948104670470069400900F0010210467047AC
S11339580069800900F00102104670470069400BB5
S113396800F00102104670470069000C00F00102E3
S1133978104670470069C00900F0010210467047FC
S11339880069800A00F00102104670470069C00A05
S113399800F00102104670470069000B00F00102B4
S11339A8104670470069800B00F00102104670470A
S11339B80069C00B00F00102104670470069400816
S11339C800F00102104670470069800C00F0010203
S11339D8104670470069000A00F00102104670475B
S11339E80069400A00F00102104670470069C00CE3
S11339F800F00102104670470069000D00F0010252
S1133A08104670470069400D00F0010210467047E7
S1133A180069800D00F0010210467047012210462B
S1133A287047002120B980484278032AA8BF016959
S1133A38084670470022E0B97B484378032B18DB1B
S1133A48052916D8DFE801F00305080B0E11007EDE
S1133A580DE0806940080AE08069800807E0806911
S1133A68C00804E08069000901E08069400900F0A9
S1133A78010210467047002120B96B484278032A96
S1133A88A8BF81690846704700B581B04FF000426D
S1133A98002840F08580182900F28280DFE801F0D0
S1133AA80D1A28803644484C8050548080588080B1
S1133AB85C606480686C70747E0002F08DFEDFEDDB
S1133AC87F0A20EE200ABDEEC00A10EE102A104626
S1133AD801B000BD4F4890ED040ADFED780A20EEEE
S1133AE8200ABDEEC00A10EE102A104601B000BD2F
S1133AF8714890ED1E0ADFED710A20EE200ABDEE32
S1133B08C00A10EE102A104601B000BD6A4890EDB4
S1133B18320ADFED6A0A20EE200ABDEEC00A10EE72
S1133B28102A104601B000BD634890ED330A2EE018
S1133B38614890ED360A2AE05F4890ED370A26E09E
S1133B485D4890ED1A0A22E05B4890ED380A1EE0C1
S1133B58304890ED000A1AE0574890ED0E0A16E036
S1133B68554890ED0F0A12E0534890ED100A0EE004
S1133B78284890ED010A0AE0264890ED020A06E07A
S1133B88244890ED030A02E04B4890ED340ABEEE57
S1133B98C80A10EE102A104601B000BD2248427827
S1133BA8104601B000BD00004FF00042002802BFDB
S1133BB81D480378012B1CD105291AD8DFE801F028
S1133BC803070B0F13178068026810467047806854
S1133BD8426810467047806882681046704780685B
S1133BE8C26810467047806802691046704780684A
S1133BF84269104670470C4A1369002130B9D068ED
S1133C080340002814BF43F001030121136108464F
S1133C187047000044F0FF1F0349C2698A6001220B
S1133C280A7002F0B4BC0000C4FCFF1F30B581B0B8
S1133C384FF0FF35F8B9254CA069C0F34010A8B17E
S1133C486069C0F3800060B96078032815D1002545
S1133C5802F004FE606940F48070606101B0284697
S1133C6830BD6FF00505284601B030BD6FF004057E
S1133C78284601B030BD6FF00605284601B030BDB6
S1133C8800B581B0A8B911488169C1F3401171B177
S1133C98417801291CBF072904290AD1416921F463
S1133CA8847141F004014161002001B000BDFEF7B8
S1133CB8D8FB002001B000BDECEEFF1FEBC918498A
S1133CC873ECF7FFFDFFFBFFE0EFFF1FC4FCFF1FD2
S1133CD80246002022B90229BCBF084602F042BFAE
S1133CE8704750F8041B61B150F8042BD30744BF44
S1133CF8A9F101039A18002342F8043B091FFAD1D9
S1133D08EFE7704710B572B600F0C2F900F020FA78
S1133D18DFF80445606A40F480006062342003F0F0
S1133D28A6F8DFF8F8044FF6FF7141600022142169
S1133D3881610164DFF8E81401618163DFF8E41448
S1133D480160016841F0010101603420002103F0A1
S1133D5862F8002020600022DFF8CC04DFF8CC44AD
S1133D68017841F010010170017841F001010170FE
S1133D782046211DFEF7ACFE0022A11DA01CFEF763
S1133D88AFFF0022611D601CFEF7A2FE62B610BDE3
S1133D98DFF89C040168090603D5016821F0800155
S1133DA801604168090603D5416821F0800141603A
S1133DB8DFF880040168090603D5016821F0800151
S1133DC801604168090605D5416821F08001416018
S1133DD8FCF7C2BE7047DFF84404016821F04001D3
S1133DE80160016841F0010101604169090602D1DD
S1133DF8C16B090617D0016821F08001016041698F
S1133E0821F47F0141614169090A09024161C16BD9
S1133E1821F47F01C163C16B090A0902C163016806
S1133E2841F0800101607047F0B5DFF8004481B0CB
S1133E38211D2046FEF759FE611D601CFEF755FE44
S1133E48A11DA01CFEF759FF2078052800F2C9809F
S1133E58DFE800F0D903144E88D9DFF8D463DFF81B
S1133E68D4531E2030607060286000225E20686091
S1133E78611D601CFEF72CFE0222BDE0DFF8B06372
S1133E88DFF8B0530C20306003220420706008204F
S1133E9828604920686030697169B4F902300843C0
S1133EA800B28342A8BF0622611D601CFEF710FE03
S1133EB8607806281AD128696969B4F90230084378
S1133EC8032200B28342A8BF0622611D601CFEF7CC
S1133ED8FFFD6078062807D11D20306070602860D7
S1133EE803225D20686087E0052285E0052283E0DF
S1133EF80C20CF4ECF4D306002220420706040F673
S1133F08FF77082028604920686030697169084093
S1133F18A15E00B2791A8842A8BF0622611D601CFE
S1133F28FEF7D6FD607806281AD128696969022245
S1133F380840A15E00B2791A8842A8BF0622611D12
S1133F48601CFEF7C5FD6078062807D11B20306089
S1133F587060286004225B2068604DE005224BE015
S1133F68052249E00C20B24EB24D306004220420F0
S1133F7870600820286049206860B4F9020031693B
S1133F8873691BB203FA81F1C90340F21E53091481
S1133F981B1A9942A2BF00F21E5088420622611DD4
S1133FA8601CFEF795FD6078062818D1B4F9020064
S1133FB829696B691BB203FA81F1C90340F21E53E4
S1133FC8042209141B1A9942A2BF00F21E50884207
S1133FD80622611D601CFEF77BFD05220CE005220C
S1133FE80AE0934E934D0C20306000220420706048
S1133FF80820286049206860211D204601B0BDE8DA
S1134008F040FEF765BD01B0F0BD30B50446874DFC
S113401881B0291D2846FEF768FDA91DA81CFEF7D6
S11340286CFE2878002818BF05280CD1A2B2A91D57
S1134038A81CFEF755FE291D284601B0BDE83040EE
S11340480122FEF745BD01B030BD30B5774C81B0D3
S1134058211D2046FEF749FD611D601CFEF745FD44
S1134068207805280ED16578022D1CBF032D042D58
S113407800D105250122611D601CFEF729FD284693
S113408801B030BD451EAD41ED0F284601B030BD2D
S1134098F0B581B0272002F0EAFE6748644C016855
S11340A8664E41F0006101607420A0604BF28045C7
S11340B80420E0604AF20267002020620720606260
S11340C8606A40F080006062606A400648BF03F09E
S11340D876F9EFF3108072B63780358080F3108854
S11340E820680006F0D5E06CA16C626C236CE56B6B
S11340F8A66B081810181818281830180004400C53
S113410840F40040E062E06EA16E626E236EE56DDD
S1134118A66D081810181818281830180004400C30
S113412840F4004020632420A0600420E0600020C4
S11341384349086043490860206A40F0400020620F
S1134148002060620C2020600420606001B0F0BD93
S1134158F0B581B0492002F08AFE3748354C016831
S1134168364E41F0800101607420A0604BF2804516
S11341780420E0604AF2026700202062072060629F
S1134188606A40F080006062606A400648BF03F0DD
S113419816F9EFF3108072B63780358080F31088F3
S11341A820680006F0D5E06CA16C626C236CE56BAA
S11341B8A66B081810181818281830180004400C92
S11341C840F40040E062E06EA16E626E236EE56D1D
S11341D8A66D081810181818281830180004400C70
S11341E840F4004020630420E06000201649086081
S11341F800222420A0600021206A40F040002062B0
S113420800206062082020604920606001B0BDE899
S1134218F04002F000BE0000188004400060034033
S11342280303020080080A0002D00740E0FDFF1FD4
S113423800B00340007002403C8004400C2005405C
S113424840D0044008A0044004A00440DFF820073C
S1134258016841F4785101600121DFF818074160D1
S11342684FF48072042141601021416002210160F1
S11342780821016020210160016941F00101016107
S1134288DFF8F4160A60036943F0020303614A6025
S1134298036943F0040303618A60036943F0080374
S11342A80361CA60036943F0100303610A61036987
S11342B843F0200303614A61012141600421416004
S11342C81021416002210160082101602021016060
S11342D8704700002DE9F04381B0DFF8A0462DEDCA
S11342E8028B82B08046206B40F080700E462063BB
S11342F803F06BF88068B0FBF8F903F066F800EE99
S1134308106AB8EE408A90ED020AB8EE400ADFED72
S1134318A20A80EE200A28EE000ADFEDA00A80EE49
S1134328200ADFED9F0A80EE200ABDEEC00A10EED7
S1134338105AADB2042D02DA15B1022500E00425A5
S113434803F043F890ED020AB8EE400ADFED920A52
S113435880EE200A28EE000ADFED910A80EE200A9A
S1134368BDEEC00A10EE100A012180B2A94090FBEC
S1134378F1F080B24028A8BF3F20042DBABF40EA1C
S1134388851085B240F0C005DFF8F475A7F80480FD
S11343981FFA89F1FE80480878803981EFF3108884
S11343A872B6DFF8E065316E41F03F013166401EB8
S11343B8716D41F00401716580B241F001017165CC
S11343C8B06041F04001716501234FF0FF31081AD4
S11343D8F0640022D6F88C0040F00400C6F88C0083
S11343E80721DFF8A4057066206840F0010020600A
S11343F823200090002003F0D3FBF06F40F001006D
S1134408F0674FF48061F06840F00800F06070696C
S113441840F008007061F06940F00800F061706ACB
S113442840F008007062F06A40F00800F062706BB7
S113443840F008007063306F3067B5660020B063E1
S11344483063B0623062B06130614FF40070C6F816
S11344589800F06E40F04000F066706D40F0020085
S11344687065306840F008003060D6F8840040F089
S11344784000C6F88400DFF80005016041608160EF
S1134488C16001614161706F40F040007067306E37
S113449880098001306688F31088002207F1200122
S11344A807F10C00FEF795FC002207F1240107F13F
S11344B81000FEF78EFC002207F1280107F1140012
S11344C8FEF787FC002207F12C0107F11800FEF71C
S11344D880FC042207F11D01781CFEF7F9FA02B0EA
S11344E807F11C01BDEC028B384601B0BDE8F0436E
S11344F80022FEF7EDBADFF8880440887047704759
S1134508DFF88804002181620162816101618160B0
S113451801604FF40071C0F88810016D89098901A0
S113452801657047DFF86804016841F03F010160E4
S113453841690A06D20F1CBF21F08F0141617047FF
S1134548DFF83C345B88584359435A434000DFF84A
S11345583C340014986249004042186209144842E5
S11345685200186112145042186099614FF4007097
S11345789A60C3F888007047DFF80804416D41F079
S113458804014165016841F008010160416F41F08F
S113459840014167704700000024744900007C42D0
S11345A800007A4430B5DFF8D85381B0002405F10F
S11345B81C012846FEF799FA58B92878042818BF28
S11345C8002806D1DFF8CC0300680006C00F18BF26
S11345D80124204601B030BD70472DE9F04104465E
S11345E80D46DFF89C6306F1200106F10C00FEF786
S11345F8FCFB074606F1240106F11000FEF7F5FB63
S1134608804606F11C013046FEF76FFA58FA87F126
S113461851FA80F706F11D01701CFEF766FA57FA85
S113462880F0002804BF3078002815D1224606F10E
S1134638200106F10C00FEF7CCFB2A4606F1240102
S113464806F11000FEF7C5FB06F11C013046BDE873
S1134658F0410122FEF73CBABDE8F081F0B5C84C40
S113466881B004F11C012046FEF73FFA002840F00F
S113467852812078F0B904F1280104F11400FEF7FE
S1134688B4FB054604F12C0104F11800FEF7ADFB58
S113469850FA85F0002840F03E81002204F12801F8
S11346A804F11400FEF795FB002204F12C0104F137
S11346B81800E8E0012856D104F11D01601CFEF73A
S11346C814FA054604F1280104F11400FEF78DFBE1
S11346D850FA85F504F12C0104F11800FEF785FB66
S11346E855FA80F0002840F01681232103F0FFFAE0
S11346F8A84865690078A669800606D56D1C2A460F
S113470804F1280104F1140005E0761C324604F192
S11347182C0104F11800FEF75CFB70191928C0F08D
S1134728FA8060780F2D28BF40F0010280F0E58000
S113473800F0FE0204F11D01601CFEF7C9F908210E
S1134748002003F0D4FA002204F1280104F1140033
S1134758FEF73FFB002204F12C0104F11800FEF7D8
S113476838FB0222CFE0022863D104F1200104F1CE
S11347780C00FEF73AFB054604F11D01601CFEF728
S1134788B4F9064604F1280104F11400FEF72DFBE0
S113479856FA85F151FA80F504F12C0104F1180058
S11347A8FEF723FB55FA80F0002840F0B480E06857
S11347B828B1421E04F1200104F10C0063E075489D
S11347C865690078A669800606D56D1C2A4604F139
S11347D8280104F1140005E0761C324604F12C018A
S11347E804F11800FEF7F5FA70191928C0F093803F
S11347F860780F2D1AD300F0FD0204F11D01601C2E
S1134808FEF766F92321002003F071FA002204F16F
S1134818280104F11400FEF7DCFA002204F12C014B
S113482804F11800FEF7D5FA03226CE040F0020206
S113483863E003286FD104F1240104F11000FEF7AA
S1134848D4FA054604F11D01601CFEF74EF906462C
S113485804F1280104F11400FEF7C7FA56FA85F1A9
S113486851FA80F504F12C0104F11800FEF7BDFAA1
S113487855FA80F000284ED1206948B1421E04F14F
S1134888240104F1100001B0BDE8F040FEF7A1BA1C
S1134898404F65693878A669800606D56D1C2A4696
S11348A804F1280104F1140005E0761C324604F1F1
S11348B82C0104F11800FEF78CFA701919282AD370
S11348C860780F2E17D300F0FB0040F0200204F1AB
S11348D81D01601CFEF7FCF8042204F11C012046AB
S11348E8FEF7F6F838680106C90F14D020F08F00D7
S11348F8386001B0F0BD40F0040204F11D01601CF1
S1134908FEF7E6F8042204F11C01204601B0BDE8D4
S1134918F040FEF7DDB801B0F0BD70B5184C04F1F5
S11349281C012046FEF7E1F804F11D01601CFEF7A6
S1134938DCF82078042815D1EFF3108572B6607876
S11349480426C10704D4810702D4400758BF0526AA
S1134958002204F11C012046FEF7BAF885F31088FA
S1134968304670BD00280CBF03260626304670BDAD
S113497838800440C4F00F4000C004400C80044058
S113498824FCFF1F008003407373730010800340EE
S1134998608003407480034010B56E4C002204F11B
S11349A80C01A01CFEF794F8002204F10D01E01C90
S11349B8FEF78EF8002204F10F01A01DFEF788F817
S11349C8182204F10A012046FEF782F8082204F1AD
S11349D80B01601CFEF77CF8002204F10E0104F1BF
S11349E80900FEF775F8FF20002120716171E0715C
S11349F8217210BD30B581B0EFF3108472B6554DF5
S1134A0805F10C01A81CFEF770F805F10A01284607
S1134A18FEF76BF8A9782878814203D30022242072
S1134A2800F09EF8A878421CD2B205F10C01A81C2B
S1134A38FEF74EF884F3108801B030BD30B581B06C
S1134A48EFF3108472B6434D05F10D01E81CFEF72F
S1134A584CF8E878421CD2B205F10D01E81CFEF7C7
S1134A6837F884F3108801B030BD30B581B0EFF366
S1134A78108572B6374C04F10C01A01CFEF735F80A
S1134A8804F10D01E01CFEF730F804F10A01204698
S1134A98FEF72BF804F10B01601CFEF726F804F16D
S1134AA80E0104F10900FEF720F804F10F01A01D1E
S1134AB8FEF71BF8E278A17891421CBF252000F08C
S1134AC84FF885F31088A0786178884217D2EFF3FD
S1134AD8108572B6A07948B9012204F10F01A01D0E
S1134AE8FDF7F6FF85F3108801B030BDA1780022E8
S1134AF8262000F035F885F3108801B030BD6179BF
S1134B08814238BF60712179884238BF2071A07909
S1134B18217A814238BF2072E179884238BFE07136
S1134B28EFF3108572B6002204F10C01A01CFDF706
S1134B38CFFF002204F10D01E01CFDF7C9FF00229C
S1134B4804F10F01A01DFDF7C3FF85F3108801B020
S1134B5830BD000074FDFF1F1B490020087070471A
S1134B6830B41A4B93F83C4004EB44056D00E85408
S1134B78ED186980AA80611CC9B20A29A8BF00215E
S1134B8883F83C10232818D8DFE800F01B17171700
S1134B98171B1B1B1B1B1B1B1B171717121212128D
S1134BA812121212121212121717171217171712BB
S1134BB807490848086030BC704730BC002002F040
S1134BC81CBC30BC704700004100002004000020D9
S1134BD80CED00E00400FA0581B00FF25412ADF8B0
S1134BE800009DF8010048409DF80010825C514087
S1134BF88DF801100FF23821405C8DF80000BDF8E3
S1134C08000001B0704700000346084602B9704727
S1134C1870B482B00FF218210FF21414D50711D50D
S1134C28ADF800009DF8015013F8010B68409DF899
S1134C380050065D75408DF80150405C8DF8000009
S1134C48BDF80000520825D0ADF800009DF80150C9
S1134C5813F8010B68409DF80050065D75408DF807
S1134C680150405C8DF80000BDF80000ADF8040068
S1134C789DF8055013F8010B68409DF80450065D33
S1134C8875408DF80550521E405C8DF80400BDF83F
S1134C980400D9D102B070BC70470000034608462E
S1134CA802B9704770B482B00FF284110FF2800415
S1134CB8D50711D5ADF800009DF8015013F8010B84
S1134CC868409DF80050065D75408DF80150405CC1
S1134CD88DF80000BDF80000520825D0ADF800009A
S1134CE89DF8015013F8010B68409DF80050065DCB
S1134CF875408DF80150405C8DF80000BDF8000047
S1134D08ADF804009DF8055013F8010B68409DF8B0
S1134D180450065D75408DF80550521E405C8DF8B0
S1134D280400BDF80400D9D102B070BC704700007B
S1134D3800102030405060708191A1B1C1D1E1F1DF
S1134D4812023222524272629383B3A3D3C3F3E3AF
S1134D582434041464744454A5B58595E5F5C5D57F
S1134D683626160676665646B7A79787F7E7D7C74F
S1134D784858687808182838C9D9E9F98999A9B91F
S1134D885A4A7A6A1A0A3A2ADBCBFBEB9B8BBBABEF
S1134D986C7C4C5C2C3C0C1CEDFDCDDDADBD8D9DBF
S1134DA87E6E5E4E3E2E1E0EFFEFDFCFBFAF9F8F8F
S1134DB89181B1A1D1C1F1E110003020504070605F
S1134DC88393A3B3C3D3E3F302122232425262722F
S1134DD8B5A59585F5E5D5C53424140474645444FF
S1134DE8A7B78797E7F7C7D72636061666764656CF
S1134DF8D9C9F9E99989B9A958487868180838289F
S1134E08CBDBEBFB8B9BABBB4A5A6A7A0A1A2A3A6E
S1134E18FDEDDDCDBDAD9D8D7C6C5C4C3C2C1C0C3E
S1134E28EFFFCFDFAFBF8F9F6E7E4E5E2E3E0E1E0E
S1134E380021426384A5C6E708294A6B8CADCEEFEE
S1134E4831107352B594F7D639187B5ABD9CFFDEDE
S1134E5862432001E6C7A4856A4B2809EECFAC8DCE
S1134E6853721130D7F695B45B7A1938DFFE9DBCBE
S1134E78C4E586A740610223CCED8EAF48690A2BAE
S1134E88F5D4B79671503312FDDCBF9E79583B1A9E
S1134E98A687E4C522036041AE8FECCD2A0B68498E
S1134EA897B6D5F4133251709FBEDDFC1B3A59787E
S1134EB888A9CAEB0C2D4E6F80A1C2E3042546676E
S1134EC8B998FBDA3D1C7F5EB190F3D2351477565E
S1134ED8EACBA8896E4F2C0DE2C3A081664724054E
S1134EE8DBFA99B85F7E1D3CD3F291B0577615343E
S1134EF84C6D0E2FC8E98AAB44650627C0E182A32E
S1134F087D5C3F1EF9D8BB9A75543716F1D0B3921D
S1134F182E0F6C4DAA8BE8C926076445A283E0C10D
S1134F281F3E5D7C9BBAD9F81736557493B2D1F0FD
S1134F3862F30F2262F31F4200B500BF13009646C6
S1134F489446103928BFA0E80C50FAD85FEA417C8F
S1134F5828BF0CC048BF40F8042BC90728BF20F855
S1134F68022B48BF00F8012B00BD000000B581B03A
S1134F7802F0D4FE4048FF21017101B001214170C3
S1134F88002101708170C180018141810321C170B8
S1134F982021C16001614161816100BD02F0CBBE85
S1134FA802F0CBBE00B583B034480078FF2803D0A4
S1134FB83248007802F021FA31480078012820D1DB
S1134FC82D4890F9000000281BD02E48B0F90000A5
S1134FD800280CD02C48B0F900202A48B0F9001059
S1134FE82A480078FEF75FFB234908703BE026480F
S1134FF8B0F9001025480078FEF726FC1E49087011
S113500831E01F480078022817D11B4890F90000A6
S1135018002812D01E48006801901E4800680090BD
S11350281D4803681D4802681D4801781748007820
S1135038FEF78CFB1049087015E011480078002829
S11350480AD11848B0F9001010480078FEF7FCFBA4
S113505804200B49087006E009480078042802D1A6
S1135068002005490870044890F90000012802DB73
S113507800200149087007BD840C0020880C00201A
S1135088850C00208A0C00208C0C0020860C002043
S11350989C0C0020980C0020940C0020900C0020FC
S11350A8870C00208E0C002000B581B000F07EF83B
S11350B800F042F9DFF8E4090021016641668166DF
S11350C8C165A0F83812C0F8481201B04FF4FA715B
S11350D8A0F83A120021A0F83C1200BD30B5DFF860
S11350E8C059DFF8B8496868206681B0A868606666
S11350F8E868A0662868E0652869E06600F032FA86
S113510801B0E06F2863D4F880006863D4F88400A1
S1135118A86330BD10B5DFF88449B4F84402B4F884
S1135128461288422AD048B10121A4F83812A4F8BA
S113513846024FF4FA71C4F848122BE00120FDF737
S113514812F901281AD1A4F838020020C4F8480238
S1135158B4F84402A4F846020020B4F93A12FEF75F
S113516873FB0020A4F838020120FDF7FCF800289E
S113517804BFBDE8104000F0DFB810BDB4F8440225
S1135188A4F84602B4F838020128EDD1D4F848024C
S11351980028E1D0B4F93A22D4F848120020FEF7E6
S11351A882FAA4F83C020028DED1DBE710B5DFF868
S11351B8EC482020A4F80401DFED890A4FF081406F
S11351C8C4F80C01C4ED450A9FED860ADFF8D4083B
S11351D8C4F81001C4ED460A84ED420ADFED820AE0
S11351E8DFF8C408C4F81C01C4ED070AB0EE001ABD
S11351F8DFF8B808E064C4ED0E0A84ED081ADFEDA0
S11352087B1ADFF8AC08606584ED3C0AC4ED091A22
S11352189FED772ADFF89C08C4F8E000DFED750AF3
S11352284FF07850C4F8E4009FED730ADFF888085B
S1135238C4F8E80084ED0A2A84ED0F1AC4ED101AA4
S113524884ED112AC4ED140AC4ED160A84ED7B0A10
S113525884ED7C0ADFF86408C4F8EC00DFF8600821
S1135268C4F8F40104F5F67002F06AFDDFF8540896
S1135278D4ED420AC4F888019FEDAE0AB4F80401DB
S113528884ED4D0A84ED540A00EE100A0020C4F897
S113529890019FEDA91ADFF83008C4F8940120EEB4
S11352A8811ADFF82808C4F86C0184ED4E1ADFED82
S11352B8A31ADFF81C08C4F8740184ED551AC4ED68
S11352C84F1A9FED9F2ADFF80C08C4F878019FED68
S11352D89D1AB8EE400A20EE811A21EE001A04F550
S11352E8277084ED631AC4F824029FED971A60EEC0
S11352F8810A04F5956020EE800AC4F82C02DFEDDB
S1135308930A80EE200A04F2A44084ED5C0AC4F8EF
S11353182802DFED8F0A94ED430ADFF8BC0784ED19
S1135328502A20EE200AC4ED561A84ED572AC4F8F0
S1135338200184ED490A10BDDFF860070021C0F898
S11353482C11C0F84811C0F86411C0F88011C0F8D5
S1135358C810C0F8CC10C0F8A010C0F8A410C0F849
S1135368BC10C0F8A810C0F8AC10C0F8B010C0F851
S1135378B410C0F8CC11C0F8D0110160416081604C
S1135388C160416101638164C0F8D810C0F8FC10A1
S1135398C0F80011C0F86C12C0F8B011C0F8B4110C
S11353A8C0F8B811C167C0F88010C0F88410C0F8FC
S11353B89C10A0F8D010B2EE040AB0F80411A0F8BA
S11353C8401280ED9C0A0021C0F8741280ED9E0AF8
S11353D8C0F87C12C0F88412C0F888127047000024
S11353E80AD7A33C6F128338000020420000FA4316
S11353F80000FAC335A6493B2AFFDA3C10B5DFF8AA
S11354089C46B4F9D000012852D094ED2A0AD4ED70
S1135418490AB4EE600AF1EE10FA26DB0020206097
S113542894ED940AD4F8C800D4ED470AA06020EE9D
S1135438600AD4F8CC00E06084ED010A00206061C1
S1135448606820630020A064D4F8A800C4F8D800D9
S1135458C4F8FC00D4F86C02C4F8000104F5F67032
S113546802F06EFC0120A4F8D000D4ED2A0A94EDD1
S1135478421A94ED9B0A00EE810ADFED360AB4EE77
S1135488600AF1EE10FAA4BFDFED330A30EE200A09
S1135498DFED320AB4EE600AF1EE10FA44BFDFED34
S11354A8300A30EE200A84ED9B0AD4ED2A0A20E063
S11354B894ED940A224604F1B80104F1C40002F000
S11354C85BFC94ED000AD4ED010A20EE000A00EE1C
S11354D8A00A02F02BFD84EDA20A04F5F67094EDFF
S11354E8120A02F031FC04F1D40002F0ADFCD4ED50
S11354F83F0A94ED431AC4ED940AC4ED2B0AC0EE96
S1135508810AC4ED2D0AF0EE401AD4ED2B0A94ED6D
S1135518421A40EE811AC4ED931A04F2AC4002F028
S113552819FD04F2B44094ED930ABDE8104002F06A
S113553811BD00000000784200701446000080434A
S1135548000080C36F12033C7FBBEE4300007A4423
S1135558368DA741DC0F4940DB0FC9C0DB0F49C0BA
S1135568DB0FC94010B5DFF8344594ED1B0AB5EEDE
S1135578400AF1EE10FA48BFB1EE400A84ED2C0A55
S1135588D4ED430A20EE200A84ED2A0A94ED1B0A7E
S1135598B5EE400AF1EE10FAACBF00200120A4F8E1
S11355A84202606EC4F89C01B4F8420228B1A06EAD
S11355B894ED180AC4F8980104E0206E94ED1A0AD0
S11355C8C4F8980184ED680AB4F84002B4F80411E8
S11355D8401CA4F8400280B2884247D3B4F844027D
S11355E8002843D1A4F84002B4F9D00098B994ED46
S11355F8480AD4ED290AC4F8A000B4EE600AF1EE12
S113560810FA05DBDFEDD00A70EE200AC4ED290A92
S113561884ED590A2AE094ED2C0AD4ED2D0A30EED3
S1135628600A84ED580A04F5B07003F023F9D4ED48
S1135638560A94ED301A94ED5A0A84ED290A70EE4C
S1135648C10A94ED331A002031EE400AC4F8A000D0
S113565804F5BE7094ED441A40EE010AC4ED5F0AE5
S113566803F008F9D4F88401C4F8A00004F5F07133
S113567804F5CC7003F060F904F2AC4204F1C401FF
S113568804F5F07003F080F9FFF7B8FED4ED430A8F
S1135698D4ED451A94ED462A94ED330AB4F844023D
S11356A8B7EE081A60EE810A71EEC21A94ED471A31
S11356B894ED322A21EE001A61EE821A01EE801A64
S11356C820EE810A84ED270A002800F041819FED2D
S11356D89F0AD4ED950AD4ED421A20EE801AD4ED2F
S11356E8990A41EE210A9FEDE71AF4EE410AC4ED46
S11356F8990AF1EE10FAA4BF9FEDE31A70EE810A3D
S11357089FEDE21AF4EE410AF1EE10FA48BF70EE8A
S1135718800AC4ED990A04F50C7094ED990A02F014
S113572819FCB4F84402022823D194ED960AD4ED66
S11357388D0A60EE200AC4ED810A0020D4ED8C0A9B
S1135748C4F8D00120EE200A84ED820A94ED970A69
S1135758D4ED810A84ED730A30EE200A84ED730ACD
S1135768DFEDCB0A94ED820A30EE200A84ED740A48
S11357784DE001284BD104F50C7204F5037104F5CE
S1135788F07003F001F994ED980AD4ED840A30EE30
S1135798600A84ED4A0A04F5947094ED850AD4ED00
S11357A8170AB1EE400A84ED510A9FEDBA0A20EEB9
S11357B8800A84ED4F0AB1EE400A84ED500A03F0E2
S11357C859F89FEDB51A94ED170AD4ED4C0AC4EDB7
S11357D8870A20EE000A20EE010A00EEE00A02F031
S11357E8A5FB84ED560AB1EE400A84ED570A04F588
S11357F8A27003F03FF8D4F84C01C4F8200204F571
S11358080C7204F5E47104F5067003F0DCF894ED09
S1135818690AD4ED170A94ED171AD4ED171A20EE75
S1135828200AD4ED6A0A84ED6F0A60EE810A94EDC9
S11358386B1AC4ED700A21EE211A70EE201A71EE6B
S1135848811A9FED952A61EE821A30EE610A84ED81
S11358586F0A30EEE10A84ED700A84ED711A31EEB4
S1135868610A84ED710A04F5EA7104F5DE7003F047
S113587863F894ED760AD4ED770A20EE000A00EE78
S1135888A00A02F053FB84EDA00A94ED790AD4ED42
S11358987A0A20EE000A00EEA00A02F047FBD4EDD3
S11358A8A00A94EDA41A84EDA10AB4EE601AF1EEEC
S11358B810FA48BFC4EDA40A94EDA31AF4EE410A01
S11358C8F1EE10FA48BFC4EDA30AD4ED9D0AF4EE34
S11358D8400AF1EE10FA48BF84ED9D0AD4ED9C0A03
S11358E8B4EE600AF1EE10FA48BF84ED9C0AD4EDD8
S11358F89A0A94ED990AF5EE400AF1EE10FA20D5C9
S1135908B5EE400AF1EE10FA1BDDD4F87402C4F8BF
S11359187C020020C4F87402D4F87002C4F8780237
S11359286E48C4F87002D4F89002C4F898020020B3
S1135938C4F89002D4F88C02C4F894026848C4F8F5
S11359488C0284ED9A0A49E00AD7233DDB0FC9404B
S113595894ED280AD4ED320A30EE600A84ED4A0A3E
S113596894ED290AD4ED330A30EE600A84ED510A25
S11359789FED480AD4ED170A20EE800A84ED4F0AF9
S1135988B1EE400A84ED500A04F5947002F072FFF7
S113599894ED170A9FED401A20EE000AD4ED4C0A44
S11359A8C4ED2F0A20EE010A00EEE00A02F0BEFA66
S11359B884ED560AB1EE400A84ED570A04F5A27044
S11359C802F058FFD4F84C01C4F8C00004F2B44201
S11359D804F5E47104F1B80002F0F5FF04F2B442EE
S11359E804F1B80104F5E47002F0CEFF002204F5D6
S11359F8D27104F5E47094ED170A03F003F8D4F8AF
S1135A08A401C4F8B001D4F8A801C4F8B401D4F8C6
S1135A18AC01C4F8B801B4F83E02012808D104F571
S1135A28097204F5D87104F1600003F0B1F807E0D5
S1135A38022805D104F5D87104F1600003F034F9A3
S1135A48D4F8B401C4F88000B4F8420268B1D4F8B8
S1135A58B80194ED2D0AE067B1EE400AD4F8B0011C
S1135A68C4F8840084ED260A10BDD4F8B00194ED7E
S1135A782D0AE06784ED260AD4F8B801C4F8840036
S1135A8810BD00BFDC0F4940DB0FC9C0DB0F49C0A4
S1135A98000000003ACD133FABAAAA3E2805002017
S1135AA844F0FF1F0000A0409A99993DC10F7C3F24
S1135AB8370E81380000C84200409C4600409CC60E
S1135AC8FD4F72BF6F12033B0000A0C0A7741C3CBB
S1135AD80000C0400000C0C0CDCCCC3D0000204137
S1135AE80000484300B581B006221821042003F0C1
S1135AF8C3F92F480121017001B0002181800022DF
S1135B080121417018215DF804EB042003F009BA5F
S1135B1810B5274C6078401E6070C0B200283ED192
S1135B28082060700D210020FDF7AEFF001460808E
S1135B382078012804D032D303282BD019D310BDE0
S1135B480D210020FDF7A0FF0014A18880B288422F
S1135B58ACBF411A091A89B2A08003291FDA6088E8
S1135B68C8281CDB01221821042003F0DAF90220DA
S1135B7814E060888C2806DA00221821042003F037
S1135B88D0F903200AE0BDE81040012218210420BE
S1135B9803F0C7B96088C92801DB0120207010BD53
S1135BA8034909780020022914BF042901207047F9
S1135BB8EEFDFF1F10B5DFF894490020C4F8F40087
S1135BC8C4F8444204F2A110C4F85401C4F81442BD
S1135BD804F5D070C4F8500104F16C00C4F8F8005E
S1135BE804F17000C4F8FC0004F17800C4F8000162
S1135BF804F17400C4F8040104F1B800C4F80801FD
S1135C0804F1A000C4F8100104F1A400C4F81401BC
S1135C1804F19C00C4F8180104F1AC00C4F81C0198
S1135C2804F1D000C4F80C0104F1C000C4F8200148
S1135C3804F1B000C4F8240104F1B400C4F8280144
S1135C4804F15800C4F82C0104F16000C4F83401CC
S1135C5804F14400C4F8380104F15000C4F83C01CC
S1135C6804F15400C4F8400104F12400C4F84401C8
S1135C7804F1D400C4F8300104F1E400C4F8480184
S1135C8804F1E800C4F84C0104F5AE70C4F840020D
S1135C9804F5AC70C4F8380204F5CA70C4F83C02C0
S1135CA804F12800C4F8500204F12C00C4F8480296
S1135CB804F13800C4F84C0204F1F400C4F85402A6
S1135CC804F12C00C4F8180204F18800C4F8240272
S1135CD804F15C00C4F8300204F17000C4F828022E
S1135CE804F5AC70C4F8200204F1C400C4F82C0212
S1135CF804F5AE70C4F81C0204F1F400C4F83402CC
S1135D0804F5B470C4F8B40204F17800C4F8B80215
S1135D1804F19000C4F8BC0204F1F400C4F8C00211
S1135D2804F19000C4F8580204F1BC00C4F86002FD
S1135D3804F19400C4F85C0204F5AC70C4F864027D
S1135D4804F19800C4F8680204F1B000C4F86C02C5
S1135D5804F1F400C4F8700204F19800C4F8F001E6
S1135D6804F1AC00C4F8F40104F5AC70C4F80402FE
S1135D7804F1B000C4F8E80104F15800C4F8EC01D7
S1135D8804F11800C4F8080204F10C00C4F80C0269
S1135D9804F18800C4F8F80104F17C00C4F8FC019B
S1135DA804F1F400C4F8100204F10C00C4F87802F9
S1135DB804F5C470C4F8840204F5CA70C4F88002F7
S1135DC804F5AC70C4F8740204F5AE70C4F87C022F
S1135DD804F1F400C4F88802C4F8CC0204F1F00019
S1135DE8C4F8C80204F1EC00C4F8C40200F06AFA6A
S1135DF8002084F8D902BDE8104003F0B9B810B502
S1135E08DFF84847D4F8F400C0F34000002800F055
S1135E18A580D4F8E402D4F8FC12C4F8D002021D18
S1135E28C4F8B021C4F8D41201F11802C4F8B4219A
S1135E38D4F8E822C4F8C02102F10803C4F8B83140
S1135E48C4F8CC21131DC4F8BC31C4F8D82102F11C
S1135E584803C4F8C431131DC4F8C83102F18803D7
S1135E68121DC4F8D421C4F8D031D4F8F8224AB1A8
S1135E78C4F8E42102F10803121DC4F8DC31C4F8A3
S1135E88E02101E0C4F8DC21D4F8EC22C4F88C2227
S1135E9801F13C02C4F890226031D4F8F422C4F829
S1135EA89C2202F10803121DC4F89822C4F8A41213
S1135EB800F19C02D4F8F012C4F8A022C4F8B0127D
S1135EC801F10802091DC4F8AC12C4F8943200F5B3
S1135ED8D871C4F80013C4F8A8224168C4F8D010D3
S1135EE8E4300021C4F8D41003F04CF9D4F8E402E7
S1135EF890ED540A00F07EFB04F5347003F0F1F9D8
S1135F0804F5D87104F5057003F051FC04F5237108
S1135F1804F52D7003F0B1FD03F0A1FED4F8E402FA
S1135F2800F1440104F5F47003F0DBFE04F540715C
S1135F3804F51D7004F058F8D4F8E40290ED530AFF
S1135F48D4F8F400B8EEC00AF7EE000A80EE800A2E
S1135F5840F0010084EDCE0AC4F8F40010BD00003E
S1135F6810B5DFF8E8452DED028B94F8F400C0076E
S1135F7840F1848094ED570AD4EDCA0A94EDCB1A03
S1135F88D4EDCC1A94ED1D2AB4F8DC02D4F8E4124A
S1135F9840EE000A94ED580AC4EDCA0A00EE001A4D
S1135FA894ED590A84EDCB1A40EE001A94EDCD0A0B
S1135FB830EE020A401CC4EDCC1A84EDCD0AA4F8D4
S1135FC8DC0280B2D1F84C11884222DB30EE810A1F
S1135FD830EE210ADFEDB90A20EE200AD4EDCE0A0C
S1135FE820EE200A01F0A2FF84ED330A94EDCD0AD5
S1135FF8D4EDCE0A20EE200A002084ED320AA4F85B
S1136008DC02C4F82803C4F82C03C4F83003C4F829
S1136018340394ED0C0AD4ED010A94ED021A94F8B1
S1136028A10120EE200AD4ED0D0A00EE810AF7EE54
S1136038080A20EE208A88B90120FCF794F901287F
S11360480CD194ED360ADFED9E0A20EE200ADFED2E
S1136058BF0A08EE200A84ED360A02E00020C4F8DC
S1136068D800D4ED5A0A94ED2B0AF5EE400AF1EE65
S113607810FA48BFB1EE400A84ED380ABDEC028B31
S113608810BD10B5DFF8C44494F8F400C0072CD54B
S1136098D4F8B80010F1010F1CBF401CC4F8B800B4
S11360A894ED5A0AB5EE400AF1EE10FA48BFB1EE83
S11360B8400A84ED1B0A04F5347104F50E7003F0EC
S11360C88DF904F5D87104F5057003F095FB04F512
S11360D8237104F52D7003F0FDFC04F5287104F513
S11360E81670BDE8104003F0BBBD10BD10B5DFF855
S11360F85C4494F8F400C00740F18F8094F8D912F6
S1136108B4F8E002072211424FD094F8D912890753
S113611824D494F8D912C9071DD594F8A11141BB08
S1136128D4F8E41294ED1D0AD1ED310AB4EE600AF4
S1136138F1EE10FA09D5E8B9D1F8D000012184F8B4
S1136148A111002184F8A01133E0012084F8A001F2
S1136158D1F8CC002DE0012184F8A011D4F8E41280
S113616894ED1D0AD1ED320AB4EE600AF1EE10FA8C
S11361781BD508B1401E1CE094F8D91201F0FB01AC
S113618884F8D91294F8D91201F0FE0184F8D912CE
S113619894F8D91201F0FD0184F8D91294F8D912AF
S11361A841F0080184F8D91203E0D4F8E402D0F8E5
S11361B8CC00A4F8E002D4F8B80058B30120FCF7E6
S11361C8D2F8012826D194ED571AD4ED580AD4F8F8
S11361D8E40294ED590A21EE011A00EEA01A00EE29
S11361E8001A90ED380AB4EE410AF1EE10FA04D41C
S11361F8D4F8F400C0F3001038B1B4F8DE024FF656
S1136208FF71884209D0401C05E0B4F8DE0220B1D1
S1136218401E00E00020A4F8DE0210BD10B502F014
S1136228E1FEDFF8284394F8F400C00745D502F0EE
S113623883FFD4F8E40284ED1A0AB7EE001AD0ED0D
S1136248520A30EE600AD0ED510A00EE201A90EDA1
S11362584E0A21EE000A84ED340AE43002F0B7FF56
S113626804F5237104F52D7003F03DFCD4F8E40221
S113627800F1440104F5F47003F0E4FD04F51D7025
S113628803F014FFD4F8E40290ED550ADFED300A68
S113629820EE200AD4ED1B0AF4EE400AF1EE10FABF
S11362A8A2BFD4ED1D0AF4EE400AF1EE10FA04DBA5
S11362B8BDE81040002000F0BFBA10BDABAAAA3E4A
S11362C848E17A3F10B5DFF884420020C4F8B800EA
S11362D884F8A10184F8A001D4F8F40020F4017032
S11362E8C4F8F400C00728D5D4F8E40290ED540AA1
S11362F800F080F9012000F09FFA02F0E9FF04F5AC
S1136308D87104F5057003F0F3F904F5237104F565
S11363182D7003F08DFB04F5287003F08BFCD4F882
S1136328E40200F1440104F5F47003F0BFFC04F541
S1136338407104F51D7003F02BFED4F8FC01002114
S11363484160D4F8FC01816010BD00000AD7A33C69
S11363585077D63D10B5DFF888420020C4F8B8005D
S113636884F8A10184F8A001D4F8F40020F40170A1
S1136378C4F8F400C00728D5D4F8E40290ED540A10
S113638800F038F9012000F057FA02F0A1FF04F5F3
S1136398D87104F5057003F0ABF904F5237104F51D
S11363A82D7003F045FB04F5287003F043FCD4F882
S11363B8E40200F1440104F5F47003F077FC04F5F9
S11363C8407104F51D7003F0E3FDD4F8FC010021CD
S11363D84160D4F8FC01816094F8F400C00707D543
S11363E8D4F8E40200F5AC7104F5F47003F05EFC33
S11363F80020C4F81C03C4F82003C4F8240320674D
S1136408A067C4F8AC00C4F89000E0666067C4F8FC
S11364186801D4F8F40020F01000C4F8F400002057
S1136428C4F8D80010BD000001460020062900D990
S1136438704710B4DFE801F0040A4F10172E450026
S1136448674991F8D812032946D144E0644991F880
S1136458D912090740D53EE0614890F8F40010BC11
S113646800F0010070475E4991F8F420D20733D553
S1136478D1F8E422D1F8B830D2F8D440A3423EBFD0
S1136488D2F8D820B1F8DE128A4225D25449A1F8AC
S1136498DE0220E0524991F8F420D2071CD5D1F845
S11364A8E422D1F8B840D2F8D430A3423EBFD2F89F
S11364B8DC20B1F8DE128A420ED24949A1F8DE0284
S11364C809E04749D1F8F420C2F3401323B122F07C
S11364D82000C1F8F400012010BC704700210628F0
S11364E831D8DFE800F0040A10161C2228003C48C2
S11364F890F8D91241F0010122E0394890F8D912F4
S113650841F004011CE0364890F8D91241F0020128
S113651816E0334890F8D91241F0100110E03048E1
S113652890F8D91241F020010AE02D4890F8D912C8
S113653841F0400104E02A4890F8D91241F0800162
S113654880F8D9120121084670470000ECEEFF1FBD
S11365580021072819D1224890F8D91201F0EF0137
S113656880F8D91290F8D91201F0DF0180F8D91215
S113657890F8D91201F0BF0180F8D91290F8D91215
S113658801F07F0180F8D9120121084670470146BD
S1136598002001B9704700B581B011480A68C0F8F5
S11365A8E4224A68C0F8E8228A68C0F8EC22CA687B
S11365B8C0F8F0220A69C0F8F4224A69C0F8F8223F
S11365C88969C0F8FC12D0F8F41041F00201C0F84F
S11365D8F410FFF714FC012001B000BD0000000016
S11365E8ECEEFF1F9C480021C1600161416001700D
S11365F870470000DFED940A20EE200ADFED930ACD
S1136608954820EE200A80ED010A7047924800213F
S1136618016170470022002948BF49429FED8B0A57
S11366288D4B09BB010048BF494293ED041A00EEA3
S1136638901AF8EEE00A60EE800AB0EEC11A70EE25
S1136648C10AF5EE400AF1EE10FA22D500EE900ADE
S11366589A60F8EEE00A20EE800A022283ED040A2A
S113666883ED030A1046704700EE900AF8EEE00A3C
S113667860EE800AC3ED030A00EE901AF8EEE00A11
S11366889FED711A60EE810A20EE800A83ED020AFA
S1136698012210467047000010B56F4C2DED048B95
S11366A8207800281DBFD4ED018AF5EE408AF1EE6A
S11366B810FAD4ED028A94ED030AD4ED040AF4EE38
S11366C8400AF1EE10FA3AD59FED618A9FED5E9A81
S11366D803210020FDF768FA00EE100AB8EEC00A9C
S11366E820EE090A20EE080ADFED5A0A80EE200A95
S11366F8B4EE680AF1EE10FA42BF94ED030AB5EE5F
S1136708400AF1EE10FA0FD503210020FDF74CFAE8
S113671800EE100AB8EEC00A20EE090A20EE080AB4
S1136728DFED4C0AC0EE208A94ED040AD4ED030A86
S113673830EE280A84ED040AB4EE600A3EE0B4EEB2
S1136748600AF1EE10FA3ED59FED418A9FED3E9A1C
S113675803210020FDF728FA00EE100AB8EEC00A5B
S113676820EE090A20EE080ADFED3A0A80EE200A34
S1136778B4EE680AF1EE10FA16D594ED030AB5EEF4
S1136788400AF1EE10FA0FDD03210020FDF70CFAA0
S113679800EE100AB8EEC00A20EE090A20EE080A34
S11367A8DFED2C0AC0EE208A94ED040AD4ED030A26
S11367B830EE680A84ED040AF4EE400AF1EE10FAA9
S11367C8A8BFC4ED040A94ED040ABDEC048B10BD03
S11367D8214890ED040A70471F4890ED030A70475A
S11367E81D4890ED030A90ED041AF0EEC00AF5EE88
S11367F8400AF0EEC11A20EE012AF1EE10FA04BFA5
S1136808F5EE401AF1EE10FA01D100207047B4EE0B
S1136818410AF1EE10FA01D103207047B5EE402A7F
S1136828F1EE10FA06DBF4EE610AF1EE10FA01D487
S11368380120704702207047411E8941C943064818
S1136848C90F0170704700006F1203395077D63DA5
S1136858DB0FC9400000704240FDFF1FDFF8080449
S113686890F8261041F0010180F82610002200213A
S113687880F827108261026042608260C26002610F
S11368884261C261C26280F8242080F82820DFF8BF
S1136898DC1381F8492081F84820012180F825106B
S11368A84FF4FA5101624185DFF8C4130163DFF83C
S11368B8C4134163DFF8C01381637047DFF8BC1366
S11368C8DFF8BC0308617047F0B581B006202DEDF0
S11368D8028B84B0FBF723FDE34D044695F82500AD
S11368E8012840F00F81E74FE749384602F01AFDC6
S11368F8E24E7069002141607069816095ED0B0A70
S1136908D5ED0C0AB4EE600AF1EE10FA04D5D5ED13
S11369180D0A70EE200A0FE0F4EE400AF1EE10FAC8
S11369280AD5D5ED0D0A70EE600AF5EE400AF1EECF
S113693810FA98BFDFEDC80A306995ED0E0AC5ED67
S11369480B0A01F007FB0020009000A93269F868DF
S113695802F01AF83068CD4F00210160706801997F
S11369680160B068E96A0160F068029901603868FA
S113697800F5AC7003F0D0F9386800F5AC71304616
S113698803F0D4F9C249C34803F068FB95F824001E
S113699890B995ED0B0AD5ED0C0AB4EE600AF1EE48
S11369A810FAC0F2C380688D002807BF012085F85B
S11369B82400401E6885B9E0012840F0B78085F8B6
S11369C828000D210020FDF75FF800EE100A9FED66
S11369D8A38AB8EEC00AD5ED060A40EE080AC5ED4A
S11369E8060A14210020FDF74FF800EE100AB8EE4D
S11369F8C00AD5ED000A40EE080AC5ED000A1521C3
S1136A080020FDF741F800EE100AB8EEC00AD5EDF3
S1136A18010A40EE080AC5ED010A16210020FDF717
S1136A2833F800EE100AB8EEC00AD5ED020A40EEBB
S1136A38080AC5ED020A10210020FDF725F800EE2A
S1136A48100AB8EEC00AD5ED030A40EE080AC5EDEF
S1136A58030A11210020FDF717F800EE100AB8EE1A
S1136A68C00AD5ED040A40EE080AC5ED040A12214D
S1136A780020FDF709F800EE100AF8EEC00AE869EC
S1136A8895ED050A296A00EE880A401C85ED050A79
S1136A98E86188424ADB00EE900AF8EEE00AB7EEB5
S1136AA8001AC1EE200A95ED061A21EE201A85ED8A
S1136AB8061A20EE200A95ED001A85ED050A21EE46
S1136AC8201A85ED001A022095ED011A85F8250093
S1136AD821EE201A85ED011A002095ED021A85F899
S1136AE8280021EE201A85ED021A95ED031A21EEED
S1136AF8201A85ED031A95ED041A21EE201A85ED66
S1136B08041A13E0022809D1032085F8250095F812
S1136B18270000F0FB0085F8270007E0032805D1CB
S1136B2895F8260000F0FE0085F82600012C0CD10B
S1136B3801204E4981F84900022085F8250095F87E
S1136B48270040F0010085F8270004B0BDEC028B53
S1136B5801B0F0BD444890F8260000F0010080F030
S1136B68010070470021012807D13F4890F825000B
S1136B78032808BF012108467047002808BF0121DF
S1136B8808467047384991F82520032A4BD19FEDD0
S1136B98340AD1ED000A60EE800AFDEEE00A10EE38
S1136BA8902A0281D1ED010A60EE800AFDEEE00A26
S1136BB810EE902A4281D1ED020A20EE800ABDEE41
S1136BC8C00A10EE102A82819FED260AD1ED060A2A
S1136BD860EE800AFDEEE00A10EE902A0280D1ED04
S1136BE8030A60EE800AFDEEE00A10EE902A428065
S1136BF8D1ED040A60EE800AFDEEE00A10EE902A58
S1136C088280D1ED050A20EE800ABDEEC00A10EE9E
S1136C18102AC2800022C2810282827491F827203D
S1136C2802F0F7020EE00022028142818281028092
S1136C3842808280C280C2810282827491F82720B5
S1136C4842F0080281F82720C27491F8270040F026
S1136C58040081F827007047000000000000803716
S1136C68000080440000804218FBFF1F44F0FF1F0F
S1136C789A99193F6F120339DB0FC93FD4F0FF1FEC
S1136C8874EFFF1F24F1FF1FBCF1FF1FD0F1FF1F9A
S1136C98ECF1FF1F60F1FF1F2DE9F04381B00020E4
S1136CA8FBF747FEDFF818484CF22050E0814DF618
S1136CB82811E18140F2111222800022E28222810D
S1136CC86281A2804FF4FA72E280EFF3108272B606
S1136CD84AF20265A5814BF28046A68182F31088A8
S1136CE8E081E1814FF6FE712088DFF86498DFF8CF
S1136CF8648808402080D9F8000040084000C9F89A
S1136D080000D8F8880940F47000C8F8880972B6F9
S1136D18DFF87408017841F0200101704FF0FF306A
S1136D28C9F87001C9F87002F121404603F0E2F98C
S1136D38DFF85808C8F80C09D8F8140940F010000E
S1136D48C8F81409DFF84808C8F8080900F004FC72
S1136D5800F038FC0021DFF83C08DFF83C780180BB
S1136D683A46DFF83818C16000F10801001DFCF745
S1136D7830F8DFF82C08DFF82C18C160DFF8281881
S1136D888160DFF828184160DFF824180160DFF813
S1136D9824083860DFF820087860DFF82008B86035
S1136DA8DFF81C08F860EFF3108072B6A581A6819D
S1136DB880F31088DFF8B408016841F0010101602C
S1136DC80021DFF8E0090160C821816005214160E4
S1136DD8016841F0410101600221D9F8740240F0D0
S1136DE88060C9F87402D8F80C0900F4E060C0F5B2
S1136DF8E060000AC0F1040001FA00F0000188F81C
S1136E083A004FF08060C9F8F40001B0BDE8F043DF
S1136E180120FBF78EBDDFF898391B6803F4E063A3
S1136E28C3F5E0631B0AC3F1040C01FA0CF14FF03B
S1136E380F0C2CFA03F31A4011430901020007D579
S1136E48DFF8700902F00F02101800F8041C7047EC
S1136E585209DFF800C700F80C1000F01F000121E8
S1136E6801FA00F0DFF8441941F8220070470128BC
S1136E7808DB012100F01F029140DFF83C2940099A
S1136E8842F820107047DFF81C09016841F08001BE
S1136E980160C1210160C82003F085B92DE9F047DC
S1136EA85FF0000800F0E4FB03F0F2F9002805D1D4
S1136EB8DFF80809DFF8F8180860F9E700F084FC3F
S1136EC818F1010800F0A8FA002801D103F00EFB1C
S1136ED8FDF7BCF900F012FC18F1010800F03CFBC6
S1136EE818F1010800F0D8FDDFF8380B90F82F00EE
S1136EF8400735D45FFA88F8B8F1030F01D000F0E1
S1136F081CFC082003F006FB00F0D0FB18F1010874
S1136F18EFF31080814672B64AF20260DFF88817F0
S1136F2808804BF28040DFF88017088089F31088C6
S1136F3800F008FC18F10108EFF31080824672B6DD
S1136F484AF20260DFF8601708804BF28040DFF8ED
S1136F58581708808AF31088042003F0DBFA01E04C
S1136F6818F102085FFA88F8B8F1050F01D000F0AB
S1136F78E4FB00F091FDDFF8AC0A90F82E0000283D
S1136F8840F00C8100F088FDDFF8980A90F82D0095
S1136F980600DFF8900A90F82C0056EA0026EFF372
S1136FA81081080072B64AF20261DFF8FC261180EB
S1136FB84BF28041DFF8F026118080F3108801211C
S1136FC80C00DFF8FC170F00DFF8F807B84203D30A
S1136FD8002038707F1CF7E718F10108DFF8E00794
S1136FE80700DFF8E007B84208D33878002801D052
S1136FF800200400FF2038707F1CF2E718F1010814
S1137008EFF31081080072B64AF20261DFF898269D
S113701811804BF28041DFF89026118080F31088AC
S1137028DFF89C170F00DFF89C07B84208D33878BC
S1137038FF2801D000200400002038707F1CF2E7EC
S113704818F10108DFF87C070700DFF874078742A6
S113705808D33878002801D000200400FF203870B5
S11370687F1EF2E718F10108EFF31081080072B6E9
S11370784AF20261DFF8302611804BF28041DFF8D2
S11370882826118080F31088DFF838170F00DFF8FE
S11370983007874208D33878FF2801D0002004003D
S11370A8002038707F1EF2E718F10108DFF8100796
S11370B80700DFF81007B84206D33878002801D053
S11370C8002004007F1CF4E718F10108E4B2002C46
S11370D801D100F032FBEFF31081080072B64AF2D6
S11370E80261DFF8C42511804BF28041DFF8B8252E
S11370F8118080F31088DFF8C8160F00DFF8C40683
S1137108B84221D3EFF31081080072B64AF2026143
S1137118DFF8942511804BF28041DFF88C2511802B
S113712880F3108839680C0001210D00002D07D068
S11371383D603868A84201D000F0FFFA6D00F5E719
S1137148E4B23C603F1DD9E7EFF31081080072B642
S11371584AF20261DFF8502511804BF28041DFF8D2
S11371684825118080F310885FFA88F8B8F10B0F6E
S113717801D000F0E2FA00F057FC300ADFF8A41856
S113718881F82C00DFF89C0880F82D6000F098FC4A
S1137198042003F0BFF903F00FFA01E003F012FA38
S11371A8BDE8F0872DE9F843EFF31080814672B605
S11371B803F08CF8002804D1002200210420FDF7F4
S11371C8CFFC89F310880220FBF7ECFB00F0E9F808
S11371D8DFF80419DFF80409FBF707FE002876D165
S11371E8EFF31080814672B680200700DFF8EC08C0
S11371F800680400601C0500601E0600FF09FF010A
S113720817F07F0F57D1DFF89003844203D1601C35
S11372180500A01C0600DFF88803844203D1A01EE1
S11372280500601E060020782978090651EA004006
S1137238317850EA0120F9B251EA0007552020704C
S113724800202870002030702078552801D037F0AD
S11372588007FF202870FF2030702078552801D03F
S113726837F08007AA202070002028700020307092
S11372782078AA2801D037F08007FF202870FF2043
S113728830702078AA2801D037F08007380E28708B
S1137298380A3070380C2070DFF80403844203D1B4
S11372A8DFF8F402040004E0641C601C0500601E9E
S11372B806007F1CA4E7DFF824080460DFF81C0834
S11372C80068C043DFF81018086089F3108838068E
S11372D808D40022DFF804080168C9B289B2202062
S11372E8FDF73EFCDFF8B8028046D8F80000DFF866
S11372F8C012884211D1D8F80400DFF8B0128842CD
S11373080BD1D8F80800DFF8A012884205D1D8F8C4
S11373180C00DFF89012884204D0002200211D20BE
S1137328FDF71EFCDFF870028046D8F80000DFF88D
S11373388412884211D1D8F80400DFF87C128842FC
S11373480BD1D8F80800DFF87412884205D1D8F8B0
S11373580C00DFF86C12884204D0002200211C20A3
S1137368FDF7FEFB0320FBF71DFBBDE8F18310B519
S1137378EFF3108472B600F0A5F800F023F9DFF8F3
S11373886007017841F0800101706021417042F288
S11373981071C278802A01D0491EFAD184F310886A
S11373A810BDEFF3108072B6DFF840174AF202629C
S11373B80A804BF280420A8080F310887047DFF815
S11373C8F013DFF8240708607047DFF824077047D4
S11373D810B5DFF85046062204F12C01FF2003F013
S11373E83DFA94F83210814204D0FF22FF2127206D
S11373F8FDF7B6FB04F12D0010BDDFF8B413DFF878
S1137408BC23012806D0DFF81C3600201870DFF8EA
S1137418D43618700A60704710B5DFF8084606229B
S113742804F12C01FF2003F019FA94F83210814278
S113743804D0FF22FF212720FDF792FB94F82E00A9
S113744810BD000010B50420FBF7ACFA00200400BE
S1137458E4B2042C2FDA04224E480188DFF894069B
S11374680068FDF71BFC4B490880DFF888060068B4
S1137478001DDFF880160860DFF878060068DFF87A
S11374887816884215D3DFF87406008841490988BC
S1137498884207D0DFF8640602883E4801881E2027
S11374A8FDF75EFB00203B4908803C48DFF84416A2
S11374B80860641CCCE70520FBF774FA10BD0000D3
S11374C800200540DFF838060178090703D501785C
S11374D841F008010170DFF82C060168C0F263115D
S11374E80160DFF82406017841F08301017000216E
S11374F8DFF8180641700C2141700021017042F236
S113750810718279920701D4491EFAD14FF4FA61B5
S11375180A468379DB0601D5521EFAD18279C2F371
S11375288102022A01D0491EF8D1417941F0200193
S11375384171C17841F08001C170C17841F06001A6
S1137548C17041F2883000BF401EFCD17047000072
S113755810E000E000E400E0DFF8B405017801F091
S11375689F0141F02001017041F2883100BF491E9A
S1137578FCD1017841F0800101704FF4C600DFF8B6
S1137588841508607047000008F007400005FA05F4
S11375980006000084FDFF1FB01B00200006000049
S11375A8C01F0020596561726C3130306C706F6F88
S11375B857686972454553204F7267616E697A61ED
S11375C874696F6E78498879820802F00302032A85
S11375D824D8DFE802F0021711140978DFF810053F
S11375E801F0040189080CBFDFF82815DFF8281515
S11375F881600161416113E04FF4004108E0DFF864
S11376081C1505E0C0074CBFDFF814154FF4FA4108
S1137618DFF8DC0481600161416101E0DFF8F814FE
S1137628DFF8CC0401600268DFF8D8140B681B0F7C
S11376385B1CB2FBF3F20260426082680B68C3F31E
S113764803635B1CB2FBF3F2826002690B68C3F349
S113765803535B1CB2FBF3F2026142690968C1F38C
S11376680341491CB2FBF1F1416170473880044081
S1137678DFF8B0044CF22051C1814FF6FE724DF68A
S11376882811C181018811400180DFF89C04016838
S1137698490849000160D0F8781D41F47001C0F828
S11376A8781D72B6704700000C20054010B5DD4CFB
S11376B8062204F12C01FF2003F0D0F894F83210CC
S11376C8814204D0FF22FF212720FDF749FA94F8CC
S11376D82D30DFF81814C3F34013002B4BF280400D
S11376E84AF20262EFF3108372B60A80088002D16C
S11376F883F31088FEE783F3108810BDDFF82404B1
S11377084CF22051C1814DF62811C18140F211116A
S113771801800021C1820181418181804FF4FA7185
S1137728C180EFF3108172B64AF2026282814BF291
S11377388042828181F3108870471D48DFF8A813BE
S11377480160FDE72DE9F041DFF8E043DFF8A883A5
S1137758DFF89873002020804BF28046DFF8D003CE
S1137768E0604AF20265804511D32188E06804226A
S1137778FDF74AFA2080EFF3108072B63D803E8010
S113778880F31088E068001DE0608045EDD2DB4896
S113779821880088884203D00549D3480860FBE75C
S11377A8BDE8F081000004400040064000E100E02C
S11377B80CED00E018ED00E080E100E00400FA05BB
S11377C800E0FF1FFF1F00202DE9F041954C0FF248
S11377D86C30C4490FF290328EB04FF0000C23463F
S11377E805460E464FEA020713F801EB15F8018B1C
S11377F8C64502BF16F801EB17F8018BC6454AD1F6
S113780813F801EB15F8018B0CF1010C5FFA8CFCF1
S1137818C64502BF16F801EB17F8018BC6453AD1E5
S113782813F801EB15F8018B0CF1010C5FFA8CFCD1
S1137838C64502BF16F801EB17F8018BC6452AD1D5
S113784813F801EB15F8018B0CF1010C5FFA8CFCB1
S1137858C64502BF16F801EB17F8018BC6451AD1C5
S11378680CF1010C5FFA8CFCBCF12C0FBCDB06227A
S113787804F12C01FF2002F0F1FF94F83210814248
S113788804D0FF22FF212720FDF76AF994F831007C
S113789814284ADB2FE023465FF00B0510F8016B30
S11378A803F8016B6D1E12F8016B01F8016B10F8F7
S11378B8016B03F8016B12F8016B01F8016B10F806
S11378C8016B03F8016B12F8016B01F8016B10F8F6
S11378D8016B03F8016B12F8016B01F8016BDDD140
S11378E80020E0622086062204F12C01FF2002F029
S11378F8B5FF84F83200062204F12C01FF2002F0BF
S1137908ADFF94F83210814204D0FF22FF212720D2
S1137918FDF726F9012084F83000062204F12C0131
S1137928FF2002F09BFF84F83200062204F12C01A8
S1137938FF2002F093FF94F83210814204D0FF2212
S1137948FF212720FDF70CF93322214601A803F073
S113795843F800208DF8000076480178890602D49F
S1137968017A890602D520218DF80010017889074B
S113797805D59DF8001041F002018DF800104178FA
S1137988490705D59DF8001041F010018DF8001045
S11379980178090605D59DF8001041F080018DF89D
S11379A800100178490605D59DF8001041F0400102
S11379B88DF800107F2101723F2141729DF800006B
S11379C88DF831009DF83300010759BF9DF8000078
S11379D88DF8300000F0F7008DF833009DF8300082
S11379E88221084203D19DF83400012801D10020E6
S11379F805E09DF83500401C8DF8350001208DF810
S1137A083200332201A9204602F0E6FF062204F1DF
S1137A182C01FF2002F022FF84F832000EB0BDE8EA
S1137A28F081000000E0FF1F70B5434C0FF20C1109
S1137A382C4A0FF2341320465FF00B0511F8016B42
S1137A4800F8016B6D1E13F8016B02F8016B11F855
S1137A58016B00F8016B13F8016B02F8016B11F864
S1137A68016B00F8016B13F8016B02F8016B11F854
S1137A78016B00F8016B13F8016B02F8016BDDD19F
S1137A880020E0622086062204F12C01FF2002F087
S1137A98E5FE84F8320070BD10B5274C062204F1C7
S1137AA82C01FF2002F0DAFE94F83210814206D04D
S1137AB8BDE81040FF22FF212720FDF751B810BD73
S1137AC810B51D4C062204F12C01FF2002F0C6FE5D
S1137AD884F8320010BD00008CFDFF1F88FDFF1FD5
S1137AE800E00740D41F00200400FA050C200540DC
S1137AF814FDFF1F90FDFF1FFBE70100FCE70100D9
S1137B0802D007404480044000500640004006402C
S1137B180340064000D8B805006CDC0200E1F50516
S1137B2800093D000020054010E000E084FDFF1F2F
S1137B380006000000F0074000E0FF1F4472656182
S1137B486D206973206E6F74207468652074686989
S1137B586E6720796F752073656520696E20736C74
S1137B68656570206275740069742069732074688F
S1137B786174207468696E67207468617420646F26
S1137B8865736E2774206C657420796F7520736C27
S1137B98656570005E48016841F400210160704722
S1137BA8F0B40024049D5B4E00284DD1072918BF6A
S1137BB8072A0BD1347944F080043471347944F0C1
S1137BC840043471377965F305073771062B7479E6
S1137BD861F302047471747962F3C50474712AD868
S1137BE8DFE803F0040917171B1B1B00747804F063
S1137BF8FE0474701FE0747804F0BF047470747821
S1137C0804F07F047470347804F08F043470012411
S1137C1810E0747804F0BF0402E0747844F040047F
S1137C287470747804F07F047470347804F08F04EA
S1137C3834700024B470747844F002047470747856
S1137C4844F001047470012401284DD1072918BF98
S1137C58072A0BD1307B40F080003073307B40F032
S1137C6840003073307B65F305003073062B707B5E
S1137C7861F302007073707B62F3C50070732AD8D5
S1137C88DFE803F0040917171B1B1B00707A00F0C8
S1137C98FE0070721FE0707A00F0BF007072707A94
S1137CA800F07F007072307A00F08F00307201208B
S1137CB810E0707A00F0BF0002E0707A40F04000F3
S1137CC87072707A00F07F007072307A00F08F0062
S1137CD830720020B072707A40F002007072012491
S1137CE8707A40F0010070722046F0BC704728B9E1
S1137CF80948027861F3050202707047012804D12B
S1137D080548027A61F30502027270470000000018
S1137D1834800440003007400430074000B581B087
S1137D28002300220521012002F082FE01B05DF843
S1137D3804EB03F099B903F034BC03F09BBD0000D5
S1137D4800210161C1607047D0ED000A90ED011A6D
S1137D58D0ED041A60EE800A41EE210A90ED021A71
S1137D68D0ED031A80ED040A41EE610AC0ED030A5E
S1137D78B0EE600A7047000070B52DED028B044622
S1137D881646B0EE408A94ED010AD6ED020A30EEAA
S1137D98600A0D4686ED040A06F1100000F0A9FDFC
S1137DA896ED060A86ED000AD6ED130A96ED021A38
S1137DB860EE810A96ED161A41EE000A96ED140A51
S1137DC895ED011A40EE010A94ED020A96ED151A92
S1137DD828EE000A40EE010AC6ED020A94ED020AF2
S1137DE8D6ED030A30EE600A86ED0B0A06F12C0084
S1137DF800F07FFD96ED0D0A86ED010AD6ED130A13
S1137E0896ED031AD5ED021A60EE810A96ED161A5C
S1137E1841EE000A96ED141A41EE210A94ED011A76
S1137E28D6ED151A28EE011A41EE610AC6ED030AC9
S1137E38B1EE400AD6ED000A00F083F886ED120A86
S1137E48BDEC028B70BD000010B5044684ED000A39
S1137E5800F04FFD94ED020A84ED0A0A94ED071A26
S1137E68D4ED0B0A40EE010A9FED0E0AF4EE400A27
S1137E78C4ED0B0AF1EE10FAA4BF9FED0B0A70EEE5
S1137E88800A9FED0A0AF4EE400AF1EE10FA44BFA4
S1137E989FED070A70EE800AC4ED0B0A94ED0B0AF5
S1137EA810BD0000DC0F4940DB0FC9C0DB0F49C01F
S1137EB8DB0FC94081684268006892ED001AD0ED72
S1137EC8000A096870EE600A60EE810A891EF5EE00
S1137ED8400AF1EE10FA4EBF4FF0FF32FDEEE00A11
S1137EE810EE902A914206DA00EBC100D0ED030AA5
S1137EF8B0EE600A7047002A48BFD0ED010A11D4D9
S1137F0800EBC20100EBC200D1ED010AD0ED001A6A
S1137F1830EE610A20EE010A91ED031A31EE601A7F
S1137F2840EE010AB0EE600A70470000B5EE400A60
S1137F38F1EE10FA02DBB1EEC00A70479FED2B0A8E
S1137F487047B0EE401AB0EE600AF0EE410A03F052
S1137F5893BC0000DFED260A20EE200AFDEEC00ADD
S1137F6810EE901ADFED230AB4EE600AF1EE10FA6F
S1137F7848BF491E00EE901AF8EEE00A30EE600A97
S1137F88DFED1D0A20EE200AFDEEC00A10EE901A5D
S1137F98C905C90D0B4600EE903A0FF2600353F879
S1137FA821C001F1800203EB8101D205D20D91EDCC
S1137FB8011AF8EE600A03EB820130EE600AF7EE6C
S1137FC8001A71EEC01A91ED002AD1ED012A00EED3
S1137FD890CA21EE822A00EE222A61EEA00A80EDE0
S1137FE8012A40EE010AC0ED000A704700000000B3
S1137FF883F9223E000080B4000000440000000021
S1138008920E493CB10AC93C2BC3163D2EFB483D90
S1138018752B7B3D04A9963D80B6AF3D36BDC83D62
S11380282FBCE13D73B2FA3D87CF093E8340163E2B
S1138038B5AB223EA2102F3ECF6E3B3EC2C5473E93
S11380480115543E135C603E7F9A6C3ECCCF783E5B
S1138058C07D823E938E883E229A8E3E32A0943E04
S113806886A09A3EE59AA03E128FA63ED47CAC3EEA
S1138078EF63B23E2A44B83E491DBE3E15EFC33EE7
S113808853B9C93ECA7BCF3E4136D53E80E8DA3E75
S11380984F92E03E7533E63EBBCBEB3EEA5AF13EE7
S11380A8CBE0F63E275DFC3EE4E7003F3D9C033F02
S11380B8824B063F9BF5083F6B9A0B3FDA390E3F1C
S11380C8CDD3103F2A68133FD9F6153FC07F183F18
S11380D8C6021B3FD17F1D3FCBF61F3F9967223F46
S11380E825D2243F5636273F1594293F4AEB2B3F88
S11380F8DE3B2E3FBB85303FC9C8323FF304353FD2
S1138108233A373F4268393F3B8F3B3FF9AE3D3F07
S113811867C73F3F70D8413F01E2433F03E4453F0F
S113812865DE473F12D1493FF8BB4B3F029F4D3FA5
S1138138207A4F3F3D4D513F4918533F31DB543F5F
S1138148E595563F5348583F6AF2593F1A945B3FA6
S1138158532D5D3F05BE5E3F2146603F97C5613F95
S11381685A3C633F59AA643F880F663FD86B673F00
S11381783CBF683FA7096A3F0C4B6B3F5E836C3F6B
S113818893B26D3F9ED86E3F73F56F3F0809713FF8
S11381985213723F4714733FDD0B743F0BFA743F5D
S11381A8C6DE753F07BA763FC58B773FF853783FED
S11381B89812793F9DC7793F02737A3FBE147B3F7B
S11381C8CDAC7B3F283B7C3FC9BF7C3FAC3A7D3F6D
S11381D8CCAB7D3F23137E3FB0707E3F6DC47E3FA2
S11381E8580E7F3F6D4E7F3FAB847F3F0FB17F3F7B
S11381F897D37F3F43EC7F3F11FB7F3F0000803FD5
S113820811FB7F3F43EC7F3F97D37F3F0FB17F3F05
S1138218AB847F3F6D4E7F3F580E7F3F6DC47E3FDA
S1138228B0707E3F23137E3FCCAB7D3FAC3A7D3F9D
S1138238C9BF7C3F283B7C3FCDAC7B3FBE147B3F12
S113824802737A3F9DC7793F9812793FF853783F74
S1138258C58B773F07BA763FC6DE753F0BFA743F86
S1138268DD0B743F4714733F5213723F0809713F83
S113827873F56F3F9ED86E3F93B26D3F5E836C3F3C
S11382880C4B6B3FA7096A3F3CBF683FD86B673FFD
S1138298880F663F59AA643F5A3C633F97C5613FBC
S11382A82146603F05BE5E3F532D5D3F1A945B3FF8
S11382B86AF2593F5348583FE595563F31DB543FDE
S11382C84918533F3D4D513F207A4F3F029F4D3F40
S11382D8F8BB4B3F12D1493F65DE473F03E4453FB6
S11382E801E2433F70D8413F67C73F3FF9AE3D3F86
S11382F83B8F3B3F4268393F233A373FF304353FCE
S1138308C9C8323FBB85303FDE3B2E3F4AEB2B3F8B
S11383181594293F5636273F25D2243F9967223F93
S1138328CBF61F3FD17F1D3FC6021B3FC07F183FBE
S1138338D9F6153F2A68133FCDD3103FDA390E3FDB
S11383486B9A0B3F9BF5083F824B063F3D9C033FCE
S1138358E4E7003F275DFC3ECBE0F63EEA5AF13EF7
S1138368BBCBEB3E7533E63E4F92E03E80E8DA3E07
S11383784136D53ECA7BCF3E53B9C93E15EFC33EFD
S1138388491DBE3E2A44B83EEF63B23ED47CAC3E9F
S1138398128FA63EE59AA03E86A09A3E32A0943E4D
S11383A8229A8E3E938E883EC07D823ECCCF783E04
S11383B87F9A6C3E135C603E0115543EC2C5473E2D
S11383C8CF6E3B3EA2102F3EB5AB223E8340163EF5
S11383D887CF093E73B2FA3D2FBCE13D36BDC83D97
S11383E880B6AF3D04A9963D752B7B3D2EFB483DD9
S11383F82BC3163DB10AC93C920E493C000000004B
S1138408920E49BCB10AC9BC2BC316BD2EFB48BD8C
S1138418752B7BBD04A996BD80B6AFBD36BDC8BD5E
S11384282FBCE1BD73B2FABD87CF09BE834016BE27
S1138438B5AB22BEA2102FBECF6E3BBEC2C547BE8F
S1138448011554BE135C60BE7F9A6CBECCCF78BE57
S1138458C07D82BE938E88BE229A8EBE32A094BE00
S113846886A09ABEE59AA0BE128FA6BED47CACBEE6
S1138478EF63B2BE2A44B8BE491DBEBE15EFC3BEE3
S113848853B9C9BECA7BCFBE4136D5BE80E8DABE71
S11384984F92E0BE7533E6BEBBCBEBBEEA5AF1BEE3
S11384A8CBE0F6BE275DFCBEE4E700BF3D9C03BFFE
S11384B8824B06BF9BF508BF6B9A0BBFDA390EBF18
S11384C8CDD310BF2A6813BFD9F615BFC07F18BF14
S11384D8C6021BBFD17F1DBFCBF61FBF996722BF42
S11384E825D224BF563627BF159429BF4AEB2BBF84
S11384F8DE3B2EBFBB8530BFC9C832BFF30435BFCE
S1138508233A37BF426839BF3B8F3BBFF9AE3DBF03
S113851867C73FBF70D841BF01E243BF03E445BF0B
S113852865DE47BF12D149BFF8BB4BBF029F4DBFA1
S1138538207A4FBF3D4D51BF491853BF31DB54BF5B
S1138548E59556BF534858BF6AF259BF1A945BBFA2
S1138558532D5DBF05BE5EBF214660BF97C561BF91
S11385685A3C63BF59AA64BF880F66BFD86B67BFFC
S11385783CBF68BFA7096ABF0C4B6BBF5E836CBF67
S113858893B26DBF9ED86EBF73F56FBF080971BFF4
S1138598521372BF471473BFDD0B74BF0BFA74BF59
S11385A8C6DE75BF07BA76BFC58B77BFF85378BFE9
S11385B8981279BF9DC779BF02737ABFBE147BBF77
S11385C8CDAC7BBF283B7CBFC9BF7CBFAC3A7DBF69
S11385D8CCAB7DBF23137EBFB0707EBF6DC47EBF9E
S11385E8580E7FBF6D4E7FBFAB847FBF0FB17FBF77
S11385F897D37FBF43EC7FBF11FB7FBF000080BFD1
S113860811FB7FBF43EC7FBF97D37FBF0FB17FBF01
S1138618AB847FBF6D4E7FBF580E7FBF6DC47EBFD6
S1138628B0707EBF23137EBFCCAB7DBFAC3A7DBF99
S1138638C9BF7CBF283B7CBFCDAC7BBFBE147BBF0E
S113864802737ABF9DC779BF981279BFF85378BF70
S1138658C58B77BF07BA76BFC6DE75BF0BFA74BF82
S1138668DD0B74BF471473BF521372BF080971BF7F
S113867873F56FBF9ED86EBF93B26DBF5E836CBF38
S11386880C4B6BBFA7096ABF3CBF68BFD86B67BFF9
S1138698880F66BF59AA64BF5A3C63BF97C561BFB8
S11386A8214660BF05BE5EBF532D5DBF1A945BBFF4
S11386B86AF259BF534858BFE59556BF31DB54BFDA
S11386C8491853BF3D4D51BF207A4FBF029F4DBF3C
S11386D8F8BB4BBF12D149BF65DE47BF03E445BFB2
S11386E801E243BF70D841BF67C73FBFF9AE3DBF82
S11386F83B8F3BBF426839BF233A37BFF30435BFCA
S1138708C9C832BFBB8530BFDE3B2EBF4AEB2BBF87
S1138718159429BF563627BF25D224BF996722BF8F
S1138728CBF61FBFD17F1DBFC6021BBFC07F18BFBA
S1138738D9F615BF2A6813BFCDD310BFDA390EBFD7
S11387486B9A0BBF9BF508BF824B06BF3D9C03BFCA
S1138758E4E700BF275DFCBECBE0F6BEEA5AF1BEF3
S1138768BBCBEBBE7533E6BE4F92E0BE80E8DABE03
S11387784136D5BECA7BCFBE53B9C9BE15EFC3BEF9
S1138788491DBEBE2A44B8BEEF63B2BED47CACBE9B
S1138798128FA6BEE59AA0BE86A09ABE32A094BE49
S11387A8229A8EBE938E88BEC07D82BECCCF78BE00
S11387B87F9A6CBE135C60BE011554BEC2C547BE29
S11387C8CF6E3BBEA2102FBEB5AB22BE834016BEF1
S11387D887CF09BE73B2FABD2FBCE1BD36BDC8BD93
S11387E880B6AFBD04A996BD752B7BBD2EFB48BDD5
S11387F82BC316BDB10AC9BC920E49BC0000008047
S113880890ED000AD0ED040A90ED031A60EE800A98
S1138818F0EE601A41EE001A90ED010A90ED051A87
S113882831EE800AB4EE401AF1EE10FA07D5F5EEEF
S1138838400AB0EE410AF1EE10FA10DD0DE090EDB9
S1138848061AB4EE410AF1EE10FA42BFB0EE410A3C
S1138858F5EE400AF1EE10FA01D5DFED050A80EDD8
S1138868020A90ED010A30EE200A80ED010A7047F1
S11388780000000090ED000AD0ED030A90ED051AFF
S113888860EE800AB4EE601AF1EE10FA48BFF0EE1A
S1138898410A08D4D0ED061AF4EE610AF1EE10FA92
S11388A848BFF0EE610AD0ED041A90ED012A01EEFA
S11388B8802A30EE820AB4EE401AF1EE10FA08D596
S11388C831EE602AB0EE410A80ED012A80ED020AF9
S11388D87047D0ED061AB4EE610AF1EE10FA44BFFF
S11388E8B0EE610A31EEE02A80ED012A80ED020A39
S11388F8704790ED000A90ED041AD0ED010AD0ED0E
S1138908031A41EE000AB0EE601A01EE801A90EDE7
S1138918050AB4EE410AF1EE10FA5DBF90ED060ABD
S1138928B4EE401AF1EE10FAB0EE401AC0ED010AA6
S113893880ED021A7047000090ED000AD0ED010A9C
S113894830EE200AD0ED020A30EE200ADFED0C0AE0
S113895820EE200A81ED000AD0ED000A30EEC00AAC
S113896881ED010A90ED010AD0ED020A30EE600AA9
S1138978DFED040A20EE200A81ED020A70470000A8
S1138988ABAAAA3E3ACD133F90ED010AD2ED010AF3
S113899892ED001A20EE200AD0ED020A00EE810AB8
S11389A881ED010A90ED020AD2ED010A92ED001A56
S11389B820EE200AD0ED010A00EEC10A81ED020A78
S11389C800680860704790ED010AD2ED010A92ED43
S11389D8001A20EE200AD0ED020A00EEC10A81ED49
S11389E8010A90ED010AD2ED000A92ED011A20EE77
S11389F8200AD0ED020A00EE810A81ED020A00681D
S1138A0808607047DFED5F0A80EE800AD0ED010A46
S1138A1890ED021A60EE800A21EE000AB6EE001A02
S1138A2820EE011A9FED582AF0EE411A40EE821A00
S1138A389FED562AB5EE400A00EE821AF1EE10FABE
S1138A481CDBF5EE401AF1EE10FAB5EE401A0CDD17
S1138A58F1EE10FA03D80120F1EE410A29E00220D0
S1138A68F0EE410AB0EE610A23E0F1EE10FA15DDEA
S1138A78F0EE400A0320B1EE610A1AE0B5EE401A9E
S1138A88F1EE10FA05DDF1EE400A0420B0EE410AD9
S1138A980FE0F5EE401AF1EE10FA05DD0620F0EECF
S1138AA8610AB1EE400A04E00520F1EE610AB1EE74
S1138AB8410A30EE201ADFED771AB4EE611AF1EEAE
S1138AC810FA06DB80EE010AF7EE000A70EEC00A1F
S1138AD80FE0F7EE001A31EEC11AF6EE001A21EE95
S1138AE8211AB5EE401AF1EE10FA02D4D2B2012AD4
S1138AF801D19FED691A30EE010ADFED681AB4EE70
S1138B08610A70EE800AF1EE10FAA8BF9FED640ABC
S1138B18DFED641AF4EE610AF1EE10FAA8BFF7EE7D
S1138B28000A421E052A2BD8DFE802F0030A1116B0
S1138B381D24C1ED000A81ED010A81ED021A704776
S1138B4881ED000AC1ED010A81ED021A704781ED39
S1138B58001AC1ED010A11E081ED001A81ED010A44
S1138B68C1ED020A704781ED000A81ED011AC1EDD9
S1138B78020A7047C1ED000A81ED011A81ED020A6B
S1138B8870470000D7B3DD3FD7B35D3FD7B35DBFB0
S1138B9870B50D462DED028B95ED008AB5EE408A31
S1138BA804461646F1EE10FA1EBFB7EE000AB4EEFC
S1138BB8408AF1EE10FA19D0304694ED000AFFF716
S1138BC879F938EE000AF7EE000AB4EE600AF1EE1D
S1138BD810FAA8BFB7EE000A06DAB5EE400AF1EEBD
S1138BE810FA98BF9FED2C0A85ED000A95ED018ACD
S1138BF8B5EE408AF1EE10FA1EBFB7EE000AB4EEE5
S1138C08408AF1EE10FA19D0304694ED010AFFF7C4
S1138C1851F938EE000AF7EE000AB4EE600AF1EEF4
S1138C2810FAA8BFB7EE000A06DAB5EE400AF1EE6C
S1138C3810FA98BF9FED180A85ED010A95ED028A8E
S1138C48B5EE408AF1EE10FA1EBFB7EE000AB4EE94
S1138C58408AF1EE10FA19D0304694ED020AFFF773
S1138C6829F938EE000AF7EE000AB4EE600AF1EECC
S1138C7810FAA8BFB7EE000A06DAB5EE400AF1EE1C
S1138C8810FA98BF9FED040A85ED020ABDEC028B29
S1138C9870BD00000100803F0000000020856B3F8C
S1138CA81F856B3FD8A3703F91ED000AB5EE400ACB
S1138CB8F1EE10FA1EBFF7EE000AB4EE600AF1EE08
S1138CC810FA2BD0D0ED000AB7EE001AF4EE410AE0
S1138CD8F1EE10FAA8BFF7EE000A08DA9FED4B1A76
S1138CE8F4EE410AF1EE10FA48BFFFEE000A9FEDD8
S1138CF8481A00EE810AF7EE000AB4EE600AF1EEB3
S1138D0810FAA8BFB7EE000A06DAB5EE400AF1EE8B
S1138D1810FA98BF9FED3C0A81ED000A91ED010A13
S1138D28B5EE400AF1EE10FA1EBFF7EE000AB4EEF3
S1138D38600AF1EE10FA2BD0D0ED010AB7EE001A52
S1138D48F4EE410AF1EE10FAA8BFF7EE000A08DAC9
S1138D589FED2E1AF4EE410AF1EE10FA48BFFFEE29
S1138D68000A9FED2B1A00EE810AF7EE000AB4EE12
S1138D78600AF1EE10FAA8BFB7EE000A06DAB5EEFB
S1138D88400AF1EE10FA98BF9FED1F0A81ED010A1F
S1138D9891ED020AB5EE400AF1EE10FA1EBFF7EEA5
S1138DA8000AB4EE600AF1EE10FA2BD0D0ED020AF4
S1138DB8B7EE001AF4EE410AF1EE10FAA8BFF7EE86
S1138DC8000A08DA9FED111AF4EE410AF1EE10FADE
S1138DD848BFFFEE000A9FED0E1A00EE810AF7EE77
S1138DE8000AB4EE600AF1EE10FAA8BFB7EE000A62
S1138DF806DAB5EE400AF1EE10FA98BF9FED020AC2
S1138E0881ED020A7047000000000000FEFF7FBFEA
S1138E186F12833C1548016841F478510160EFF3FF
S1138E28108072B612490A6842F0FF020A60114AB9
S1138E3813681B0A1B0213600A6C42F0FF020A64DF
S1138E48D1F8802042F0FF02C1F88020D1F8C02078
S1138E5842F0FF02C1F8C020D1F8002142F0FF021D
S1138E68C1F8002180F3108870470000388004405E
S1138E7814F00F400090044070B40FF2CC0353F880
S1138E8820400FF2D80353F82050EFF3108372B642
S1138E980528BCBF084620283FDA521E062A31D8C6
S1138EA8DFE802F00E041827302127006269012642
S1138EB806FA01F122EA010161614FF481712AE0A5
S1138EC86269012606FA01F122EA0101616140F2B0
S1138ED8031120E06269012606FA01F122EA010180
S1138EE86161002117E06269012606FA01F1114364
S1138EF80EE06269012606FA01F1114361614FF43B
S1138F08907108E06269012606FA01F122EA01017A
S1138F1861614FF4807145F8201083F3108870BCA8
S1138F2870470FF2240353F820300528B8BF2029CE
S1138F3808DA012088401968002A14BF084321EA86
S1138F48000018607047000000F00F4040F00F4028
S1138F5880F00F40C0F00F4000F10F400090044033
S1138F6800A0044000B0044000C0044000D0044005
S1138F7810B57B4C00206080A06082B07948E06026
S1138F880020206160612070607002F038FD30BB01
S1138F9802F0F3FD012822D100AA07214FF404703E
S1138FA802F0F7FD012809D100986F4908600120F3
S1138FB82070607003F0CEFC02B010BD00AA0C2132
S1138FC84FF4047002F0E5FD012808D100986749C0
S1138FD80860012020700220607004F021FA02B0B9
S1138FE810BD000030B581B05D4C2DED028B2078AA
S1138FF882B001286DD1A08801280DD16088B7EE10
S1139008000A002803BF84ED050A0120608084ED6E
S1139018040A0020A060A0806078012823D1544D60
S11390289FED4D8A05210020FAF72EFD00EE100A67
S1139038B8EEC00A20EE080A85ED030A04210020D0
S1139048FAF722FD00EE100AE0682860B8EEC00ABC
S11390582069686020EE080A606985ED040AA86042
S113906803F02AFC24E0022822D19FED3B8A414DDB
S113907805210020FAF708FD00EE100AB8EEC00A30
S113908820EE080A85ED030A04210020FAF7FCFC07
S113909800EE100AE0682860B8EEC00A206968602B
S11390A820EE080A606985ED040AA86004F06AF9EC
S11390B80020206160613049A068401CA06088429B
S11390C834D3002002B06080A060BDEC028B01B0F4
S11390D830BD02F094FC48BB02F04FFD012825D1B5
S11390E800AA07214FF4047002F053FD01280CD1A3
S11390F800981D49086001202070607003F02AFC64
S113910802B0BDEC028B01B030BD00AA0C214FF4B3
S1139118047002F03EFD012808D100981349086044
S1139128012020700220607004F07AF902B0BDECCE
S1139138028B01B030BD000009484078012808BFFF
S11391480E4802D0022803D10D4890ED020A704758
S11391589FED020A704700000000803700000000FD
S1139168FCFCFF1F0000C84114FBFF1F54F2FF1F43
S1139178DCFAFF1F28F2FF1F81320200F0FAFF1FFA
S11391883CF2FF1FDFF8441100224A708A61026B27
S11391984A6100220A70C26B0A7100220A8290EDA9
S11391A8010AD0ED020ACA8830EE600AB0EEC00A9D
S11391B8F6EE000A20EE200AD0ED0B0A012020EE7C
S11391C8200A60F3010281ED0D0ACA8070473F4905
S11391D8CA690AB1521ECA6100E0000030B581B004
S11391E804462DED028B94ED100A384DDFED360A56
S11391F820EE208AFDF7ECFAB4EE408AF1EE10FA7C
S113920803D5042028700020E87000210020FAF714
S11392185FFB18B1E88840F00100E880287804284A
S11392284CD8DFE800F0034D0E3927000020688190
S1139238A870E8700321FAF7FDFB002840D001204C
S11392483DE06889A0BB606C6881E88840F0010053
S1139258E880A878401CA870C0B2A16C81422FD2C3
S11392680020A87003202870E06C6881BDEC028B94
S113927801B030BDE88840F00100E880216DE8784D
S113928888421DD30020E87003202870E06C6881B0
S1139298BDEC028B01B030BD688948B9E06C6881C7
S11392A8E88840F00100E880BDEC028B01B030BDD5
S11392B8401E6881BDEC028B01B030BD00202870CF
S11392C8BDEC028B01B030BD5077D63D54FBFF1F77
S11392D8DFF818040021C16001708161C161016275
S11392E87047DFF8081400224A60F7EE000A426863
S11392F892ED000A026830EE200AD2ED000A20EE50
S1139308200A81ED040AB7EE000A42680068D2ED2B
S1139318000A30EE600AD0ED000A20EE200A81ED42
S1139328050A704710B54968044600F0D2F8E168A8
S1139338A068FFF701FBE069C06D007858B12069A7
S11393480021416020698160606901606069416051
S11393586069816010BD206890ED000A6068D0EDF6
S1139368000A606960EE800AC0ED000A6068D0ED0A
S1139378010A606960EE800AC0ED010A6068D0EDF8
S1139388020A606920EE800A80ED020A606990EDA5
S1139398000AD0ED010A90ED021A70EE200A70EE70
S11393A8810A9FEDCC1A60EE810A30EE600A80EDE6
S11393B8000A606990ED010A30EE600A80ED010A46
S11393C8606990ED020A30EE600A80ED020A2169B4
S11393D86069BDE81040FFF7AFBA000070B50546F4
S11393E80C46E86890ED010AD0ED020A20EE000A66
S11393F800EEA00AFEF79AFDE869BC4E006D80ED08
S1139408000A2868D6ED010A90ED000A7078401E1B
S1139418707040EE000AC6ED010AC0B258B9502077
S11394289FEDAD0A707020EE800AFEF77FFD86ED91
S1139438020A00207060E869016D406891ED000A35
S1139448D0ED000A206890ED001AB5EE401AF1EE4E
S113945810FA17D096ED041AF4EE410AF1EE10FA58
S113946809DB606890ED011AB4EE401AF1EE10FAC7
S113947844BF0120307096ED050AB4EE600AF1EE9F
S113948810FA04DB0020307096ED030A03E030780C
S113949896ED030A68B9DFED910A30EE200AB5EEBD
S11394A8400AF1EE10FA11D59FED8D0A86ED030AF4
S11394B870BDDFED8C0A30EE200ADFED8B0AB4EEC6
S11394C8600AF1EE10FAA8BFB7EE000A86ED030AA7
S11394D870BD8268D2ED000A92ED011AD2ED021A2B
S11394E8824A91ED020A92ED0C2AB5EE402AF1EE79
S11394F810FA21D5F5EE400AF1EE10FA1CDB536A96
S1139508D1F80CC09C4517D272EE602A82EE222A4A
S113951802EE903AF8EEE22A92ED0F3A002372EE48
S1139528822AD363BDEEC22A12EE103AC3EE222A6F
S11395385B42C2ED062A536292ED0D2AB5EE402A2B
S1139548F1EE10FA21D5B5EE401AF1EE10FA1CDB53
S1139558936AD1F80CC09C4517D272EE412A82EE68
S1139568222A02EE903AF8EEE22A92ED103A00230B
S113957872EE822A1364BDEEC22A12EE103AC3EECA
S1139588222A5B42C2ED072A936292ED0E2AB5EEB7
S1139598402AF1EE10FA20D5F5EE401AF1EE10FA51
S11395A81BDBD36AC968994217D272EE612A82EE2C
S11395B8222A02EE903AF8EEE22A92ED113A0021BC
S11395C872EE822A5164BDEEC22A12EE101AC3EE5C
S11395D8222A4942C2ED082AD162C2ED0C0A82ED60
S11395E80D1AC2ED0E1A516A92ED0F2A491C5162E6
S11395F832EE202A916A82ED0F2A491C92ED102A34
S1139608D2ED060A916232EE012A82ED102AF4EEB6
S1139618400AD16A92ED112A32EE212A491C82EDC0
S1139628112AD162F1EE10FAA8BF82ED060A08DA0F
S1139638B1EE401AB4EE601AF1EE10FAA8BF82ED4A
S1139648061AD2ED070AF4EE400AF1EE10FAA8BFA2
S113965882ED070A08DAB1EE401AB4EE601AF1EEA8
S113966810FAA8BF82ED071AD2ED080AF4EE400AF0
S1139678F1EE10FAA8BF82ED080A08DAB1EE401A32
S1139688B4EE601AF1EE10FAA8BF82ED081A92ED52
S1139698030AB5EE400AF1EE10FA1AD08168D2ED49
S11396A8060A91ED001A00EEC01A81ED001A8168CD
S11396B8D2ED070A91ED011A00EEC01A81ED011AE4
S11396C88068D2ED080A90ED021A00EEC01A80ED07
S11396D8021A7047ABAAAA3ECDCC4C3C6F1203BA0F
S11396E8000000006F12033A0100803F040C0020C0
S11396F870B50546DFF83443002082B00E46A067F3
S1139708E067E0632064A064E064606720616061EE
S1139718A062E062A061E06120626062A060E06033
S1139728C4F8840000A8296AC96B91ED000AFEF701
S113973811FC286900990160286901994160286928
S113974890ED000A84ED1B0A2869D0ED010AC4EDE6
S11397581C0A286A416D806B91ED001A80ED001A8D
S1139768002060EE810A20EE010AC4F88800C4F8DB
S11397788C00C4F89000C4F89800C4F89C00C4EDA8
S1139788150A84ED160AC4ED180A84ED190A30681E
S11397984069C4F894000020C4F8A000286A01684D
S11397A821F0080101600020A06602B070BD30B548
S11397B881B005460C4600F00CF9286A2168406D12
S11397C88969016028462146FFF792FF2168DFF87E
S11397D85C02D1ED0B0AB7EE000A80EE200A80ED98
S11397E82D0A2168496B01602168896B41602168F1
S11397F8C96B016301B030BDF0B581B004460D46B4
S113980800F0E7F8E86A58B1216A096D91ED000A99
S113981805F12C00FEF74EFB206A406D80ED000A2E
S11398282946204600F050F88048696890ED220ADD
S113983891ED051AF0EEC00AB4EE601AF1EE10FAD2
S11398484CBF01230023D0ED040A30EE600AB0EEC9
S1139858C00AD1ED060AB4EE600AF1EE10FA4CBF64
S113986801260026226AD0F8A0101768C7F3C00C96
S1139878BCF1000F12D1334203D07B0758BF491CF7
S113988800D500212B681B6B8B4210D247F00803CC
S11398981360226A136823F0100307E03BB927F02A
S11398A808031360226A136843F010031360C0F8B6
S11398B8A010206AC16D097819B1016821F0080166
S11398C8016001B0F0BD0000006A584B026992EDD6
S11398D8000A0A68D2ED040AF4EE400AF1EE10FA1E
S11398E806DAD0F800C0CCF3800CBCF1000F3DD0F0
S11398F8D0F850C092ED030ADCED000AB4EE600A19
S1139908F1EE10FA55D5806993ED200A92ED021A0A
S1139918D3ED250A40EE010A92ED010A90ED001AF2
S113992820EE410A92ED051AB4EE401AF1EE10FA4F
S11399380CDBF4EE410AF1EE10FA14DAB4EE600A24
S1139948F1EE10FA33DB83ED250A32E0F4EE400A37
S1139958F1EE10FA02DB83ED250A2AE0B4EE601A70
S1139968F1EE10FA23DB83ED251A22E04868D3EDE3
S1139978250A90ED011A70EE810A92ED051AB4EEEB
S1139988601AF1EE10FA41BFF0EE410A92ED0A1A9C
S1139998B4EE401AF1EE10FA09D592ED090AB1EEC7
S11399A8400A83ED260A0868406AC3F89C00C3EDA0
S11399B8250A086893ED250AD0ED050AB4EE600A75
S11399C8F1EE10FA04D50020C3F89800C3F89C00FF
S11399D8704770B5154E04460D4605F1080096ED1E
S11399E82C0AFEF767FA206A406C80ED010A05F13B
S11399F8140096ED2B0AFEF75DFA206A406C80EDA0
S1139A08020A05F1200096ED2B0AFEF753FA206AA4
S1139A18806C80ED000A05F1200096ED2C0AFEF713
S1139A2849FA206AC06C80ED000A70BD4411002018
S1139A380B68DFF8F821DB69D3600B681B6A1361D4
S1139A480023936053600B685B68136300235362BD
S1139A58136B13620023C068806D03600868406854
S1139A68906408684068D06408680068506482F8A4
S1139A7838305387084603F015BD0B686B4A5B6999
S1139A8893620B689B69D362002353630B68DB6999
S1139A98D3600B681B6A13610023936053600B68DF
S1139AA85B68136300235362136B13620023C0685B
S1139AB8806D036008684068906408684068D064F2
S1139AC808680068506482F838305387084603F001
S1139AD8E9BC000000B581B003F0ECFC534880ED0C
S1139AE8100A01B000BD10B50968044600F00AF870
S1139AF84F48018811B1491E018010BDE068806D8E
S1139B08016010BD70B4494A538F5BB1581E508729
S1139B1892F8380001EB0010C169D160006A106145
S1139B2870BC7047C068CB6844692468A34209D3F1
S1139B38C869D060086A1061002010655065908774
S1139B4870BC7047136D546D9C4237D1406891EDD9
S1139B58091A90ED000ADFED340A21EE201A0020DC
S1139B68B5EE401AF1EE10FA23DDB4EE410AF1EE37
S1139B7810FA1ED491ED0D1A21EE201A0120B5EE2B
S1139B88401AF1EE10FA14DDB4EE410AF1EE10FABF
S1139B980FD491ED111A61EE200A0220F5EE400A65
S1139BA8F1EE10FA05DDB4EE600AF1EE10FA58BFD2
S1139BB8032050650020908770BC7047908F401C2C
S1139BC8908701EB041501EB0311AE6AD1ED070A86
S1139BD895ED071AD5ED082A00B201EE900A00EEB9
S1139BE8106AF8EEE11A31EE602AB8EEC00A22EEE5
S1139BF8212A82EE002A72EE200A91ED082A32EE1A
S1139C08C23A63EE211A81EE800A30EE020AB042AB
S1139C1804DB1465F0EE410AB0EE620AC2ED030AF1
S1139C2882ED040A70BC70475077D63DF0120020CC
S1139C3804FEFF1F1C494FF07E520A600268126836
S1139C488A6000224A60426892ED050AB5EE400A2D
S1139C58F1EE10FA02D000680068C86070477047D7
S1139C6830B5054681B0AA690868526980681268E7
S1139C780D4C904204D2284603F088FC84ED010A76
S1139C88A86994ED000A0168DFED060AB4EE600ADB
S1139C98F1EE10FAACBF41F0400121F0400101603F
S1139CA801B030BD0100803F94FDFF1F426A0023CC
S1139CB85360406A8360B5480A6982624A69C2622D
S1139CC8036243628A69C260CA690261836043604D
S1139CD80A68426191ED000AB1EE400A80ED060A75
S1139CE87047426A00235360406A8360A7480A6940
S1139CF882624A69C262036243628A69C260CA694B
S1139D080261836043600A68426191ED000AB1EE22
S1139D18400A80ED060A70479C4902698A624269D2
S1139D28CA628269CA60C0690861704770B588B040
S1139D3804460020009005900D462068934E90ED4F
S1139D48000A6068D0ED000A30EE600A86ED000A69
S1139D583046FEF755FDE069D6ED020A90ED000A9B
S1139D689FED881A20EE010A95ED031A20EE010AE8
S1139D7820EE000A00EEE00AFEF7D8F886ED0C0A99
S1139D88B1EE400A86ED0D0AA06890ED000AE0687D
S1139D98D0ED000A30EE600A86ED070A06F11C00D1
S1139DA8FEF72EFD606990ED010AB5EE400AF1EE6A
S1139DB810FA02BFD0ED020AF5EE400AF1EE10FAED
S1139DC819D08DED010A606990ED010A86ED010A4A
S1139DD886ED020A6069806801990290606990EDD5
S1139DE8020A86ED080A86ED090A206A4160206A9B
S1139DF8029981601FE0706A96ED020A02908DED67
S1139E08010A206A80ED010A206A0299816003A888
S1139E18A16AD5ED020A896891ED000A20EE200AAC
S1139E28FEF798F803AA05A900A8FEF7CCFD069842
S1139E380190079802902269616A00A8FEF7C3FDA1
S1139E4808B070BD00BF00BFF0B4826A4F485469BF
S1139E584B682468A3420DD30A6982624A69C262C4
S1139E688A69C260C96901610021C163016401870B
S1139E78F0BC7047C36B046C9C4228D1126991ED05
S1139E88081A92ED000ADFED400A21EE201A00229A
S1139E98B5EE401AF1EE10FA14DDB4EE410AF1EE13
S1139EA810FA0FD491ED0E1A61EE200A0122F5EE94
S1139EB8400AF1EE10FA05DDB4EE600AF1EE10FA8C
S1139EC858BF0222002102640187F0BC7047028F48
S1139ED8521C04EB4405028701EBC50503EB430759
S1139EE801EBC7016E6AD1ED060A95ED061AD5EDA8
S1139EF8072AD5ED043AD5ED054A12B201EE902AA7
S1139F0800EE106AF8EEE11A31EE602AB8EEC00AE3
S1139F1822EE212A82EE002A72EE200A91ED072A07
S1139F2832EEC23A23EE213A83EE003A33EE022AA5
S1139F3891ED043A33EEC34A24EE214A84EE004AF2
S1139F4834EE033A91ED054A34EEC45A65EE211A0B
S1139F5881EE800A30EE040AB24208DBC463F0EEF4
S1139F68410AB0EE622AB0EE633AB0EE640AC0ED7C
S1139F78030A80ED042A80ED0A3A80ED0B0AF0BC4E
S1139F88704700003ACD133F5077D63D98FAFF1F2B
S1139F98426800235360B6EE000A426893609FED5E
S1139FA8511A026982ED000ADFED4F1A026982ED47
S1139FB8010A006980ED020A9FED4C0A0868D0ED99
S1139FC8000A4B4860EE810A60EE800AC0ED010A7F
S1139FD8096891ED001AC0ED030A21EE211A21EE59
S1139FE8000A80ED020A7047414A002313704FF0BB
S1139FF8000C02F110034B60B6EE000A02F5077379
S113A008CB609FED381A02F506738B60DFED361AC4
S113A0184368C3F804C04368C3F808C0036983ED00
S113A028000A036983ED010A006980ED020A9FEDC5
S113A0382F0A0868D0ED000A60EE810A60EE800AF3
S113A048C2ED010A086890ED001AC2ED030A21EE78
S113A058211A21EE000A82ED020A704730B504463F
S113A06881B02368606893ED000A0D46E168002218
S113A078FEF7C8FCE168206909681D4A0160E168C7
S113A088206949684160E168206989688160A0683D
S113A098216912782AB92A1D01B0BDE83040FEF7BB
S113A0A877BD01B0BDE83040FEF7FEBD40690069E8
S113A0B890ED000A0E48D0ED030AB4EE600AF1EE02
S113A0C810FA03DB8168C16001210170D0ED030A35
S113A0D8F4EE400AF1EE10FA03DB4168C160002196
S113A0E8017070476666863F3333733F5077D63DB9
S113A0F8E40900200022FAF71FBF000010B502206F
S113A108F8F717FC4D4CA52204F10801A01CF8F738
S113A118DFFC002204F10A01201DF8F7E1FD00220A
S113A128A11D2046F8F7D4FCE11D601CBDE81040D1
S113A1380022F8F7CDBC10B50220F8F775FC3F4CA7
S113A14804F10A01201DF8F7D8FD04F10801A01C48
S113A158F8F7CBFCA07851280BD1A52204F108010B
S113A168A01CF8F7B5FC002204F10A01201DF8F739
S113A178B7FDA088421C92B204F10A01201DF8F729
S113A188AFFDA1884FF6FF7081420BD10022192040
S113A198FAF7E6FC04F10A01201DBDE8104000228C
S113A1A8F8F79EBD10BD30B50546244C81B0A11DFD
S113A1B82046F8F79AFC2078042804DA421CD2B224
S113A1C8A11D204624E004F10A01201DF8F795FD9D
S113A1D8E11D601CF8F789FCA088A5F146029042AD
S113A1E8A4BF05F1460181420FDA6078421CD2B25D
S113A1F8E11D601CF8F76CFC607804280ADBA18870
S113A2082A461820FAF7ACFC04E00022E11D601C81
S113A218F8F75EFC04F10801A01CF8F766FCA078C6
S113A228A52808D104F10801A01C01B0BDE83040FC
S113A2385122F8F74DBC01B030BD0000A4FDFF1F4A
S113A24830BF704720BF704740BF7047BFF36F8F60
S113A2587047BFF34F8F7047BFF35F8F704701DFBD
S113A268704780F31488BFF36F8F7047EFF309804A
S113A278704780F309887047EFF30880704780F3CC
S113A2880888704762B6704740BA704700BA70478A
S113A2982DE9FE5F002015D1013813D5023011D302
S113A2A84FF0004000180DD75FF0FF3080F30A012B
S113A2B8EFF30080B0F1384F04D100F007F8BDE89F
S113A2C8FE5F7047BDE8FE5F002070472DE9FE5F22
S113A2D85FF0AA30B0F1AA3F40F005815FF0553035
S113A2E8B0F1553F40F0FF805FEA0E005FF0AA3EF0
S113A2F8BEF1AA3F40F0F7805FF0553EBEF1553FEE
S113A30840F0F1805FEA000E00205FF0AA31B1F15D
S113A318AA3F40F0E8805FF05531B1F1553F40F075
S113A328E28001215FF0AA32B2F1AA3F40F0DB805B
S113A3385FF05532B2F1553F40F0D58002225FF00C
S113A348AA33B3F1AA3F40F0CE805FF05533B3F19E
S113A358553F40F0C88003235FF0AA34B4F1AA3F04
S113A36840F0C1805FF05534B4F1553F40F0BB80F4
S113A37804245FF0AA35B5F1AA3F40F0B4805FF039
S113A3885535B5F1553F40F0AE8005255FF0AA3646
S113A398B6F1AA3F40F0A7805FF05536B6F1553FB5
S113A3A840F0A18006265FF0AA37B7F1AA3F40F033
S113A3B89A805FF05537B7F1553F40F094800727EE
S113A3C85FF0AA38B8F1AA3F40F08D805FF05538A5
S113A3D8B8F1553F40F087805FF008085FF0AA396C
S113A3E8B9F1AA3F40F07F805FF05539B9F1553F84
S113A3F840F079805FF009095FF0AA3ABAF1AA3F00
S113A40871D15FF0553ABAF1553F6CD15FF00A0A41
S113A4185FF0AA3BBBF1AA3F65D15FF0553BBBF1A6
S113A428553F60D15FF00B0B5FF0AA3CBCF1AA3F2B
S113A43859D15FF0553CBCF1553F54D15FF00C0C39
S113A448002850D101294ED1022A4CD1032B4AD1DC
S113A458042C48D1052D46D1062E44D1072F42D1CC
S113A468B8F1080F3FD1B9F1090F3CD1BAF10A0F7D
S113A47839D1BBF10B0F36D1BCF10C0F33D1EFF34B
S113A48809804AF6A821CAF6AA2181F30988EFF3BC
S113A49809828A4227D145F25451C5F2555181F3B4
S113A4A80988EFF309828A421DD180F309885FEA9B
S113A4B80D0C4AF6A82DCAF6AA2D4AF6A821CAF602
S113A4C8AA218D450FD145F2545DC5F2555D45F27B
S113A4D85451C5F255518D4505D15FEA0C0DBDE8BF
S113A4E8FE5F0120704700207047000010B507493F
S113A4F879441831064C7C44163404E00A68081D73
S113A508511888470146A142F8D110BD4C93000068
S113A51884930000F0B50446234D2449244A254B6E
S113A52881B028465FF00B0611F8017B00F8017B27
S113A538761E13F8017B02F8017B11F8017B00F801
S113A548017B13F8017B02F8017B11F8017B00F809
S113A558017B13F8017B02F8017B11F8017B00F8F9
S113A568017B13F8017B02F8017BDDD1062205F19A
S113A5782C01FF2000F072F995F83210814204D0C2
S113A588FF22FF212720FAF7EBFA95F82F00204342
S113A59885F82F00062205F12C01FF2000F05EF952
S113A5A885F8320001B0F0BD00E0FF1F447B0000D5
S113A5B8D41F0020707B0000C046C04603F0D0F8CA
S113A5C803F0DCF82DE9F04F81B072B6DFF894B1EE
S113A5D85846FFF754FE72B6F8F786F9624D0FF243
S113A5E88C171420A870FF260020E87028702E719C
S113A5F868706E7103E000BF57F8040B8047386831
S113A6080028F9D10FF2D01703E000BF57F8040B64
S113A618804738680028F9D1F8F798F90FF20C2721
S113A6280FF2F8180FF284190FF2781A04E072B6D0
S113A6385846FFF724FE62B6E878A978091AC9B221
S113A6481429F4DB1430E870FCF7ABFE544602E03E
S113A65854F8040B804720680028F9D1287859F861
S113A668204002E054F8040B804720680028F9D100
S113A678444602E054F8040B804720680028F9D1C6
S113A6882878052808D257F8204002E054F8040B2B
S113A698804720680028F9D128782A79C143C9B2AB
S113A6A8914202D00020FF2102E0401CC0B2C14305
S113A6B82870297128780528BED3002028702E71A7
S113A6C8F8F77EF9B8E7000030B581B00FF2F0046E
S113A6D803E000BF54F8040B804720680028F9D130
S113A6E8214C0FF2E400617850F8215003E000BFD8
S113A6F855F8040B804728680028F9D10FF2401553
S113A70803E000BF55F8040B804728680028F9D1F6
S113A718607804280AD20FF2341151F8205002E06C
S113A72855F8040B804728680028F9D160786279C5
S113A738C143C9B2914202D00020FF2102E0401C6B
S113A748C0B2C143607061716078042805D30020E9
S113A7586070FF206071F8F777F901B0A078401CA9
S113A768A07030BDC01F0020BAFDFF1FA16C0000FF
S113A77877730000F1B80000EDBA00001D8E0000E8
S113A7889D7B0000614B000005A10000A149000069
S113A798690700002530010011350100D12D0100A1
S113A7A8000000009513000000000000243601009A
S113A7B82C360100343601003C36010044360100D1
S113A7C83B0F00000000000048360100503601002D
S113A7D85836010060360100C1200100450401001B
S113A7E8BDFD0000FDE1000059300100050801002D
S113A7F8E9330100391A01007D370100952601006B
S113A8082D2B0100E120010005180100D1360100BB
S113A81829380100B5380100000000000F34000099
S113A82865E300009D150100000000006836010082
S113A8388836010090360100983601009C360100E4
S113A84857AE0000F933000000000000A8360100EC
S113A858B4360100C0360100CC36010070B40024BF
S113A8681AB312F003050FF2500306D0E4B2665C83
S113A8787040641CC05C6D1EF8D1920815D0E4B217
S113A888655C641CE4B26840655CC05C641CE4B24A
S113A8986840655CC05C641C6840E4B2C05C655C8C
S113A8A86840641CC05C521EE9D170BC70470FF24A
S113A8B808024840805C704700316253C4F5A6978B
S113A8C8B988DBEA7D4C1F2E4372211087B6E5D484
S113A8D8FACB98A93E0F5C6D86B7E4D54273201174
S113A8E83F0E5D6CFBCA99A8C5F4A7960130635264
S113A8F87C4D1E2FB889DAEB3D0C5F6EF9C89BAA14
S113A90884B5E6D7407122137E4F1C2DBA8BD8E943
S113A918C7F6A59403326150BB8AD9E87F4E1D2C33
S113A92802336051C6F7A495F8C99AAB3C0D5E6F23
S113A9384170231285B4E7D67A4B1829BE8FDCED13
S113A948C3F2A1900736655439085B6AFDCC9FAE03
S113A95880B1E2D344752617FCCD9EAF38095A6BF3
S113A9684574271681B0E3D2BF8EDDEC7B4A1928E3
S113A97806376455C2F3A0914776251483B2E1D013
S113A988FECF9CAD3A0B586904356657C0F1A293C3
S113A998BD8CDFEE79481B2AC1F0A39205346756B3
S113A9A878491A2BBC8DDEEF82B3E0D146772415A3
S113A9B83B0A5968FFCE9DAC62B38B0708D0521E80
S113A9C811F8013B00F8013B00F024808B07F6D115
S113A9D8830740F0208000BF103A07D330B4B1E8B1
S113A9E83810103AA0E83810F9D230BC530724BF05
S113A9F8B1E80810A0E8081044BF51F8043B40F837
S113AA08043BD20724BF31F8022B20F8022B44BFA1
S113AA180B7803707047083A07D3B1E80810083A6E
S113AA2840F8043B40F804CBF7D25307E4E70000AE
S113AA382DE9F046054600202E4681B091461C4675
S113AA48032E75DA0FF2106252F82670002F6FD0B9
S113AA588A46BAF1090F6BDA284600F06CF85DB93A
S113AA68DFF8A805016841F4806101604FF4407182
S113AA78DFF89C0541600160012E0DD1DFF88C05DB
S113AA88016841F4006101604FF44071DFF880050A
S113AA98C0F8D01FC0F8CC1F0020F870012CB8787B
S113AAA800F0600008BF40F0120003D0022C08BF79
S113AAB840F01300B8700020B871B9F1010F38786C
S113AAC800F0DF0008BF40F020003870FCF77DFC80
S113AAD80FF25051006851F82A100901B0FBF1F047
S113AAE8397880B201F0E00141EA102139707870B8
S113AAF84DB9012203211F20FCF78DF901220321FE
S113AB082020FCF788F9012E09D1012203212120F4
S113AB18FCF781F9012203212220FCF77CF9F8785B
S113AB2840F0AC00F870B87940F00F00B87101201B
S113AB3801B0BDE8F086EFF3108172B648B9DFF8CA
S113AB48D42400231371137053709370D370A2F834
S113AB585030012809D10020DFF8B8245072507110
S113AB689071D0711072A2F8980081F31088704720
S113AB78EFF3108172B620B9DFF89824002313701C
S113AB885370012804D10020DFF888245071907193
S113AB9881F3108870470000F0B4DFF87834002897
S113ABA83ED11D78002A3AD012F003060BD0EC18D7
S113ABB811F8017B84F838706D1CEDB2162DA8BF0E
S113ABC80025761EF3D1940829D0EF1811F8016BEB
S113ABD887F838606D1CEDB2162DA8BF0025EF1854
S113ABE811F8016B87F838606D1CEDB2162DA8BFFB
S113ABF80025EF1811F8016B87F838606D1CEDB269
S113AC08162DA8BF0025EF1811F8016B87F83860D6
S113AC186D1CEDB2162DA8BF0025641ED5D11D707C
S113AC2801283ED15D79002A3AD012F003000BD0F6
S113AC38EE1811F8014B86F880406D1CEDB2162D04
S113AC48A8BF0025401EF3D1900829D011F8012B84
S113AC58EC1884F880206A1CD2B2162AA8BF0022F5
S113AC68D51811F8014B85F88040521CD2B2162A27
S113AC78A8BF0022D51811F8014B85F88040521C52
S113AC88D2B2162AA8BF002211F8014BD51885F8AC
S113AC988040551CEDB2162DA8BF0025401ED5D105
S113ACA85D71F0BC0120704702B400A980B9DFF8D7
S113ACB8642313789DF8001003EB020C5B1C8CF8DA
S113ACC83810DBB20DF10101162BA8BF0023137055
S113ACD801280CD1DFF83C2350790978831883F8CC
S113ACE88010431CDBB2162BA8BF0023537101202C
S113ACF801B0704781B000218DF8001000A9DFF879
S113AD081423A8B9D37892F802C063450FD002EB94
S113AD1843015B1C8989A2F850104FEA511CDBB22D
S113AD288DF800C00DF10101162BA8BF0023D370C4
S113AD38137A012813D1D079834210D002EB43004F
S113AD485B1CB0F854C04FEA5C1C81F800C0DBB24D
S113AD58B0F85400A2F89800162BA8BF00239DF859
S113AD680000137201B0704710B40022002831D1DA
S113AD7805292FD8DFE801F0030A0D131D27A54B79
S113AD88B3F85030C3F30013002B21E0A14A127921
S113AD9820E0A04B5C781B789C421BD119E09D4BAA
S113ADA85A781B78D41A9342B4BF621E04F1150270
S113ADB810E0984B9A78DB789A42BABFC3F116032D
S113ADC8D218D21A06E0934B93F850300F2423423A
S113ADD800D00122012837D1052935D8DFE801F050
S113ADE8030A0F15212D8B48B0F89800C0F3001002
S113ADF8002827E08748427A10BCD0B27047854BB8
S113AE089879597988421FD11DE0824B9A795879EB
S113AE18111A9042B4BF4A1E01F1150210BCD0B2F7
S113AE2870477C4BDA79187A8242BABFC0F11600AF
S113AE381218121A10BCD0B27047764890F89800CD
S113AE480F21084200D0012210BCD0B270477148CB
S113AE580178427891420ED06F490A78120702D5D8
S113AE680A78120607D40A7842F088020A70CA7867
S113AE7842F00F02CA704179807981420ED0674846
S113AE880178090702D50178090607D4017841F049
S113AE9888010170C17841F00F01C170704730B466
S113AEA85D4885B041788DF808102F239DF8082057
S113AEB858491A4228D002798DF800209DF80820B4
S113AEC8920621D58A7801EB420300249C819DF8DF
S113AED808409C819DF800409D8964F34C159D8130
S113AEE89C894578AD0705D5C4F3471515B944F0D1
S113AEF8100402E04FF6EF752C40521CD2B29C812C
S113AF08162AA8BF00228A7002784B78120617D531
S113AF189DF80820120613D50A789A4207D10278B8
S113AF2802F07F0202704B7005B030BC70475A18AB
S113AF385B1C92F838200271DBB2162BA8BF0023E1
S113AF484B7005B030BC704730B4344885B0417894
S113AF588DF808102F239DF808202E491A422ED068
S113AF6802798DF800209DF80820920627D5CA7921
S113AF7801EB42030024A3F854409DF80840A3F8C9
S113AF8854409DF80040B3F8545064F34C15A3F8AA
S113AF985450B3F854404578AD0705D5C4F3471564
S113AFA815B944F0100402E04FF6EF752C40521C1A
S113AFB8D2B2A3F85440162AA8BF0022CA71027854
S113AFC88B79120617D59DF80820120613D54A79ED
S113AFD89A4207D1027802F07F0202708B7105B0A1
S113AFE830BC70475A185B1C92F880200271DBB29F
S113AFF8162BA8BF00238B7105B030BC70470848D6
S113B008017801F053010170704700003480044056
S113B01840A00440FC11002003A0064003B00640F1
S113B02803C00640B004000060090000C01200001C
S113B03880250000004B00000096000000E100009D
S113B04800C2010000840300802500008025000060
S113B0582C0100005802000000A0064000B0064081
S113B068000000000818704700B581B002F094FB96
S113B07800F036F900F0EBFB00B1012001B000BD8F
S113B08830B5044681B0207804281AD0052838D071
S113B098062844D00A2818D00B282AD0232850D0B0
S113B0A8242852D0252854D0C02846D0C12818D0E6
S113B0B8C2281AD0C32810D0C5280AD0C9281CD041
S113B0C84BE0204600F086F84BE0204602F065FB92
S113B0D847E0204602F098FB43E0204600F0DEF902
S113B0E83FE0204600F099F93BE0204600F0BAF929
S113B0F837E0204600F0FEF833E0204600F0DEF9A1
S113B1082FE0A11C00A811F8015B02F02FFC0146F6
S113B11800982A4602F0DAFB204600211FE0A11C11
S113B12800A811F8015B02F021FC014600982A46A8
S113B13802F0ECFB2046002111E0204600F01EF846
S113B1480FE0204600F069F80BE0204600F08EF886
S113B15807E0204600F0A7F803E02046812100F824
S113B168011BA04207D0011BC9B2204600F0C8FA4F
S113B178012001B030BD002001B030BD10B5044637
S113B18882B0002004F8010B032004F8010B00200E
S113B19804F8010B012004F8010B022004F8010B48
S113B1A8002004F8010B3A2004F8010B00F083F99D
S113B1B8ADF80000022200A9204602F067FB7D21B9
S113B1C800F8011B802100F8011B1921FFF74AFF31
S113B1D802B010BD10B582B004460221FFF742FF49
S113B1E810F8011B8DF80010014601A802F0BEFBFF
S113B1F89DF800003B2805DB842004F8010B02B00D
S113B208204610BD002004F8010B9DF80020019988
S113B218204602F03BFB02B010BDF0B581B00446F5
S113B2280121FFF71FFF054615F8016B3B2E05DBCF
S113B238842004F8010B01B02046F0BD002004F876
S113B248010BB60807460ED0294600A802F08EFB6B
S113B258054600990222204602F018FB7F1CFFB223
S113B2680446B742F0D3204601B0F0BD70B582B0B1
S113B278044600250121FFF7F5FE10F8016B66B1BD
S113B288014600A802F072FB01460098022202F06F
S113B2981DFBAD1DE9B2B142F2D3002004F8010B45
S113B2A802B0204670BD70B582B004460025012165
S113B2B8FFF7D8FE10F8016B66B1014600A802F04A
S113B2C855FB01460098012202F000FB6D1DE9B20E
S113B2D8B142F2D3002004F8010B02B0204670BD3D
S113B2E8DFF8A403002180F8381000F15401C16488
S113B2F8704700002DE9F0478246DFF88C430020B0
S113B30884F838000AF1020104F15400E0640222CE
S113B31811F8010B2070201D02F0D8FA0146022210
S113B328A01D02F0D3FA0146022204F1080002F03B
S113B338CDFA014604F1440002F018FB10F8011B91
S113B348A170042210F8011BE170014604F14800C1
S113B35802F0BCFA10F8011B6170002957D00929C2
S113B36855DA0026002704F1300804F1100911E029
S113B37810F8015BAE19014608F8015BF6B24846BD
S113B38802F0F4FA002D42D0092D40D27F1CFFB2FE
S113B39809F1040961788F42EADB002020652078EE
S113B3A810B3E078810748BF0FF2D9101BD4A178F5
S113B3B8012904D0022909D004290ED027E0002845
S113B3C80CBF0FF259100FF23D100CE000280CBF0F
S113B3D80FF275100FF2591005E0002814BF0FF290
S113B3E87D100FF28D102065A088704380B2B0F5EF
S113B3F8006F0CDCE16C40182064A06B40F0010085
S113B408A06300200AF8010B5046BDE8F0878620A7
S113B4180AF8010B5046BDE8F0879B498A6BD207AE
S113B4281CD58A6BC2F34002C2B9CA6CCA63002233
S113B438CA814A818A6B22F004028A638A6B22F0E9
S113B44810028A638A6B42F008028A638A6B42F0AC
S113B45802028A63002100F8011B7047882100F862
S113B468011B704788498A6BD20758BF882112D5B7
S113B4788A6BC2F340021AB9022100F8011B704713
S113B4888A6BC2F380022AB98A6B42F004028A6387
S113B498CA888A81002100F8011B70477A498A6B9F
S113B4A8C2F3400202B90222896BC90758BF882235
S113B4B800F8012B70474FF40060704710B5724CC8
S113B4C882B0A16BC90758BF882104D5A16BC1F309
S113B4D8400121B1872100F8011B02B010BD00F81A
S113B4E8011B0090E16C009802F056FA00900222C9
S113B4F80098E189ADF8041001A902F0C7F902B077
S113B50810BD00006048416C90F9480091F90010A2
S113B518814201DA00207047012070475A48416C83
S113B52890F84820097891428041C043C00F704781
S113B5385548416CB0F94800B1F90010814201DA6C
S113B54800207047012070474F48416CB0F84820EC
S113B558098891428041C043C00F70474A48416CF2
S113B568806C0968814201DA002070470120704725
S113B5784548416C806C096881428041C043C00FD2
S113B588704700004048416CD0ED120A91ED000A62
S113B598B4EE600AF1EE10FA01D5002070470120DC
S113B5A870473948806BC0F34000002818BF00F08A
S113B5B801B870472DE9F041334C608918B1401E39
S113B5C86081BDE8F08100272089608104F130059D
S113B5D8607804F1100680B115F8018B56F8041B45
S113B5E8E06B424602F032F9E06B50FA88F0E0630F
S113B5F87F1C6078FFB28742EEDBE089216C401C37
S113B608E081E06B884207D3E06CE063A06B20F034
S113B6180800A0630020E081A06BC0F3C00080BBD9
S113B628A06BC0F3800058B9206D010008D0804792
S113B6382178022910D188B1A06B40F01000A063D2
S113B648A06BC0F38000E0B1A089C0B9A06B20F062
S113B6580200A063BDE8F0810028EDD0A06BC0F320
S113B66800100028ECD0A06BC0F380000028E7D1BC
S113B678A06B40F00400A063E088A081E0E7401ECE
S113B688A081BDE8F08100003CE0FF1F10B5784CB4
S113B698606CC00725D503210120FFF765FB68B35B
S113B6A82078A0B1A26C11782B2907D1636C83F0A0
S113B6B804036364636CC3F380031BB9401E2070E6
S113B6C8501CA0640120BDE81040FFF7EDBA60707B
S113B6D8606C400840006064606C20F002006064A4
S113B6E810BD04210120FFF73FFB040006D0012010
S113B6F8FFF700FB00F049F8641EF8D110BD000004
S113B708F0B55B4A81B00023906401B311F00305DE
S113B71800F0078010F8016B53FA86F3DBB26D1E54
S113B728F8D18C0800F0138010F8015B10F8016B55
S113B73810F8017B10F801CB53FA85F353FA86F31A
S113B74853FA87F353FA8CF3DBB2641EECD1DB4370
S113B7585B1C0370481C10700321506C40F00100FE
S113B7685064506C20F002005064506C20F00400C7
S113B77850640120FFF7F8FA8DF8000001B0BDE825
S113B788F0402B210120FFF78FBA10B5384A2B2837
S113B79808D1516C81F008015164516CC1F3C001A6
S113B7A8002952D1516CC1F3C001D9B1511D107196
S113B7B8D16490700021536C43F010035364C34365
S113B7C813F0C00307D1516C21F010015164C00873
S113B7D800F00600411C5170506C20F008005064C1
S113B7E8002010BD516CC1F3001129B1811C5170A6
S113B7F8516C21F010015164517831B3491E93788A
S113B808D46C5170C3189370C9B289B90CB9832028
S113B81802E0DBB23BB1822010710121101DFFF759
S113B8286FFF012010BD101DFFF72AFC012010BD79
S113B8385CB102F13E018C4205D2611CD16401F86D
S113B848010D002010BD0020D064002010BD084860
S113B858002180F8441001704170416C4908490086
S113B8684164416C21F002014164012070470000E9
S113B87848FAFF1F0AE7000010EE101A10EE902A8B
S113B888B0EEC00AC80F49005200F0EEE00A28BF23
S113B8980C3011F1807F38BF12F1807F0CD28A42BC
S113B8A838BF80F00400124214D034BF80EE800AFE
S113B8B880EE200A02F084B811F1807F08BF80F07E
S113B8C8040098BF12F1807F08D88A4214BF00226E
S113B8D84FF07E5200EE102A02F072B86FF0004169
S113B8E800EE101A7047000010B57A4C0020E07082
S113B8F8A07804280BDA2179C043C0B2814206D16A
S113B908FBF78AFD00281CBF2078002808D10020F6
S113B918A070FF20207100206071012020706070E9
S113B9284FF6FF70E08010BD6A498A78824207D0DA
S113B938C24388700A7102281CBF0120FBF75DBD51
S113B9487047644A9378834208D0C3439070137154
S113B9585171022803D00120FBF74FBD5171704784
S113B9685C48807870475B490FF270100978085C6E
S113B978704710B5574CA07818B1401E022824D936
S113B98827E060702078401E01281BD9C01E0128BA
S113B99824D8E08802F01AF9012811D02078001F71
S113B9A801280DD8E08802F0D2F802202070002087
S113B9B860700520607102F08BF90120607010BD81
S113B9C8607858B9BDE810402AE001202070607002
S113B9D810BD0020BDE81040FBF70FBD10BD3D4869
S113B9E88178002901BF0FF2F4010278515C04291F
S113B9F804D1C08847F2305102F0C0B870473548C6
S113BA088078012818BF022801D10120704700203E
S113BA1870473049C87070472F4908707047000054
S113BA2810B52C4C6079042837D8DFE800F033339C
S113BA38030C20002078401E01282ED803202070F3
S113BA480120607010BD2078022826D1002002F061
S113BA584DF84FF6FF71E08088421ED041F28831DC
S113BA6802F08CF8042020700120607010BD20784A
S113BA78042812D10520207047F23051002060704C
S113BA88E08802F07BF8607808B902F021F9012017
S113BA98607010BDBDE8104000E010BD10B50D4C3D
S113BAA82078401E042814D8DFE800F0030B13069E
S113BAB80600607968B902E0E08802F048F80220DC
S113BAC82070002060700520607102F001F90120E7
S113BAD8607010BDC8FDFF1F07FEFF1F01010102B2
S113BAE8030400002DE9F047DFF8B842DFF8B80294
S113BAF8002225460A2607194FF6FF786878FF289A
S113BB0829D015F8020BC00724D50020002D1EBF2C
S113BB1869880029414511D005EB41018946B94599
S113BB280CD259B1A5F1020A4046CA4580F00680F4
S113BB381AF8011BF9F750F8CA45F9D3698835F89A
S113BB481110814206D12888012205EB4005761E92
S113BB5801D0D3E70022DFF8545205F10801284642
S113BB68F6F7B6FF002205F10901681CF6F7B0FFE5
S113BB78A5F802806C60BDE8F08710B58B4C04F121
S113BB8808012046F6F7B1FF08B9207810BD002057
S113BB9810BD70B504460D461646200A00F04EF84E
S113BBA8214600F07DF830B13246294600F090F87D
S113BBB808B9012070BD002070BD00B581B000F047
S113BBC83DF800281FBF418800294FF6FF729142B3
S113BBD80AD000EB41007349734A5118884203D2D2
S113BBE810B1008801B000BD002001B000BD6D484F
S113BBF870476D48704700B581B000F01FF800B178
S113BC08801E01B000BD10B50C4600F017F800B155
S113BC18801E28B16349644A20185118884200D309
S113BC28002010BD10B5002400F008F810B10088F9
S113BC384000841CA0B210BD00000000F0B504460A
S113BC485A4E81B0002506F108013046F6F74DFF3B
S113BC58002804BF307801281BD1524A5378951C18
S113BC6804F00F0000210A2203F00F07A3420BD0AF
S113BC78002908BF87420FD129462B8805EB4305C5
S113BC886B78AD1C521EEFD11DB9002C14BF012CCA
S113BC980D46284601B0F0BDFF2BEED10025F4E790
S113BCA800224FF6FF73994218BF00280DD0C9B27D
S113BCB830F8111000291CBF994200EB41023948A1
S113BCC839490818824228BF0022104670470000EC
S113BCD82DE9F04306468846344F81B01446822540
S113BCE807F108013846F6F700FF002804BF387842
S113BCF8012852D1317800254046C90914D036F8B4
S113BD08021F491E884230DA06EB400136F810203B
S113BD184988891A4900A18089B236F8100006EBCF
S113BD2840002060002936E0337800225F004FF09D
S113BD38010C00F1010E022FC0F210801CF80690CD
S113BD48C84528BF01F58071CE45A8BF02F58072A9
S113BD580CF1010C5FFA8CFCBC45EFDB06EB4303EA
S113BD681E787600761EB04204DB8225284601B090
S113BD78BDE8F083C618767852FA86F2C65C921B40
S113BD88521A5200A28092B2C05C10FA81F003EBFE
S113BD9840002060002A08BF0225284601B0BDE8FB
S113BDA8F083000000E8010000180000B0FDFF1F48
S113BDB882B09FED241A8DED010ABBEEE40A0198C6
S113BDC84002400A40F07C50009030EE010A9DED9C
S113BDD8001ADFED1D1A01EE610ADFED1C1A31EEBF
S113BDE8211ADFED1B1A81EE811A30EE410A20EE8A
S113BDF8800A8DED000AFDEEC00A0098C00FF8EE27
S113BE08E00A01EE100A70EE600AB8EEC11A70EE8C
S113BE18810A9FED101A30EE010A9FED0F1A31EED8
S113BE28601ADFED0E1A81EE811A30EE010A9FEDD9
S113BE380C1A00EEC10ABFEEE40A8DED000A02B046
S113BE48704700006E73F8C275BFBF3FF944B43E33
S113BE58A3E9DC3F558CF242F8F59A40FED2DD4165
S113BE688DBCBE3F38B50C462DED068B94ED310ADA
S113BE78B5EE400A1546F1EE10FAB8BFB1EE400A25
S113BE8884ED200A94ED000AD4ED060A94ED451ACF
S113BE9870EEC00A20EE818AD4ED040A94ED3B1AB0
S113BEA830EEC00AD4ED470A20EE200A70EE080AE4
S113BEB8C0EE810AC5ED000AD4ED200A94ED631A98
S113BEC8D4ED621A40EE811A94ED611A01EEA01ABB
S113BED884ED111AD4ED5D1A94ED5C2A00EEA12AC2
S113BEE8D4ED5B1A42EE201AC4ED101A9FEDF43A11
S113BEF8D4ED3A2A94ED022A62EE832A22EE811ABC
S113BF08D4ED032A72EEC22A21EE221A84ED121A03
S113BF18D4ED052A94ED043A94ED4A4A73EE623A54
S113BF2863EE843A94ED364A24EE214A72EE622A8C
S113BF38F0EE631A44EE221AC4ED221AD4ED602AF4
S113BF4894ED5F4A00EEA24AD4ED5E2A44EE202A1C
S113BF58C4ED0F2A73EE420A94ED462A60EE820A73
S113BF6833EEA02A32EE011A31EE611AD4ED3E1AEC
S113BF7881EE211A85ED021A94ED041AD4ED031A00
S113BF8894ED0F2A71EEC11A61EE821A94ED392AE2
S113BF9861EE821A71EEE31A31EEC00A30EE600ADD
S113BFA884ED130AF6EE001AD4ED338A78EE810A8A
S113BFB89FEDCC0A00EEA10A84ED1B0A9FEDCA9AF4
S113BFC830EE090AF7EE000A80EE800A78EEC10A1C
S113BFD830EE89AADFEDC59AF0EECA0A84ED180A94
S113BFE870EEA90AC4ED1C0A20EE200AD4ED500A0A
S113BFF820EE200A84ED1A0ADFEDBD0AFFF7D8FE09
S113C008DFEDBC0A20EE200A84ED190AF1EE4A0A93
S113C018C4ED140ADFEDB81A94ED191A9FEDB70AA6
S113C02801EE210A20EE000AD4ED591A94ED381ACB
S113C03820EE210A20EE010A84ED1D0A60EE201A82
S113C048C4ED151AC4ED160A94ED200A94ED682A75
S113C058D4ED672A40EE022A22EE802A22EE012A33
S113C06884ED1E2A62EE200AC4ED170A71EEA00AB6
S113C078D4ED551AD4ED042A9FEDA13A61EE831A42
S113C08838EE892A62EEA22A21EE811A22EE022AC9
S113C09862EEA21A42EE421A41EE210AC4ED1F0AC8
S113C0A894ED031AD4ED061A31EE812AF7EE002A2C
S113C0B882EE822AF0EE002A71EEC18A22EE222A4A
S113C0C838EEA91A84ED082AB0EEC11A84ED0B1AC9
S113C0D894ED661AD4ED651A40EE011A94ED641ACB
S113C0E801EE801A84ED0D1A94ED130A30EE600AFD
S113C0F8D4ED3F0A80EE200A85ED040A94ED510A36
S113C108D4ED080A20EE200AD4ED0B0A20EE200A0A
S113C11884ED0A0ADFEDE10AFFF74AFEDFEDE00AE3
S113C1289FEDE01A00EE201A84ED091A94ED090A2D
S113C138D4ED5A0A20EE000A20EE200A84ED0C0AF7
S113C14820EE001AD4ED0D0A60EEA00A20EEA00A33
S113C15801EE010A84ED070AF5EE000AFFF728FE4E
S113C168D4ED370A60EE800AC4ED0E0A94ED011A84
S113C178D4ED061A94ED492A31EEC10A20EE020ADA
S113C18808EEA08A78EE000AF1EE600AC4ED230AEC
S113C198F0EE082AD4ED300A94ED522A94ED533A7D
S113C1A860EEA00A60EE820A71EEC31A94ED542A76
S113C1B8B7EE003A60EEA22A01EE823A62EE831AE2
S113C1C8DFEDB92A60EEA20A40EEC21AC4ED241AC1
S113C1D8D4ED050AD4ED3D1A70EEC10A94ED481A5F
S113C1E860EE810A30EE201A81EE211A85ED011ADB
S113C1F894ED231AD4ED241A31EE211AD4ED411A00
S113C20881EE211A85ED061A94ED201AD4ED4F1A01
S113C21894ED4E2A01EE212AD4ED4D1A42EE011A6C
S113C22894ED4C2A01EE812A22EE011A84ED211A9A
S113C238D4ED462A94ED023A94ED4A2AD4ED053A0F
S113C24894ED471AD4ED451A22EE833A02EE233AC6
S113C258D4ED063A01EEE33A71EE211AD4ED003A30
S113C26801EEA33A31EE221A31EE021AD4ED041A81
S113C27801EE613A94ED121AD4ED131A33EE411A11
S113C28831EE611AD4ED231A31EE611A31EE400A07
S113C29894ED3C1A80EE010A85ED030A94ED210A17
S113C2A894ED221A30EE010A30EE600AD4ED400A09
S113C2B880EE200A85ED050ABDEC068B31BD000031
S113C2C8BD3786359FEDB70AD0ED2E0A70EE800A89
S113C2D8C2ED000AD0ED2F0A30EE800A82ED010A81
S113C2E870470000339308C3339388430AD7233C29
S113C2F8ABAA2A3EDD24C63E2F4A543F9A99193FD9
S113C308588A7333012808D1B7EE000AD1ED340AEC
S113C31830EE600A81ED340ABEE0022808D1B7EE97
S113C328000AD1ED350A30EE600A81ED350AB3E032
S113C3380328FCD191ED4B0AD1ED2D0AF4EE400A05
S113C3489FED991AF1EE10FA4CBF30EE810A30EEE7
S113C358010A91ED352AF7EE002AB4EE622A02F1B9
S113C368CC00DFED921AF1EE10FA45D190ED022AD5
S113C378B4EE622AF1EE10FA3ED00020C1F8C800EB
S113C38870EE211AC1ED331A70EE811AC1ED061A46
S113C398D1ED441A70EEE11A71EE811AB4EE610A15
S113C3A8F1EE10FA58BFF0EE401AC1ED051AC1EDCE
S113C3B8011AC1ED001AD1ED421A70EEE11A71EEBC
S113C3C8811AB4EE610AF1EE10FA58BFF0EE401A81
S113C3D8C1ED021AC1ED031AD1ED431A70EEE10A58
S113C3E870EE810AB4EE600AF1EE10FA54BF81EDE2
S113C3F8040AC1ED040A4FE091ED340AB7EE002AAD
S113C408B4EE420AF1EE10FA46D190ED010AB4EE08
S113C418420AF1EE10FA3FD091ED060A30EE600AB6
S113C42830EE210A81ED320A70EE810AC1ED060A66
S113C438D1ED580A91ED051A60EE200A31EE601A22
S113C44881ED051A91ED011A31EE601A81ED011A98
S113C45891ED001A71EE600AC1ED000AD1ED560A99
S113C46891ED021A60EE200A31EE601A81ED021A8B
S113C47891ED031A71EE600AC1ED030AD1ED570A72
S113C48891ED041A00EE601A81ED041AD2ED330A14
S113C49830EEC00A81ED330A0020704768B32A3EA3
S113C4A823EDA53E3333533FCDDC4C442DE9F04115
S113C4B803460E4603F1040808F5E07101F1D804B7
S113C4C806F1100707F110052246404693ED000ACD
S113C4D8FFF7F8FE002005F1080102229FEDAB0AE0
S113C4E8DFEDAB0A9FEDAB1ADFEDAB1A94ED002A32
S113C4F8B4EE612AF1EE10FA16DB3368A3B901230E
S113C50833600B68012B0DDB08EB83031B1FF7EE6D
S113C518002A93ED002AB4EE622AF1EE10FA08BF5D
S113C52801230BD001200AE0B4EE412AF1EE10FAFF
S113C53805D53368012B02D1002333603B6094EDA9
S113C548002AB4EE602AF1EE10FA05DB73681BB911
S113C558012373607B601CE0B4EE402AF1EE10FA0C
S113C56817D57368012B14D1002373602B6863B942
S113C5780B68012B0CDB08EB83031B1F93ED002ACC
S113C588B5EE402AF1EE10FA02D100237B6000E0F8
S113C5980120083708362D1D091D241D521EA5D15A
S113C5A8BDE8F081CDCCCCBD33938843339388C3A5
S113C5B82DE9F54F81B000F104092DED028B82B00D
S113C5C890ED008A09F5D2700190884600F11C0AA2
S113C5D808F1100000900020009A58F8201042F842
S113C5E82010401C0428F7DB00F060F8069828B9EE
S113C5F805984146FFF75AFF002851D000270DE05F
S113C608019A4946B0EE480A3620FFF72BFC00F0A1
S113C6184DF805984146FFF749FF7F1C069808B175
S113C628012F23DB00240098009951F8341000EB03
S113C638C40558F8340008EBC40604F1010B884219
S113C64802BF7068696888420DD052464946B0EE08
S113C658480A5846FFF756FE009958F8340041F83E
S113C6683400706868605C46022CDCDB524649463C
S113C678B0EE480A0320FFF745FE002009EB8001CD
S113C68891ED000A0AEB8001D1ED000AB4EE600ACC
S113C698F1EE10FA02D1401C3628EFDB3628AFD170
S113C6A802B00020BDEC028BBDE8FE8F002059F8D3
S113C6B820104AF82010401C3628F8DB7047000088
S113C6C8F8B5AE4C0020A06304F1F006AC48B061A4
S113C6D804F538750020286204F535773520A862FA
S113C6E83A460020686204F13C013620E8629FED76
S113C6F89F0A04F13C00FFF7E5FD0020C4F8E002BE
S113C7086860A860E8609F480168C4F8F010416850
S113C71871608168B160C168F160016931610021AB
S113C72854F8213004EB8102491CD3630729F7DB51
S113C7380021826B52F8212004EB8103491CC3F8C1
S113C74814213329F5DB0020C4F8E00100F092F845
S113C7580A2000904FF0FF33012200F01FF8002652
S113C7683A4604F13C0104F13C0094ED0E0AFFF74B
S113C778A9FD00F0E9F800F011F804EB8600C06B9D
S113C78844F82600761C072EF7DBF1BDBD3786B5C5
S113C798BC3786B5BD378635BE378635294604F19C
S113C7A8380005E730B57748744C90ED0D0AD4EDA0
S113C7B80E0A70EEC00AF0EEE00A9FED6D1A002131
S113C7C8F4EE410A85B0F1EE10FAA8BF012184ED18
S113C7D80E0A002254F8223000EE103A04EB8203C9
S113C7E8D3ED0F0AF4EE400AF1EE10FA1CBF012152
S113C7F883ED0F0A521C072AECDB00AA031D5360C1
S113C808009000F10803936000F10C03D36000F179
S113C81810031361002352F8235095ED000A04EB2A
S113C8288305D5ED3C0AF4EE400AF1EE10FA1CBF7C
S113C838012185ED3C0A5B1C052BECDB0022836B94
S113C84853F8223000EE103A04EB8203D3ED450A84
S113C858F4EE400AF1EE10FA1CBF012183ED450AFB
S113C868521C332AEBDB09B100F004F804F1380058
S113C87805B030BD04F5F07204F13C0194ED0E0AE4
S113C8883620FFF7EFBA00009FED3A0AD0ED000A10
S113C89870EE800AC0ED000A012100EB8102D2ED9E
S113C8A8690A92ED001A00EE801A491C82ED001AFA
S113C8B80829F2DB7047000070B5304CD4F8100337
S113C8C882B020B9FFF7FCFE0120C4F81003002051
S113C8D8FFF768FF054600F037F804F53871284675
S113C8E8FFF766FE002005EB8001496844F8201034
S113C8F8401C0728F7DB234E95ED070ADFED1E0AD7
S113C90830EE200A86ED070A0120FFF74BFF0546A3
S113C918FFF7BAFF05F5D472291D95ED000A3620F4
S113C928FFF7A0FA002005EB8001496844F82010BD
S113C938401C0728F7DB96ED0D0ADFED0E0A30EEF2
S113C948200A86ED0D0A73BD0A2000904FF0FF33CC
S113C9580022704709480C4A0021C0F8101340F817
S113C9682120491C0729FADB704700000000000059
S113C97896BFD632CDCCCC3C339388C370F2FF1F1C
S113C9880000C841DCFAFF1F3313954338B50C4641
S113C9982DED0A8B94ED278AD4ED00AADFEDC69A13
S113C9A83AEEC80A30EE299A84ED0F9A94ED25AA36
S113C9B894ED530AD4ED520A4AEE000A94ED510A52
S113C9C800EE8A0A20EE0A0AB0EEC00A84ED110AC3
S113C9D81546D4ED3C0A94ED2F2A20EEA01AD4ED86
S113C9E8420A00F0F1F9DFEDB58AD4ED2A0A21EE06
S113C9F8011A60EEA80A21EE001A20EE82BA21EE8E
S113CA08000AF5EE000A01EEA10A01F0FEFA2BEE87
S113CA18000A84ED100A20EE490A84ED120AB0EEE9
S113CA28009AD4ED020A70EEC80A70EEA90AC4EDA1
S113CA38090AD4ED500A94ED4F1A0AEE201AD4EDDF
S113CA484E0A41EE0A0A60EE8A0AF0EEE00AC4EDE4
S113CA580B0AD4ED2E0AD4ED041A94ED052A20EE1F
S113CA68891A71EE821A01EE210AB1EE001A60EEFB
S113CA78810A00EEEA0AD4ED450A94ED371A60EE0D
S113CA88810A80EE200A85ED000A94ED010AD4EDAE
S113CA98030A94ED4D1A70EEC00A60EE81AAD4ED33
S113CAA8020A30EEC00AD4ED490A20EE20CAB7EED5
S113CAB8000AD4ED460A80EE20BAD4ED390AC0EE55
S113CAC820BA3AEE8C0ADFEDCF0A20EE200A20EED7
S113CAD82B0A20EE0B0A85ED010AD4ED410A94EDE8
S113CAE83B0A20EEA01A20EE000AD4ED0B0A00F04F
S113CAF86BF9D4ED2D0A20EE210A60EEA8CA00F0E5
S113CB0868F92CEE800A84ED0A0A94ED090AD4ED3A
S113CB180A0A00EE20CAF1EE4C0AC4ED0C0A94EDA0
S113CB284C0A94ED4B1A0AEE001A94ED4A0A01EEE7
S113CB380A0A20EE0A0AB0EEC00A84ED080A9FED3C
S113CB48B20A60EE800A60EEAB0A60EE8B0AC5EDAD
S113CB58020A9FEDAECA94ED2C2AD4ED2F1AD4ED17
S113CB68040A94ED031A94ED403A62EE282A62EE20
S113CB78A12A62EE832A94ED083A62EE832A31EE02
S113CB88603A62EE832A22EE0C2A20EEA03A62EE84
S113CB98211A21EE011A23EE032A01EE412A21EE7D
S113CBA8821A7AEEA21AC4ED072A31EE611ADFED71
S113CBB898CA78EE600A84ED0D1A70EEAC0AC4EDDA
S113CBC8060AD4ED560AD4ED551A4AEE201AD4EDC5
S113CBD8540A41EE8A0A60EE8A0A21EE000AF0EE4F
S113CBE8E00A20EE2B0AC4ED130A20EE0B0A85EDA9
S113CBF8030A94ED3A0A94ED132AD4ED400A94ED0D
S113CC082F1AD4ED2C1AD4ED002A94ED043A20EE10
S113CC18020A94ED0D2A30EE420A94ED2E2A30EEE3
S113CC286A0A22EE092A72EEC32A02EE220A9FED4C
S113CC38CD2A21EE822A62EE211A61EE811A21EEB2
S113CC48811AF7EE001A71EEE01A21EE211A61EE4C
S113CC58200A94ED081A60EE810A94ED061A00EE93
S113CC68810A84ED0E0AD4ED050A70EEC80A70EE46
S113CC78A90AC4ED140A94ED591AD4ED581A4AEEC7
S113CC88011A94ED571A01EE8A1A21EE0A1AB0EE27
S113CC98C11A84ED171AF1EE600AC4ED190A9FED62
S113CCA8B21AD4ED470A60EE810A80EE200A85EDB7
S113CCB8040A9FEDAE1A03E0339388C3BD37863563
S113CCC8606ED4ED440A20F0004000EE100A30EE05
S113CCD8010A01F09AF994ED3E1AD4ED430A41EEA3
S113CCE8000AC4ED180A20EEA01A94ED3D0AD4ED0A
S113CCF8170AD4ED2F9A94ED2BAA20EE000A00F01F
S113CD0863F86AEE280A20EE210A60EEA98A00F088
S113CD1860F828EE800A84ED160A2AEE0C2AD4ED6F
S113CD28140A20EE200A84ED150A78EE2C0A94EDF4
S113CD38051AD4ED3F2A61EE011A60EEA00A22EE2C
S113CD48292A61EEA11A22EE222A40EEE01A02EE06
S113CD58210A84ED1A0A94ED2E2AD4ED002A22EE33
S113CD68092A72EEC12AD4ED240AD4ED351A22EE2A
S113CD78222A60EEA00AD4ED342A60EEA10A31EE2C
S113CD88621AD4ED361A32EE400AF7EE002AB0EEF3
S113CD98082A41EE212A20EE822A9FEDB31A02EED8
S113CDA8220A60EE810A00EEE10A84ED1B0AD4ED42
S113CDB8480A94ED381A60EE810A80EE200A85ED5F
S113CDC8050ABDEC0A8B31BD60EEA01A20EE000AFC
S113CDD8704720EE210AF5EE000A01EE010A01F07F
S113CDE814B900009FEDA10AD0ED220A70EE800A62
S113CDF8C2ED000AD0ED230A30EE800A82ED010A62
S113CE08704700003AD1213B610B363DACFD252922
S113CE183393884381B0012808D1B7EE000AD1EDD5
S113CE28280A30EE600A81ED280A97E0022808D122
S113CE38B7EE000AD1ED290A30EE600A81ED290A1D
S113CE488CE00328FCD102F19C00D1ED210ACDED40
S113CE58000AF7EE001A91ED281AB4EE611A9FED54
S113CE68840AF1EE10FA40D190ED011AB4EE611A79
S113CE78F1EE10FA39D091ED051A31EE601ADFEDB2
S113CE887D1A31EE211A81ED261A70EE801AC1ED51
S113CE98051AD1ED331A91ED042A61EE211A32EE06
S113CEA8612A81ED042A91ED002A72EE611AC1ED1E
S113CEB8001AD1ED321A91ED012A61EE211A32EEEF
S113CEC8612A81ED012A91ED032A32EE612A81ED6E
S113CED8032A91ED022A72EE611AC1ED021AD2ED0B
S113CEE8271A31EEC11A81ED271AF7EE001A91EDCF
S113CEF8291AB4EE611AF1EE10FA2FD190ED021A44
S113CF08B4EE611AF1EE10FA28D00020C1F89800A6
S113CF1830EE801A81ED051A91ED311A70EEC10ACE
S113CF2870EE800AC1ED040AC1ED000AD1ED300AA1
S113CF389DED001AB4EE601AF1EE10FA46BF00989F
S113CF48C1F89C00C1ED270AD1ED270A30EE800A0A
S113CF5881ED010A81ED030A81ED020A002001B086
S113CF6870470000CCBC8C2B0000E143CDCCCC3DF9
S113CF782DE9F04103460E4603F1040808F5C07193
S113CF8801F1A80406F1100707F1100522464046EE
S113CF9893ED000AFFF726FF002005F1080102229D
S113CFA89FEDAA0ADFEDAA0A9FEDAA1ADFEDAA1AD5
S113CFB894ED002AB4EE612AF1EE10FA16DB336818
S113CFC8A3B9012333600B68012B0DDB08EB830342
S113CFD81B1FF7EE002A93ED002AB4EE622AF1EE45
S113CFE810FA08BF01230BD001200AE0B4EE412A4D
S113CFF8F1EE10FA05D53368012B02D10023336012
S113D0083B6094ED002AB4EE602AF1EE10FA05DBD9
S113D01873681BB9012373607B601CE0B4EE402A7B
S113D028F1EE10FA17D57368012B14D1002373603D
S113D0382B6863B90B68012B0CDB08EB83031B1FFC
S113D04893ED002AB5EE402AF1EE10FA02D100233E
S113D0587B6000E00120083708362D1D091D241DBA
S113D068521EA5D1BDE8F081CDDC4C44CDCCCCBD5D
S113D07833938843339388C32DE9F54F81B000F186
S113D08804092DED028B82B090ED008A09F5B47085
S113D0980190884600F1180A08F110000090002059
S113D0A8009A58F8201042F82010401C0428F7DB96
S113D0B800F060F8069828B905984146FFF758FF2C
S113D0C8002851D000270DE0019A4946B0EE480ADD
S113D0D82A20FFF75BFC00F04DF805984146FFF75E
S113D0E847FF7F1C069808B1012F23DB0024009812
S113D0F8009951F8341000EBC40558F8340008EBD3
S113D108C40604F1010B884202BF7068696888424A
S113D1180DD052464946B0EE480A5846FFF77AFE03
S113D128009958F8340041F83400706868605C4627
S113D138022CDCDB52464946B0EE480A0320FFF7CE
S113D14869FE002009EB800191ED000A0AEB8001D9
S113D158D1ED000AB4EE600AF1EE10FA02D1401CD7
S113D1682A28EFDB2A28AFD102B00020BDEC028BBD
S113D178BDE8FE8F002059F820104AF82010401C02
S113D1882A28F8DB70470000F8B5C14C04F1B8054B
S113D19800202063686104F51A76BE48A86104F586
S113D1A817770020E861286230623A462920B06285
S113D1B804F13401002070629FEDB20A2A20F06263
S113D1C804F13400FFF70EFE0020C4F86802706012
S113D1D8B060F060B0480168C4F8B810416869608C
S113D1E88168A960C168E96001692961002154F86E
S113D1F8213004EB8102491C53630629F7DB002123
S113D208C26A52F8212004EB8103491CC3F8DC20CC
S113D2183029F5DB0020C4F89C0100F091F800F0F7
S113D2281DF800253A4604F1340104F1340094ED64
S113D2380C0AFFF7D7FD00F011F804EB8500406BEA
S113D24844F825006D1C062DF7DBF1BDBD3786B506
S113D258BC3786B5BD378635BE3786350A2000907B
S113D2684FF0FF330122314604F1300004E7000097
S113D27830B58948864C90ED0A0AD4ED0C0A70EE54
S113D288C00AF0EEE00A9FED801A0021F4EE410A8C
S113D29885B0F1EE10FAA8BF012184ED0C0A002232
S113D2A854F8223000EE103A04EB8203D3ED0D0A51
S113D2B8F4EE400AF1EE10FA1CBF012183ED0D0AC9
S113D2C8521C062AECDB00AA031D5360009000F1EF
S113D2D80803936000F10C03D36000F11003136199
S113D2E8002352F8235095ED000A04EB8305D5ED8D
S113D2F82E0AF4EE400AF1EE10FA1CBF012185ED66
S113D3082E0A5B1C052BECDB0022C36A53F822307F
S113D31800EE103A04EB8203D3ED370AF4EE400A28
S113D328F1EE10FA1CBF012183ED370A521C302A92
S113D338EBDB09B100F004F804F1300005B030BDAE
S113D34804F5CE7204F1340194ED0C0A2A20FFF797
S113D3581DBB00009FED4D0AD0ED000A70EE800A57
S113D368C0ED000A012100EB8102D2ED5A0A92EDC8
S113D378001A00EE801A491C82ED001A0729F2DB14
S113D3887047000070B5424CD4F8980282B020B9B6
S113D398FFF7FAFE0120C4F898020020FFF768FF9F
S113D3A806460A2000904FF0FF33002204F51A7154
S113D3B83046FFF761FE002006EB8001496844F817
S113D3C82010401C0628F7DBB069334D00F020FE1E
S113D3D8324B4FF0663200F043FE00F0B5FEE861D0
S113D3E80120FFF745FF0646FFF7B4FF06F5B672BE
S113D3F8311D96ED000A2A20FFF7C8FA002006EB33
S113D4088001496844F82010401C0628F7DB95ED94
S113D4180A0ADFED1E0A30EE200A85ED0A0A73BDFA
S113D42830B51D4D87B01422002105F1300000F0FD
S113D438D3FE174C4FF428720021204600F0CCFE8E
S113D44814220021284600F0C7FE1422002105F109
S113D458140000F0C1FE0020114900AA01EB80036A
S113D46842F82030401C0628F8DB0020C4F8980253
S113D47852F82010096844F82010401C0628F7DBED
S113D48807B030BD0000000096BFD632CDCCCC3CEE
S113D49888F5FF1F0000C84128F2FF1F661271C0FB
S113D4A89C380100AD4900220A604A61406840681E
S113D4B88861704730B581B00C46C168A74D896949
S113D4C895ED031A91ED000A6168D1ED050A20EE85
S113D4D8200A85ED040AF6EE0F1A2168D1ED170A21
S113D4E8F1EE600AC5ED010A21EE211AC168096945
S113D4F8D1ED001A9FED952A71EE821A9FED942AB8
S113D50801EE821A85ED031AC0680168C1F3C011DF
S113D51851B361688A6912B9006DD0ED000A2068B8
S113D528F7EE081A20EE210A20EE200A20EE200A3F
S113D53880EE010AD0ED180AF4EE400AF1EE10FA72
S113D54848BFB0EE600A1DD4D5ED060AB4EE600AF1
S113D558F1EE10FA46BF9FED7F0A48680868A86193
S113D56885ED020A01B030BDF9F736F96068D0EDEF
S113D578040AB4EE600AF1EE10FA4CBF90ED020A08
S113D58890ED030A85ED020A01B030BD70B504467A
S113D5982DED028BA069C06890ED008A0D46F9F75D
S113D5A81FF90228B5EE408A21D1F1EE10FA0CDDFC
S113D5B8206890ED000AB5EE400AF1EE10FA38D86A
S113D5C8A069016841F0800132E0B5EE408AF1EECD
S113D5D810FA2ED5206890ED000AB5EE400AF1EE57
S113D5E810FA26DDA069016841F0800120E0F1EE1F
S113D5F810FAC1BF206890ED000AB5EE400AF1EEBA
S113D60810FA04DDA069016821F080010160B5EE1B
S113D618408AF1EE10FA41BF206890ED000AB5EE99
S113D628400AF1EE10FA04D5A069016821F08001DE
S113D6380160A069494E0068C0F3C010002870D08A
S113D6486868006800284DD096ED020AB5EE400AD5
S113D658F1EE10FA55DD206890ED000A60EE080A34
S113D668F5EE400AF1EE10FA4BD5286896ED031A48
S113D678D0ED090AB0EEC00A60EE200A20EE010AD5
S113D68896ED041ADFED341A31EE211AF7EE081A72
S113D69821EE211A80EE010A00EEE00AB5EE400AF6
S113D6A8F1EE10FA05DDFAF741FCB1EE400A86ED19
S113D6B8050A96ED010AD6ED050AF4EE400AF1EEE4
S113D6C810FA48BF86ED050A686896ED000AD6ED9B
S113D6D8050A90ED011A70EEC00A00EE810A86ED83
S113D6E8000A0EE096ED010AD6ED000A86ED050A59
S113D6F830EE600A686890ED011A40EE010AC6ED42
S113D708000A96ED010AD6ED000AF4EE400AF1EE9D
S113D71810FA16D586ED000A96ED000ABDEC028BC8
S113D72870BD6868D6ED000A90ED020A30EE800AF2
S113D738B5EE400A86ED000AF1EE10FAC4BF0020E7
S113D748306096ED000ABDEC028B70BDCDCCCC3DAB
S113D7580000003D000000000AD7233CE0FCFF1F46
S113D7684EF68851CEF20001086840F47000086053
S113D7784FF00070E1EE100A7047000000F036FD2B
S113D788002801D0FCF7B2FE0020C046C046FCF7D2
S113D79819FF00F02DFD000070472DE9F047804681
S113D7A8294C0020207008F1020010F8016B0EB11A
S113D7B8092E05DB852008F8010B4046BDE8F087F3
S113D7C8002504F1240904F1040A03E0691CCDB21C
S113D7D80AF1040AB54210DA10F8017B09F8017B52
S113D7E80146504600F0C2F80FB1092FEED3862047
S113D7F808F8010B4046BDE8F0872670002008F8B9
S113D808010B4046BDE8F087F0B50F4C217881B094
S113D81821B9882100F8011B01B0F0BD002200F8ED
S113D828012B002504F12406271D51B116F8012BFC
S113D83857F8041B00F02AF821786D1CEDB28D42CC
S113D848F4DB01B0F0BD000054FCFF1FE2B112F09C
S113D858030305D05B1E11F801CB00F801CBF9D105
S113D868920811D011F8013B00F8013B521E11F83F
S113D878013B00F8013B11F8013B00F8013B11F8AA
S113D888013B00F8013BEDD170470000E2B112F012
S113D898030305D05B1E11F801CB00F801CBF9D1C5
S113D8A8920811D011F8013B00F8013B521E11F8FF
S113D8B8013B00F8013B11F8013B00F8013B11F86A
S113D8C8013B00F8013BEDD170470000E2B112F0D2
S113D8D8030305D05B1E11F801CB00F801CBF9D185
S113D8E8920811D011F8013B00F8013B521E11F8BF
S113D8F8013B00F8013B11F8013B00F8013B11F82A
S113D908013B00F8013BEDD10846704702B9704766
S113D91870B41346DC070BD5521ED2B2545C11F80E
S113D928015B0678254026EA04042C4300F8014BE1
S113D9385B0819D0521ED2B2545C11F8015B067808
S113D948254026EA04042C43521E00F8014BD2B2A7
S113D958545C11F8015B0678254026EA04042C433C
S113D96800F8014B5B1EE5D170BC704781B011F81B
S113D978012B8DF8002011F8012B8DF8012011F8E6
S113D988012B8DF8022011F8012B8DF80320009A41
S113D9980260084601B0704781B000919DF80010FC
S113D9A800F8011B9DF8011000F8011B9DF80210F6
S113D9B800F8011B9DF8031000F8011B01B0704723
S113D9C81AA210EE101ADFF860C0F2EC060A6145DC
S113D9D809DB00EE803A70EE800A83EE200A40F0FC
S113D9E8020010EE101A21F0004CDCF1665C0BD832
S113D9F860EE000A20EE203A03EE010A01EEA02AA6
S113DA0842EE202A80EE220A400810F0020F18BFC6
S113DA18B1EE400A02EB8002D2ED000A30EE200A91
S113DA2828BFB1EE400A7047A430893ED7B3DD3F22
S113DA386AD5033F2B94A93DB82A593F0000803F7B
S113DA48000080BF00000000920A063FDB0FC93FB8
S113DA58920A863FDB0FC93F920A0640DB0F494012
S113DA68368D274010B5DFF89041012084F8500026
S113DA78F9F7D2FC00B96065052000212171216005
S113DA880421617100212173A160042161731034A0
S113DA98401EF2D110BD0000DFF85C0190F8501070
S113DAA8491CC9B201B9012180F850100A22416DFC
S113DAB8491C416510F1050191F90030012B02BFA1
S113DAC8436D51F805CC63450CD1EFF3108372B65E
S113DAD84FF0010C81F802C04FF0020C81F800C02D
S113DAE883F310880831521EE6D1704770B4FF21C1
S113DAF8EFF3108272B6DFF80041002314F1040535
S113DB0815F8086B4EB9D9B204EBC10300255D7151
S113DB18987194F85000187108E015F8086B5B1CAC
S113DB28002EF0D05B1CDBB20A2BE9DB82F31088F1
S113DB380A2908DA04EBC100007970BC000250FA23
S113DB4881F080B2704770BC4FF6FF7070470021B7
S113DB58C2B20A2A10DADFF8A03003EBC202137942
S113DB68B3EB102F08D1EFF3108072B611710421B2
S113DB785171012180F3108808467047F0B40A46B1
S113DB880021C4B20A2C1EDADFF86C5005EBC4037A
S113DB981E79B6EB102F16D1EFF3108072B601215F
S113DBA862B193F906706E6D002F0CBF9219B21A08
S113DBB845F8342059710022DA7102E002225A71C0
S113DBC8D97180F310880846F0BC7047EFF31082CF
S113DBD872B60421C3B20A2B0ADADFF81CC00CEBB4
S113DBE8C30393F804C0BCEB102F08BF93F90510C6
S113DBF882F31088084670479812002030B581B027
S113DC08017901F01F010024891F08294CD8DFE895
S113DC1801F005233A4B4B4B4B4B400002230F2298
S113DC2806210B2000F046FC050011D0FDF798FEF4
S113DC380146284600F0F9FCFDF795FE0146284602
S113DC4800F0F3FC284600F0BBFD204601B030BDCF
S113DC580124204601B030BD90F84810012905D1AF
S113DC684079FDF761FE204601B030BD022906D196
S113DC7881794079FDF765FE204601B030BD07245F
S113DC88204601B030BDAA20FDF7A9FE204601B008
S113DC9830BDEFF3108572B60020F9F7AEFB85F3BB
S113DCA81088204601B030BD0524204601B030BD9F
S113DCB810B50446207900F01F00062807D16079C2
S113DCC8FDF7A7FEA079BDE81040FDF7A5BE10BD7D
S113DCD810B502230F2206210B2000F0EBFB0400F1
S113DCE810D0FDF73DFE0146204600F09EFCFDF7EE
S113DCF83AFE0146204600F098FC204600F060FDFC
S113DD08012010BD002010BDF8B52DED028B04468E
S113DD182DED020A82B0039801900298C0F3C7500F
S113DD28FF2806D10298002540020CBF01270227CC
S113DD3813E0012807DA02A801F0E8FD012802DB54
S113DD480025002709E0029921F0FF4141F07C51A8
S113DD580291A0F17E054FF0FF37002101A801F0E0
S113DD68E8FD06460CB100202080002E02BF9DED80
S113DD78030AB5EE400AF1EE10FA16D0002F18D5B2
S113DD882DB2012D1AD19DED020AF6EE000AB4EE69
S113DD98600AF1EE10FA08D0012E0FD1FEEE000A47
S113DDA8B4EE600AF1EE10FA30D104B0B7EE000A0E
S113DDB828E1022F04D19DED020A22E1012E5CDB49
S113DDC8022E08BF9DED030A00F01B81012F1BD111
S113DDD802980028039802D400284AD532E0002883
S113DDE809D4002E45D14FF0FF3101A801F0A1FD5F
S113DDF800283ED539E02EBB4FF0FF3101A801F0D1
S113DE0898FD00281ED519E0012E09D103982DB2DA
S113DE18002802D4012D2CDA14E0012D12DA28E0AE
S113DE280398002812D46EB94FF0FF3101A801F00D
S113DE3880FD002844BF0298002803D504B09FED54
S113DE48600ADFE004B09FED5F0ADBE001F09AFDB1
S113DE58222101606EB94FF0FF3101A801F069FD7C
S113DE68002844BF0298002803D504B09FED560A41
S113DE78C8E004B09FED550AC4E00298002848BFE2
S113DE88002E07D501F07EFD2121016004B09FED2D
S113DE98500AB7E09DED020AB5EE400AF1EE10FA19
S113DEA8C8BF002609DCB1EE400A8DED020A4FF026
S113DEB8FF3101A801F03DFD06469DED020ADFEDA4
S113DEC8450AB4EE600AF1EE10FA06D5F0EE000A3F
S113DED820EE200A8DED020A6D1E9DED020AFFEE6A
S113DEE8000A30EE200ADDED020A8DED020AB7EED3
S113DEF8001A70EE810A80EE208A68EE088AB0EE75
S113DF08680A01F045FD28EE800ADDED020A30EECC
S113DF18600A20EE080A30EE800A2DB200EE905A0C
S113DF289FED2D1AF8EEE00A80EE011A30EE811A00
S113DF388DED011A9DED031ADDED011A21EE211A6A
S113DF48DFED261AB4EE611A8DED001AF1EE10FA1F
S113DF5848D4DFED231AB4EE611AF1EE10FA43DA6D
S113DF68B5EE401AF1EE10FA4CBFFEEE001AF6EECA
S113DF78001A31EE211ADDED031ABDEEC11A60EE66
S113DF88A10AF8EEC11A70EEE10ADFED131A60EE89
S113DF98A10ADDED031A40EE210ACDED000A24B1F1
S113DFA811EE100A20809FED071A11EE101AB7EE31
S113DFB8000A00A801F000FDA0B1012814D01AE05D
S113DFC80000008000000000000080FF0000807F47
S113DFD8FFFFFF7FF304353F1872313F000000C78D
S113DFE801000047002001E04FF0FF40009001F0DD
S113DFF8C9FC22210160002E9DED000A18BFB1EE74
S113E008400A04B0BDEC028BF1BD00207CE60000A0
S113E0185FF0FF0C1CEAD05114BF614506E0C11043
S113E028400721F0E04101F16051704779B900F0EF
S113E038004100020AD0B0FA80FC00FA0CF001F1A9
S113E0486051A1EB0C5101EBD0214005704741020E
S113E0580CBF40F4E0016FF000010020704700009D
S113E06870B44FF0004591EA030C44BF6B4001F0D3
S113E078B1BD00BF841A71EB030603D2001BB14182
S113E088121973414FF4001C1CEB410F34BF7CEB95
S113E098430443E00C0DA4EB1356352E50DC45EA3B
S113E0A8C323DB0A45EAC121C912B6F120050DDDF7
S113E0B863FA05F6EB4086EA0305124218BF45F0F9
S113E0C80105C01851F100010CD213E062FA06F5FB
S113E0D8F2405540F3415A40B340F3405A40801847
S113E0E8594107D349085FEA30005FEA350528BF7C
S113E0F845F0010501F58011420875F1004250F11F
S113E108000041EB045170BC4FF4001C1CEB410FA0
S113E11838BF70470020090D090570471CEB410FF3
S113E12810D252EA43060BD0BCEB410F05D80C0DB4
S113E138AB43661E342EB5DD02E0AB43801859416B
S113E14870BC704770BC70474FEAF17CBCF1E04C7E
S113E1582CBFBCF5001F11E05FEA4C0C34BFBCF1C6
S113E1687F5F2EE05FEA9C0C4FEA0C1C4FEA3C0CE4
S113E178C10071F100414CEB50707047C90241EA8B
S113E1885051C00218BF41F0010141F000414FEA6B
S113E1986C50C0F10900212810D240EACC7CCCF1A3
S113E1A8200C11FA0CF070F10040CCF1200C21FA8B
S113E1B80CF00CF0004C40EB0C0070474FEACC70AC
S113E1C87047490011F5001F04D84FEACC10FF30FE
S113E1D8C0057047C817704710B5044610460A466C
S113E1E80146204601F0ACFD204610BD01207047D1
S113E1F801F0DABD70B5DFF88448002084F8CC0556
S113E20884F8CD050F260520A4F8E0050025002094
S113E218A4F8E205A4F8E4050246314604F5BE6014
S113E228F6F786FE1022314604F5C060F6F780FE44
S113E23884F8D565A4F8E655A4F8E855A4F8EA5591
S113E24884F8D25584F8D35584F8CF5584F8D0553A
S113E2582A46052104F14C00F6F76AFE052084F8E5
S113E268D105A4F8DA554FF40040A4F8DC55A4F815
S113E278DE55A4F8EC0501F0E0FD0122B4F8EC1534
S113E28884F8D65502FA00F00843A4F8EC05B4F86B
S113E298EE05E8B1DFF8E8175FF0010011F8012B8B
S113E2A8012A1EBF401C11F8012B012A1EBF401C65
S113E2B811F8012B012A04D0401CC0B21328EDD355
S113E2C806E0C0B204EB8000D0F8100640003CD44D
S113E2D894F8CC150846021992F8F03583BB082344
S113E2E882F8F035452212FB0040491C6430C9B25B
S113E2F80F2928BF002184F8CC1594F8CC2594F86C
S113E308CD158A4226BFC2F10F028918891A94F8DA
S113E318D525C9B2914288BF114684F8D515012183
S113E32801701E214170817841F00F018170C57020
S113E33801F09F0141F01001817000F041FA04E0FE
S113E348B4F8E605401CA4F8E60500224C2104F5BF
S113E358C260F6F7EDFDA4F8EE5570BD00B581B0C6
S113E36800F0C2FB01F008F8DFF81007B0F8EE156A
S113E37861B1491EA0F8EE1589B239B901B05DF84A
S113E38804EB4C2100F5C260FBF7B4BE01B000BD3C
S113E39870B5DFF8E846B4F8E405401CA4F8E405D1
S113E3A880B2B0F57A7FC0F283800020A4F8E40537
S113E3B8B4F8E005002800F07B80B4F8E215491CA5
S113E3C8A4F8E21589B2814259D30020B4F8EE15B5
S113E3D8A4F8E20591B10120DFF8A41611F8012B85
S113E3E8012A1CBF11F8012B012A1CBF11F8012BAB
S113E3F8012A03D0C01CC0B21328EFD394F8CC155B
S113E4080846021992F8F035A3BB082382F8F035C0
S113E418452212FB0040491C6430C9B20F2928BFA9
S113E428002184F8CC1594F8CC2594F8CD158A42AB
S113E43826BFC2F10F028918891A94F8D525C9B2E2
S113E448914288BF114684F8D51500220121017034
S113E45822214170817841F00F018170C27001F06E
S113E4689F0141F01001817000F0AAF9B4F8E005A9
S113E47828B970BDB4F8E605401CA4F8E6050025E3
S113E48804F5C06601F0D9FC85421CBF3078002829
S113E4980AD0401E3070C0B230B9B4F8EC0501217E
S113E4A8A9408843A4F8EC056D1C761C0F2DE9D30C
S113E4B870BD0000F0B4DFF8C445B4F8EE5500238D
S113E4C80DB30025032816D05FF00105DFF8B06509
S113E4D816F8017BB8421EBF6D1C16F8017BB842C2
S113E4E81EBF6D1C16F8017BB84204D06D1CEDB23A
S113E4F8132DEDD307E0EDB204EB8505D5F81056DE
S113E508CD40ED073DD4102A3BDA94F8CC552F19A9
S113E51897F8F06586BB082387F8F035452313FB85
S113E52805436D1C6433EDB20F2D28BF002584F814
S113E538CC5594F8CC6594F8CD55AE4226BFC6F1B7
S113E5480F06AD19AD1B94F8D565EDB2B54288BF79
S113E558354684F8D55518705970987862F30300D5
S113E56898700020D870987800F09F0040F0100050
S113E57898701846F0BC7047B4F8E605401CA4F837
S113E588E6051846F0BC7047F0B40023102A3EDABA
S113E598DFF8F04494F8CF552F1997F84C608EBBE8
S113E5A8082387F84C30452313FB05436D1CEDB253
S113E5B803F58E63052D28BF002584F8CF5594F8FC
S113E5C8CF6594F8D055AE4226BFC6F10506AD19FD
S113E5D8AD1B94F8D165EDB2B54288BF354684F8D1
S113E5E8D15518705970987862F303009870002018
S113E5F8D870987800F0DF0040F050009870184602
S113E608F0BC7047B4F8DA05401CA4F8DA051846DB
S113E618F0BC704700B581B0FFF7B6FF18B1817838
S113E62801F0EF01817001B000BD70B4002278B32D
S113E6388578DFF85034C5F380157DB103F58E6510
S113E648A84225D303F2C956B04221D2441B45251A
S113E65894FBF5F4E31893F84C300EE003F16405E9
S113E668A84215D303F26F46B04211D2441B452584
S113E67894FBF5F4E31893F8F035032B08DBC3781F
S113E688412B05DA1A1811710122C178491CC1708D
S113E698104670BC7047F0B581B004460F46154665
S113E6A8002600F0F3F9012812D1E0780126C0F120
S113E6B84101A942BCBFC0F141050026EDB20019D1
S113E6C82A463946001DFCF777F9E0782818E070E7
S113E6D8304601B0F0BD70B4002288B38578DFF805
S113E6E8A433C5F380157DB103F58E65A84227D3FD
S113E6F803F2C956B04223D2441B452594FBF5F4D2
S113E708E31893F84C300EE003F16405A84217D3DC
S113E71803F26F46B04213D2441B452594FBF5F42B
S113E728E31893F8F035032B0ADBC378402B07DA98
S113E7381A180B0A137151710122C178891CC1700E
S113E748104670BC704770B40022A8B38578DFF80F
S113E7583433C5F380157DB103F58E65A8422BD3F8
S113E76803F2C956B04227D2441B452594FBF5F45D
S113E778E31893F84C300EE003F16405A8421BD368
S113E78803F26F46B04217D2441B452594FBF5F4B7
S113E798E31893F8F035032B0EDBC3783E2B0BDA22
S113E7A81A180B0E13710B0C53710B0A9371D17158
S113E7B80122C178091DC170104670BC7047000061
S113E7C80146002001B97047F0B48C78DFF8AC3208
S113E7D80A46C4F380147CB103F58E65AA4267D354
S113E7E803F2C956B24263D2551B452695FBF6F58A
S113E7F8ED1895F84C500EE003F16405AA4257D37E
S113E80803F26F46B24253D2551B452695FBF6F5E3
S113E818ED1895F8F055032D4ADBB3F8EE5515B30A
S113E8284D7809780026032915D00126DFF850729F
S113E83817F801CB61451EBF761C17F801CB61455B
S113E8481EBF761C17F801CB614504D0761CF6B2BE
S113E858132EEDD307E0F6B203EB8601D1F81016B8
S113E868E940C90724D48CB103F58E65AA421FD3A5
S113E87803F2C9518A421BD2501B452190FBF1F087
S113E888C0B2C018012180F84C1010E003F16405EF
S113E898AA420DD303F26F418A4209D2501B452183
S113E8A890FBF1F0C0B2C018012180F8F0150120E6
S113E8B8F0BC7047DFF8CC01B0F8EC0570470000F5
S113E8C8F0B56E4DB5F8E665B5F8EE7581B0012B77
S113E8D85BD1002417B30023032816D05FF001038B
S113E8E8DFF8A47117F801CB60451EBF5B1C17F84D
S113E8F801CB60451EBF5B1C17F801CB604504D0F3
S113E9085B1CDBB2132BEDD308E0DBB205EB83030E
S113E918D3F81036CB40DB0700F19580102A80F23B
S113E928928095F8CC355F1997F8F0E5BEF1000FA1
S113E93859D1082487F8F045452414FB03545B1C7B
S113E9486434DBB20F2B28BF002385F8CC3595F847
S113E958CC7595F8CD359F4226BFC7F10F07DB1953
S113E968DB1B95F8D575DBB2BB4288BF3B4685F8FF
S113E978D53520706170A07862F30300A070002080
S113E988E070A07800F08F005CE000240FB300234F
S113E998032816D05FF00103DFF8EC7017F801CBF9
S113E9A860451EBF5B1C17F801CB60451EBF5B1C8E
S113E9B817F801CB604504D05B1CDBB2132BEDD3F5
S113E9C807E0DBB205EB8303D3F81036CB40DB0753
S113E9D839D4102A37DA95F8CC355F1997F8F0E569
S113E9E8BEF1000F01D0761C2DE0082487F8F0450D
S113E9F8452414FB03545B1C6434DBB20F2B28BF7F
S113EA08002385F8CC3595F8CC7595F8CD359F421B
S113EA1826BFC7F10F07DB19DB1B95F8D575DBB2E9
S113EA28BB4288BF3B4685F8D53520706170A07815
S113EA3862F30300A0700020E070A07800F09F004B
S113EA4840F01000A070A5F8E6659CB1204600F0DF
S113EA581DF8012808D1E178412905DA0798091930
S113EA680871E078401CE0702046FFF7A9FE0120F9
S113EA7801B0F0BD002001B0F0BD000090E8FF1F18
S113EA8801F9000090E8FF1F01F900000146002089
S113EA9839B38B78DFF8DC28C3F380137BB102F534
S113EAA88E6399421DD302F2C95C614519D2C91A11
S113EAB8452391FBF3F1891891F84C100EE002F10B
S113EAC8640399420DD302F26F4C614509D2C91A05
S113EAD8452391FBF3F1891891F8F0150329A8BF90
S113EAE801207047000000002DE9F04F81B0042494
S113EAF8042001F0BBF9050000F03984A878DFF898
S113EB087468B6F8EC150209012000FA02F31943F7
S113EB18B6F8E035A6F8EC153BB10F2A05D203EB9D
S113EB28430392195B1C82F8003695F80590AA797C
S113EB3802F01F08C2F34017B9F1010F40F0A68391
S113EB48002F00F02181B8F1010F11D0B8F1020FA4
S113EB5800F0EB83B8F1110F00F01081B8F11E0F2B
S113EB6800F09180B8F11F0F00F0FF800524DCE36A
S113EB7896F8D405022841D196F8CD052C7A452279
S113EB8812FB006292F86430A34202BF92F8652037
S113EB986B7A9A4240F0E5838119401C0022C0B286
S113EBA881F8F0250F2828BF002086F8CD0586F8BF
S113EBB8D425EC796E7A95F80890A8780FF69947D9
S113EBC8050990463878484518BF00280DD1D7F86C
S113EBD80BC0BCF1000F04D02346324649462846F0
S113EBE8E0473878002840F0BC8308F101005FFA58
S113EBF880F81037B8F10A0FE4D3B2E3042840F0E0
S113EC08B08396F8D0052C7A452212FB006292F85C
S113EC187034A34202BF92F871246B7A9A4240F08E
S113EC28A0838119401C0022C0B281F84C20052819
S113EC3828BF002086F8D00586F8D425EC796E7AAA
S113EC4895F80890A8780FF6114705099046387882
S113EC58484518BF00280DD1D7F80BC0BCF1000FE8
S113EC6804D02346324649462846E04738780028E7
S113EC7840F0778308F101005FFA80F81037B8F1A3
S113EC880A0FE4D36DE3B6F8EE05F0B15FF00100C6
S113EC980FF6654111F8012B012A1EBF401C11F81B
S113ECA8012B012A1EBF401C11F8012B012A04D094
S113ECB8401CC0B21328EDD307E0C0B206EB8000B5
S113ECC8D0F81006C00F40F04C8396F8CC05831991
S113ECD893F8F015002942D1082183F8F01545214D
S113ECE811FB0061401CC0B201F164040F2828BF65
S113ECF8002086F8CC0596F8CC1596F8CD05814207
S113ED0826BFC1F10F014018401A96F8D515C0B2B4
S113ED18884288BF084686F8D5050021012020705E
S113ED281F206070A07840F00F00A070E17000F020
S113ED389F0040F01000A070A87805092046FFF74E
S113ED48A5FE012807D1E078412804DA00190571E5
S113ED58E078401CE0702046FFF732FD01E3B6F886
S113ED68E605401CA6F8E605FBE2EA790F2A80F2DC
S113ED78F88290400843A6F8EC05F2E2A878E9790D
S113ED88000901F07BFBECE2A8F103020F2A00F270
S113ED987B82DFE812F01000790279027902980088
S113EDA87902AA0079027902790279027902790250
S113EDB879024A01CA01E879297A01EB0020A6F808
S113EDC8E0050024B6F8EE05E8B10FF62D31012070
S113EDD811F8012B012A1EBF401C11F8012B012A2E
S113EDE81EBF401C11F8012B012A04D0401CC0B2DC
S113EDF81328EDD307E0C0B206EB8000D0F8100664
S113EE08C00300F1958296F8CC05831993F8F015A0
S113EE18002952D1082183F8F015452111FB00611E
S113EE28401CC0B201F164070F2828BF002086F8EF
S113EE38CC0596F8CC1596F8CD05814226BFC1F1CC
S113EE480F014018401A96F8D515C0B2884288BFF9
S113EE58084686F8D5050120387010207870B878EF
S113EE6840F00F00B870FC7000F09F0040F01000F4
S113EE78B870384695F807A0FFF708FE012808D1AE
S113EE88F878412805DAC01980F804A0F878401CFD
S113EE98F870384695F808A0FFF7F8FD012808D15E
S113EEA8F878412805DAC01980F804A0F878401CDD
S113EEB8F8703846FFF784FC3AE2B6F8E605401CD9
S113EEC8A6F8E60534E22879C11EC9B2002900F083
S113EED8238111F0030001D0401EFDD1880800F001
S113EEE81B81401EFDD1002422E2E87A10B92C7B54
S113EEF8422C00DB4124297AE879090401EB0060FB
S113EF08697A00EB0120A97A47187842A04201D215
S113EF1807240DE2002CFBD0A8780109B6F8EE0509
S113EF28E8B10FF6D512012012F8013B012B1EBFE0
S113EF38401C12F8013B012B1EBF401C12F8013B78
S113EF48012B04D0401CC0B21328EDD307E0C0B293
S113EF5806EB800090F81006C00600F1DD80102949
S113EF6880F2DA8096F8CC050246931993F8F0C536
S113EF78BCF1000F52D14FF0080C83F8F0C54523BB
S113EF88401C13FB0262C0B202F1640A0F2828BFB6
S113EF98002086F8CC0596F8CC2596F8CD05824253
S113EFA826BFC2F10F028018801A96F8D525C0B280
S113EFB8904288BF104686F8D50501208AF80000DB
S113EFC804208AF801009AF8020000F0F0000843CF
S113EFD88AF80200002100F09F008AF8031040F02C
S113EFE810008AF80200012CC0F2168097F800B0CD
S113EFF85046FFF74BFD01280BD19AF8030041282E
S113F00807DA504480F804B09AF80300401C8AF8E0
S113F01803007F1C641EE9D150467BE0B6F8E60580
S113F028401CA6F8E605002482E1B6F8EE05E8B12E
S113F0385FF001000FF6C10111F8012B012A1EBF70
S113F048401C11F8012B012A1EBF401C11F8012B8A
S113F058012A04D0401CC0B21328EDD306E0C0B284
S113F06806EB8000D0F8100680035CD496F8CC0533
S113F078831993F8F015002950D1082183F8F01565
S113F088452111FB0061401CC0B201F164040F2842
S113F09828BF002086F8CC0596F8CC1596F8CD053F
S113F0A8814226BFC1F10F014018401A96F8D515C0
S113F0B8C0B2884288BF084686F8D50500210120D9
S113F0C8207011206070A07840F00F00A070E170EB
S113F0D800F09F0040F01000A0702046FFF7D6FC17
S113F0E8012808D1E078412805DA00194121017185
S113F0F8E078401CE0702046FFF7C8FC012808D1DE
S113F108E078412805DA001941210171E078401CB2
S113F118E0702046FFF754FB002409E1B6F8E60541
S113F128401CA6F8E605012402E1072428790328EF
S113F138C0F2FE80EA794AB94C2106F5C260FAF7B2
S113F148D9FF0020A6F8EE050024F1E00428C0F257
S113F158EF80C11E052291FBF2F202EB8202891AAA
S113F16840F0E680297AFF2904BF697AFF290FD184
S113F178A97AFF2901BFE97AFF29297BFF2907D149
S113F188FF224C2106F5C260F5F7D2FE002474E094
S113F198C01EC7B2002105F108020FF25C7026E018
S113F1A81378032B00F020804FF0010E00F1010CBE
S113F1B81CF801AB53451EBF0EF1010E1CF801AB40
S113F1C853451EBF0EF1010E1CF801AB534506D082
S113F1D80EF1010E5FFA8EFEBEF1130FE8D35FFA4B
S113F1E88EF3132B00F0A480491DC9B2521DB942F5
S113F1F8D6DB00244C2106F5C260FAF77BFF2A7996
S113F2080FF2F4600321042A37DB4A1900235779E3
S113F218032F09D05FF0010300F1010C92F805E017
S113F2281CF8017BBE4513D1D77992F806E03F0458
S113F23807EB0E6E177A527A06EB83030EEB072759
S113F248D3F810C63A4442EA0C02C3F810260FE079
S113F2581CF8017B5B1CDBB2BE451FBF5B1CDBB229
S113F2681CF8017BBE45DFD05B1CDBB2132BD5D366
S113F278491D2A79C9B29142C7DBE879C82110FB34
S113F28801F0A6F8EE0553E005244EE02879442859
S113F2984BDAA878317800F00F0001F0F001084348
S113F2A8307000F00F00A978090940EA01103070A5
S113F2B82879B178707001F00F01E87800F00F0038
S113F2C841EA0010B070691D2879821CF01CFBF714
S113F2D873FB06244FF0000A0FF27D5B9BF80000D5
S113F2E8F178884218BF002816D17078801E86F8F5
S113F2F848003FB10024DBF80710080009D0304665
S113F308884706E0DBF80310080002D03046884737
S113F31804469BF8000040B90AF101005FFA80FA3C
S113F3280BF1100BBAF10A0FD8D3D7B90D2C18D09A
S113F33896F8D205411CC9B20429A8BF002196F841
S113F348D32591420DD0AA7806EB8000120980F8E3
S113F358572080F8559080F8568080F8544086F8F5
S113F368D21501B0BDE8F04F042000F093BD01B000
S113F378BDE8F08F90E8FF1F2DE9F041DFF8D44491
S113F38894F84C10B4F8DC05032906DB491E84F80C
S113F3984C10C9B2022908BF401C94F84D10032927
S113F3A806DB491E84F84D10C9B2022908BF401C67
S113F3B894F84E10032906DB491E84F84E10C9B28E
S113F3C8022908BF401C94F84F10032906DB491E84
S113F3D884F84F10C9B2022908BF401C94F8501091
S113F3E8032906DB491E84F85010C9B2022908BF54
S113F3F8401CA4F8DC0504F5BE6100200B78B4F8C1
S113F408E825032B05DB5B1E0B70DBB2022B08BF60
S113F418521C4B78401C032B05DB5B1E4B70DBB284
S113F428022B08BF521C8B78401C032B05DB5B1E88
S113F4388B70DBB2022B08BF521C401CC91CA4F8F9
S113F448E8250F28DADB94F8D20594F8D315884216
S113F45833D000F02FFD050000F0FA8194F8D305AD
S113F468AA7804EB800090F8571061F30302AA709D
S113F478E97801F0F00141F00401E97005212971EE
S113F488012169712121A97190F85410E97190F84A
S113F4985510297290F85600687200F016FD94F819
S113F4A8D305401C84F8D305C0B20428C0F2D08127
S113F4B8002084F8D305BDE8F08194F8D405042825
S113F4C800F2C381DFE810F00600B3003401B30092
S113F4D83401000094F8D0150A46091991F84C3003
S113F4E8012B2ED1032084F8D40584F8CE054521B8
S113F4F894F8D00511FB004000F58E66002084F8CE
S113F508D605B07800F00F000F2880F29B80B4F87D
S113F518EC1521FA00F0C00700F194800020A4F84B
S113F528D805012084F8CE0594F8D40501280CBF29
S113F5380220042084F8D405012084F8D605BDE807
S113F548F081022B08D1521C0023D2B281F84C302E
S113F558052A10D300220EE06BB994F8CF158A421D
S113F56809D0B4F8DE15521C491CD2B2A4F8DE1531
S113F578052A28BF002284F8D02503280AD094F845
S113F588D025131993F84C30032B03DA94F8CF35AC
S113F5989A429FD130B994F8D1252AB9052284F822
S113F5A8D12501E00328A2D094F8CD2513461219D9
S113F5B892F8F055012D06D1012084F8D4050320D2
S113F5C884F8CE0536E0022D08D15B1C0025DBB299
S113F5D882F8F0550F2B10D300230EE06DB994F880
S113F5E8CC25934209D0B4F8EA255B1C521CDBB243
S113F5F8A4F8EA250F2B28BF002384F8CD35012869
S113F6080AD094F8CD25131993F8F035032B03DAAF
S113F61894F8CC359A42C7D148B994F8D50500284E
S113F62840F016810F2084F8D505BDE8F081012843
S113F6387FF45DAF452194F8CD0511FB004000F13E
S113F64864065BE700F036FC050000F00181B07841
S113F658A97860F30301A970E87800F0F00040F09D
S113F6680400E870307868717078A871B178C1F3D3
S113F6780011002914BF40F0200000F0DF00A87139
S113F688311DF278E81DFBF797F9F078801C287192
S113F698B078C0F3001171B9C0F34010401C00EBFE
S113F6A88001C800A4F8D80594F8D405012814BF2B
S113F6B8042002201FE094F8D40501280DD194F801
S113F6C8CD050219401C0021C0B282F8F0150F289C
S113F6D828BF002084F8CD050CE094F8D005021961
S113F6E8401C0021C0B282F84C10052828BF002015
S113F6F884F8D005002084F8D40500F0E6FB03283C
S113F70818BF022840F0A48094F8D405022840F0D9
S113F7188F8094F8CD050219401C0021C0B282F8EC
S113F728F0150F28C0F08180002084F8CD058CE006
S113F738B4F8D81521B1481EA4F8D805BDE8F0815D
S113F74894F8CE154A1E84F8CE25D2B222B10228E6
S113F75814BF0320012079E04525022806D194F836
S113F768CD0515FB004090F8646005E094F8D005D9
S113F77815FB004090F870640FF2E8085FF000078A
S113F78818F80B0CB04218BF002825D1D8F800C0CF
S113F798BCF1000F1DD094F8D40502280BD194F8BD
S113F7A8CD0515FB004090F8652090F8641090F89A
S113F7B866000E230AE094F8D00515FB004090F883
S113F7C8712490F8701490F872040E2300F00F005E
S113F7D8E04718F80B0C28B97F1CFFB208F1100891
S113F7E80A2FCDD394F8CD0515FB004292F8662074
S113F7F802F00F020F2A0BDA94F8D63543B9B4F89D
S113F808EC35012505FA02F223EA0202A4F8EC25F4
S113F81894F8D425022A0BD10119401C0022C0B245
S113F82881F8F0250F2828BF002084F8CD050CE0C6
S113F83894F8D0050219401C0021C0B282F84C107B
S113F848052828BF002084F8D005002084F8D405B2
S113F858BDE8F08190E8FF1F01DD00006922010086
S113F8680000000000000000011400000000000077
S113F878192E01000000000001130000AD2601004C
S113F8884D2A0100792A0100010D0000C337010047
S113F8980000000000000000010B000005DC00006F
S113F8A8B9DC000000000000010A0000F11B01009F
S113F8B800000000000000000109000027340100D6
S113F8C8D1340100D33401000107000045080100C8
S113F8D8C90C01004D0E0100010300008130010034
S113F8E8CD3101000000000001DC00008B2C010078
S113F8F8232D01000000000003040507090A0B0C6E
S113F9080D11121314DCDD8D90939700026802F038
S113F918004301215202520A02D106E05200491E54
S113F9285FEA022CFAD55202520A1A4302600846C8
S113F93870470268C2F3C752FF2A06D10068400222
S113F94801D1012070470220704703685B0016D07C
S113F958C2F19602521A012A11DB182A04DB016843
S113F96801F00041016007E0012191400268491E4D
S113F97811404A40026011B14FF0FF307047002037
S113F98870470000014800F0CABE0000A00C002027
S113F998DFED060A9FED061A00EE201ADFED050AD0
S113F9A841EE000AB0EE600A704700001502993E65
S113F9B811AECC3EC0AA2A3F10B5044682B0D4ED9D
S113F9C8000ACDED000A0098C0F3C750FF280AD0FA
S113F9D810B14FF0FF300BE0009840020CBF00203C
S113F9E86FF0010004E00098400214BF02200120D7
S113F9F88DED000A009AC2F3C752FF2A0AD012B149
S113FA084FF0FF320BE0009A52020CBF00226FF055
S113FA18010204E0009A520214BF022201220300E8
S113FA2848BF002A43D4022800F0BB80022A08BF3A
S113FA3884ED000A1BD03AB99FED5A1AF4EE410A34
S113FA48F1EE10FA0CD03DE0012A12D19FED561ABE
S113FA58F4EE410AF1EE10FA18BF84ED000A46D11B
S113FA68FFF790FF212101606FF000402060022021
S113FA7816BD70B984ED000A204600F051FE04005A
S113FA8818BF012C40F08C80FFF77CFF2221016015
S113FA9886E09FED441AF4EE410AF1EE10FA0DD116
S113FAA8DFED400A20EE200A84ED000A1FE09FEDF6
S113FAB83F1AF4EE410AF1EE10FA07D5DFED3C0ADD
S113FAC820EE200A84ED000A002016BD9FED391AA5
S113FAD8F4EE410AF1EE10FA0BDBDFED320A20EE08
S113FAE8200A84ED000AFFF74DFF2221016001205E
S113FAF816BD9FED311A20EE811AB5EE401AF1EECB
S113FB0810FA4CBFFEEE001AF6EE001A31EE211A76
S113FB18BDEEC11A11EE100AB8EEC11ADFED271AAC
S113FB2841EE610ADFED261A41EE610A9FED251ABE
S113FB38F4EE410AF1EE10FA06DB9FED231AF4EE17
S113FB48410AF1EE10FA1DD420EEA01A9FED1F2AE7
S113FB58F6EE002ADFED1E1A41EE022A61EE211AA2
S113FB6862EEA00A31EEA01A71EEE00AB7EE002A9E
S113FB78F7EE001A31EE021A70EEA10AC1EE200A5D
S113FB8820EE800A091884ED000A204600F0C8FD1A
S113FB98040018BF012C03D1FFF7F4FE22210160F1
S113FBA8204616BD0000807F000080FF000065C36A
S113FBB800000000010065433BAAB83F0060313FE4
S113FBC8BFBF9039000000B3010000331354083C50
S113FBD89EBFCC3D841A71EB030604D26E40001B11
S113FBE8B141121973414FF4001C1CEB410F34BF8F
S113FBF87CEB430684E00C0DA4EB1356362E7DDC17
S113FC08012E43DC45EAC32343EA525312BFD2020E
S113FC1892025B08240545EAC12141EA5051D2EB1E
S113FC28C020994125D407D1B0FA80F610FA06F11C
S113FC3864D00020203608E0B1FA81F6B140C6F15C
S113FC48200220FA02F21143B0404FEAF474B4EBF4
S113FC58465434F001064FEA74040AD8D6F500165F
S113FC68760D04F00044F04061FA06F25040F14089
S113FC784840C00A40EA415021F0004128BF5FEAE9
S113FC88500550F1000044EBD12137E045EAC32385
S113FC98DB0A45EAC121C90AB6F120050EDD42EAAC
S113FCA80242120CC5F1200603FA06F6EB4042EABA
S113FCB806056D42984161F100010DE062FA06F50E
S113FCC8F240554063FA06FC82EA0C02F3405A40BB
S113FCD86D42904161EB030111F4801F05D1641E4C
S113FCE8620502D06D004041494121F48011430866
S113FCF875F1004350F1000041EB045170BC7047AA
S113FD081CEB410F15D223F0004352EA43060BD0F3
S113FD184FEA4C0CBCEB410F04D80C0D661E342E74
S113FD28B7DDEBE7801A994150EA410608BF002184
S113FD38E4E708BF1CEB430F28BF6FF00001DDE7C1
S113FD4862F30F2262F31F42401810F0030308D035
S113FD58C91A1FD3DB0748BF00F8012D28BF20F8B4
S113FD68022D130030B414461546103928BF20E973
S113FD783C00FAD8490728BF20E90C0048BF40F8DE
S113FD88042D890028BF20F8022D48BF00F8012D52
S113FD9830BC7047C91818BF00F8012DCB0728BF1D
S113FDA800F8012D704700000746384600F01CFD96
S113FDB8FBE7000010B5DFF88046002084F8AA00AD
S113FDC80F219A2084F8A000002084F8A60084F863
S113FDD8A70084F8A80084F8A90084F8AB001020D0
S113FDE8207002206070A07800F00F00A07000203E
S113FDF884F8AC0084F8A30084F8A20084F8AD0069
S113FE0804F1C400FAF776F900220023052110460C
S113FE18FAF70EFE002084F8AE0084F8AF0084F8E8
S113FE28A40084F8A500A4F8B20084F8B000A4F8EB
S113FE38BA000120A4F8B80010BD0020704700B52E
S113FE48DFF8F405B0F8BA1081B031B1491EA0F852
S113FE58BA10002180F8A61001E000F07DF800F047
S113FE684BF901B05DF804EBFAF7F1BFDFF8C825E8
S113FE7892F8A8300021022B02BF92F84F3003F009
S113FE880F03834204D1012002F14C0182F8A80037
S113FE9808467047DFF8A01591F8A820012A02BF88
S113FEA891F84F2002F00F02824204BF002081F82B
S113FEB8A8007047DFF8801591F8A92000201AB926
S113FEC8012081F8A9000846704710B5DFF8684595
S113FED894F8A90001283DD12079472835DAA0B340
S113FEE8A1780F2211422BD01022227001F00F01A9
S113FEF80222A1706270E17894F8AB2001F00F013E
S113FF0841EA0211E170C21CD2B2A11CFF20FAF727
S113FF18A5FC21790919487194F8AB00401CC0B2BA
S113FF281028A8BF012084F8AB00032084F8A4009B
S113FF380A2084F8A500022084F8A900002010BD36
S113FF480021032084F8A91010BD0021022084F8A0
S113FF58A91010BD012010BD10B504210020FAF726
S113FF6803FFDFF8D44468B1222184F8A3100321E5
S113FF7884F8A21094F8A010042906DA042184F85D
S113FF88A01002E094F8A31049B194F8A310491EF4
S113FF9884F8A310C9B211B984F8AD1007E094F835
S113FFA8AD1031B1491E84F8AD10C9B209B984F84D
S113FFB8AC1094F8A61019B102294FD014D396E0C6
S113FFC894F8A000002804BF94F8A900022840F07F
S113FFD8918094F8AC00142880F28C80FF210020D2
S113FFE8FAF762FE012083E0002184F8A61070B9B4
S10BFFF894F8A0002228BCBF0C
S214010000222084F8A000BDE810400A4600230521FE
S2140100101046FAF711BD012870D10020FAF76EFEDE
S21401002084F8AE0005210020FAF7A2FE84F8AF009E
S21401003094F8AF00002804BF94F8AE00FF285DD105
S2140100400020A4F8B200C4F8BC40C4F8C04020792F
S214010050801DA4F8B400012084F8AA0000F0C8F9B5
S214010060022049E094F8AA00022816D1002084F85C
S214010070A60094F8A50030B1401E84F8A500022021
S21401008084F8A90010BD84F8A90094F8AC00FF28F4
S21401009034D0401C84F8AC0010BD00F0A9F994F8E7
S2140100A0A20058BB94F8AA00032821D1A07800F03A
S2140100B00F000F2818BF0E280FD094F8A41019B1FE
S2140100C0481E84F8A40013E00122B4F8B81002FA1E
S2140100D000F021EA0000A4F8B800002084F8A90086
S2140100E094F8AC00FF2806D0401C84F8AC0002E06F
S2140100F0022084F8A900002084F8A60010BD0000A4
S21401010030B581B004210020FAF732FE0500CC4C50
S2140101100CD0222084F8A300032084F8A20094F8CF
S214010120A0000428BCBF042084F8A00094F8B00006
S21401013050B1401E84F8B000C0B228B994F8A800A7
S21401014010B1002084F8A80094F8A00010B1401E59
S21401015084F8A00094F8A20018B1401E84F8A2000A
S21401016005E094F8A70010B1002084F8A70094F8E1
S214010170A600012807D101B030BD022084F8AA00EC
S2140101800020FAF7F9FCEDB2002DF4D06D1E002028
S214010190FAF7B4FD84F8AE0005210020FAF7E8FD71
S2140101A084F8AF0094F8AA0001281CD1002084F836
S2140101B0A700B4F8B20094F8AE10D4F8C020825C60
S2140101C09142DAD194F8AF100129D6D0401C21799A
S2140101D0A4F8B200891D80B289B28842D3D3032025
S2140101E084F8AA00CFE794F8AF00002840F0FC801E
S2140101F094F8A700072800F2F780DFE800F0050F63
S2140102003C68789DBB04BEE794F8AE0084F898007D
S2140102101028B8D1012084F8A700B4E7002084F89C
S214010220A70094F8AE0084F89900022805D184F856
S214010230A700FF2084F8A100A5E7062804BF94F8CC
S214010240A60002289FD10121A278B4F8B80002F0D6
S2140102500F0291400843A4F8B800002084F8A900D2
S21401026094F8AC00FF281CBF401C84F8AC000020AA
S21401027084F8A60087E794F8AE0084F89A0094F80C
S214010280AE1094F8A100FAF716FB94F89A2084F8B9
S214010290A1000121B4F8B800120991400843A4F85E
S2140102A0B80094F89A0010F00F0014BF0F2803202E
S2140102B0B1D0072084F8A70094F89A0000090F2807
S2140102C0BFF461AF0019002180F8C4105BE794F811
S2140102D0AE0084F89B0094F8AE1094F8A100FAF7EB
S2140102E0EAFA84F8A100042084F8A7004BE794F802
S2140102F0AE0084F89C0094F8AE1094F8A100FAF7CA
S214010300DAFA84F8A10094F89C00472810DA94F8E9
S214010310A80068B9052204F1980104F14C00FAF727
S2140103205FFB052084F8A7000020A4F8B6002AE7A2
S214010330072084F8A70026E794F8AE00B4F8B610B4
S214010340091981F8510094F8AE1094F8A100FAF753
S214010350B2FA94F8501084F8A100B4F8B600401C24
S214010360A4F8B60080B28842FFF40DAF062084F8E8
S214010370A70008E794F8AE00B4F8B610091981F89A
S214010380510094F8AE0094F8A11088422CD194F84C
S2140103909A0000090F2827D2001994F89B1090F8AC
S2140103A0C4000909814200D141B994F8500028B12E
S2140103B0192084F8B000022084F8A80094F89A0066
S2140103C094F89B1004EB1010090980F8C4100F2153
S2140103D094F89A00084207D110210020FAF768FC29
S2140103E006210020FAF764FC002084F8A700CAE67C
S2140103F030B5134CB4F8B40081B0F0B1642084F881
S214010400AD0003210020FAF7B3FC0546062DA8BF70
S2140104100525B4F8B400A84238BF0546EDB2401B26
S214010420A4F8B4002A46D4F8BC100020FAF7B8FBAA
S214010430D4F8BC002818C4F8BC0001B030BD0000D8
S214010440B40F002010B5DFF8D842412020770C22E7
S214010450002020636062E07600212046F4F76CFD00
S21401046000202083FBF7C7FBA0624120A076002076
S214010470FDF740FB60844FF47A71BDE81040FDF74C
S21401048081BB000030B581B00C46FBF7BCFA0128F1
S21401049002BFDFF88C52287E032817D1A87E84423B
S2140104A088BF0446697E0FF27C20AC76095C012089
S2140104B000F0CDFC0420287601B0002028844FF4FB
S2140104C07A71688CBDE83040FDF75CBB01B030BD89
S2140104D02DE9F0410FF24C240D4690461F4620466A
S2140104E00178FF295FD010F8011B8D4214D00178E6
S2140104F0FF2958D010F8011B8D420DD00178FF2935
S21401050051D010F8011B8D4206D00178FF294AD040
S21401051010F8011B8D42E3D1FBF775FA012802BFE3
S214010520DFF8FC61307E04282AD1F783002030846E
S2140105300520307638002ED0B17E0D1FEDB2042D89
S21401054004DB690805EB917189088D0039B2A9426F
S214010550B4BFFDB2042D05DB681005EB907080106A
S2140105608500EDB2707E015D2B460022012000F071
S21401057084FC01280FD1308C50FA85F030840AE0D3
S214010580FBF7F2F938B92846FBF71BFB80451CBF81
S2140105900120FBF7CDF94FF47A71BDE8F0416048D0
S2140105A0408CFDF7EFBABDE8F08130B55C4CA08118
S2140105B00025A58481B02588E18162822382854257
S2140105C001BF60888842E07E012807D1E08CE28086
S2140105D0A380C821FDF7D6FA0420E07601B030BD2D
S2140105E030B54F4C228881B01D46824201BF6088DB
S2140105F08842E07E012828D10499206B2A46FAF722
S214010600DFF9206BA38C28182063208A834216D238
S214010610217F8D1FC01A80B2EAB2904238BF0546CC
S214010620EDB2E289A1890095012000F047FC01287E
S2140106300BD1A08C50FA85F0A08401B030BDE08CBF
S214010640C821FDF79FFA0420E07601B030BD70475F
S214010650F0B581B004460E4615461F46FBF7D3F9A2
S214010660012808BF012C58D12D4C218C16FA85F093
S214010670884204BF207E05284FD1A06A32463946FB
S21401068010FA85F000F0E1FCE08B228C824225D244
S214010690A17E0D1FEDB2801A042D04DB690805EB5F
S2140106A0917189088D0001B2A942B4BFC5B2042D6B
S2140106B005DB681005EB907080108500EDB2617E59
S2140106C00FF26000095C2B46012000F0D6FB0128E2
S2140106D01BD1208C50FA85F0208416E0617E0FF243
S2140106E04402491C6176C9B2895CFF290BD0A26A13
S2140106F012FA80F0A062012000F0A9FB0420207607
S2140107000020208401E0062020764FF47A71608C68
S21401071001B0BDE8F040FDF735BA01B0F0BD00000C
S214010720C0FBFF1F02FF704738B504460D46206820
S2140107304000000EFF2804D12068400216D0022097
S21401074032BD20B92046FFF7E5F8012849DA012D28
S2140107500EDBC0F1FF018D420AD3206800284CBF92
S2140107609FED210A9FED210A84ED000A012032BD8A
S2140107704142A942216806DA21F0FF41401941EAC7
S214010780C050206027E001F0004122685202401E5E
S214010790520A451942F4000205F118002260182891
S2140107A028BF21601DD200206A4207D02068C2F10E
S2140107B020039840236823FA02F2226022680A4343
S2140107C02260B0F1004F03D808D12078C00705D5C4
S2140107D02068401C20604FF0FF3032BD2068884200
S2140107E0F9D1002032BD00BF000080FF0000807FED
S2140107F080B5C046C046024A11001820ABBEFBE7D2
S2140108002600020030B5DFF84046002081B0207097
S21401081000F012FC0123012213210720FDF7FEFE42
S214010820050005D00221FDF704FF2846FDF7CCFFA1
S214010830FFF70DFF6420608001B0BDE8304000F096
S21401084023BD00002DE9F043064683B0307900F061
S2140108501F000024751D401E1D2800F22F82DFE8B0
S21401086010F01E002D0225002D0253005900AE0087
S2140108708A00C1009700C9000B012D022D02E60176
S214010880FF012D021F022C0149016F01A6012D0255
S2140108902D022D022D022D022D022D029F0028462B
S2140108A000F073FF71784A1FE91C05E0284600F046
S2140108B061FF71788A1F291DFAF782F8204603B076
S2140108C0BDE8F08300F064FD05462B460F220521A6
S2140108D00720FDF75DFE060000F0F18100F055FDF2
S2140108E001462A463046FDF7DAFE00F051FD401B70
S2140108F0012803DB707840F0800070703046FDF709
S21401090063FF002D40F0DB8100F042FD4228D9DB79
S2140109104125DAE72D78284600F03CFD060010D187
S21401092002230F221F210720FDF732FE060000F0EA
S214010930C6812946FDF77DFE05213046FDF779FE85
S21401094069E106230F2206210720FDF721FE070095
S21401095000F0B5812946FDF76CFE71883846FDF733
S214010960BEFE31793846FDF764FE31883846FDF71C
S214010970B6FE384650E130782978000900F00CFDC3
S214010980002840F09C810124204603B0BDE8F08396
S2140109903078000900F0FCFD204603B0BDE8F08386
S2140109A030782D780209012308210720FDF736FE4D
S2140109B0060000F084812946FDF73BFE2BE1A9786D
S2140109C0687800F0EAFE02467078401FC0B20090D8
S2140109D0EB1C30782978000900F05CFD204603B056
S2140109E0BDE8F0833078000900F0B3FD204603B07F
S2140109F0BDE8F0833078020914230B210720FDF7A8
S214010A00C7FD050000F05B810020FBF7DAF8014620
S214010A102846FDF764FE2046FBF7F1F80146284616
S214010A20FDF795FE2046FBF701F901462846FDF73E
S214010A308EFE0120FBF7C5F801462846FDF74FFE5E
S214010A400120FBF7DCF801462846FDF780FE012071
S214010A50FBF7ECF801462846FDF779FEFBF7CBF8E5
S214010A6001462846FDF773FEFBF7C7F80146284600
S214010A70FDF76DFE2846CFE0284600F07BFE804657
S214010A8030782D79060941460120FBF7C0F80700AA
S214010A9000F0C8803E2DA8BF3D252B1DDBB2324697
S214010AA00C210720FDF774FD060000F0BB804146CF
S214010AB0FDF74DFE2A463946AAE0307875790209D7
S214010AC0052313210720FDF763FD060000F0F780DC
S214010AD02946FDF7AEFD2846FBF773F8014630467A
S214010AE0FDF7FDFD2846FBF7A1F881B23046FDF77C
S214010AF0F6FD90E0681C00F055FE8046EF783078F1
S214010B002D78060941462846FBF781F85FEA000979
S214010B1000F088803D2FA8BF3C27FB1CDBB2324685
S214010B2014210720FDF734FD06007BD02946FDF78A
S214010B3080FD41463046FDF7D2FD3A46494667E01C
S214010B40A81C00F02FFE0746284600F02BFE05469F
S214010B5030780209082315210720FDF719FD060044
S214010B6000F0AD802946FDF7BAFD39463046FDF75F
S214010B70B6FD00AA39462846FBF70FF801280DD125
S214010B80BDF8042000984FF6FF71F4F78BF8014684
S214010B903046FDF7A4FDBDF8041004E00021304600
S214010BA0FDF79DFD21463046FDF799FD33E0281DF2
S214010BB000F0F8FD8046A81C00F0F4FD0746284624
S214010BC000F0F0FD81463078AD79060900AA394675
S214010BD04846FAF7E2FF012824D13C2DA8BF3B2561
S214010BE0AB1DDBB2324616210720FDF7D1FC06000D
S214010BF018D04946FDF773FD39463046FDF76FFDBF
S214010C0041463046FDF76BFD00982A4608EB000189
S214010C103046FDF744FD3046FDF7D6FD204603B0CD
S214010C20BDE8F0830824204603B0BDE8F083FAF758
S214010C30EAFE01282FD1284600F09CFD054606F164
S214010C40090000F097FD0146284600F0A9FAE8B928
S214010C500F2001900094002330780209112126E02C
S214010C60FAF7D1FE012816D1284600F083FD96F842
S214010C7048100A1F291D00F0E8F938B91020019024
S214010C800094002330780209112110E00624204642
S214010C9003B0BDE8F0830224204603B0BDE8F0832C
S214010CA004200190009400233078020912210720C5
S214010CB0FDF70AFE204603B0BDE8F0830524204672
S214010CC003B0BDE8F0830000F0B5044681B020799A
S214010CD000F01F00651D401F1A2800F2B280DFE8F1
S214010CE000F00E17B0B031B03850B0B0B0B0B0B000
S214010CF05A6F8099B0B0B0B0B0B0B0B0280062788A
S214010D002078294601B0BDE8F040000900F08CBB10
S214010D10281D00F047FD0646681C00F043FD0096BE
S214010D2003462078EA782978000900F084FB01B0B0
S214010D30F0BD6A782978207801B0BDE8F040000956
S214010D4000F0ECBB207801B0BDE8F040000900F0EF
S214010D50E3BB20780009042808BF012606D0012835
S214010D6008BF002602D000286BD10226E01D00F045
S214010D7001FD0746284600F015FD0246BBB2314686
S214010D8017E0284600F0F6FC82B294F8480004F119
S214010D900903011F1DE02C490120087004F1080019
S214010DA000F000FD0546A01D00F0FCFC61792B4615
S214010DB00246207801B0BDE8F0400009FFF788BB85
S214010DC0A01D00F0EFFC024694F8480004F1080369
S214010DD0C11E207801B0BDE8F040C9B20009FFF796
S214010DE037BC04F10B0000F0DDFC064604F10900F7
S214010DF000F0D8FC0746E01D00F0D4FC0446284667
S214010E0000F0D0FCF3B23A46214601B0BDE8F0400E
S214010E10FFF7CBBB04F1090000F0C4FC0646E01D59
S214010E2000F0C0FC0746284600F0BCFC04F10B01AC
S214010E300091324694F848108B1FDBB23946FFF713
S214010E40CFFB01B0F0BD0000F4FDFF1F704770B589
S214010E500C460025FF2C0ED0024601231321072045
S214010E60FDF7DCFB060006D02146FDF7E2FB304627
S214010E70FDF7AAFC0125284670BDF0B515460C46BF
S214010E801E46024681B0042314210720FDF7C6FB47
S214010E90070010D02146FDF7CCFB29463846FDF762
S214010EA01EFC31463846FDF7C4FB3846FDF78CFC80
S214010EB0012001B0F0BD002001B0F0BDF0B515462F
S214010EC00C461E46024681B0072316210720FDF771
S214010ED0A5FB070014D02146FDF701FC294638463C
S214010EE0FDF7FDFB31463846FDF7F9FB0699384616
S214010EF0FDF79FFB3846FDF767FC012001B0F0BD0A
S214010F00002001B0F0BD10B50246002400230521E3
S214010F100720FDF783FB10B1FDF756FC044620467B
S214010F2010BD70B50C460246002501230621072098
S214010F30FDF774FB060008D02146FDF77AFB044650
S214010F403046FDF741FC00EA0405284670BD70B541
S214010F500C4602460025012308210720FDF75EFB0B
S214010F60060008D02146FDF764FB04463046FDF72F
S214010F702BFC00EA0405284670BD2DE9F04381B03C
S214010F801646089C98460D46E31C02460027DBB22F
S214010F9007210720FDF742FB5FEA00090FD029462B
S214010FA0FDF747FB31464846FDF799FB2246414689
S214010FB04846FDF774FB4846FDF706FC0127384610
S214010FC001B0BDE8F08300B5024681B000230A21D6
S214010FD00720FDF723FB20B101B05DF804EBFDF718
S214010FE0F3BB01B000BD70B515460C4602460223A0
S214010FF01F210720FDF7CCFA06000BD02146FDF78E
S21401100018FB29463046FDF714FB3046BDE8704014
S214011010FDF7DABB70BD00B5024681B00023092199
S2140110200720FDF7B5FA20B101B05DF804EBFDF736
S214011030CBBB01B000BD00008C49012008708C4874
S214011040016849084900016070472DE9F0470446E8
S2140110500D46042087491646A14240D286493219D8
S21401106091423CD314F0030F18BF052037D17F4FB0
S214011070DFF80892002038704BF280484AF2026A84
S21401108010E038BBEFF3108072B6A9F800A0A9F8FB
S214011090008080F31088204655F8041B00F0A4F861
S2140110A0241D361F042EECD2012E03D1286860F0D1
S2140110B0FF010CE0022E05D1286840F07F4141F483
S2140110C07F0104E0032E05D1286840F07F412046C9
S2140110D000F08AF800280CBF012102213970BDE812
S2140110E0F08770B5614900220A700424EFF310827C
S2140110F072B6634B1D7805F07F051D7000255D7087
S21401110042F21075DE78012E01D06D1EFAD182F3FF
S214011110108810F0030F01D0042070BD554A82429A
S2140111203CBF554A904235D2564A137802248BB3B7
S2140111300024EFF3108372B6504D4AF202662E80F9
S2140111404BF280462E8083F31088EFF3108572B63B
S214011150302313700923D371030C9371030A53715F
S2140111601071107840F08000107010780006FCD5E1
S2140111701078800648BF04241078C00648BF0324B0
S2140111801078C00708D5022402200870F6F7F3F895
S21401119085F31088204670BD002CF5D10120F4E7B8
S2140111A0F0B50446042081B014F0030F1AD1314A79
S2140111B0A2423CBF304A914214D2091B0020CD0AFC
S2140111C000262A4F05E02046FFF78BFF04F5006452
S2140111D0761CF6B2B54205D3002804BF387801283C
S2140111E0F1D0032001B0F0BD70B5EFF3108472B6F4
S2140111F0EFF3108272B6224B1D7805F07F051D7045
S21401120000255D7042F21075DE78012E01D06D1E4C
S214011210FAD182F310881B4A302313700623D37148
S214011220030C9371030A53711071080ED072080CE7
S2140112309072080A50721172107840F08000107097
S21401124010780006FCD500251078800648BF0425D6
S2140112501078C00648BF03251078C00748BF02258E
S214011260F6F789F884F31088284670BD08FEFF1F3C
S2140112704C800440FFE70100010002000C200540FD
S21401128000E007400000024010B5DFF8D44400201B
S21401129084F8580084F85B0084F85900A4F85E00CE
S2140112A00022FF2084F85A0007210020A06604F1DE
S2140112B0B400F3F741FE00222A2104F12C00F3F7D3
S2140112C03BFE002000F036FB010004D0062220463B
S2140112D0F9F776FB02E0208020716080012000F0A3
S2140112E029FB28B101460622A01DF9F769FB02E099
S2140112F0E080A0722081022000F01CFB30B1014684
S214011300062204F10C00F9F75BFB02E0A0812074D1
S214011310E081032000F00EFB30B10146062204F105
S2140113201200F9F74DFB02E06082A075A08204204E
S21401133000F000FB30B10146062204F11800F9F76F
S2140113403FFB02E0208320776083052000F0F2FA5D
S21401135030B10146062204F11E00F9F731FB03E025
S214011360E08384F822002084062000F0E3FA38B1F6
S214011370014604F12400BDE810400622F9F720BB1F
S214011380A08484F82800E08410BD0FF2E030704796
S2140113900720704700F0CEBAF0B5DFF8C453044614
S2140113A095F85800002781B00E46002839D13046FE
S2140113B000F0C0FA80B30021002E1CBF0121012ECF
S2140113C00FD00221022E1CBF0321032E09D00421B7
S2140113D0042E1CBF0521052E03D00621062E18BF9C
S2140113E0FF2185F85A1095F85A30FF2B14D0014684
S2140113F003EB4300062205EB4000F9F7E1FAA5F8F6
S2140114005E70012085F85800012785F85960A5F817
S2140114106040384601B0F0BD052231462046FFF750
S214011420E2FD384601B0F0BD082A28BF0722DFF8E2
S2140114303403F9F7C5BA084630B411461A460023F4
S21401144082B000281CBF012301280FD002230228E6
S2140114501CBF0323032809D0042304281CBF05232B
S214011460052803D00623062818BFFF23072B0EDA0C
S214011470DFF8EC4203EB430504EB4504E28584F810
S2140114803010049BA38502B030BC00F0C7BA02B08E
S21401149030BC704770B5B24D044695F85B00A8BBEA
S2140114A085F85C1000291CBF012001290DD00220FF
S2140114B002291CBF0320032907D0042004291FBFCB
S2140114C005200529062006291ED1FF281CD000EB81
S2140114D0400605EB46000679012E1CBF90F8300049
S2140114E001280FD1A5F862201946049AA5F86420B0
S2140114F005F17000F9F764FA012085F85B00A5F89C
S214011500664070BD042202E0052200E00322204668
S214011510BDE87040FFF767BD00F085BA00200029DE
S2140115201CBF012001290FD0022002291CBF032065
S214011530032909D0042004291CBF0520052903D04E
S2140115400620062918BFFF200728BCBF864942543B
S214011550704710B5824C94F85800032817D194F8B8
S2140115605A00FF280BD000EB400104EB4100B4F811
S2140115705E104088401A80B208B1012005E0B4F838
S2140115806000C0B2FFF71FFD002084F8580010BDB0
S214011590734890F85C0000F000BA000030B5704C5B
S2140115A094F8580081B0052800F29E80DFE800F02C
S2140115B09F0334789C9494F85A00FF2824D000EBBB
S2140115C0400204EB4200B4F85E104088451A94F8D5
S2140115D05900ADB23D2D0BDA2A4600F0BFF998B19D
S2140115E0022084F858004FF47A70A4F86C007EE06C
S2140115F03C2200F0B3F938B1022084F858004FF4C9
S2140116007A70A4F86C0072E0052084F858004FF454
S2140116107A70A4F86C006AE0B4F85E1094F8590089
S21401162000F0A8F903002FD094F85A00B4F85E2011
S21401163000EB400104EB41004088851AADB23D2D18
S214011640A8BF3C25E8B20090B4F8600094F85910A1
S214011650C0B2FFF792FC01280CD1B4F85E0028183E
S214011660A4F85E00032084F858004FF47A70A4F8BA
S21401167068003CE0B4F86C00401EA4F86C0080B230
S214011680002834D1052030E0002084F858000622D6
S214011690B4F8600094F85910C0B2FFF7A4FC26E035
S2140116A0B4F86800401EA4F8680080B240B9B4F8E7
S2140116B0600094F859100122C0B2FFF794FC13E0C1
S2140116C094F85A0000EB400104EB4100B4F85E10B8
S2140116D0408888420BD107E0B4F8600094F85910AE
S2140116E00522C0B2FFF77FFC002084F8580094F86A
S2140116F05B0098B3022813D02DD2B4F86430B4F846
S214011700621094F85C00DBB204F1700200F038F964
S21401171001280CD14FF47A70A4F86A0002201BE06D
S214011720B4F86A00401EA4F86A0080B240B9B4F862
S214011730660094F85C100222C0B2FFF754FC0AE07F
S21401174094F85C0000F02AF9012807D1B4F8660085
S214011750C0B2FFF760FC002084F85B0001B030BD2A
S214011760881000203C110020D0FDFF1F000102035D
S2140117700405060042780178120402EB01618278C2
S214011780C07801EB0221081870470178427880780A
S214011790120202EB014108187047000250FA81F06C
S2140117A080B270470178407800EB012080B2704724
S2140117B0CA0801F00701105C0FF2380232F8111066
S2140117C0084201D0012070470020704730B4002243
S2140117D061B103785FF0800404EA0305012DA8BF18
S2140117E0521C6408F8D1401C491EF2D130BC90B29C
S2140117F070470000010002000400080010002000ED
S2140118004000800010B5894C6088FCF7E3F9042895
S21401181003D10020FCF76EF9608060884FF6FF71F7
S214011820884204D0FA21FCF7ADF9002000E0092037
S21401183020700020E06041F28830A08000206070B7
S21401184010BD000010B5794CFDF738F880076088A8
S2140118505DD5FCF7BFF902284FD1A088401EA080B5
S214011860207808BBFAF780F8002862D10120FFF73C
S2140118704AFB00210120FFF754FB01210120FFF75D
S21401188050FB03210120FFF74CFB04210120FFF749
S21401189048FB06210120FFF744FB6088FA21FCF78C
S2140118A071F90120207010BD401E082841D8DFE8DC
S2140118B000F0050B0E401012401D200000210120F3
S2140118C0FFF745FBFA210CE00121012005E0032189
S2140118D002E0042100E006210120FFF738FB4FF467
S2140118E0FA716088BDE81040FCF74CB909202070F9
S2140118F010BD41F28830A08010BD2078092818DA82
S214011900A088B0B9207041F28830A08010BD4FF693
S214011910FF71884204D0FA21FCF734F9002000E078
S214011920092020700020E06041F28830A08000206D
S214011930607010BD3E4900220A80042803D00628A4
S21401194005D00846704701200871042002E00120F6
S21401195008711120488008467047000000210628BB
S21401196006D8DFE800F0040404040405040001219D
S214011970084670470021062808BF2E4908467047CA
S2140119802A4B93F801C00021BCF1000F03D1FF28B8
S2140119901CBFDA60012108467047704710B5234C1A
S2140119A0E168024682B00020B1B3062A32D8DFE8E9
S2140119B002F0040D31161F312C00207A40F0010090
S2140119C0207202B002202070012010BD207A40F063
S2140119D00200207202B003202070012010BD207A80
S2140119E040F00400207202B005202070012010BDD6
S2140119F0042200A8F8F7E4FF207A40F008002072DD
S214011A0002B006202070012010BD0820207002B010
S214011A10012010BD0921217002B010BD04480380C9
S214011A200171428070470020FFF7CDBA54FDFF1FB9
S214011A30C0FDFF1F2CFDFF1F10B5F5F7F1FC0128B7
S214011A4012D0DFF878464FF408712046F8F756FBB7
S214011A504FF47A702080012084F81A02002084F85E
S214011A604301012084F81E0210BD2DE9F041DFF884
S214011A704C4694F8160282B0002840F0B58094F8DF
S214011A801A02022813D0032840F0AE8000F022FB91
S214011A902188B0FBF1F094F84311C0B2814200F006
S214011AA0A18084F84301012084F81D029AE000F029
S214011AB011FB2188B0FBF1F094F84311C0B28142CA
S214011AC004D084F84301012084F81D0294F81D0215
S214011AD0012840F08980002084F81D02002594F832
S214011AE0190284F8440104F59076401C84F8190222
S214011AF004F10807012060803078C0071FD53868D8
S214011B0020B306CF00A8083F06C060889DF8048071
S214011B1050FA88F1491CD22918DA0019424680F891
S214011B20445160880099401C608080B2001900F51D
S214011B30A270F8F745FF608850FA88F060806D1C47
S214011B40EDB20837761C232DD6DB06E094F81E028C
S214011B50012804BF002084F81E02608802282FDBBB
S214011B60002084F81802021994F8181292F84421F9
S214011B705118401C628884F8181280B290421DD217
S214011B800319401C93F84431591880B284F818128E
S214011B90904213D20319401C93F84431591880B26D
S214011BA084F81812904209D20319401C93F8443164
S214011BB0591880B284F818129042D4D30020A0801D
S214011BC06088022810DB94F81A02022807D003283E
S214011BD00AD1022084F81A0202B0BDE8F08103207F
S214011BE084F81A0200F003FA02B0BDE8F0817047EB
S214011BF02DE9F04282B0017990F8484001F01F01CA
S214011C00451D0726491E132900F2EC81DFE811F075
S214011C108601EA011400EA0178005200DA00930016
S214011C203A0035014A01EA01EA01EA01EA01EA015C
S214011C30EA01EA01EA01AE01002C00F0D481DFF8E6
S214011C407C74297897F81A0289B9801E012800F257
S214011C50BF81012087F81A020026002087F8430179
S214011C6002B0012087F81E023046BDE8F082012846
S214011C7040F0AE81022087F81A020026304602B0F4
S214011C80BDE8F082032CC0F2AE812C78681CFFF709
S214011C9089FD002C0CBF0A2101218842C0F0A381D6
S214011CA0DFF8187487F8164238800026304602B0EE
S214011CB0BDE8F082DFF80474B86828B197F820010F
S214011CC040F0010087F82001012007F2211107F1F9
S214011CD0100213681BB10B7843F001030B70401C14
S214011CE093681BB14B7843F001034B70401C1032D4
S214011CF0891C2328EDDB0026304602B0BDE8F082C1
S214011D00DFF8B87397F8200100F0FE0087F820018D
S214011D10112107F22110027802F0FE0202704278C9
S214011D2002F0FE024270801C491EF4D100263046A5
S214011D3002B0BDE8F08200260021012CC0F25381DA
S214011D40DFF87873E00710D5287823280BDA07EB3D
S214011D50C001896839B1C01990F8201141F001011C
S214011D6080F8201100E007260121600800F03B8181
S214011D70C9B24A5D232A0BDA07EBC2039B683BB163
S214011D80D21992F8203143F0010382F8203100E0A5
S214011D900726491CC9B24A5D232A0BDA07EBC203A0
S214011DA09B683BB1D21992F8203143F0010382F8C7
S214011DB0203100E00726491C401ED9D1304602B02A
S214011DC0BDE8F08200260021012CC0F20C8114F03F
S214011DD00300DFF8E8720FD0C9B24A5D232A07DA9A
S214011DE0D21992F8203103F0FE0382F8203100E088
S214011DF00726491C401EEFD1A00800F0F480C9B2A6
S214011E004A5D232A07DAD21992F8203103F0FE033D
S214011E1082F8203100E00726491CC9B24A5D232A10
S214011E2007DAD21992F8203103F0FE0382F8203146
S214011E3000E00726491CC9B24A5D232A07DAD219EF
S214011E4092F8203103F0FE0382F8203100E00726E5
S214011E50491CC9B24A5D232A07DAD21992F8203101
S214011E6003F0FE0382F8203100E00726491C401EDD
S214011E70C5D1304602B0BDE8F082062CC0F2B38070
S214011E802878232880F2AF808C4F07EBC00468784F
S214011E902073A81CFFF76EFCA0600026304602B037
S214011EA0BDE8F082012C19D12878FF2819D1834F7B
S214011EB007F5907407F10805232600220821284615
S214011EC0FDF742FF207800F0FE00083504F8010B0C
S214011ED0761EF2D1304602B0BDE8F082012CC0F287
S214011EE08280764F95F80090B9F1230F0FDA07EB51
S214011EF0C900002208210830FDF726FF09EB07007C
S214011F00002690F8201101F0FE0180F820116D1CCA
S214011F10641EE7D1304602B0BDE8F082002C62D0E4
S214011F202C78232C5FDA654A02EBC40151F8082F9E
S214011F30002A58D028C900AA022128C29DF80450B8
S214011F4000786B1C0209DBB20A20FCF7B7FA0646DA
S214011F502146FCF76EFB01283FD100992A46304600
S214011F60FCF79DFB012838D130462DE000780209A8
S214011F70022315210A20FCF7A1FA04460021FCF7EA
S214011F8058FB012829D123212046FCF752FB0128C2
S214011F9023D14A4FB868002100B10121012007F181
S214011FA01002136803B1491C9368401C03B1491C15
S214011FB0401C1032C0B22328F3DBC9B22046FCF71E
S214011FC038FB012809D12046FCF7FEFB012804D185
S214011FD00026304602B0BDE8F0820826304602B040
S214011FE0BDE8F0820526304602B0BDE8F08270B545
S214011FF04FF6FF75314C53E06088A188814225D2A7
S214012000421A402A2CBF3F25451AAB1CDBB20F22D1
S21401201004210A20FCF752FAA1880646FCF75FFB6A
S214012020012849D1A088001900F5A271EAB230460C
S214012030FCF735FB01283FD13046FCF7C5FB0128EC
S2140120403AD1A08850FA85F0A08070BD03230F22F4
S21401205004210A20FCF732FA06462946FCF73FFB24
S214012060012829D194F818123046FCF7E2FA012823
S21401207022D13046FCF7A8FB01281DD194F81A029C
S21401208002280AD0032817D1022084F81A0270BD4C
S214012090022802D00328F7D070BD032084F81A0264
S2140120A094F816020028A7D0012894F81A02EFD057
S2140120B00228F2D00328E7D070BD000028F8FF1FE1
S2140120C0FBF7D4BCDFF814000168491C0160FBF77C
S2140120D0E7BC7047DFF804000068704700FEFF1F8A
S2140120E010B5F5F79DF930B9DFF894050021002207
S2140120F00B460C461EC010BD2DE9F04182B0DFF83C
S2140121008045002000F001FA257900210020F1F732
S214012110E3FB064601210020F1F790FC0746022169
S2140121200020F1F78BFC804603210020F1F786FCA6
S21401213046EA470141EA880141EAC0060421002037
S214012140F1F77CFC46EA0016F6B2B5423FD006F03F
S214012150010105F0010081F001012671084314D147
S21401216002230F220321DD20FCF7A8F907460021F0
S214012170FCF75FFA012808D101213846FCF759FA25
S214012180012804BF3846FCF71FFB690001F00C016B
S214012190C6F3410251180FF2EC40C9B20D5CB5B15D
S2140121A0082D14DA02230F220321DD20FCF786F91D
S2140121B006460021FCF73DFA012808D1294630469B
S2140121C0FCF737FA012804BF3046FCF7FDFAA07B7E
S2140121D0002845D0607B00281FBF401E6073C0B238
S2140121E000283DD1207BE27B00EB40014B00DBB2B7
S2140121F00921DD20FCF762F9050031D026680027A9
S21401220025E000BF26FA07F0C00704D47F1C26FA93
S21401221007F0C007FAD50120B8408643F9B200207E
S214012220F1F736FC009000212846FCF702FA012857
S21401223016D1F9B22846FCF7FCF9012810D1042280
S21401224000A92846FCF72BFA012809D17F1C002E8D
S214012250D8D12846FCF7B8FA012804BFA07B6073E2
S21401226002B0BDE8F081000070B5054682B029795C
S214012270687901F01F0107244A1E0B2A00F24181EA
S214012280DFE812F00C0030003E00500065003F0110
S2140122908000A500DA00FD00FD001B0195F848103E
S2140122A0002900F02F81002840F02C8128780209AF
S2140122B005230121DD20FCF701F904460021FCF786
S2140122C0B8F901280AD1DFF8B80381682046FCF77F
S2140122D03EFA012808BF204600F00A810224204663
S2140122E002B070BD95F84810002900F00B81002857
S2140122F040F00881F1F783FC0024204602B070BD4F
S21401230095F84810002900F0FD80002840F0FA807A
S214012310DFF86C030079800740F1EF800624204641
S21401232002B070BD95F848100329C0F2EB80002872
S21401233040F0E880A81DFFF735FA01460020F1F7C6
S21401234087FA012874D10024204602B070BD95F8A2
S21401235048100529C0F2D680002840F0D380A81D79
S214012360FFF720FA044605F10800FFF71BFA0246BC
S21401237021B20020F1F79BF9012859D1002420460B
S21401238002B070BD95F84810002900F0BB80002807
S21401239040F0B8802878020902230721DD20FCF7E7
S2140123A08DF804460021FCF744F9012840D1B448D1
S2140123B001792046FCF73DF9012839D12046FCF782
S2140123C003FA012834D10024204602B070BD95F8E6
S2140123D048100229C0F29680002840F09380AE791A
S2140123E0202E80F28F802878020906230821DD201E
S2140123F0FCF764F8044631460020F1F749FB0090EB
S21401240000212046FCF715F9012811D13146204656
S214012410FCF70FF901280BD1042200A92046FCF78E
S2140124203EF9012804D12046FCF7CEF9012864D0F4
S2140124300624204602B070BD95F84800022861DBEC
S214012440681DFFF7AFF929780909020001D0C828ED
S21401245058DB192290FBF2F2192505FB120093B204
S21401246000284FD1FF2B4DDC854CA07BDAB2904281
S21401247018BFA373E1730024204602B070BD95F81F
S2140124804820052A3EDB00283CD10A290CBF01263C
S2140124900026A81DFFF76EF9794C2168002E14BF9F
S2140124A0084321EA0000206004212046FFF78EF948
S2140124B020730024204602B070BD28780209062346
S2140124C00C21DD20FBF7FAFF6D4C0546A07B192198
S2140124D010FB01F189B22846FCF701F9012803D166
S2140124E021682846FCF733F901287FF4F7AE284621
S2140124F0FCF76AF901287FF4F1AE0024204602B009
S21401250070BD0524204602B070BD2DE9F04F83B0A2
S21401251004460021F1F7E0F98DF808000221204673
S214012520F1F7DAF98DF8070003212046F1F7D4F91F
S2140125308DF8060004212046F1F7CEF98DF8050046
S21401254005212046F1F7C8F98DF80400062120463A
S214012550F1F7C2F98DF8030007212046F1F7BCF91F
S2140125608DF8020008212046F1F7B6F90546092143
S2140125702046F1F7B1F98DF801000A212046F1F75E
S214012580ABF906460B212046F1F7A6F982460C2147
S2140125902046F1F7A1F980460D212046F1F79CF976
S2140125A081460E212046F1F797F907460F2120466E
S2140125B0F1F792F98DF8000011212046F1F78CF918
S2140125C0834613212046F1F787F99DF808109DF8F8
S2140125D007209DF8033041EA82019DF8062041EA72
S2140125E0C2019DF8052041EAC2119DF804201A4354
S2140125F041EA82219DF8022041EA82319DF80120BC
S2140126002A4341EA021141EAC63141EA4A019DF8EC
S214012610002041EA484141EAC9213A4341EA021110
S21401262041EA4B2141EA001514212046F1F754F9FD
S214012630134901EB840145EA80208A68886050408E
S214012640024218D0BCB902230F220321DD20FBF77A
S21401265035FF04460021FBF7ECFF01280BD10521CD
S2140126602046FBF7E6FF012805D1204603B0BDE86A
S214012670F04FFCF7A9B803B0BDE8F08F00000000EA
S21401268064FDFF1F000204020300040003020002AF
S2140126900300040010B5DFF8E443012084F8540079
S2140126A0002000F002FA84F82B0010BD2DE9F0415D
S2140126B005460024287900F01F00401E0F2800F26E
S2140126C0C181DFE810F010001E0031005F007A00C3
S2140126D0BF01BF019F00BA00CC001D0137014F01A9
S2140126E0BF01BF019E012878020929230121132079
S2140126F0FBF7E4FE050000F031812922DFF88013A4
S21401270094E195F84800292840F02881DFF86C7399
S2140127102922691D07F12C00F8F752F9012087F8E4
S21401272054002046BDE8F081DFF850736E7997F8C3
S2140127305400864280F012812C2010FB067703217C
S21401274097F82B0000F12D0328780209DBB213203D
S214012750FBF7B4FE050000F001813146FBF769FF87
S2140127602C2239462846FBF79AFF304600F0A2F99C
S214012770002800F05D8197F82B2001462846FBF7DC
S2140127808EFF55E195F848002D2840F0E7806879DE
S214012790002840F05881B94F2C262C22A91D384616
S2140127A0F8F70EF9687900F080F9697916FB01717E
S2140127B081F82B002046BDE8F081AE796F79287844
S2140127C005093146384600F05DF95FEA000800F079
S2140127D0C58098F8230040F0010088F823003623CE
S2140127E02A4605211320FBF769FE050000F0B68096
S2140127F03946FBF71EFF31462846FBF71AFF3422FF
S214012800414612E16F79032F80F2A8809B48C7EBFF
S214012810C70100EB810000F1AC06287802091D23F0
S21401282008211320FBF74AFE050000F00781394610
S214012830FBF7FFFE1C223146F7E095F848001D28FD
S21401284040F08C806F79032F80F288808B48C7EB2D
S214012850C70300EB83001C22A91DAC3079E095F874
S2140128604800212840F0EF806F79032F80F2EB803B
S2140128708248C7EBC70100EB8100B83005F11601AD
S214012880AA1D04230E781778057867EA06063540F0
S214012890057011F8016B12F8017B3E403543057057
S2140128A00E781778457867EA06063540457011F8C0
S2140128B0016B12F8017B3E40354345700E78177860
S2140128C0857867EA06063540857011F8016B12F8BF
S2140128D0017B3E40354385700E781778C57867EAE8
S2140128E006063540C57011F8016B12F8017B3E40B3
S2140128F03543C570001D5B1EC4D12046BDE8F0817E
S2140129006F79032F2ADA5D48C7EBC70100EB810018
S21401291000F15806287802091D230B211320FBF726
S214012920CDFD050000F08A803946FBF782FE1C22A9
S21401293031467AE095F848001D280FD16F79032FAC
S2140129400CDA4E48C7EBC70300EB83001C22A91D17
S2140129505830F8F735F82046BDE8F08107242046C0
S214012960BDE8F08195F8480021286CD16F79032FD6
S21401297069DA4248C7EBC70100EB8100643005F114
S2140129801601AA1D04230E781778057867EA06064D
S2140129903540057011F8016B12F8017B3E40354356
S2140129A005700E781778457867EA06063540457053
S2140129B011F8016B12F8017B3E40354345700E78E5
S2140129C01778857867EA06063540857011F8016B39
S2140129D012F8017B3E40354385700E781778C5782E
S2140129E067EA06063540C57011F8016B12F8017BDF
S2140129F03E403543C570001D5B1EC4D12046BDE870
S214012A00F0812878050900F07EF8431CDBB22A46DF
S214012A1010211320FBF752FD05000FD000F073F8CC
S214012A20064600F06DF8014632462846FBF737FEAB
S214012A302846FBF7C9FE2046BDE8F0810124204662
S214012A40BDE8F08105242046BDE8F081017901F05A
S214012A501F01012900D0704710B590F848102929A8
S214012A6009D1064C411D292204F12C00F7F7A8FFD5
S214012A70012084F8540010BD70470000D80D0020D6
S214012A80040E002010B50024002808BF00290AD132
S214012A900B4C0FF2380134222046F7F7A1FF094804
S214012AA00088C4F82500204610BD002100B9012188
S214012AB008467047002100B90349084670470000E0
S214012AC08CFBFF1FFCE7010006FEFF1F57696E64C3
S214012AD07920426C656E30303030303030303030F6
S214012AE0323031393132313700000203030002013E
S214012AF00000000000202020202020202020202070
S214012B000FF208007047202070470000E4083411D7
S214012B101CF54969C4A8F299FA2A7EF89A08D7A042
S214012B206956074B142D7EB55771D594F0B5DFF86D
S214012B30F44181B0002500229C2104F14000F2F707
S214012B40FBF904262A46314604F10800F2F7F4F9A7
S214012B502A46314604F10C00F2F7EEF92A463146D0
S214012B6004F11000F2F7E8F92A46314604F11400A0
S214012B70F2F7E2F901272A463946601CFDF7E4F828
S214012B802A46202104F12000F2F7D6F92A463946D2
S214012B902046F2F7D1F92A46314604F11800F2F739
S214012BA0CBF92A46314604F11C00F2F7C5F9A570A7
S214012BB001B0F0BD2DE9F0415A4CE078401C82B0DE
S214012BC0C0B200B10020E070E078F0F758FFE67878
S214012BD000AF054647F8265004EB86008068A842F9
S214012BE01AD005230F220321DC20FBF767FC5FEADE
S214012BF0000811D03146FBF71CFD29464046FBF77D
S214012C00A6FD4046FBF7E0FD012805D1E07857F820
S214012C10201004EB800081602079401CC0B200B116
S214012C20002020712079F0F700FF2679054647F845
S214012C30265004EB8600C068A8421AD005230F224E
S214012C400821DC20FBF73AFC5FEA000811D0314688
S214012C50FBF7EFFC29464046FBF779FD4046FBF7BC
S214012C60B3FD012805D1207957F8201004EB800028
S214012C70C160A07830B90121F1F72EF810B100F04B
S214012C8053F8A07002B0BDE8F081F0B581B00179CB
S214012C90022401F01F0112293FD1857940790021D4
S214012CA0012815D033D3032801D003D32FE000F039
S214012CB03BF82BE006230F221221DC20FBF7FEFB5C
S214012CC006002BD02846F0F7DFFF074602210FE06B
S214012CD006230F221221DC20FBF7F0FB06001DD095
S214012CE02846F0F7A7FF07460E4900208870012105
S214012CF03046FBF79EFC29463046FBF79AFCF9B2B4
S214012D003046FBF796FC3046FBF75EFD014601298F
S214012D1004D10024204601B0F0BD0524204601B0B0
S214012D20F0BD7047D80E002030B585B000240623CC
S214012D300F221221DC20FBF7C1FB050045D000A8BD
S214012D40F3F724FF03212846FBF773FC00212846EE
S214012D50FBF76FFC9DF813102846FBF76AFCBDF8DD
S214012D6000102846FBF7BBFCBDF802102846FBF70F
S214012D70B6FCBDF804102846FBF7B1FCBDF80610FA
S214012D802846FBF7ACFCBDF808102846FBF7A7FC65
S214012D90BDF80A102846FBF7A2FCBDF80C10284621
S214012DA0FBF79DFCBDF80E102846FBF798FCBDF816
S214012DB010102846FBF793FC9DF812102846FBF7E7
S214012DC038FC2846FBF700FD0446204605B030BD1A
S214012DD0F0B5934C102581B00026002229462046E6
S214012DE0F2F7AAF84FF0FF373A46294604F11400E5
S214012DF0F2F7A2F801253A462946201DF2F79CF87B
S214012E003246294604F11800F2F796F801B0BDE8FB
S214012E10F0400720EFF791BD2DE9F042064696F8FF
S214012E204840201F0C285FD2771D621ED2B2394659
S214012E30FF20F7F717FDA1190979814254D13C7893
S214012E40FF2C51D0B87800284ED13178787809090E
S214012E50012918BF0E2947D1317901F01F01022936
S214012E6004BF96F8481005293ED1012818BF0E2840
S214012E703AD1FE1C6A4F07F11801381DEFF739FEEB
S214012E8007F114013846EFF7B4FF00F0E0F8814689
S214012E90387984420FD13868A9EB0000B0F5FA5FA3
S214012EA009D801250123324607F1110107F1100067
S214012EB0EFF78CFE00E00025FD2CB4BF621C01225A
S214012EC0D2B207F11801381DEFF706FE4A4607F1A0
S214012ED014013846EFF781FF2A4607F11901781DDC
S214012EE0BDE8F042EFF7F8BDBDE8F082F0B581B07D
S214012EF00D4630BB00F0ABF80646EFF3108472B611
S214012F00474F07F11901781DEFF7F3FD787901288E
S214012F1015D107F114013846EFF76BFF3868301A00
S214012F20B0F5FA5F10D9FF2207F11801381DEFF747
S214012F30D3FD002207F11901781DEFF7CDFD84F3CB
S214012F401088002001B0F0BD012207F1110107F140
S214012F501000EFF74FFE07F110000178297084F397
S214012F601088012001B0F0BD2DE9F041002484B0A5
S214012F70884600284FD12A4D05F1200105F10C00A5
S214012F80EFF7B7FD2E7B05F11C0105F10800EFF701
S214012F9030FF00F05CF807462EB1A868381AB0F585
S214012FA0E16F28BFFE2601208DF802008DF8006033
S214012FB08DF801400DF1030098F80010017004220D
S214012FC000A9FF20F7F74EFC8DF804000523012227
S214012FD002211420FBF7DCFA8046052200A9FBF744
S214012FE05EFB012817D14046FBF7EEFB012812D104
S214012FF00124FD2EB4BF721C0122D2B205F12001BC
S21401300005F10C00EFF768FD3A4605F11C0105F1E4
S2140130100800EFF7E2FE204604B0BDE8F0810000AC
S21401302080FCFF1F0B480022011DEFF7D6BE10B52E
S214013030084C211D2046EFF7DCFE38B92068421CFB
S214013040211D2046BDE81040EFF7C7BE10BD014860
S21401305000687047D8FDFF1F10B502230F2202211A
S2140130600320FBF72BFA040008D041F23421FBF7CA
S21401307036FB2046BDE81040FBF7A6BB10BD00009E
S2140130802DE9F04705464FF00008287900F01F00AB
S214013090012804D0032810D0052828D091E0022367
S2140130A00F2202210320FBF709FA050000F08B80AE
S2140130B041F23421FBF713FB13E0287802090A23B7
S2140130C004210320FBF7FAF9050000F07C800FF2DB
S2140130D000160A2716F8081B2846FBF7AAFA7F1ED1
S2140130E0F8D12846FBF770FB4046BDE8F0876879C3
S2140130F0FF2823D10FF2D8060A27287802090623CB
S21401310006210320FBF7DAF9040011D03178FBF72A
S21401311090FA71882046FBF7E2FAB1882046FBF761
S214013120DEFAB1792046FBF784FA2046FBF74CFB22
S21401313008367F1EE1D14046BDE8F0876878801EDC
S2140131405FFA80F9B9F1000F3DD06E1D0FF28007CE
S214013150307800244FEA070111F8082B82421EBF7F
S214013160641C11F8082B824204D0621CD4B20A2CCB
S214013170F2D321E0E4B2FF2C1ED028780209062300
S21401318006210320FBF79AF95FEA000A14D017F824
S2140131903410FBF74EFA07EBC40450466188FBF780
S2140131A09EFAA1885046FBF79AFAA1795046FBF79A
S2140131B040FA5046FBF708FB761CB9F1010902D02C
S2140131C0C6E74FF005084046BDE8F08770470000A7
S2140131D001000300020001000700050000000100D5
S2140131E009000500010001000A00040003000100B7
S2140131F00B000600000001000D00010001000100A7
S214013200130005000000010014005000000001003A
S214013210DD000100010001000300030001000100C0
S214013220816807E002681168536889185B18C360F3
S21401323008320260C2689142F4D04A1C8260087863
S214013240704738B504460D46A068E168884212D139
S21401325020686168884208BF00F0C3F82068227CB5
S214013260016802B14944A16042685218E260083020
S21401327020609142ECD0A068401CA06000F8015D7F
S21401328031BD2DE9F0418AB000F1080105910268CF
S214013290520801EBC20106910021079108910168CD
S2140132A0490800EBC10108310091017901F00101E3
S2140132B08DF8101040680099400801EBC00001909D
S2140132C000200290039084E005A8FFF7A9FF0446BA
S2140132D014F0030603D105A8FFF7A2FFC61C2509B3
S2140132E00F2D1BD105A8FFF79BFF00F10F0515E079
S2140132F00598016808180599079049680818089004
S214013300059808300590079808998842F0D0401C27
S214013310079010F8011D00A8FFF793FF761EF2D163
S214013320002D51D005A8FFF77BFF0646A00800F048
S2140133300300032804BF05A8FFF772FFDDF800802D
S2140133400299039F06EB002008E0A8F10808801AFE
S21401335058F8081C58F8042C5718394658F8082C01
S2140133608A1A8242F1D30C1AAE1C2DD0BC4206D169
S21401337058F8044B58F8040B0719BC42F8D00298C9
S214013380039914F8015B884217D100980199884285
S21401339008BF00F026F8009800689DF8101002900B
S2140133A009B148440290009902984968009A0918A0
S2140133B00832039100928842E7D00298401C02909E
S2140133C0761E00F8015DD1D10298039988427FF4F8
S2140133D07BAF0198009981427FF476AF0AB0BDE8D1
S2140133E0F0810120FDF704BA10B54848002141805C
S2140133F0017003230F2201210920FBF75FF8040067
S21401340010D0F3F7E9FF01782046FBF712F9F4F73D
S21401341007F801462046FBF70CF92046BDE81040A8
S214013420FBF7D2B910BD30B581B00179002401F0A7
S2140134301F01012906D0022935D005291CD01F29D4
S21401344041D041E04179827902EB01212F4A518036
S21401345090F84830032BACBFC0790020107089B2B9
S21401346099B3192091FBF0F05080508868BB012079
S214013470508001B0204630BD0078020903230920A0
S214013480FBF71CF805000AD0F3F7A6FF01782846DB
S214013490FBF7CFF8F3F7C4FF014628460BE00224FA
S2140134A0204601B030BD01230F220920FBF706F8A4
S2140134B005000AD00121FBF7BCF82846FBF784F982
S2140134C0204601B030BDFEE70524204601B030BDE0
S2140134D0704770470D48418801B9704700B5491ECD
S2140134E0418081B089B279B972B60078012806D0D8
S2140134F0022803D1F7F712F8012000E0002001B0FE
S2140135005DF804EBF3F77DBF01B000BDF8FDFF1FCA
S21401351000B581B00520EFF710FA4148012101708E
S2140135200022FE21C17082700021417001B0FF218E
S2140135300171417106205DF804EBEFF7FEB930B575
S21401354081B00820EFF732FAEFF3108572B6344CEB
S214013550E1782078C943C9B2884204D06522642143
S2140135600D20F1F701FB85F3108800A90020FFF775
S214013570BDFC0020EFF3108172B66379A278DB43BD
S214013580DBB29A4218BF0120E3782278DB43DBB234
S2140135909A4218BF401C23796278DB43DBB29A4219
S2140135A018BF401C88BB81F31088A07828B1401E44
S2140135B0A070C0B2C04360712CE02178002914BF0E
S2140135C042F0010502F0FE050020EEF7D0FE0028CD
S2140135D014BF45F0020505F0FD050320EEF7B4FE25
S2140135E000281ABF05F0FD0040F0040005F0FB00BE
S2140135F06070611CC04320710020FFF7B5FC48B124
S2140136003420A070CB20607104E0652264210D2077
S214013610F1F7AAFA0920EFF7C9F901B030BD0000A9
S214013620E8FDFF1FAD710000000000004D740000B2
S21401363000000000C5210000000000003F35010029
S21401364000000000000000003FA100000000000094
S214013650734A0000000000007D1300000000000017
S2140136602F30010000000000D5340100D3200100F6
S21401367095370100F920010045180100D3360100F5
S214013680C938010000000000953600000000000067
S214013690B52B010000000000000000007BB900000F
S2140136A06B1A01000000000047FE000099E30000CD
S2140136B000000000C52001000B34000000000000DF
S2140136C099E30000EF1B010000000000000000006D
S2140136D0704700B581B005210020F0F7AFF970B949
S2140136E01821F0F7D5F9032809DB00F00AF820497C
S2140136F0081D086001B05DF804EBEEF705BF01B0E8
S21401370000BD1D4802681B4802F2DC418A4232BFF6
S21401371002600023036002F5DA728A4232BF426019
S21401372000234360C8328A4232BF8260002383602E
S21401373068328A4232BFC2600023C36088328A423E
S21401374032BF02610023036188328A4232BF42617E
S2140137500023436148328A4232BF8261002383617B
S21401376088328A4232BFC2610021C161F0F758BA7D
S2140137704C0C0020A4FCFF1F4800002000B581B0BF
S214013780F3F74EFE20B92748002101600121417060
S21401379001B000BD10B5234C00212046FEF708F805
S2140137A0E07868B1A07800281FBF401EA070A078FE
S2140137B0002805D100212046FDF7FAFFE078A07029
S2140137C010BD30B5044681B0207900F01F000725F2
S2140137D0401E012823D9801E20D194F848000228D3
S2140137E01DDB601DFDF7DEFF10B90E49C8700DE048
S2140137F0642814DB192190FBF1F189B2FF290EDC54
S21401380019224A4382420AD10648C170002520780F
S21401381004490009487001B0284630BD05252846F0
S21401382001B030BDFCFDFF1F10B50C4C20684008F0
S21401383040002060F3F7CDFD4FF47A614068B0FB9D
S214013840F1F06060012201214FF0FF30F3F7E7FA53
S2140138500020A0600720206010BD000010E000E0FE
S2140138608B04FFFF08000000FCFFFF1FD01D0000B7
S2140138703CE0FF1FA4060000A40C0020000000008E
S21401388003FAFFFF020000000200000050000000E3
S214013890A305000044000020600C00000060944373
S2140138A00060944300609443006094430060944336
S2140138B000609443034800F1080141600121017052
S2140138C070470000440000207047000080B50248A1
S2140138D04068804701BD00BF00060000520001207D
S2140138E016B1FE7F3F14AE37409A99193E0BD72387
S2140138F03E000090408B0A86401C5006560EAD3D99
S214013900000070422B10023F2D8D270C20028040B4
S214013910F4010F101CEC42713D5A3E6F1283387B46
S214013920D42543E80300006F1203393333933F0075
S21401393000204128300C3E0080BB44000096410028
S21401394020EE445043100316430100C020F0090343
S214013950FA450100E14200C05A46781833409C18E7
S21401396021802002CDCC4C3E5C100D17B7D1382DEE
S2140139708DA7419A99993FE17A142C1011003F487E
S214013980E17A3F2A77FC3FAB418F423902BF4105BE
S214013990151248044004A00F00005802042002A398
S2140139A0F042421021B8111A110463803F1C129094
S2140139B0C820020AD7233D0430039F02A03D648C31
S2140139C0279643102007D00F4940403800000713C0
S2140139D01005C0D5446009000087400100E02E08AC
S2140139E03534300F196843B065B23E372E8D3B0033
S2140139F000C841000440152427704114656445142D
S214013A00800470420100504008F12602400280BB4B
S214013A104508092504200300B56CAD3C0C4108435C
S214013A2000400852400852800852A00852C008526E
S214013A30E00830030000DAC9E0403001E97DE340E8
S214013A4023E89F1030034040A4C2D8403001E8BCB0
S214013A50C6403001ACCABE4030012D95B740410882
S214013A607195523F0951D852400852800852A00819
S214013A7052C00852E0082404104233335340E8256C
S214013A80E46002B81E85BE50100B7220573DF43517
S214013A90A0379082314414123009015E203D4D5406
S214013AA07A37B97E8110200AD02ADE3CB33C3437FF
S214013AB03E5A7F4510200A7E644B3C9B349C360060
S214013AC0B0A34610198435EC217412100E3001494A
S214013AD0926474100932E6AE3D295C8F3EA01AAF9F
S214013AE008200B0F3F0F0BB53D3D0A573F5B42BE0B
S214013AF018100A3F158CCA3D3333B33FF54AD9181F
S214013B00200BD73FD3DEE03D48E1FA3FAF25E43056
S214013B10100A4042CFE63DAE472140226CF82810FD
S214013B200C3340EF38053EB81E4540E0BE0E3E4819
S214013B30180B403E79183EC3F56840D34D223EA08F
S214013B4030064068222C3E666686082188281A754B
S214013B50D1B5424260E53BDC46833DBC74933C39BB
S214013B60B4C83E6891ED3CD9CE273F881C3AA77968
S214013B70673F60E5503DA5BD913FB6F37D3DDB8ACD
S214013B80AD3F0681953DA9A4C63F3108AC3D53968D
S214013B90D93F5C8FC23D5C2005408716D93D5B420C
S214013BA02640B29DEF3D0D714C408003263E5030BD
S214013BB00104560E082DD403210830012FDD2408F8
S214013BC03001C520300889404F803FE40336008429
S214013BD025B8410852800852A00852C00852E00891
S214013BE053004108F10803400274C1AE380A1C01B3
S214013BF09040925004110422410461201C010AD70E
S214013C00A3DC033ECCE0032110E006B0F7464333C5
S214013C1033733F481128123C241E3D6804223A1093
S214013C201D08047006374547723D09F9E0802C02ED
S214013C30584D0000BC0343A00F0443010004F1FFEC
S214013C4003F5FF13F50D30F94F42200A80C0D03638
S214013C50BEBC000078C0875208100370C095EBBD4B
S214013C6008200268C0353F08100360C0F878BC0819
S214013C70100358C077B4BB08100350C000FFBA0841
S214013C80200248C0455908100340C009B9B90820A8
S214013C900238C0CF0A08100330C08C33B8081003AE
S214013CA028C04D12B708100320C0EF81B5081003D5
S214013CB018C0C75AB308100310C05274B0081003D6
S214013CC008C0E4A6AC08100300C056CDA708100330
S214013CD0F0BFB6C6A1081003E0BFF2779A0810033A
S214013CE0D0BF293D95081003C0BFF3688F081003A5
S214013CF0B0BFAEAD8A081003A0BFEF3E8608100322
S214013D0090BF4D508108100380BFBB2A7608100370
S214013D1060BF7CF76508200340BF13B960782002B6
S214013D20BF1B2F5D602002BF22A559482002BE2E70
S214013D305654302002BE55A442189403BE7CF2307D
S214013D40BC09123E102D6C06123E202D6406123E52
S214013D50302D5C0610023F1F6A5B082C03203F17BC
S214013D60F45E940610023FF55E77083C03603F3030
S214013D700885B40610017CB389082C03903F1A0A03
S214013D808FA40610023FAE8395082003B03F23B4EC
S214013D909C4810023F642FA4082C03D03F5F89ABD8
S214013DA0B40620013FF2DA082003F03FB5F2B36013
S214013DB0100240F5CFB80810030840628FBB081008
S214013DC0031040A50BBD082002184033E5082C025D
S214013DD020401D8AF40610032840E13DBF08100369
S214013DE030404221C00810033840113AC108100380
S214013DF04040057BC208100348408ACBC308100325
S214013E005040950FC5082C025840732F34071003F5
S214013E1060409D1FC7082002684088E808100370AC
S214013E204078AEC8081003784054B9C9081003801A
S214013E3040717CCB08F801FF00414130F9FF30F9B1
S214013E400330F338500001240E593F23005A0082F4
S214013E50001900150278294C3A2C2C06E8EB633D34
S214013E606D88DF37E80A4010202A8D3BB81E053FD3
S213013E7052499D3A9A99D93FB60638F20AFF543D
S214013E7FFFFFFFFFFFFFFFFFFFFFFFFFFFFFFFFF3D
S214013E8FFFFFFFFFFFFFFFFFFFFFFFFFFFFFFFFF2D
S214013E9FFFFFFFFFFFFFFFFFFFFFFFFFFFFFFFFF1D
S214013EAFFFFFFFFFFFFFFFFFFFFFFFFFFFFFFFFF0D
S214013EBFFFFFFFFFFFFFFFFFFFFFFFFFFFFFFFFFFD
S214013ECFFFFFFFFFFFFFFFFFFFFFFFFFFFFFFFFFED
S214013EDFFFFFFFFFFFFFFFFFFFFFFFFFFFFFFFFFDD
S214013EEFFFFFFFFFFFFFFFFFFFFFFFFFFFFFFFFFCD
S214013EFFFFFFFFFFFFFFFFFFFFFFFFFFFFFFFFFFBD
S214013F0FFFFFFFFFFFFFFFFFFFFFFFFFFFFFFFFFAC
S214013F1FFFFFFFFFFFFFFFFFFFFFFFFFFFFFFFFF9C
S214013F2FFFFFFFFFFFFFFFFFFFFFFFFFFFFFFFFF8C
S214013F3FFFFFFFFFFFFFFFFFFFFFFFFFFFFFFFFF7C
S214013F4FFFFFFFFFFFFFFFFFFFFFFFFFFFFFFFFF6C
S214013F5FFFFFFFFFFFFFFFFFFFFFFFFFFFFFFFFF5C
S214013F6FFFFFFFFFFFFFFFFFFFFFFFFFFFFFFFFF4C
S214013F7FFFFFFFFFFFFFFFFFFFFFFFFFFFFFFFFF3C
S214013F8FFFFFFFFFFFFFFFFFFFFFFFFFFFFFFFFF2C
S214013F9FFFFFFFFFFFFFFFFFFFFFFFFFFFFFFFFF1C
S214013FAFFFFFFFFFFFFFFFFFFFFFFFFFFFFFFFFF0C
S214013FBFFFFFFFFFFFFFFFFFFFFFFFFFFFFFFFFFFC
S214013FCFFFFFFFFFFFFFFFFFFFFFFFFFFFFFFFFFEC
S214013FDFFFFFFFFFFFFFFFFFFFFFFFFFFFFFFFFFDC
S214013FEFFFFFFFFFFFFFFFFFFFFFFFFFFFFFFFFFCC
S214013FFFFFFFFFFFFFFFFFFFFFFFFFFFFFFFFFFFBC
S21401400FFFFFFFFFFFFFFFFFFFFFFFFFFFFFFFFFAB
S21401401FFFFFFFFFFFFFFFFFFFFFFFFFFFFFFFFF9B
S21401402FFFFFFFFFFFFFFFFFFFFFFFFFFFFFFFFF8B
S21401403FFFFFFFFFFFFFFFFFFFFFFFFFFFFFFFFF7B
S21401404FFFFFFFFFFFFFFFFFFFFFFFFFFFFFFFFF6B
S21401405FFFFFFFFFFFFFFFFFFFFFFFFFFFFFFFFF5B
S21401406FFFFFFFFFFFFFFFFFFFFFFFFFFFFFFFFF4B
S21401407FFFFFFFFFFFFFFFFFFFFFFFFFFFFFFFFF3B
S21401408FFFFFFFFFFFFFFFFFFFFFFFFFFFFFFFFF2B
S21401409FFFFFFFFFFFFFFFFFFFFFFFFFFFFFFFFF1B
S2140140AFFFFFFFFFFFFFFFFFFFFFFFFFFFFFFFFF0B
S2140140BFFFFFFFFFFFFFFFFFFFFFFFFFFFFFFFFFFB
S2140140CFFFFFFFFFFFFFFFFFFFFFFFFFFFFFFFFFEB
S2140140DFFFFFFFFFFFFFFFFFFFFFFFFFFFFFFFFFDB
S2140140EFFFFFFFFFFFFFFFFFFFFFFFFFFFFFFFFFCB
S2140140FFFFFFFFFFFFFFFFFFFFFFFFFFFFFFFFFFBB
S21401410FFFFFFFFFFFFFFFFFFFFFFFFFFFFFFFFFAA
S21401411FFFFFFFFFFFFFFFFFFFFFFFFFFFFFFFFF9A
S21401412FFFFFFFFFFFFFFFFFFFFFFFFFFFFFFFFF8A
S21401413FFFFFFFFFFFFFFFFFFFFFFFFFFFFFFFFF7A
S21401414FFFFFFFFFFFFFFFFFFFFFFFFFFFFFFFFF6A
S21401415FFFFFFFFFFFFFFFFFFFFFFFFFFFFFFFFF5A
S21401416FFFFFFFFFFFFFFFFFFFFFFFFFFFFFFFFF4A
S21401417FFFFFFFFFFFFFFFFFFFFFFFFFFFFFFFFF3A
S21401418FFFFFFFFFFFFFFFFFFFFFFFFFFFFFFFFF2A
S21401419FFFFFFFFFFFFFFFFFFFFFFFFFFFFFFFFF1A
S2140141AFFFFFFFFFFFFFFFFFFFFFFFFFFFFFFFFF0A
S2140141BFFFFFFFFFFFFFFFFFFFFFFFFFFFFFFFFFFA
S2140141CFFFFFFFFFFFFFFFFFFFFFFFFFFFFFFFFFEA
S2140141DFFFFFFFFFFFFFFFFFFFFFFFFFFFFFFFFFDA
S2140141EFFFFFFFFFFFFFFFFFFFFFFFFFFFFFFFFFCA
S2140141FFFFFFFFFFFFFFFFFFFFFFFFFFFFFFFFFFBA
S21401420FFFFFFFFFFFFFFFFFFFFFFFFFFFFFFFFFA9
S21401421FFFFFFFFFFFFFFFFFFFFFFFFFFFFFFFFF99
S21401422FFFFFFFFFFFFFFFFFFFFFFFFFFFFFFFFF89
S21401423FFFFFFFFFFFFFFFFFFFFFFFFFFFFFFFFF79
S21401424FFFFFFFFFFFFFFFFFFFFFFFFFFFFFFFFF69
S21401425FFFFFFFFFFFFFFFFFFFFFFFFFFFFFFFFF59
S21401426FFFFFFFFFFFFFFFFFFFFFFFFFFFFFFFFF49
S21401427FFFFFFFFFFFFFFFFFFFFFFFFFFFFFFFFF39
S21401428FFFFFFFFFFFFFFFFFFFFFFFFFFFFFFFFF29
S21401429FFFFFFFFFFFFFFFFFFFFFFFFFFFFFFFFF19
S2140142AFFFFFFFFFFFFFFFFFFFFFFFFFFFFFFFFF09
S2140142BFFFFFFFFFFFFFFFFFFFFFFFFFFFFFFFFFF9
S2140142CFFFFFFFFFFFFFFFFFFFFFFFFFFFFFFFFFE9
S2140142DFFFFFFFFFFFFFFFFFFFFFFFFFFFFFFFFFD9
S2140142EFFFFFFFFFFFFFFFFFFFFFFFFFFFFFFFFFC9
S2140142FFFFFFFFFFFFFFFFFFFFFFFFFFFFFFFFFFB9
S21401430FFFFFFFFFFFFFFFFFFFFFFFFFFFFFFFFFA8
S21401431FFFFFFFFFFFFFFFFFFFFFFFFFFFFFFFFF98
S21401432FFFFFFFFFFFFFFFFFFFFFFFFFFFFFFFFF88
S21401433FFFFFFFFFFFFFFFFFFFFFFFFFFFFFFFFF78
S21401434FFFFFFFFFFFFFFFFFFFFFFFFFFFFFFFFF68
S21401435FFFFFFFFFFFFFFFFFFFFFFFFFFFFFFFFF58
S21401436FFFFFFFFFFFFFFFFFFFFFFFFFFFFFFFFF48
S21401437FFFFFFFFFFFFFFFFFFFFFFFFFFFFFFFFF38
S21401438FFFFFFFFFFFFFFFFFFFFFFFFFFFFFFFFF28
S21401439FFFFFFFFFFFFFFFFFFFFFFFFFFFFFFFFF18
S2140143AFFFFFFFFFFFFFFFFFFFFFFFFFFFFFFFFF08
S2140143BFFFFFFFFFFFFFFFFFFFFFFFFFFFFFFFFFF8
S2140143CFFFFFFFFFFFFFFFFFFFFFFFFFFFFFFFFFE8
S2140143DFFFFFFFFFFFFFFFFFFFFFFFFFFFFFFFFFD8
S2140143EFFFFFFFFFFFFFFFFFFFFFFFFFFFFFFFFFC8
S2140143FFFFFFFFFFFFFFFFFFFFFFFFFFFFFFFFFFB8
S21401440FFFFFFFFFFFFFFFFFFFFFFFFFFFFFFFFFA7
S21401441FFFFFFFFFFFFFFFFFFFFFFFFFFFFFFFFF97
S21401442FFFFFFFFFFFFFFFFFFFFFFFFFFFFFFFFF87
S21401443FFFFFFFFFFFFFFFFFFFFFFFFFFFFFFFFF77
S21401444FFFFFFFFFFFFFFFFFFFFFFFFFFFFFFFFF67
S21401445FFFFFFFFFFFFFFFFFFFFFFFFFFFFFFFFF57
S21401446FFFFFFFFFFFFFFFFFFFFFFFFFFFFFFFFF47
S21401447FFFFFFFFFFFFFFFFFFFFFFFFFFFFFFFFF37
S21401448FFFFFFFFFFFFFFFFFFFFFFFFFFFFFFFFF27
S21401449FFFFFFFFFFFFFFFFFFFFFFFFFFFFFFFFF17
S2140144AFFFFFFFFFFFFFFFFFFFFFFFFFFFFFFFFF07
S2140144BFFFFFFFFFFFFFFFFFFFFFFFFFFFFFFFFFF7
S2140144CFFFFFFFFFFFFFFFFFFFFFFFFFFFFFFFFFE7
S2140144DFFFFFFFFFFFFFFFFFFFFFFFFFFFFFFFFFD7
S2140144EFFFFFFFFFFFFFFFFFFFFFFFFFFFFFFFFFC7
S2140144FFFFFFFFFFFFFFFFFFFFFFFFFFFFFFFFFFB7
S21401450FFFFFFFFFFFFFFFFFFFFFFFFFFFFFFFFFA6
S21401451FFFFFFFFFFFFFFFFFFFFFFFFFFFFFFFFF96
S21401452FFFFFFFFFFFFFFFFFFFFFFFFFFFFFFFFF86
S21401453FFFFFFFFFFFFFFFFFFFFFFFFFFFFFFFFF76
S21401454FFFFFFFFFFFFFFFFFFFFFFFFFFFFFFFFF66
S21401455FFFFFFFFFFFFFFFFFFFFFFFFFFFFFFFFF56
S21401456FFFFFFFFFFFFFFFFFFFFFFFFFFFFFFFFF46
S21401457FFFFFFFFFFFFFFFFFFFFFFFFFFFFFFFFF36
S21401458FFFFFFFFFFFFFFFFFFFFFFFFFFFFFFFFF26
S21401459FFFFFFFFFFFFFFFFFFFFFFFFFFFFFFFFF16
S2140145AFFFFFFFFFFFFFFFFFFFFFFFFFFFFFFFFF06
S2140145BFFFFFFFFFFFFFFFFFFFFFFFFFFFFFFFFFF6
S2140145CFFFFFFFFFFFFFFFFFFFFFFFFFFFFFFFFFE6
S2140145DFFFFFFFFFFFFFFFFFFFFFFFFFFFFFFFFFD6
S2140145EFFFFFFFFFFFFFFFFFFFFFFFFFFFFFFFFFC6
S2140145FFFFFFFFFFFFFFFFFFFFFFFFFFFFFFFFFFB6
S21401460FFFFFFFFFFFFFFFFFFFFFFFFFFFFFFFFFA5
S21401461FFFFFFFFFFFFFFFFFFFFFFFFFFFFFFFFF95
S21401462FFFFFFFFFFFFFFFFFFFFFFFFFFFFFFFFF85
S21401463FFFFFFFFFFFFFFFFFFFFFFFFFFFFFFFFF75
S21401464FFFFFFFFFFFFFFFFFFFFFFFFFFFFFFFFF65
S21401465FFFFFFFFFFFFFFFFFFFFFFFFFFFFFFFFF55
S21401466FFFFFFFFFFFFFFFFFFFFFFFFFFFFFFFFF45
S21401467FFFFFFFFFFFFFFFFFFFFFFFFFFFFFFFFF35
S21401468FFFFFFFFFFFFFFFFFFFFFFFFFFFFFFFFF25
S21401469FFFFFFFFFFFFFFFFFFFFFFFFFFFFFFFFF15
S2140146AFFFFFFFFFFFFFFFFFFFFFFFFFFFFFFFFF05
S2140146BFFFFFFFFFFFFFFFFFFFFFFFFFFFFFFFFFF5
S2140146CFFFFFFFFFFFFFFFFFFFFFFFFFFFFFFFFFE5
S2140146DFFFFFFFFFFFFFFFFFFFFFFFFFFFFFFFFFD5
S2140146EFFFFFFFFFFFFFFFFFFFFFFFFFFFFFFFFFC5
S2140146FFFFFFFFFFFFFFFFFFFFFFFFFFFFFFFFFFB5
S21401470FFFFFFFFFFFFFFFFFFFFFFFFFFFFFFFFFA4
S21401471FFFFFFFFFFFFFFFFFFFFFFFFFFFFFFFFF94
S21401472FFFFFFFFFFFFFFFFFFFFFFFFFFFFFFFFF84
S21401473FFFFFFFFFFFFFFFFFFFFFFFFFFFFFFFFF74
S21401474FFFFFFFFFFFFFFFFFFFFFFFFFFFFFFFFF64
S21401475FFFFFFFFFFFFFFFFFFFFFFFFFFFFFFFFF54
S21401476FFFFFFFFFFFFFFFFFFFFFFFFFFFFFFFFF44
S21401477FFFFFFFFFFFFFFFFFFFFFFFFFFFFFFFFF34
S21401478FFFFFFFFFFFFFFFFFFFFFFFFFFFFFFFFF24
S21401479FFFFFFFFFFFFFFFFFFFFFFFFFFFFFFFFF14
S2140147AFFFFFFFFFFFFFFFFFFFFFFFFFFFFFFFFF04
S2140147BFFFFFFFFFFFFFFFFFFFFFFFFFFFFFFFFFF4
S2140147CFFFFFFFFFFFFFFFFFFFFFFFFFFFFFFFFFE4
S2140147DFFFFFFFFFFFFFFFFFFFFFFFFFFFFFFFFFD4
S2140147EFFFFFFFFFFFFFFFFFFFFFFFFFFFFFFFFFC4
S2140147FFFFFFFFFFFFFFFFFFFFFFFFFFFFFFFFFFB4
S21401480FFFFFFFFFFFFFFFFFFFFFFFFFFFFFFFFFA3
S21401481FFFFFFFFFFFFFFFFFFFFFFFFFFFFFFFFF93
S21401482FFFFFFFFFFFFFFFFFFFFFFFFFFFFFFFFF83
S21401483FFFFFFFFFFFFFFFFFFFFFFFFFFFFFFFFF73
S21401484FFFFFFFFFFFFFFFFFFFFFFFFFFFFFFFFF63
S21401485FFFFFFFFFFFFFFFFFFFFFFFFFFFFFFFFF53
S21401486FFFFFFFFFFFFFFFFFFFFFFFFFFFFFFFFF43
S21401487FFFFFFFFFFFFFFFFFFFFFFFFFFFFFFFFF33
S21401488FFFFFFFFFFFFFFFFFFFFFFFFFFFFFFFFF23
S21401489FFFFFFFFFFFFFFFFFFFFFFFFFFFFFFFFF13
S2140148AFFFFFFFFFFFFFFFFFFFFFFFFFFFFFFFFF03
S2140148BFFFFFFFFFFFFFFFFFFFFFFFFFFFFFFFFFF3
S2140148CFFFFFFFFFFFFFFFFFFFFFFFFFFFFFFFFFE3
S2140148DFFFFFFFFFFFFFFFFFFFFFFFFFFFFFFFFFD3
S2140148EFFFFFFFFFFFFFFFFFFFFFFFFFFFFFFFFFC3
S2140148FFFFFFFFFFFFFFFFFFFFFFFFFFFFFFFFFFB3
S21401490FFFFFFFFFFFFFFFFFFFFFFFFFFFFFFFFFA2
S21401491FFFFFFFFFFFFFFFFFFFFFFFFFFFFFFFFF92
S21401492FFFFFFFFFFFFFFFFFFFFFFFFFFFFFFFFF82
S21401493FFFFFFFFFFFFFFFFFFFFFFFFFFFFFFFFF72
S21401494FFFFFFFFFFFFFFFFFFFFFFFFFFFFFFFFF62
S21401495FFFFFFFFFFFFFFFFFFFFFFFFFFFFFFFFF52
S21401496FFFFFFFFFFFFFFFFFFFFFFFFFFFFFFFFF42
S21401497FFFFFFFFFFFFFFFFFFFFFFFFFFFFFFFFF32
S21401498FFFFFFFFFFFFFFFFFFFFFFFFFFFFFFFFF22
S21401499FFFFFFFFFFFFFFFFFFFFFFFFFFFFFFFFF12
S2140149AFFFFFFFFFFFFFFFFFFFFFFFFFFFFFFFFF02
S2140149BFFFFFFFFFFFFFFFFFFFFFFFFFFFFFFFFFF2
S2140149CFFFFFFFFFFFFFFFFFFFFFFFFFFFFFFFFFE2
S2140149DFFFFFFFFFFFFFFFFFFFFFFFFFFFFFFFFFD2
S2140149EFFFFFFFFFFFFFFFFFFFFFFFFFFFFFFFFFC2
S2140149FFFFFFFFFFFFFFFFFFFFFFFFFFFFFFFFFFB2
S214014A0FFFFFFFFFFFFFFFFFFFFFFFFFFFFFFFFFA1
S214014A1FFFFFFFFFFFFFFFFFFFFFFFFFFFFFFFFF91
S214014A2FFFFFFFFFFFFFFFFFFFFFFFFFFFFFFFFF81
S214014A3FFFFFFFFFFFFFFFFFFFFFFFFFFFFFFFFF71
S214014A4FFFFFFFFFFFFFFFFFFFFFFFFFFFFFFFFF61
S214014A5FFFFFFFFFFFFFFFFFFFFFFFFFFFFFFFFF51
S214014A6FFFFFFFFFFFFFFFFFFFFFFFFFFFFFFFFF41
S214014A7FFFFFFFFFFFFFFFFFFFFFFFFFFFFFFFFF31
S214014A8FFFFFFFFFFFFFFFFFFFFFFFFFFFFFFFFF21
S214014A9FFFFFFFFFFFFFFFFFFFFFFFFFFFFFFFFF11
S214014AAFFFFFFFFFFFFFFFFFFFFFFFFFFFFFFFFF01
S214014ABFFFFFFFFFFFFFFFFFFFFFFFFFFFFFFFFFF1
S214014ACFFFFFFFFFFFFFFFFFFFFFFFFFFFFFFFFFE1
S214014ADFFFFFFFFFFFFFFFFFFFFFFFFFFFFFFFFFD1
S214014AEFFFFFFFFFFFFFFFFFFFFFFFFFFFFFFFFFC1
S214014AFFFFFFFFFFFFFFFFFFFFFFFFFFFFFFFFFFB1
S214014B0FFFFFFFFFFFFFFFFFFFFFFFFFFFFFFFFFA0
S214014B1FFFFFFFFFFFFFFFFFFFFFFFFFFFFFFFFF90
S214014B2FFFFFFFFFFFFFFFFFFFFFFFFFFFFFFFFF80
S214014B3FFFFFFFFFFFFFFFFFFFFFFFFFFFFFFFFF70
S214014B4FFFFFFFFFFFFFFFFFFFFFFFFFFFFFFFFF60
S214014B5FFFFFFFFFFFFFFFFFFFFFFFFFFFFFFFFF50
S214014B6FFFFFFFFFFFFFFFFFFFFFFFFFFFFFFFFF40
S214014B7FFFFFFFFFFFFFFFFFFFFFFFFFFFFFFFFF30
S214014B8FFFFFFFFFFFFFFFFFFFFFFFFFFFFFFFFF20
S214014B9FFFFFFFFFFFFFFFFFFFFFFFFFFFFFFFFF10
S214014BAFFFFFFFFFFFFFFFFFFFFFFFFFFFFFFFFF00
S214014BBFFFFFFFFFFFFFFFFFFFFFFFFFFFFFFFFFF0
S214014BCFFFFFFFFFFFFFFFFFFFFFFFFFFFFFFFFFE0
S214014BDFFFFFFFFFFFFFFFFFFFFFFFFFFFFFFFFFD0
S214014BEFFFFFFFFFFFFFFFFFFFFFFFFFFFFFFFFFC0
S214014BFFFFFFFFFFFFFFFFFFFFFFFFFFFFFFFFFFB0
S214014C0FFFFFFFFFFFFFFFFFFFFFFFFFFFFFFFFF9F
S214014C1FFFFFFFFFFFFFFFFFFFFFFFFFFFFFFFFF8F
S214014C2FFFFFFFFFFFFFFFFFFFFFFFFFFFFFFFFF7F
S214014C3FFFFFFFFFFFFFFFFFFFFFFFFFFFFFFFFF6F
S214014C4FFFFFFFFFFFFFFFFFFFFFFFFFFFFFFFFF5F
S214014C5FFFFFFFFFFFFFFFFFFFFFFFFFFFFFFFFF4F
S214014C6FFFFFFFFFFFFFFFFFFFFFFFFFFFFFFFFF3F
S214014C7FFFFFFFFFFFFFFFFFFFFFFFFFFFFFFFFF2F
S214014C8FFFFFFFFFFFFFFFFFFFFFFFFFFFFFFFFF1F
S214014C9FFFFFFFFFFFFFFFFFFFFFFFFFFFFFFFFF0F
S214014CAFFFFFFFFFFFFFFFFFFFFFFFFFFFFFFFFFFF
S214014CBFFFFFFFFFFFFFFFFFFFFFFFFFFFFFFFFFEF
S214014CCFFFFFFFFFFFFFFFFFFFFFFFFFFFFFFFFFDF
S214014CDFFFFFFFFFFFFFFFFFFFFFFFFFFFFFFFFFCF
S214014CEFFFFFFFFFFFFFFFFFFFFFFFFFFFFFFFFFBF
S214014CFFFFFFFFFFFFFFFFFFFFFFFFFFFFFFFFFFAF
S214014D0FFFFFFFFFFFFFFFFFFFFFFFFFFFFFFFFF9E
S214014D1FFFFFFFFFFFFFFFFFFFFFFFFFFFFFFFFF8E
S214014D2FFFFFFFFFFFFFFFFFFFFFFFFFFFFFFFFF7E
S214014D3FFFFFFFFFFFFFFFFFFFFFFFFFFFFFFFFF6E
S214014D4FFFFFFFFFFFFFFFFFFFFFFFFFFFFFFFFF5E
S214014D5FFFFFFFFFFFFFFFFFFFFFFFFFFFFFFFFF4E
S214014D6FFFFFFFFFFFFFFFFFFFFFFFFFFFFFFFFF3E
S214014D7FFFFFFFFFFFFFFFFFFFFFFFFFFFFFFFFF2E
S214014D8FFFFFFFFFFFFFFFFFFFFFFFFFFFFFFFFF1E
S214014D9FFFFFFFFFFFFFFFFFFFFFFFFFFFFFFFFF0E
S214014DAFFFFFFFFFFFFFFFFFFFFFFFFFFFFFFFFFFE
S214014DBFFFFFFFFFFFFFFFFFFFFFFFFFFFFFFFFFEE
S214014DCFFFFFFFFFFFFFFFFFFFFFFFFFFFFFFFFFDE
S214014DDFFFFFFFFFFFFFFFFFFFFFFFFFFFFFFFFFCE
S214014DEFFFFFFFFFFFFFFFFFFFFFFFFFFFFFFFFFBE
S214014DFFFFFFFFFFFFFFFFFFFFFFFFFFFFFFFFFFAE
S214014E0FFFFFFFFFFFFFFFFFFFFFFFFFFFFFFFFF9D
S214014E1FFFFFFFFFFFFFFFFFFFFFFFFFFFFFFFFF8D
S214014E2FFFFFFFFFFFFFFFFFFFFFFFFFFFFFFFFF7D
S214014E3FFFFFFFFFFFFFFFFFFFFFFFFFFFFFFFFF6D
S214014E4FFFFFFFFFFFFFFFFFFFFFFFFFFFFFFFFF5D
S214014E5FFFFFFFFFFFFFFFFFFFFFFFFFFFFFFFFF4D
S214014E6FFFFFFFFFFFFFFFFFFFFFFFFFFFFFFFFF3D
S214014E7FFFFFFFFFFFFFFFFFFFFFFFFFFFFFFFFF2D
S214014E8FFFFFFFFFFFFFFFFFFFFFFFFFFFFFFFFF1D
S214014E9FFFFFFFFFFFFFFFFFFFFFFFFFFFFFFFFF0D
S214014EAFFFFFFFFFFFFFFFFFFFFFFFFFFFFFFFFFFD
S214014EBFFFFFFFFFFFFFFFFFFFFFFFFFFFFFFFFFED
S214014ECFFFFFFFFFFFFFFFFFFFFFFFFFFFFFFFFFDD
S214014EDFFFFFFFFFFFFFFFFFFFFFFFFFFFFFFFFFCD
S214014EEFFFFFFFFFFFFFFFFFFFFFFFFFFFFFFFFFBD
S214014EFFFFFFFFFFFFFFFFFFFFFFFFFFFFFFFFFFAD
S214014F0FFFFFFFFFFFFFFFFFFFFFFFFFFFFFFFFF9C
S214014F1FFFFFFFFFFFFFFFFFFFFFFFFFFFFFFFFF8C
S214014F2FFFFFFFFFFFFFFFFFFFFFFFFFFFFFFFFF7C
S214014F3FFFFFFFFFFFFFFFFFFFFFFFFFFFFFFFFF6C
S214014F4FFFFFFFFFFFFFFFFFFFFFFFFFFFFFFFFF5C
S214014F5FFFFFFFFFFFFFFFFFFFFFFFFFFFFFFFFF4C
S214014F6FFFFFFFFFFFFFFFFFFFFFFFFFFFFFFFFF3C
S214014F7FFFFFFFFFFFFFFFFFFFFFFFFFFFFFFFFF2C
S214014F8FFFFFFFFFFFFFFFFFFFFFFFFFFFFFFFFF1C
S214014F9FFFFFFFFFFFFFFFFFFFFFFFFFFFFFFFFF0C
S214014FAFFFFFFFFFFFFFFFFFFFFFFFFFFFFFFFFFFC
S214014FBFFFFFFFFFFFFFFFFFFFFFFFFFFFFFFFFFEC
S214014FCFFFFFFFFFFFFFFFFFFFFFFFFFFFFFFFFFDC
S214014FDFFFFFFFFFFFFFFFFFFFFFFFFFFFFFFFFFCC
S214014FEFFFFFFFFFFFFFFFFFFFFFFFFFFFFFFFFFBC
S214014FFFFFFFFFFFFFFFFFFFFFFFFFFFFFFFFFFFAC
S21401500FFFFFFFFFFFFFFFFFFFFFFFFFFFFFFFFF9B
S21401501FFFFFFFFFFFFFFFFFFFFFFFFFFFFFFFFF8B
S21401502FFFFFFFFFFFFFFFFFFFFFFFFFFFFFFFFF7B
S21401503FFFFFFFFFFFFFFFFFFFFFFFFFFFFFFFFF6B
S21401504FFFFFFFFFFFFFFFFFFFFFFFFFFFFFFFFF5B
S21401505FFFFFFFFFFFFFFFFFFFFFFFFFFFFFFFFF4B
S21401506FFFFFFFFFFFFFFFFFFFFFFFFFFFFFFFFF3B
S21401507FFFFFFFFFFFFFFFFFFFFFFFFFFFFFFFFF2B
S21401508FFFFFFFFFFFFFFFFFFFFFFFFFFFFFFFFF1B
S21401509FFFFFFFFFFFFFFFFFFFFFFFFFFFFFFFFF0B
S2140150AFFFFFFFFFFFFFFFFFFFFFFFFFFFFFFFFFFB
S2140150BFFFFFFFFFFFFFFFFFFFFFFFFFFFFFFFFFEB
S2140150CFFFFFFFFFFFFFFFFFFFFFFFFFFFFFFFFFDB
S2140150DFFFFFFFFFFFFFFFFFFFFFFFFFFFFFFFFFCB
S2140150EFFFFFFFFFFFFFFFFFFFFFFFFFFFFFFFFFBB
S2140150FFFFFFFFFFFFFFFFFFFFFFFFFFFFFFFFFFAB
S21401510FFFFFFFFFFFFFFFFFFFFFFFFFFFFFFFFF9A
S21401511FFFFFFFFFFFFFFFFFFFFFFFFFFFFFFFFF8A
S21401512FFFFFFFFFFFFFFFFFFFFFFFFFFFFFFFFF7A
S21401513FFFFFFFFFFFFFFFFFFFFFFFFFFFFFFFFF6A
S21401514FFFFFFFFFFFFFFFFFFFFFFFFFFFFFFFFF5A
S21401515FFFFFFFFFFFFFFFFFFFFFFFFFFFFFFFFF4A
S21401516FFFFFFFFFFFFFFFFFFFFFFFFFFFFFFFFF3A
S21401517FFFFFFFFFFFFFFFFFFFFFFFFFFFFFFFFF2A
S21401518FFFFFFFFFFFFFFFFFFFFFFFFFFFFFFFFF1A
S21401519FFFFFFFFFFFFFFFFFFFFFFFFFFFFFFFFF0A
S2140151AFFFFFFFFFFFFFFFFFFFFFFFFFFFFFFFFFFA
S2140151BFFFFFFFFFFFFFFFFFFFFFFFFFFFFFFFFFEA
S2140151CFFFFFFFFFFFFFFFFFFFFFFFFFFFFFFFFFDA
S2140151DFFFFFFFFFFFFFFFFFFFFFFFFFFFFFFFFFCA
S2140151EFFFFFFFFFFFFFFFFFFFFFFFFFFFFFFFFFBA
S2140151FFFFFFFFFFFFFFFFFFFFFFFFFFFFFFFFFFAA
S21401520FFFFFFFFFFFFFFFFFFFFFFFFFFFFFFFFF99
S21401521FFFFFFFFFFFFFFFFFFFFFFFFFFFFFFFFF89
S21401522FFFFFFFFFFFFFFFFFFFFFFFFFFFFFFFFF79
S21401523FFFFFFFFFFFFFFFFFFFFFFFFFFFFFFFFF69
S21401524FFFFFFFFFFFFFFFFFFFFFFFFFFFFFFFFF59
S21401525FFFFFFFFFFFFFFFFFFFFFFFFFFFFFFFFF49
S21401526FFFFFFFFFFFFFFFFFFFFFFFFFFFFFFFFF39
S21401527FFFFFFFFFFFFFFFFFFFFFFFFFFFFFFFFF29
S21401528FFFFFFFFFFFFFFFFFFFFFFFFFFFFFFFFF19
S21401529FFFFFFFFFFFFFFFFFFFFFFFFFFFFFFFFF09
S2140152AFFFFFFFFFFFFFFFFFFFFFFFFFFFFFFFFFF9
S2140152BFFFFFFFFFFFFFFFFFFFFFFFFFFFFFFFFFE9
S2140152CFFFFFFFFFFFFFFFFFFFFFFFFFFFFFFFFFD9
S2140152DFFFFFFFFFFFFFFFFFFFFFFFFFFFFFFFFFC9
S2140152EFFFFFFFFFFFFFFFFFFFFFFFFFFFFFFFFFB9
S2140152FFFFFFFFFFFFFFFFFFFFFFFFFFFFFFFFFFA9
S21401530FFFFFFFFFFFFFFFFFFFFFFFFFFFFFFFFF98
S21401531FFFFFFFFFFFFFFFFFFFFFFFFFFFFFFFFF88
S21401532FFFFFFFFFFFFFFFFFFFFFFFFFFFFFFFFF78
S21401533FFFFFFFFFFFFFFFFFFFFFFFFFFFFFFFFF68
S21401534FFFFFFFFFFFFFFFFFFFFFFFFFFFFFFFFF58
S21401535FFFFFFFFFFFFFFFFFFFFFFFFFFFFFFFFF48
S21401536FFFFFFFFFFFFFFFFFFFFFFFFFFFFFFFFF38
S21401537FFFFFFFFFFFFFFFFFFFFFFFFFFFFFFFFF28
S21401538FFFFFFFFFFFFFFFFFFFFFFFFFFFFFFFFF18
S21401539FFFFFFFFFFFFFFFFFFFFFFFFFFFFFFFFF08
S2140153AFFFFFFFFFFFFFFFFFFFFFFFFFFFFFFFFFF8
S2140153BFFFFFFFFFFFFFFFFFFFFFFFFFFFFFFFFFE8
S2140153CFFFFFFFFFFFFFFFFFFFFFFFFFFFFFFFFFD8
S2140153DFFFFFFFFFFFFFFFFFFFFFFFFFFFFFFFFFC8
S2140153EFFFFFFFFFFFFFFFFFFFFFFFFFFFFFFFFFB8
S2140153FFFFFFFFFFFFFFFFFFFFFFFFFFFFFFFFFFA8
S21401540FFFFFFFFFFFFFFFFFFFFFFFFFFFFFFFFF97
S21401541FFFFFFFFFFFFFFFFFFFFFFFFFFFFFFFFF87
S21401542FFFFFFFFFFFFFFFFFFFFFFFFFFFFFFFFF77
S21401543FFFFFFFFFFFFFFFFFFFFFFFFFFFFFFFFF67
S21401544FFFFFFFFFFFFFFFFFFFFFFFFFFFFFFFFF57
S21401545FFFFFFFFFFFFFFFFFFFFFFFFFFFFFFFFF47
S21401546FFFFFFFFFFFFFFFFFFFFFFFFFFFFFFFFF37
S21401547FFFFFFFFFFFFFFFFFFFFFFFFFFFFFFFFF27
S21401548FFFFFFFFFFFFFFFFFFFFFFFFFFFFFFFFF17
S21401549FFFFFFFFFFFFFFFFFFFFFFFFFFFFFFFFF07
S2140154AFFFFFFFFFFFFFFFFFFFFFFFFFFFFFFFFFF7
S2140154BFFFFFFFFFFFFFFFFFFFFFFFFFFFFFFFFFE7
S2140154CFFFFFFFFFFFFFFFFFFFFFFFFFFFFFFFFFD7
S2140154DFFFFFFFFFFFFFFFFFFFFFFFFFFFFFFFFFC7
S2140154EFFFFFFFFFFFFFFFFFFFFFFFFFFFFFFFFFB7
S2140154FFFFFFFFFFFFFFFFFFFFFFFFFFFFFFFFFFA7
S21401550FFFFFFFFFFFFFFFFFFFFFFFFFFFFFFFFF96
S21401551FFFFFFFFFFFFFFFFFFFFFFFFFFFFFFFFF86
S21401552FFFFFFFFFFFFFFFFFFFFFFFFFFFFFFFFF76
S21401553FFFFFFFFFFFFFFFFFFFFFFFFFFFFFFFFF66
S21401554FFFFFFFFFFFFFFFFFFFFFFFFFFFFFFFFF56
S21401555FFFFFFFFFFFFFFFFFFFFFFFFFFFFFFFFF46
S21401556FFFFFFFFFFFFFFFFFFFFFFFFFFFFFFFFF36
S21401557FFFFFFFFFFFFFFFFFFFFFFFFFFFFFFFFF26
S21401558FFFFFFFFFFFFFFFFFFFFFFFFFFFFFFFFF16
S21401559FFFFFFFFFFFFFFFFFFFFFFFFFFFFFFFFF06
S2140155AFFFFFFFFFFFFFFFFFFFFFFFFFFFFFFFFFF6
S2140155BFFFFFFFFFFFFFFFFFFFFFFFFFFFFFFFFFE6
S2140155CFFFFFFFFFFFFFFFFFFFFFFFFFFFFFFFFFD6
S2140155DFFFFFFFFFFFFFFFFFFFFFFFFFFFFFFFFFC6
S2140155EFFFFFFFFFFFFFFFFFFFFFFFFFFFFFFFFFB6
S2140155FFFFFFFFFFFFFFFFFFFFFFFFFFFFFFFFFFA6
S21401560FFFFFFFFFFFFFFFFFFFFFFFFFFFFFFFFF95
S21401561FFFFFFFFFFFFFFFFFFFFFFFFFFFFFFFFF85
S21401562FFFFFFFFFFFFFFFFFFFFFFFFFFFFFFFFF75
S21401563FFFFFFFFFFFFFFFFFFFFFFFFFFFFFFFFF65
S21401564FFFFFFFFFFFFFFFFFFFFFFFFFFFFFFFFF55
S21401565FFFFFFFFFFFFFFFFFFFFFFFFFFFFFFFFF45
S21401566FFFFFFFFFFFFFFFFFFFFFFFFFFFFFFFFF35
S21401567FFFFFFFFFFFFFFFFFFFFFFFFFFFFFFFFF25
S21401568FFFFFFFFFFFFFFFFFFFFFFFFFFFFFFFFF15
S21401569FFFFFFFFFFFFFFFFFFFFFFFFFFFFFFFFF05
S2140156AFFFFFFFFFFFFFFFFFFFFFFFFFFFFFFFFFF5
S2140156BFFFFFFFFFFFFFFFFFFFFFFFFFFFFFFFFFE5
S2140156CFFFFFFFFFFFFFFFFFFFFFFFFFFFFFFFFFD5
S2140156DFFFFFFFFFFFFFFFFFFFFFFFFFFFFFFFFFC5
S2140156EFFFFFFFFFFFFFFFFFFFFFFFFFFFFFFFFFB5
S2140156FFFFFFFFFFFFFFFFFFFFFFFFFFFFFFFFFFA5
S21401570FFFFFFFFFFFFFFFFFFFFFFFFFFFFFFFFF94
S21401571FFFFFFFFFFFFFFFFFFFFFFFFFFFFFFFFF84
S21401572FFFFFFFFFFFFFFFFFFFFFFFFFFFFFFFFF74
S21401573FFFFFFFFFFFFFFFFFFFFFFFFFFFFFFFFF64
S21401574FFFFFFFFFFFFFFFFFFFFFFFFFFFFFFFFF54
S21401575FFFFFFFFFFFFFFFFFFFFFFFFFFFFFFFFF44
S21401576FFFFFFFFFFFFFFFFFFFFFFFFFFFFFFFFF34
S21401577FFFFFFFFFFFFFFFFFFFFFFFFFFFFFFFFF24
S21401578FFFFFFFFFFFFFFFFFFFFFFFFFFFFFFFFF14
S21401579FFFFFFFFFFFFFFFFFFFFFFFFFFFFFFFFF04
S2140157AFFFFFFFFFFFFFFFFFFFFFFFFFFFFFFFFFF4
S2140157BFFFFFFFFFFFFFFFFFFFFFFFFFFFFFFFFFE4
S2140157CFFFFFFFFFFFFFFFFFFFFFFFFFFFFFFFFFD4
S2140157DFFFFFFFFFFFFFFFFFFFFFFFFFFFFFFFFFC4
S2140157EFFFFFFFFFFFFFFFFFFFFFFFFFFFFFFFFFB4
S2140157FFFFFFFFFFFFFFFFFFFFFFFFFFFFFFFFFFA4
S21401580FFFFFFFFFFFFFFFFFFFFFFFFFFFFFFFFF93
S21401581FFFFFFFFFFFFFFFFFFFFFFFFFFFFFFFFF83
S21401582FFFFFFFFFFFFFFFFFFFFFFFFFFFFFFFFF73
S21401583FFFFFFFFFFFFFFFFFFFFFFFFFFFFFFFFF63
S21401584FFFFFFFFFFFFFFFFFFFFFFFFFFFFFFFFF53
S21401585FFFFFFFFFFFFFFFFFFFFFFFFFFFFFFFFF43
S21401586FFFFFFFFFFFFFFFFFFFFFFFFFFFFFFFFF33
S21401587FFFFFFFFFFFFFFFFFFFFFFFFFFFFFFFFF23
S21401588FFFFFFFFFFFFFFFFFFFFFFFFFFFFFFFFF13
S21401589FFFFFFFFFFFFFFFFFFFFFFFFFFFFFFFFF03
S2140158AFFFFFFFFFFFFFFFFFFFFFFFFFFFFFFFFFF3
S2140158BFFFFFFFFFFFFFFFFFFFFFFFFFFFFFFFFFE3
S2140158CFFFFFFFFFFFFFFFFFFFFFFFFFFFFFFFFFD3
S2140158DFFFFFFFFFFFFFFFFFFFFFFFFFFFFFFFFFC3
S2140158EFFFFFFFFFFFFFFFFFFFFFFFFFFFFFFFFFB3
S2140158FFFFFFFFFFFFFFFFFFFFFFFFFFFFFFFFFFA3
S21401590FFFFFFFFFFFFFFFFFFFFFFFFFFFFFFFFF92
S21401591FFFFFFFFFFFFFFFFFFFFFFFFFFFFFFFFF82
S21401592FFFFFFFFFFFFFFFFFFFFFFFFFFFFFFFFF72
S21401593FFFFFFFFFFFFFFFFFFFFFFFFFFFFFFFFF62
S21401594FFFFFFFFFFFFFFFFFFFFFFFFFFFFFFFFF52
S21401595FFFFFFFFFFFFFFFFFFFFFFFFFFFFFFFFF42
S21401596FFFFFFFFFFFFFFFFFFFFFFFFFFFFFFFFF32
S21401597FFFFFFFFFFFFFFFFFFFFFFFFFFFFFFFFF22
S21401598FFFFFFFFFFFFFFFFFFFFFFFFFFFFFFFFF12
S21401599FFFFFFFFFFFFFFFFFFFFFFFFFFFFFFFFF02
S2140159AFFFFFFFFFFFFFFFFFFFFFFFFFFFFFFFFFF2
S2140159BFFFFFFFFFFFFFFFFFFFFFFFFFFFFFFFFFE2
S2140159CFFFFFFFFFFFFFFFFFFFFFFFFFFFFFFFFFD2
S2140159DFFFFFFFFFFFFFFFFFFFFFFFFFFFFFFFFFC2
S2140159EFFFFFFFFFFFFFFFFFFFFFFFFFFFFFFFFFB2
S2140159FFFFFFFFFFFFFFFFFFFFFFFFFFFFFFFFFFA2
S214015A0FFFFFFFFFFFFFFFFFFFFFFFFFFFFFFFFF91
S214015A1FFFFFFFFFFFFFFFFFFFFFFFFFFFFFFFFF81
S214015A2FFFFFFFFFFFFFFFFFFFFFFFFFFFFFFFFF71
S214015A3FFFFFFFFFFFFFFFFFFFFFFFFFFFFFFFFF61
S214015A4FFFFFFFFFFFFFFFFFFFFFFFFFFFFFFFFF51
S214015A5FFFFFFFFFFFFFFFFFFFFFFFFFFFFFFFFF41
S214015A6FFFFFFFFFFFFFFFFFFFFFFFFFFFFFFFFF31
S214015A7FFFFFFFFFFFFFFFFFFFFFFFFFFFFFFFFF21
S214015A8FFFFFFFFFFFFFFFFFFFFFFFFFFFFFFFFF11
S214015A9FFFFFFFFFFFFFFFFFFFFFFFFFFFFFFFFF01
S214015AAFFFFFFFFFFFFFFFFFFFFFFFFFFFFFFFFFF1
S214015ABFFFFFFFFFFFFFFFFFFFFFFFFFFFFFFFFFE1
S214015ACFFFFFFFFFFFFFFFFFFFFFFFFFFFFFFFFFD1
S214015ADFFFFFFFFFFFFFFFFFFFFFFFFFFFFFFFFFC1
S214015AEFFFFFFFFFFFFFFFFFFFFFFFFFFFFFFFFFB1
S214015AFFFFFFFFFFFFFFFFFFFFFFFFFFFFFFFFFFA1
S214015B0FFFFFFFFFFFFFFFFFFFFFFFFFFFFFFFFF90
S214015B1FFFFFFFFFFFFFFFFFFFFFFFFFFFFFFFFF80
S214015B2FFFFFFFFFFFFFFFFFFFFFFFFFFFFFFFFF70
S214015B3FFFFFFFFFFFFFFFFFFFFFFFFFFFFFFFFF60
S214015B4FFFFFFFFFFFFFFFFFFFFFFFFFFFFFFFFF50
S214015B5FFFFFFFFFFFFFFFFFFFFFFFFFFFFFFFFF40
S214015B6FFFFFFFFFFFFFFFFFFFFFFFFFFFFFFFFF30
S214015B7FFFFFFFFFFFFFFFFFFFFFFFFFFFFFFFFF20
S214015B8FFFFFFFFFFFFFFFFFFFFFFFFFFFFFFFFF10
S214015B9FFFFFFFFFFFFFFFFFFFFFFFFFFFFFFFFF00
S214015BAFFFFFFFFFFFFFFFFFFFFFFFFFFFFFFFFFF0
S214015BBFFFFFFFFFFFFFFFFFFFFFFFFFFFFFFFFFE0
S214015BCFFFFFFFFFFFFFFFFFFFFFFFFFFFFFFFFFD0
S214015BDFFFFFFFFFFFFFFFFFFFFFFFFFFFFFFFFFC0
S214015BEFFFFFFFFFFFFFFFFFFFFFFFFFFFFFFFFFB0
S214015BFFFFFFFFFFFFFFFFFFFFFFFFFFFFFFFFFFA0
S214015C0FFFFFFFFFFFFFFFFFFFFFFFFFFFFFFFFF8F
S214015C1FFFFFFFFFFFFFFFFFFFFFFFFFFFFFFFFF7F
S214015C2FFFFFFFFFFFFFFFFFFFFFFFFFFFFFFFFF6F
S214015C3FFFFFFFFFFFFFFFFFFFFFFFFFFFFFFFFF5F
S214015C4FFFFFFFFFFFFFFFFFFFFFFFFFFFFFFFFF4F
S214015C5FFFFFFFFFFFFFFFFFFFFFFFFFFFFFFFFF3F
S214015C6FFFFFFFFFFFFFFFFFFFFFFFFFFFFFFFFF2F
S214015C7FFFFFFFFFFFFFFFFFFFFFFFFFFFFFFFFF1F
S214015C8FFFFFFFFFFFFFFFFFFFFFFFFFFFFFFFFF0F
S214015C9FFFFFFFFFFFFFFFFFFFFFFFFFFFFFFFFFFF
S214015CAFFFFFFFFFFFFFFFFFFFFFFFFFFFFFFFFFEF
S214015CBFFFFFFFFFFFFFFFFFFFFFFFFFFFFFFFFFDF
S214015CCFFFFFFFFFFFFFFFFFFFFFFFFFFFFFFFFFCF
S214015CDFFFFFFFFFFFFFFFFFFFFFFFFFFFFFFFFFBF
S214015CEFFFFFFFFFFFFFFFFFFFFFFFFFFFFFFFFFAF
S214015CFFFFFFFFFFFFFFFFFFFFFFFFFFFFFFFFFF9F
S214015D0FFFFFFFFFFFFFFFFFFFFFFFFFFFFFFFFF8E
S214015D1FFFFFFFFFFFFFFFFFFFFFFFFFFFFFFFFF7E
S214015D2FFFFFFFFFFFFFFFFFFFFFFFFFFFFFFFFF6E
S214015D3FFFFFFFFFFFFFFFFFFFFFFFFFFFFFFFFF5E
S214015D4FFFFFFFFFFFFFFFFFFFFFFFFFFFFFFFFF4E
S214015D5FFFFFFFFFFFFFFFFFFFFFFFFFFFFFFFFF3E
S214015D6FFFFFFFFFFFFFFFFFFFFFFFFFFFFFFFFF2E
S214015D7FFFFFFFFFFFFFFFFFFFFFFFFFFFFFFFFF1E
S214015D8FFFFFFFFFFFFFFFFFFFFFFFFFFFFFFFFF0E
S214015D9FFFFFFFFFFFFFFFFFFFFFFFFFFFFFFFFFFE
S214015DAFFFFFFFFFFFFFFFFFFFFFFFFFFFFFFFFFEE
S214015DBFFFFFFFFFFFFFFFFFFFFFFFFFFFFFFFFFDE
S214015DCFFFFFFFFFFFFFFFFFFFFFFFFFFFFFFFFFCE
S214015DDFFFFFFFFFFFFFFFFFFFFFFFFFFFFFFFFFBE
S214015DEFFFFFFFFFFFFFFFFFFFFFFFFFFFFFFFFFAE
S214015DFFFFFFFFFFFFFFFFFFFFFFFFFFFFFFFFFF9E
S214015E0FFFFFFFFFFFFFFFFFFFFFFFFFFFFFFFFF8D
S214015E1FFFFFFFFFFFFFFFFFFFFFFFFFFFFFFFFF7D
S214015E2FFFFFFFFFFFFFFFFFFFFFFFFFFFFFFFFF6D
S214015E3FFFFFFFFFFFFFFFFFFFFFFFFFFFFFFFFF5D
S214015E4FFFFFFFFFFFFFFFFFFFFFFFFFFFFFFFFF4D
S214015E5FFFFFFFFFFFFFFFFFFFFFFFFFFFFFFFFF3D
S214015E6FFFFFFFFFFFFFFFFFFFFFFFFFFFFFFFFF2D
S214015E7FFFFFFFFFFFFFFFFFFFFFFFFFFFFFFFFF1D
S214015E8FFFFFFFFFFFFFFFFFFFFFFFFFFFFFFFFF0D
S214015E9FFFFFFFFFFFFFFFFFFFFFFFFFFFFFFFFFFD
S214015EAFFFFFFFFFFFFFFFFFFFFFFFFFFFFFFFFFED
S214015EBFFFFFFFFFFFFFFFFFFFFFFFFFFFFFFFFFDD
S214015ECFFFFFFFFFFFFFFFFFFFFFFFFFFFFFFFFFCD
S214015EDFFFFFFFFFFFFFFFFFFFFFFFFFFFFFFFFFBD
S214015EEFFFFFFFFFFFFFFFFFFFFFFFFFFFFFFFFFAD
S214015EFFFFFFFFFFFFFFFFFFFFFFFFFFFFFFFFFF9D
S214015F0FFFFFFFFFFFFFFFFFFFFFFFFFFFFFFFFF8C
S214015F1FFFFFFFFFFFFFFFFFFFFFFFFFFFFFFFFF7C
S214015F2FFFFFFFFFFFFFFFFFFFFFFFFFFFFFFFFF6C
S214015F3FFFFFFFFFFFFFFFFFFFFFFFFFFFFFFFFF5C
S214015F4FFFFFFFFFFFFFFFFFFFFFFFFFFFFFFFFF4C
S214015F5FFFFFFFFFFFFFFFFFFFFFFFFFFFFFFFFF3C
S214015F6FFFFFFFFFFFFFFFFFFFFFFFFFFFFFFFFF2C
S214015F7FFFFFFFFFFFFFFFFFFFFFFFFFFFFFFFFF1C
S214015F8FFFFFFFFFFFFFFFFFFFFFFFFFFFFFFFFF0C
S214015F9FFFFFFFFFFFFFFFFFFFFFFFFFFFFFFFFFFC
S214015FAFFFFFFFFFFFFFFFFFFFFFFFFFFFFFFFFFEC
S214015FBFFFFFFFFFFFFFFFFFFFFFFFFFFFFFFFFFDC
S214015FCFFFFFFFFFFFFFFFFFFFFFFFFFFFFFFFFFCC
S214015FDFFFFFFFFFFFFFFFFFFFFFFFFFFFFFFFFFBC
S214015FEFFFFFFFFFFFFFFFFFFFFFFFFFFFFFFFFFAC
S214015FFFFFFFFFFFFFFFFFFFFFFFFFFFFFFFFFFF9C
S21401600FFFFFFFFFFFFFFFFFFFFFFFFFFFFFFFFF8B
S21401601FFFFFFFFFFFFFFFFFFFFFFFFFFFFFFFFF7B
S21401602FFFFFFFFFFFFFFFFFFFFFFFFFFFFFFFFF6B
S21401603FFFFFFFFFFFFFFFFFFFFFFFFFFFFFFFFF5B
S21401604FFFFFFFFFFFFFFFFFFFFFFFFFFFFFFFFF4B
S21401605FFFFFFFFFFFFFFFFFFFFFFFFFFFFFFFFF3B
S21401606FFFFFFFFFFFFFFFFFFFFFFFFFFFFFFFFF2B
S21401607FFFFFFFFFFFFFFFFFFFFFFFFFFFFFFFFF1B
S21401608FFFFFFFFFFFFFFFFFFFFFFFFFFFFFFFFF0B
S21401609FFFFFFFFFFFFFFFFFFFFFFFFFFFFFFFFFFB
S2140160AFFFFFFFFFFFFFFFFFFFFFFFFFFFFFFFFFEB
S2140160BFFFFFFFFFFFFFFFFFFFFFFFFFFFFFFFFFDB
S2140160CFFFFFFFFFFFFFFFFFFFFFFFFFFFFFFFFFCB
S2140160DFFFFFFFFFFFFFFFFFFFFFFFFFFFFFFFFFBB
S2140160EFFFFFFFFFFFFFFFFFFFFFFFFFFFFFFFFFAB
S2140160FFFFFFFFFFFFFFFFFFFFFFFFFFFFFFFFFF9B
S21401610FFFFFFFFFFFFFFFFFFFFFFFFFFFFFFFFF8A
S21401611FFFFFFFFFFFFFFFFFFFFFFFFFFFFFFFFF7A
S21401612FFFFFFFFFFFFFFFFFFFFFFFFFFFFFFFFF6A
S21401613FFFFFFFFFFFFFFFFFFFFFFFFFFFFFFFFF5A
S21401614FFFFFFFFFFFFFFFFFFFFFFFFFFFFFFFFF4A
S21401615FFFFFFFFFFFFFFFFFFFFFFFFFFFFFFFFF3A
S21401616FFFFFFFFFFFFFFFFFFFFFFFFFFFFFFFFF2A
S21401617FFFFFFFFFFFFFFFFFFFFFFFFFFFFFFFFF1A
S21401618FFFFFFFFFFFFFFFFFFFFFFFFFFFFFFFFF0A
S21401619FFFFFFFFFFFFFFFFFFFFFFFFFFFFFFFFFFA
S2140161AFFFFFFFFFFFFFFFFFFFFFFFFFFFFFFFFFEA
S2140161BFFFFFFFFFFFFFFFFFFFFFFFFFFFFFFFFFDA
S2140161CFFFFFFFFFFFFFFFFFFFFFFFFFFFFFFFFFCA
S2140161DFFFFFFFFFFFFFFFFFFFFFFFFFFFFFFFFFBA
S2140161EFFFFFFFFFFFFFFFFFFFFFFFFFFFFFFFFFAA
S2140161FFFFFFFFFFFFFFFFFFFFFFFFFFFFFFFFFF9A
S21401620FFFFFFFFFFFFFFFFFFFFFFFFFFFFFFFFF89
S21401621FFFFFFFFFFFFFFFFFFFFFFFFFFFFFFFFF79
S21401622FFFFFFFFFFFFFFFFFFFFFFFFFFFFFFFFF69
S21401623FFFFFFFFFFFFFFFFFFFFFFFFFFFFFFFFF59
S21401624FFFFFFFFFFFFFFFFFFFFFFFFFFFFFFFFF49
S21401625FFFFFFFFFFFFFFFFFFFFFFFFFFFFFFFFF39
S21401626FFFFFFFFFFFFFFFFFFFFFFFFFFFFFFFFF29
S21401627FFFFFFFFFFFFFFFFFFFFFFFFFFFFFFFFF19
S21401628FFFFFFFFFFFFFFFFFFFFFFFFFFFFFFFFF09
S21401629FFFFFFFFFFFFFFFFFFFFFFFFFFFFFFFFFF9
S2140162AFFFFFFFFFFFFFFFFFFFFFFFFFFFFFFFFFE9
S2140162BFFFFFFFFFFFFFFFFFFFFFFFFFFFFFFFFFD9
S2140162CFFFFFFFFFFFFFFFFFFFFFFFFFFFFFFFFFC9
S2140162DFFFFFFFFFFFFFFFFFFFFFFFFFFFFFFFFFB9
S2140162EFFFFFFFFFFFFFFFFFFFFFFFFFFFFFFFFFA9
S2140162FFFFFFFFFFFFFFFFFFFFFFFFFFFFFFFFFF99
S21401630FFFFFFFFFFFFFFFFFFFFFFFFFFFFFFFFF88
S21401631FFFFFFFFFFFFFFFFFFFFFFFFFFFFFFFFF78
S21401632FFFFFFFFFFFFFFFFFFFFFFFFFFFFFFFFF68
S21401633FFFFFFFFFFFFFFFFFFFFFFFFFFFFFFFFF58
S21401634FFFFFFFFFFFFFFFFFFFFFFFFFFFFFFFFF48
S21401635FFFFFFFFFFFFFFFFFFFFFFFFFFFFFFFFF38
S21401636FFFFFFFFFFFFFFFFFFFFFFFFFFFFFFFFF28
S21401637FFFFFFFFFFFFFFFFFFFFFFFFFFFFFFFFF18
S21401638FFFFFFFFFFFFFFFFFFFFFFFFFFFFFFFFF08
S21401639FFFFFFFFFFFFFFFFFFFFFFFFFFFFFFFFFF8
S2140163AFFFFFFFFFFFFFFFFFFFFFFFFFFFFFFFFFE8
S2140163BFFFFFFFFFFFFFFFFFFFFFFFFFFFFFFFFFD8
S2140163CFFFFFFFFFFFFFFFFFFFFFFFFFFFFFFFFFC8
S2140163DFFFFFFFFFFFFFFFFFFFFFFFFFFFFFFFFFB8
S2140163EFFFFFFFFFFFFFFFFFFFFFFFFFFFFFFFFFA8
S2140163FFFFFFFFFFFFFFFFFFFFFFFFFFFFFFFFFF98
S21401640FFFFFFFFFFFFFFFFFFFFFFFFFFFFFFFFF87
S21401641FFFFFFFFFFFFFFFFFFFFFFFFFFFFFFFFF77
S21401642FFFFFFFFFFFFFFFFFFFFFFFFFFFFFFFFF67
S21401643FFFFFFFFFFFFFFFFFFFFFFFFFFFFFFFFF57
S21401644FFFFFFFFFFFFFFFFFFFFFFFFFFFFFFFFF47
S21401645FFFFFFFFFFFFFFFFFFFFFFFFFFFFFFFFF37
S21401646FFFFFFFFFFFFFFFFFFFFFFFFFFFFFFFFF27
S21401647FFFFFFFFFFFFFFFFFFFFFFFFFFFFFFFFF17
S21401648FFFFFFFFFFFFFFFFFFFFFFFFFFFFFFFFF07
S21401649FFFFFFFFFFFFFFFFFFFFFFFFFFFFFFFFFF7
S2140164AFFFFFFFFFFFFFFFFFFFFFFFFFFFFFFFFFE7
S2140164BFFFFFFFFFFFFFFFFFFFFFFFFFFFFFFFFFD7
S2140164CFFFFFFFFFFFFFFFFFFFFFFFFFFFFFFFFFC7
S2140164DFFFFFFFFFFFFFFFFFFFFFFFFFFFFFFFFFB7
S2140164EFFFFFFFFFFFFFFFFFFFFFFFFFFFFFFFFFA7
S2140164FFFFFFFFFFFFFFFFFFFFFFFFFFFFFFFFFF97
S21401650FFFFFFFFFFFFFFFFFFFFFFFFFFFFFFFFF86
S21401651FFFFFFFFFFFFFFFFFFFFFFFFFFFFFFFFF76
S21401652FFFFFFFFFFFFFFFFFFFFFFFFFFFFFFFFF66
S21401653FFFFFFFFFFFFFFFFFFFFFFFFFFFFFFFFF56
S21401654FFFFFFFFFFFFFFFFFFFFFFFFFFFFFFFFF46
S21401655FFFFFFFFFFFFFFFFFFFFFFFFFFFFFFFFF36
S21401656FFFFFFFFFFFFFFFFFFFFFFFFFFFFFFFFF26
S21401657FFFFFFFFFFFFFFFFFFFFFFFFFFFFFFFFF16
S21401658FFFFFFFFFFFFFFFFFFFFFFFFFFFFFFFFF06
S21401659FFFFFFFFFFFFFFFFFFFFFFFFFFFFFFFFFF6
S2140165AFFFFFFFFFFFFFFFFFFFFFFFFFFFFFFFFFE6
S2140165BFFFFFFFFFFFFFFFFFFFFFFFFFFFFFFFFFD6
S2140165CFFFFFFFFFFFFFFFFFFFFFFFFFFFFFFFFFC6
S2140165DFFFFFFFFFFFFFFFFFFFFFFFFFFFFFFFFFB6
S2140165EFFFFFFFFFFFFFFFFFFFFFFFFFFFFFFFFFA6
S2140165FFFFFFFFFFFFFFFFFFFFFFFFFFFFFFFFFF96
S21401660FFFFFFFFFFFFFFFFFFFFFFFFFFFFFFFFF85
S21401661FFFFFFFFFFFFFFFFFFFFFFFFFFFFFFFFF75
S21401662FFFFFFFFFFFFFFFFFFFFFFFFFFFFFFFFF65
S21401663FFFFFFFFFFFFFFFFFFFFFFFFFFFFFFFFF55
S21401664FFFFFFFFFFFFFFFFFFFFFFFFFFFFFFFFF45
S21401665FFFFFFFFFFFFFFFFFFFFFFFFFFFFFFFFF35
S21401666FFFFFFFFFFFFFFFFFFFFFFFFFFFFFFFFF25
S21401667FFFFFFFFFFFFFFFFFFFFFFFFFFFFFFFFF15
S21401668FFFFFFFFFFFFFFFFFFFFFFFFFFFFFFFFF05
S21401669FFFFFFFFFFFFFFFFFFFFFFFFFFFFFFFFFF5
S2140166AFFFFFFFFFFFFFFFFFFFFFFFFFFFFFFFFFE5
S2140166BFFFFFFFFFFFFFFFFFFFFFFFFFFFFFFFFFD5
S2140166CFFFFFFFFFFFFFFFFFFFFFFFFFFFFFFFFFC5
S2140166DFFFFFFFFFFFFFFFFFFFFFFFFFFFFFFFFFB5
S2140166EFFFFFFFFFFFFFFFFFFFFFFFFFFFFFFFFFA5
S2140166FFFFFFFFFFFFFFFFFFFFFFFFFFFFFFFFFF95
S21401670FFFFFFFFFFFFFFFFFFFFFFFFFFFFFFFFF84
S21401671FFFFFFFFFFFFFFFFFFFFFFFFFFFFFFFFF74
S21401672FFFFFFFFFFFFFFFFFFFFFFFFFFFFFFFFF64
S21401673FFFFFFFFFFFFFFFFFFFFFFFFFFFFFFFFF54
S21401674FFFFFFFFFFFFFFFFFFFFFFFFFFFFFFFFF44
S21401675FFFFFFFFFFFFFFFFFFFFFFFFFFFFFFFFF34
S21401676FFFFFFFFFFFFFFFFFFFFFFFFFFFFFFFFF24
S21401677FFFFFFFFFFFFFFFFFFFFFFFFFFFFFFFFF14
S21401678FFFFFFFFFFFFFFFFFFFFFFFFFFFFFFFFF04
S21401679FFFFFFFFFFFFFFFFFFFFFFFFFFFFFFFFFF4
S2140167AFFFFFFFFFFFFFFFFFFFFFFFFFFFFFFFFFE4
S2140167BFFFFFFFFFFFFFFFFFFFFFFFFFFFFFFFFFD4
S2140167CFFFFFFFFFFFFFFFFFFFFFFFFFFFFFFFFFC4
S2140167DFFFFFFFFFFFFFFFFFFFFFFFFFFFFFFFFFB4
S2140167EFFFFFFFFFFFFFFFFFFFFFFFFFFFFFFFFFA4
S2140167FFFFFFFFFFFFFFFFFFFFFFFFFFFFFFFFFF94
S21401680FFFFFFFFFFFFFFFFFFFFFFFFFFFFFFFFF83
S21401681FFFFFFFFFFFFFFFFFFFFFFFFFFFFFFFFF73
S21401682FFFFFFFFFFFFFFFFFFFFFFFFFFFFFFFFF63
S21401683FFFFFFFFFFFFFFFFFFFFFFFFFFFFFFFFF53
S21401684FFFFFFFFFFFFFFFFFFFFFFFFFFFFFFFFF43
S21401685FFFFFFFFFFFFFFFFFFFFFFFFFFFFFFFFF33
S21401686FFFFFFFFFFFFFFFFFFFFFFFFFFFFFFFFF23
S21401687FFFFFFFFFFFFFFFFFFFFFFFFFFFFFFFFF13
S21401688FFFFFFFFFFFFFFFFFFFFFFFFFFFFFFFFF03
S21401689FFFFFFFFFFFFFFFFFFFFFFFFFFFFFFFFFF3
S2140168AFFFFFFFFFFFFFFFFFFFFFFFFFFFFFFFFFE3
S2140168BFFFFFFFFFFFFFFFFFFFFFFFFFFFFFFFFFD3
S2140168CFFFFFFFFFFFFFFFFFFFFFFFFFFFFFFFFFC3
S2140168DFFFFFFFFFFFFFFFFFFFFFFFFFFFFFFFFFB3
S2140168EFFFFFFFFFFFFFFFFFFFFFFFFFFFFFFFFFA3
S2140168FFFFFFFFFFFFFFFFFFFFFFFFFFFFFFFFFF93
S21401690FFFFFFFFFFFFFFFFFFFFFFFFFFFFFFFFF82
S21401691FFFFFFFFFFFFFFFFFFFFFFFFFFFFFFFFF72
S21401692FFFFFFFFFFFFFFFFFFFFFFFFFFFFFFFFF62
S21401693FFFFFFFFFFFFFFFFFFFFFFFFFFFFFFFFF52
S21401694FFFFFFFFFFFFFFFFFFFFFFFFFFFFFFFFF42
S21401695FFFFFFFFFFFFFFFFFFFFFFFFFFFFFFFFF32
S21401696FFFFFFFFFFFFFFFFFFFFFFFFFFFFFFFFF22
S21401697FFFFFFFFFFFFFFFFFFFFFFFFFFFFFFFFF12
S21401698FFFFFFFFFFFFFFFFFFFFFFFFFFFFFFFFF02
S21401699FFFFFFFFFFFFFFFFFFFFFFFFFFFFFFFFFF2
S2140169AFFFFFFFFFFFFFFFFFFFFFFFFFFFFFFFFFE2
S2140169BFFFFFFFFFFFFFFFFFFFFFFFFFFFFFFFFFD2
S2140169CFFFFFFFFFFFFFFFFFFFFFFFFFFFFFFFFFC2
S2140169DFFFFFFFFFFFFFFFFFFFFFFFFFFFFFFFFFB2
S2140169EFFFFFFFFFFFFFFFFFFFFFFFFFFFFFFFFFA2
S2140169FFFFFFFFFFFFFFFFFFFFFFFFFFFFFFFFFF92
S214016A0FFFFFFFFFFFFFFFFFFFFFFFFFFFFFFFFF81
S214016A1FFFFFFFFFFFFFFFFFFFFFFFFFFFFFFFFF71
S214016A2FFFFFFFFFFFFFFFFFFFFFFFFFFFFFFFFF61
S214016A3FFFFFFFFFFFFFFFFFFFFFFFFFFFFFFFFF51
S214016A4FFFFFFFFFFFFFFFFFFFFFFFFFFFFFFFFF41
S214016A5FFFFFFFFFFFFFFFFFFFFFFFFFFFFFFFFF31
S214016A6FFFFFFFFFFFFFFFFFFFFFFFFFFFFFFFFF21
S214016A7FFFFFFFFFFFFFFFFFFFFFFFFFFFFFFFFF11
S214016A8FFFFFFFFFFFFFFFFFFFFFFFFFFFFFFFFF01
S214016A9FFFFFFFFFFFFFFFFFFFFFFFFFFFFFFFFFF1
S214016AAFFFFFFFFFFFFFFFFFFFFFFFFFFFFFFFFFE1
S214016ABFFFFFFFFFFFFFFFFFFFFFFFFFFFFFFFFFD1
S214016ACFFFFFFFFFFFFFFFFFFFFFFFFFFFFFFFFFC1
S214016ADFFFFFFFFFFFFFFFFFFFFFFFFFFFFFFFFFB1
S214016AEFFFFFFFFFFFFFFFFFFFFFFFFFFFFFFFFFA1
S214016AFFFFFFFFFFFFFFFFFFFFFFFFFFFFFFFFFF91
S214016B0FFFFFFFFFFFFFFFFFFFFFFFFFFFFFFFFF80
S214016B1FFFFFFFFFFFFFFFFFFFFFFFFFFFFFFFFF70
S214016B2FFFFFFFFFFFFFFFFFFFFFFFFFFFFFFFFF60
S214016B3FFFFFFFFFFFFFFFFFFFFFFFFFFFFFFFFF50
S214016B4FFFFFFFFFFFFFFFFFFFFFFFFFFFFFFFFF40
S214016B5FFFFFFFFFFFFFFFFFFFFFFFFFFFFFFFFF30
S214016B6FFFFFFFFFFFFFFFFFFFFFFFFFFFFFFFFF20
S214016B7FFFFFFFFFFFFFFFFFFFFFFFFFFFFFFFFF10
S214016B8FFFFFFFFFFFFFFFFFFFFFFFFFFFFFFFFF00
S214016B9FFFFFFFFFFFFFFFFFFFFFFFFFFFFFFFFFF0
S214016BAFFFFFFFFFFFFFFFFFFFFFFFFFFFFFFFFFE0
S214016BBFFFFFFFFFFFFFFFFFFFFFFFFFFFFFFFFFD0
S214016BCFFFFFFFFFFFFFFFFFFFFFFFFFFFFFFFFFC0
S214016BDFFFFFFFFFFFFFFFFFFFFFFFFFFFFFFFFFB0
S214016BEFFFFFFFFFFFFFFFFFFFFFFFFFFFFFFFFFA0
S214016BFFFFFFFFFFFFFFFFFFFFFFFFFFFFFFFFFF90
S214016C0FFFFFFFFFFFFFFFFFFFFFFFFFFFFFFFFF7F
S214016C1FFFFFFFFFFFFFFFFFFFFFFFFFFFFFFFFF6F
S214016C2FFFFFFFFFFFFFFFFFFFFFFFFFFFFFFFFF5F
S214016C3FFFFFFFFFFFFFFFFFFFFFFFFFFFFFFFFF4F
S214016C4FFFFFFFFFFFFFFFFFFFFFFFFFFFFFFFFF3F
S214016C5FFFFFFFFFFFFFFFFFFFFFFFFFFFFFFFFF2F
S214016C6FFFFFFFFFFFFFFFFFFFFFFFFFFFFFFFFF1F
S214016C7FFFFFFFFFFFFFFFFFFFFFFFFFFFFFFFFF0F
S214016C8FFFFFFFFFFFFFFFFFFFFFFFFFFFFFFFFFFF
S214016C9FFFFFFFFFFFFFFFFFFFFFFFFFFFFFFFFFEF
S214016CAFFFFFFFFFFFFFFFFFFFFFFFFFFFFFFFFFDF
S214016CBFFFFFFFFFFFFFFFFFFFFFFFFFFFFFFFFFCF
S214016CCFFFFFFFFFFFFFFFFFFFFFFFFFFFFFFFFFBF
S214016CDFFFFFFFFFFFFFFFFFFFFFFFFFFFFFFFFFAF
S214016CEFFFFFFFFFFFFFFFFFFFFFFFFFFFFFFFFF9F
S214016CFFFFFFFFFFFFFFFFFFFFFFFFFFFFFFFFFF8F
S214016D0FFFFFFFFFFFFFFFFFFFFFFFFFFFFFFFFF7E
S214016D1FFFFFFFFFFFFFFFFFFFFFFFFFFFFFFFFF6E
S214016D2FFFFFFFFFFFFFFFFFFFFFFFFFFFFFFFFF5E
S214016D3FFFFFFFFFFFFFFFFFFFFFFFFFFFFFFFFF4E
S214016D4FFFFFFFFFFFFFFFFFFFFFFFFFFFFFFFFF3E
S214016D5FFFFFFFFFFFFFFFFFFFFFFFFFFFFFFFFF2E
S214016D6FFFFFFFFFFFFFFFFFFFFFFFFFFFFFFFFF1E
S214016D7FFFFFFFFFFFFFFFFFFFFFFFFFFFFFFFFF0E
S214016D8FFFFFFFFFFFFFFFFFFFFFFFFFFFFFFFFFFE
S214016D9FFFFFFFFFFFFFFFFFFFFFFFFFFFFFFFFFEE
S214016DAFFFFFFFFFFFFFFFFFFFFFFFFFFFFFFFFFDE
S214016DBFFFFFFFFFFFFFFFFFFFFFFFFFFFFFFFFFCE
S214016DCFFFFFFFFFFFFFFFFFFFFFFFFFFFFFFFFFBE
S214016DDFFFFFFFFFFFFFFFFFFFFFFFFFFFFFFFFFAE
S214016DEFFFFFFFFFFFFFFFFFFFFFFFFFFFFFFFFF9E
S214016DFFFFFFFFFFFFFFFFFFFFFFFFFFFFFFFFFF8E
S214016E0FFFFFFFFFFFFFFFFFFFFFFFFFFFFFFFFF7D
S214016E1FFFFFFFFFFFFFFFFFFFFFFFFFFFFFFFFF6D
S214016E2FFFFFFFFFFFFFFFFFFFFFFFFFFFFFFFFF5D
S214016E3FFFFFFFFFFFFFFFFFFFFFFFFFFFFFFFFF4D
S214016E4FFFFFFFFFFFFFFFFFFFFFFFFFFFFFFFFF3D
S214016E5FFFFFFFFFFFFFFFFFFFFFFFFFFFFFFFFF2D
S214016E6FFFFFFFFFFFFFFFFFFFFFFFFFFFFFFFFF1D
S214016E7FFFFFFFFFFFFFFFFFFFFFFFFFFFFFFFFF0D
S214016E8FFFFFFFFFFFFFFFFFFFFFFFFFFFFFFFFFFD
S214016E9FFFFFFFFFFFFFFFFFFFFFFFFFFFFFFFFFED
S214016EAFFFFFFFFFFFFFFFFFFFFFFFFFFFFFFFFFDD
S214016EBFFFFFFFFFFFFFFFFFFFFFFFFFFFFFFFFFCD
S214016ECFFFFFFFFFFFFFFFFFFFFFFFFFFFFFFFFFBD
S214016EDFFFFFFFFFFFFFFFFFFFFFFFFFFFFFFFFFAD
S214016EEFFFFFFFFFFFFFFFFFFFFFFFFFFFFFFFFF9D
S214016EFFFFFFFFFFFFFFFFFFFFFFFFFFFFFFFFFF8D
S214016F0FFFFFFFFFFFFFFFFFFFFFFFFFFFFFFFFF7C
S214016F1FFFFFFFFFFFFFFFFFFFFFFFFFFFFFFFFF6C
S214016F2FFFFFFFFFFFFFFFFFFFFFFFFFFFFFFFFF5C
S214016F3FFFFFFFFFFFFFFFFFFFFFFFFFFFFFFFFF4C
S214016F4FFFFFFFFFFFFFFFFFFFFFFFFFFFFFFFFF3C
S214016F5FFFFFFFFFFFFFFFFFFFFFFFFFFFFFFFFF2C
S214016F6FFFFFFFFFFFFFFFFFFFFFFFFFFFFFFFFF1C
S214016F7FFFFFFFFFFFFFFFFFFFFFFFFFFFFFFFFF0C
S214016F8FFFFFFFFFFFFFFFFFFFFFFFFFFFFFFFFFFC
S214016F9FFFFFFFFFFFFFFFFFFFFFFFFFFFFFFFFFEC
S214016FAFFFFFFFFFFFFFFFFFFFFFFFFFFFFFFFFFDC
S214016FBFFFFFFFFFFFFFFFFFFFFFFFFFFFFFFFFFCC
S214016FCFFFFFFFFFFFFFFFFFFFFFFFFFFFFFFFFFBC
S214016FDFFFFFFFFFFFFFFFFFFFFFFFFFFFFFFFFFAC
S214016FEFFFFFFFFFFFFFFFFFFFFFFFFFFFFFFFFF9C
S214016FFFFFFFFFFFFFFFFFFFFFFFFFFFFFFFFFFF8C
S21401700FFFFFFFFFFFFFFFFFFFFFFFFFFFFFFFFF7B
S21401701FFFFFFFFFFFFFFFFFFFFFFFFFFFFFFFFF6B
S21401702FFFFFFFFFFFFFFFFFFFFFFFFFFFFFFFFF5B
S21401703FFFFFFFFFFFFFFFFFFFFFFFFFFFFFFFFF4B
S21401704FFFFFFFFFFFFFFFFFFFFFFFFFFFFFFFFF3B
S21401705FFFFFFFFFFFFFFFFFFFFFFFFFFFFFFFFF2B
S21401706FFFFFFFFFFFFFFFFFFFFFFFFFFFFFFFFF1B
S21401707FFFFFFFFFFFFFFFFFFFFFFFFFFFFFFFFF0B
S21401708FFFFFFFFFFFFFFFFFFFFFFFFFFFFFFFFFFB
S21401709FFFFFFFFFFFFFFFFFFFFFFFFFFFFFFFFFEB
S2140170AFFFFFFFFFFFFFFFFFFFFFFFFFFFFFFFFFDB
S2140170BFFFFFFFFFFFFFFFFFFFFFFFFFFFFFFFFFCB
S2140170CFFFFFFFFFFFFFFFFFFFFFFFFFFFFFFFFFBB
S2140170DFFFFFFFFFFFFFFFFFFFFFFFFFFFFFFFFFAB
S2140170EFFFFFFFFFFFFFFFFFFFFFFFFFFFFFFFFF9B
S2140170FFFFFFFFFFFFFFFFFFFFFFFFFFFFFFFFFF8B
S21401710FFFFFFFFFFFFFFFFFFFFFFFFFFFFFFFFF7A
S21401711FFFFFFFFFFFFFFFFFFFFFFFFFFFFFFFFF6A
S21401712FFFFFFFFFFFFFFFFFFFFFFFFFFFFFFFFF5A
S21401713FFFFFFFFFFFFFFFFFFFFFFFFFFFFFFFFF4A
S21401714FFFFFFFFFFFFFFFFFFFFFFFFFFFFFFFFF3A
S21401715FFFFFFFFFFFFFFFFFFFFFFFFFFFFFFFFF2A
S21401716FFFFFFFFFFFFFFFFFFFFFFFFFFFFFFFFF1A
S21401717FFFFFFFFFFFFFFFFFFFFFFFFFFFFFFFFF0A
S21401718FFFFFFFFFFFFFFFFFFFFFFFFFFFFFFFFFFA
S21401719FFFFFFFFFFFFFFFFFFFFFFFFFFFFFFFFFEA
S2140171AFFFFFFFFFFFFFFFFFFFFFFFFFFFFFFFFFDA
S2140171BFFFFFFFFFFFFFFFFFFFFFFFFFFFFFFFFFCA
S2140171CFFFFFFFFFFFFFFFFFFFFFFFFFFFFFFFFFBA
S2140171DFFFFFFFFFFFFFFFFFFFFFFFFFFFFFFFFFAA
S2140171EFFFFFFFFFFFFFFFFFFFFFFFFFFFFFFFFF9A
S2140171FFFFFFFFFFFFFFFFFFFFFFFFFFFFFFFFFF8A
S21401720FFFFFFFFFFFFFFFFFFFFFFFFFFFFFFFFF79
S21401721FFFFFFFFFFFFFFFFFFFFFFFFFFFFFFFFF69
S21401722FFFFFFFFFFFFFFFFFFFFFFFFFFFFFFFFF59
S21401723FFFFFFFFFFFFFFFFFFFFFFFFFFFFFFFFF49
S21401724FFFFFFFFFFFFFFFFFFFFFFFFFFFFFFFFF39
S21401725FFFFFFFFFFFFFFFFFFFFFFFFFFFFFFFFF29
S21401726FFFFFFFFFFFFFFFFFFFFFFFFFFFFFFFFF19
S21401727FFFFFFFFFFFFFFFFFFFFFFFFFFFFFFFFF09
S21401728FFFFFFFFFFFFFFFFFFFFFFFFFFFFFFFFFF9
S21401729FFFFFFFFFFFFFFFFFFFFFFFFFFFFFFFFFE9
S2140172AFFFFFFFFFFFFFFFFFFFFFFFFFFFFFFFFFD9
S2140172BFFFFFFFFFFFFFFFFFFFFFFFFFFFFFFFFFC9
S2140172CFFFFFFFFFFFFFFFFFFFFFFFFFFFFFFFFFB9
S2140172DFFFFFFFFFFFFFFFFFFFFFFFFFFFFFFFFFA9
S2140172EFFFFFFFFFFFFFFFFFFFFFFFFFFFFFFFFF99
S2140172FFFFFFFFFFFFFFFFFFFFFFFFFFFFFFFFFF89
S21401730FFFFFFFFFFFFFFFFFFFFFFFFFFFFFFFFF78
S21401731FFFFFFFFFFFFFFFFFFFFFFFFFFFFFFFFF68
S21401732FFFFFFFFFFFFFFFFFFFFFFFFFFFFFFFFF58
S21401733FFFFFFFFFFFFFFFFFFFFFFFFFFFFFFFFF48
S21401734FFFFFFFFFFFFFFFFFFFFFFFFFFFFFFFFF38
S21401735FFFFFFFFFFFFFFFFFFFFFFFFFFFFFFFFF28
S21401736FFFFFFFFFFFFFFFFFFFFFFFFFFFFFFFFF18
S21401737FFFFFFFFFFFFFFFFFFFFFFFFFFFFFFFFF08
S21401738FFFFFFFFFFFFFFFFFFFFFFFFFFFFFFFFFF8
S21401739FFFFFFFFFFFFFFFFFFFFFFFFFFFFFFFFFE8
S2140173AFFFFFFFFFFFFFFFFFFFFFFFFFFFFFFFFFD8
S2140173BFFFFFFFFFFFFFFFFFFFFFFFFFFFFFFFFFC8
S2140173CFFFFFFFFFFFFFFFFFFFFFFFFFFFFFFFFFB8
S2140173DFFFFFFFFFFFFFFFFFFFFFFFFFFFFFFFFFA8
S2140173EFFFFFFFFFFFFFFFFFFFFFFFFFFFFFFFFF98
S2140173FFFFFFFFFFFFFFFFFFFFFFFFFFFFFFFFFF88
S21401740FFFFFFFFFFFFFFFFFFFFFFFFFFFFFFFFF77
S21401741FFFFFFFFFFFFFFFFFFFFFFFFFFFFFFFFF67
S21401742FFFFFFFFFFFFFFFFFFFFFFFFFFFFFFFFF57
S21401743FFFFFFFFFFFFFFFFFFFFFFFFFFFFFFFFF47
S21401744FFFFFFFFFFFFFFFFFFFFFFFFFFFFFFFFF37
S21401745FFFFFFFFFFFFFFFFFFFFFFFFFFFFFFFFF27
S21401746FFFFFFFFFFFFFFFFFFFFFFFFFFFFFFFFF17
S21401747FFFFFFFFFFFFFFFFFFFFFFFFFFFFFFFFF07
S21401748FFFFFFFFFFFFFFFFFFFFFFFFFFFFFFFFFF7
S21401749FFFFFFFFFFFFFFFFFFFFFFFFFFFFFFFFFE7
S2140174AFFFFFFFFFFFFFFFFFFFFFFFFFFFFFFFFFD7
S2140174BFFFFFFFFFFFFFFFFFFFFFFFFFFFFFFFFFC7
S2140174CFFFFFFFFFFFFFFFFFFFFFFFFFFFFFFFFFB7
S2140174DFFFFFFFFFFFFFFFFFFFFFFFFFFFFFFFFFA7
S2140174EFFFFFFFFFFFFFFFFFFFFFFFFFFFFFFFFF97
S2140174FFFFFFFFFFFFFFFFFFFFFFFFFFFFFFFFFF87
S21401750FFFFFFFFFFFFFFFFFFFFFFFFFFFFFFFFF76
S21401751FFFFFFFFFFFFFFFFFFFFFFFFFFFFFFFFF66
S21401752FFFFFFFFFFFFFFFFFFFFFFFFFFFFFFFFF56
S21401753FFFFFFFFFFFFFFFFFFFFFFFFFFFFFFFFF46
S21401754FFFFFFFFFFFFFFFFFFFFFFFFFFFFFFFFF36
S21401755FFFFFFFFFFFFFFFFFFFFFFFFFFFFFFFFF26
S21401756FFFFFFFFFFFFFFFFFFFFFFFFFFFFFFFFF16
S21401757FFFFFFFFFFFFFFFFFFFFFFFFFFFFFFFFF06
S21401758FFFFFFFFFFFFFFFFFFFFFFFFFFFFFFFFFF6
S21401759FFFFFFFFFFFFFFFFFFFFFFFFFFFFFFFFFE6
S2140175AFFFFFFFFFFFFFFFFFFFFFFFFFFFFFFFFFD6
S2140175BFFFFFFFFFFFFFFFFFFFFFFFFFFFFFFFFFC6
S2140175CFFFFFFFFFFFFFFFFFFFFFFFFFFFFFFFFFB6
S2140175DFFFFFFFFFFFFFFFFFFFFFFFFFFFFFFFFFA6
S2140175EFFFFFFFFFFFFFFFFFFFFFFFFFFFFFFFFF96
S2140175FFFFFFFFFFFFFFFFFFFFFFFFFFFFFFFFFF86
S21401760FFFFFFFFFFFFFFFFFFFFFFFFFFFFFFFFF75
S21401761FFFFFFFFFFFFFFFFFFFFFFFFFFFFFFFFF65
S21401762FFFFFFFFFFFFFFFFFFFFFFFFFFFFFFFFF55
S21401763FFFFFFFFFFFFFFFFFFFFFFFFFFFFFFFFF45
S21401764FFFFFFFFFFFFFFFFFFFFFFFFFFFFFFFFF35
S21401765FFFFFFFFFFFFFFFFFFFFFFFFFFFFFFFFF25
S21401766FFFFFFFFFFFFFFFFFFFFFFFFFFFFFFFFF15
S21401767FFFFFFFFFFFFFFFFFFFFFFFFFFFFFFFFF05
S21401768FFFFFFFFFFFFFFFFFFFFFFFFFFFFFFFFFF5
S21401769FFFFFFFFFFFFFFFFFFFFFFFFFFFFFFFFFE5
S2140176AFFFFFFFFFFFFFFFFFFFFFFFFFFFFFFFFFD5
S2140176BFFFFFFFFFFFFFFFFFFFFFFFFFFFFFFFFFC5
S2140176CFFFFFFFFFFFFFFFFFFFFFFFFFFFFFFFFFB5
S2140176DFFFFFFFFFFFFFFFFFFFFFFFFFFFFFFFFFA5
S2140176EFFFFFFFFFFFFFFFFFFFFFFFFFFFFFFFFF95
S2140176FFFFFFFFFFFFFFFFFFFFFFFFFFFFFFFFFF85
S21401770FFFFFFFFFFFFFFFFFFFFFFFFFFFFFFFFF74
S21401771FFFFFFFFFFFFFFFFFFFFFFFFFFFFFFFFF64
S21401772FFFFFFFFFFFFFFFFFFFFFFFFFFFFFFFFF54
S21401773FFFFFFFFFFFFFFFFFFFFFFFFFFFFFFFFF44
S21401774FFFFFFFFFFFFFFFFFFFFFFFFFFFFFFFFF34
S21401775FFFFFFFFFFFFFFFFFFFFFFFFFFFFFFFFF24
S21401776FFFFFFFFFFFFFFFFFFFFFFFFFFFFFFFFF14
S21401777FFFFFFFFFFFFFFFFFFFFFFFFFFFFFFFFF04
S21401778FFFFFFFFFFFFFFFFFFFFFFFFFFFFFFFFFF4
S21401779FFFFFFFFFFFFFFFFFFFFFFFFFFFFFFFFFE4
S2140177AFFFFFFFFFFFFFFFFFFFFFFFFFFFFFFFFFD4
S2140177BFFFFFFFFFFFFFFFFFFFFFFFFFFFFFFFFFC4
S2140177CFFFFFFFFFFFFFFFFFFFFFFFFFFFFFFFFFB4
S2140177DFFFFFFFFFFFFFFFFFFFFFFFFFFFFFFFFFA4
S2140177EFFFFFFFFFFFFFFFFFFFFFFFFFFFFFFFFF94
S2140177FFFFFFFFFFFFFFFFFFFFFFFFFFFFFFFFFF84
S21401780FFFFFFFFFFFFFFFFFFFFFFFFFFFFFFFFF73
S21401781FFFFFFFFFFFFFFFFFFFFFFFFFFFFFFFFF63
S21401782FFFFFFFFFFFFFFFFFFFFFFFFFFFFFFFFF53
S21401783FFFFFFFFFFFFFFFFFFFFFFFFFFFFFFFFF43
S21401784FFFFFFFFFFFFFFFFFFFFFFFFFFFFFFFFF33
S21401785FFFFFFFFFFFFFFFFFFFFFFFFFFFFFFFFF23
S21401786FFFFFFFFFFFFFFFFFFFFFFFFFFFFFFFFF13
S21401787FFFFFFFFFFFFFFFFFFFFFFFFFFFFFFFFF03
S21401788FFFFFFFFFFFFFFFFFFFFFFFFFFFFFFFFFF3
S21401789FFFFFFFFFFFFFFFFFFFFFFFFFFFFFFFFFE3
S2140178AFFFFFFFFFFFFFFFFFFFFFFFFFFFFFFFFFD3
S2140178BFFFFFFFFFFFFFFFFFFFFFFFFFFFFFFFFFC3
S2140178CFFFFFFFFFFFFFFFFFFFFFFFFFFFFFFFFFB3
S2140178DFFFFFFFFFFFFFFFFFFFFFFFFFFFFFFFFFA3
S2140178EFFFFFFFFFFFFFFFFFFFFFFFFFFFFFFFFF93
S2140178FFFFFFFFFFFFFFFFFFFFFFFFFFFFFFFFFF83
S21401790FFFFFFFFFFFFFFFFFFFFFFFFFFFFFFFFF72
S21401791FFFFFFFFFFFFFFFFFFFFFFFFFFFFFFFFF62
S21401792FFFFFFFFFFFFFFFFFFFFFFFFFFFFFFFFF52
S21401793FFFFFFFFFFFFFFFFFFFFFFFFFFFFFFFFF42
S21401794FFFFFFFFFFFFFFFFFFFFFFFFFFFFFFFFF32
S21401795FFFFFFFFFFFFFFFFFFFFFFFFFFFFFFFFF22
S21401796FFFFFFFFFFFFFFFFFFFFFFFFFFFFFFFFF12
S21401797FFFFFFFFFFFFFFFFFFFFFFFFFFFFFFFFF02
S21401798FFFFFFFFFFFFFFFFFFFFFFFFFFFFFFFFFF2
S21401799FFFFFFFFFFFFFFFFFFFFFFFFFFFFFFFFFE2
S2140179AFFFFFFFFFFFFFFFFFFFFFFFFFFFFFFFFFD2
S2140179BFFFFFFFFFFFFFFFFFFFFFFFFFFFFFFFFFC2
S2140179CFFFFFFFFFFFFFFFFFFFFFFFFFFFFFFFFFB2
S2140179DFFFFFFFFFFFFFFFFFFFFFFFFFFFFFFFFFA2
S2140179EFFFFFFFFFFFFFFFFFFFFFFFFFFFFFFFFF92
S2140179FFFFFFFFFFFFFFFFFFFFFFFFFFFFFFFFFF82
S214017A0FFFFFFFFFFFFFFFFFFFFFFFFFFFFFFFFF71
S214017A1FFFFFFFFFFFFFFFFFFFFFFFFFFFFFFFFF61
S214017A2FFFFFFFFFFFFFFFFFFFFFFFFFFFFFFFFF51
S214017A3FFFFFFFFFFFFFFFFFFFFFFFFFFFFFFFFF41
S214017A4FFFFFFFFFFFFFFFFFFFFFFFFFFFFFFFFF31
S214017A5FFFFFFFFFFFFFFFFFFFFFFFFFFFFFFFFF21
S214017A6FFFFFFFFFFFFFFFFFFFFFFFFFFFFFFFFF11
S214017A7FFFFFFFFFFFFFFFFFFFFFFFFFFFFFFFFF01
S214017A8FFFFFFFFFFFFFFFFFFFFFFFFFFFFFFFFFF1
S214017A9FFFFFFFFFFFFFFFFFFFFFFFFFFFFFFFFFE1
S214017AAFFFFFFFFFFFFFFFFFFFFFFFFFFFFFFFFFD1
S214017ABFFFFFFFFFFFFFFFFFFFFFFFFFFFFFFFFFC1
S214017ACFFFFFFFFFFFFFFFFFFFFFFFFFFFFFFFFFB1
S214017ADFFFFFFFFFFFFFFFFFFFFFFFFFFFFFFFFFA1
S214017AEFFFFFFFFFFFFFFFFFFFFFFFFFFFFFFFFF91
S214017AFFFFFFFFFFFFFFFFFFFFFFFFFFFFFFFFFF81
S214017B0FFFFFFFFFFFFFFFFFFFFFFFFFFFFFFFFF70
S214017B1FFFFFFFFFFFFFFFFFFFFFFFFFFFFFFFFF60
S214017B2FFFFFFFFFFFFFFFFFFFFFFFFFFFFFFFFF50
S214017B3FFFFFFFFFFFFFFFFFFFFFFFFFFFFFFFFF40
S214017B4FFFFFFFFFFFFFFFFFFFFFFFFFFFFFFFFF30
S214017B5FFFFFFFFFFFFFFFFFFFFFFFFFFFFFFFFF20
S214017B6FFFFFFFFFFFFFFFFFFFFFFFFFFFFFFFFF10
S214017B7FFFFFFFFFFFFFFFFFFFFFFFFFFFFFFFFF00
S214017B8FFFFFFFFFFFFFFFFFFFFFFFFFFFFFFFFFF0
S214017B9FFFFFFFFFFFFFFFFFFFFFFFFFFFFFFFFFE0
S214017BAFFFFFFFFFFFFFFFFFFFFFFFFFFFFFFFFFD0
S214017BBFFFFFFFFFFFFFFFFFFFFFFFFFFFFFFFFFC0
S214017BCFFFFFFFFFFFFFFFFFFFFFFFFFFFFFFFFFB0
S214017BDFFFFFFFFFFFFFFFFFFFFFFFFFFFFFFFFFA0
S214017BEFFFFFFFFFFFFFFFFFFFFFFFFFFFFFFFFF90
S214017BFFFFFFFFFFFFFFFFFFFFFFFFFFFFFFFFFF80
S214017C0FFFFFFFFFFFFFFFFFFFFFFFFFFFFFFFFF6F
S214017C1FFFFFFFFFFFFFFFFFFFFFFFFFFFFFFFFF5F
S214017C2FFFFFFFFFFFFFFFFFFFFFFFFFFFFFFFFF4F
S214017C3FFFFFFFFFFFFFFFFFFFFFFFFFFFFFFFFF3F
S214017C4FFFFFFFFFFFFFFFFFFFFFFFFFFFFFFFFF2F
S214017C5FFFFFFFFFFFFFFFFFFFFFFFFFFFFFFFFF1F
S214017C6FFFFFFFFFFFFFFFFFFFFFFFFFFFFFFFFF0F
S214017C7FFFFFFFFFFFFFFFFFFFFFFFFFFFFFFFFFFF
S214017C8FFFFFFFFFFFFFFFFFFFFFFFFFFFFFFFFFEF
S214017C9FFFFFFFFFFFFFFFFFFFFFFFFFFFFFFFFFDF
S214017CAFFFFFFFFFFFFFFFFFFFFFFFFFFFFFFFFFCF
S214017CBFFFFFFFFFFFFFFFFFFFFFFFFFFFFFFFFFBF
S214017CCFFFFFFFFFFFFFFFFFFFFFFFFFFFFFFFFFAF
S214017CDFFFFFFFFFFFFFFFFFFFFFFFFFFFFFFFFF9F
S214017CEFFFFFFFFFFFFFFFFFFFFFFFFFFFFFFFFF8F
S214017CFFFFFFFFFFFFFFFFFFFFFFFFFFFFFFFFFF7F
S214017D0FFFFFFFFFFFFFFFFFFFFFFFFFFFFFFFFF6E
S214017D1FFFFFFFFFFFFFFFFFFFFFFFFFFFFFFFFF5E
S214017D2FFFFFFFFFFFFFFFFFFFFFFFFFFFFFFFFF4E
S214017D3FFFFFFFFFFFFFFFFFFFFFFFFFFFFFFFFF3E
S214017D4FFFFFFFFFFFFFFFFFFFFFFFFFFFFFFFFF2E
S214017D5FFFFFFFFFFFFFFFFFFFFFFFFFFFFFFFFF1E
S214017D6FFFFFFFFFFFFFFFFFFFFFFFFFFFFFFFFF0E
S214017D7FFFFFFFFFFFFFFFFFFFFFFFFFFFFFFFFFFE
S214017D8FFFFFFFFFFFFFFFFFFFFFFFFFFFFFFFFFEE
S214017D9FFFFFFFFFFFFFFFFFFFFFFFFFFFFFFFFFDE
S214017DAFFFFFFFFFFFFFFFFFFFFFFFFFFFFFFFFFCE
S214017DBFFFFFFFFFFFFFFFFFFFFFFFFFFFFFFFFFBE
S214017DCFFFFFFFFFFFFFFFFFFFFFFFFFFFFFFFFFAE
S214017DDFFFFFFFFFFFFFFFFFFFFFFFFFFFFFFFFF9E
S214017DEFFFFFFFFFFFFFFFFFFFFFFFFFFFFFFFFF8E
S214017DFFFFFFFFFFFFFFFFFFFFFFFFFFFFFFFFFF7E
S214017E0FFFFFFFFFFFFFFFFFFFFFFFFFFFFFFFFF6D
S214017E1FFFFFFFFFFFFFFFFFFFFFFFFFFFFFFFFF5D
S214017E2FFFFFFFFFFFFFFFFFFFFFFFFFFFFFFFFF4D
S214017E3FFFFFFFFFFFFFFFFFFFFFFFFFFFFFFFFF3D
S214017E4FFFFFFFFFFFFFFFFFFFFFFFFFFFFFFFFF2D
S214017E5FFFFFFFFFFFFFFFFFFFFFFFFFFFFFFFFF1D
S214017E6FFFFFFFFFFFFFFFFFFFFFFFFFFFFFFFFF0D
S214017E7FFFFFFFFFFFFFFFFFFFFFFFFFFFFFFFFFFD
S214017E8FFFFFFFFFFFFFFFFFFFFFFFFFFFFFFFFFED
S214017E9FFFFFFFFFFFFFFFFFFFFFFFFFFFFFFFFFDD
S214017EAFFFFFFFFFFFFFFFFFFFFFFFFFFFFFFFFFCD
S214017EBFFFFFFFFFFFFFFFFFFFFFFFFFFFFFFFFFBD
S214017ECFFFFFFFFFFFFFFFFFFFFFFFFFFFFFFFFFAD
S214017EDFFFFFFFFFFFFFFFFFFFFFFFFFFFFFFFFF9D
S214017EEFFFFFFFFFFFFFFFFFFFFFFFFFFFFFFFFF8D
S214017EFFFFFFFFFFFFFFFFFFFFFFFFFFFFFFFFFF7D
S214017F0FFFFFFFFFFFFFFFFFFFFFFFFFFFFFFFFF6C
S214017F1FFFFFFFFFFFFFFFFFFFFFFFFFFFFFFFFF5C
S214017F2FFFFFFFFFFFFFFFFFFFFFFFFFFFFFFFFF4C
S214017F3FFFFFFFFFFFFFFFFFFFFFFFFFFFFFFFFF3C
S214017F4FFFFFFFFFFFFFFFFFFFFFFFFFFFFFFFFF2C
S214017F5FFFFFFFFFFFFFFFFFFFFFFFFFFFFFFFFF1C
S214017F6FFFFFFFFFFFFFFFFFFFFFFFFFFFFFFFFF0C
S214017F7FFFFFFFFFFFFFFFFFFFFFFFFFFFFFFFFFFC
S214017F8FFFFFFFFFFFFFFFFFFFFFFFFFFFFFFFFFEC
S214017F9FFFFFFFFFFFFFFFFFFFFFFFFFFFFFFFFFDC
S214017FAFFFFFFFFFFFFFFFFFFFFFFFFFFFFFFFFFCC
S214017FBFFFFFFFFFFFFFFFFFFFFFFFFFFFFFFFFFBC
S214017FCFFFFFFFFFFFFFFFFFFFFFFFFFFFFFFFFFAC
S214017FDFFFFFFFFFFFFFFFFFFFFFFFFFFFFFFFFF9C
S214017FEFFFFFFFFFFFFFFFFFFFFFFFFFFFFFFFFF8C
S214017FFFFFFFFFFFFFFFFFFFFFFFFFFFFFFFFFFF7C
S21401800FFFFFFFFFFFFFFFFFFFFFFFFFFFFFFFFF6B
S21401801FFFFFFFFFFFFFFFFFFFFFFFFFFFFFFFFF5B
S21401802FFFFFFFFFFFFFFFFFFFFFFFFFFFFFFFFF4B
S21401803FFFFFFFFFFFFFFFFFFFFFFFFFFFFFFFFF3B
S21401804FFFFFFFFFFFFFFFFFFFFFFFFFFFFFFFFF2B
S21401805FFFFFFFFFFFFFFFFFFFFFFFFFFFFFFFFF1B
S21401806FFFFFFFFFFFFFFFFFFFFFFFFFFFFFFFFF0B
S21401807FFFFFFFFFFFFFFFFFFFFFFFFFFFFFFFFFFB
S21401808FFFFFFFFFFFFFFFFFFFFFFFFFFFFFFFFFEB
S21401809FFFFFFFFFFFFFFFFFFFFFFFFFFFFFFFFFDB
S2140180AFFFFFFFFFFFFFFFFFFFFFFFFFFFFFFFFFCB
S2140180BFFFFFFFFFFFFFFFFFFFFFFFFFFFFFFFFFBB
S2140180CFFFFFFFFFFFFFFFFFFFFFFFFFFFFFFFFFAB
S2140180DFFFFFFFFFFFFFFFFFFFFFFFFFFFFFFFFF9B
S2140180EFFFFFFFFFFFFFFFFFFFFFFFFFFFFFFFFF8B
S2140180FFFFFFFFFFFFFFFFFFFFFFFFFFFFFFFFFF7B
S21401810FFFFFFFFFFFFFFFFFFFFFFFFFFFFFFFFF6A
S21401811FFFFFFFFFFFFFFFFFFFFFFFFFFFFFFFFF5A
S21401812FFFFFFFFFFFFFFFFFFFFFFFFFFFFFFFFF4A
S21401813FFFFFFFFFFFFFFFFFFFFFFFFFFFFFFFFF3A
S21401814FFFFFFFFFFFFFFFFFFFFFFFFFFFFFFFFF2A
S21401815FFFFFFFFFFFFFFFFFFFFFFFFFFFFFFFFF1A
S21401816FFFFFFFFFFFFFFFFFFFFFFFFFFFFFFFFF0A
S21401817FFFFFFFFFFFFFFFFFFFFFFFFFFFFFFFFFFA
S21401818FFFFFFFFFFFFFFFFFFFFFFFFFFFFFFFFFEA
S21401819FFFFFFFFFFFFFFFFFFFFFFFFFFFFFFFFFDA
S2140181AFFFFFFFFFFFFFFFFFFFFFFFFFFFFFFFFFCA
S2140181BFFFFFFFFFFFFFFFFFFFFFFFFFFFFFFFFFBA
S2140181CFFFFFFFFFFFFFFFFFFFFFFFFFFFFFFFFFAA
S2140181DFFFFFFFFFFFFFFFFFFFFFFFFFFFFFFFFF9A
S2140181EFFFFFFFFFFFFFFFFFFFFFFFFFFFFFFFFF8A
S2140181FFFFFFFFFFFFFFFFFFFFFFFFFFFFFFFFFF7A
S21401820FFFFFFFFFFFFFFFFFFFFFFFFFFFFFFFFF69
S21401821FFFFFFFFFFFFFFFFFFFFFFFFFFFFFFFFF59
S21401822FFFFFFFFFFFFFFFFFFFFFFFFFFFFFFFFF49
S21401823FFFFFFFFFFFFFFFFFFFFFFFFFFFFFFFFF39
S21401824FFFFFFFFFFFFFFFFFFFFFFFFFFFFFFFFF29
S21401825FFFFFFFFFFFFFFFFFFFFFFFFFFFFFFFFF19
S21401826FFFFFFFFFFFFFFFFFFFFFFFFFFFFFFFFF09
S21401827FFFFFFFFFFFFFFFFFFFFFFFFFFFFFFFFFF9
S21401828FFFFFFFFFFFFFFFFFFFFFFFFFFFFFFFFFE9
S21401829FFFFFFFFFFFFFFFFFFFFFFFFFFFFFFFFFD9
S2140182AFFFFFFFFFFFFFFFFFFFFFFFFFFFFFFFFFC9
S2140182BFFFFFFFFFFFFFFFFFFFFFFFFFFFFFFFFFB9
S2140182CFFFFFFFFFFFFFFFFFFFFFFFFFFFFFFFFFA9
S2140182DFFFFFFFFFFFFFFFFFFFFFFFFFFFFFFFFF99
S2140182EFFFFFFFFFFFFFFFFFFFFFFFFFFFFFFFFF89
S2140182FFFFFFFFFFFFFFFFFFFFFFFFFFFFFFFFFF79
S21401830FFFFFFFFFFFFFFFFFFFFFFFFFFFFFFFFF68
S21401831FFFFFFFFFFFFFFFFFFFFFFFFFFFFFFFFF58
S21401832FFFFFFFFFFFFFFFFFFFFFFFFFFFFFFFFF48
S21401833FFFFFFFFFFFFFFFFFFFFFFFFFFFFFFFFF38
S21401834FFFFFFFFFFFFFFFFFFFFFFFFFFFFFFFFF28
S21401835FFFFFFFFFFFFFFFFFFFFFFFFFFFFFFFFF18
S21401836FFFFFFFFFFFFFFFFFFFFFFFFFFFFFFFFF08
S21401837FFFFFFFFFFFFFFFFFFFFFFFFFFFFFFFFFF8
S21401838FFFFFFFFFFFFFFFFFFFFFFFFFFFFFFFFFE8
S21401839FFFFFFFFFFFFFFFFFFFFFFFFFFFFFFFFFD8
S2140183AFFFFFFFFFFFFFFFFFFFFFFFFFFFFFFFFFC8
S2140183BFFFFFFFFFFFFFFFFFFFFFFFFFFFFFFFFFB8
S2140183CFFFFFFFFFFFFFFFFFFFFFFFFFFFFFFFFFA8
S2140183DFFFFFFFFFFFFFFFFFFFFFFFFFFFFFFFFF98
S2140183EFFFFFFFFFFFFFFFFFFFFFFFFFFFFFFFFF88
S2140183FFFFFFFFFFFFFFFFFFFFFFFFFFFFFFFFFF78
S21401840FFFFFFFFFFFFFFFFFFFFFFFFFFFFFFFFF67
S21401841FFFFFFFFFFFFFFFFFFFFFFFFFFFFFFFFF57
S21401842FFFFFFFFFFFFFFFFFFFFFFFFFFFFFFFFF47
S21401843FFFFFFFFFFFFFFFFFFFFFFFFFFFFFFFFF37
S21401844FFFFFFFFFFFFFFFFFFFFFFFFFFFFFFFFF27
S21401845FFFFFFFFFFFFFFFFFFFFFFFFFFFFFFFFF17
S21401846FFFFFFFFFFFFFFFFFFFFFFFFFFFFFFFFF07
S21401847FFFFFFFFFFFFFFFFFFFFFFFFFFFFFFFFFF7
S21401848FFFFFFFFFFFFFFFFFFFFFFFFFFFFFFFFFE7
S21401849FFFFFFFFFFFFFFFFFFFFFFFFFFFFFFFFFD7
S2140184AFFFFFFFFFFFFFFFFFFFFFFFFFFFFFFFFFC7
S2140184BFFFFFFFFFFFFFFFFFFFFFFFFFFFFFFFFFB7
S2140184CFFFFFFFFFFFFFFFFFFFFFFFFFFFFFFFFFA7
S2140184DFFFFFFFFFFFFFFFFFFFFFFFFFFFFFFFFF97
S2140184EFFFFFFFFFFFFFFFFFFFFFFFFFFFFFFFFF87
S2140184FFFFFFFFFFFFFFFFFFFFFFFFFFFFFFFFFF77
S21401850FFFFFFFFFFFFFFFFFFFFFFFFFFFFFFFFF66
S21401851FFFFFFFFFFFFFFFFFFFFFFFFFFFFFFFFF56
S21401852FFFFFFFFFFFFFFFFFFFFFFFFFFFFFFFFF46
S21401853FFFFFFFFFFFFFFFFFFFFFFFFFFFFFFFFF36
S21401854FFFFFFFFFFFFFFFFFFFFFFFFFFFFFFFFF26
S21401855FFFFFFFFFFFFFFFFFFFFFFFFFFFFFFFFF16
S21401856FFFFFFFFFFFFFFFFFFFFFFFFFFFFFFFFF06
S21401857FFFFFFFFFFFFFFFFFFFFFFFFFFFFFFFFFF6
S21401858FFFFFFFFFFFFFFFFFFFFFFFFFFFFFFFFFE6
S21401859FFFFFFFFFFFFFFFFFFFFFFFFFFFFFFFFFD6
S2140185AFFFFFFFFFFFFFFFFFFFFFFFFFFFFFFFFFC6
S2140185BFFFFFFFFFFFFFFFFFFFFFFFFFFFFFFFFFB6
S2140185CFFFFFFFFFFFFFFFFFFFFFFFFFFFFFFFFFA6
S2140185DFFFFFFFFFFFFFFFFFFFFFFFFFFFFFFFFF96
S2140185EFFFFFFFFFFFFFFFFFFFFFFFFFFFFFFFFF86
S2140185FFFFFFFFFFFFFFFFFFFFFFFFFFFFFFFFFF76
S21401860FFFFFFFFFFFFFFFFFFFFFFFFFFFFFFFFF65
S21401861FFFFFFFFFFFFFFFFFFFFFFFFFFFFFFFFF55
S21401862FFFFFFFFFFFFFFFFFFFFFFFFFFFFFFFFF45
S21401863FFFFFFFFFFFFFFFFFFFFFFFFFFFFFFFFF35
S21401864FFFFFFFFFFFFFFFFFFFFFFFFFFFFFFFFF25
S21401865FFFFFFFFFFFFFFFFFFFFFFFFFFFFFFFFF15
S21401866FFFFFFFFFFFFFFFFFFFFFFFFFFFFFFFFF05
S21401867FFFFFFFFFFFFFFFFFFFFFFFFFFFFFFFFFF5
S21401868FFFFFFFFFFFFFFFFFFFFFFFFFFFFFFFFFE5
S21401869FFFFFFFFFFFFFFFFFFFFFFFFFFFFFFFFFD5
S2140186AFFFFFFFFFFFFFFFFFFFFFFFFFFFFFFFFFC5
S2140186BFFFFFFFFFFFFFFFFFFFFFFFFFFFFFFFFFB5
S2140186CFFFFFFFFFFFFFFFFFFFFFFFFFFFFFFFFFA5
S2140186DFFFFFFFFFFFFFFFFFFFFFFFFFFFFFFFFF95
S2140186EFFFFFFFFFFFFFFFFFFFFFFFFFFFFFFFFF85
S2140186FFFFFFFFFFFFFFFFFFFFFFFFFFFFFFFFFF75
S21401870FFFFFFFFFFFFFFFFFFFFFFFFFFFFFFFFF64
S21401871FFFFFFFFFFFFFFFFFFFFFFFFFFFFFFFFF54
S21401872FFFFFFFFFFFFFFFFFFFFFFFFFFFFFFFFF44
S21401873FFFFFFFFFFFFFFFFFFFFFFFFFFFFFFFFF34
S21401874FFFFFFFFFFFFFFFFFFFFFFFFFFFFFFFFF24
S21401875FFFFFFFFFFFFFFFFFFFFFFFFFFFFFFFFF14
S21401876FFFFFFFFFFFFFFFFFFFFFFFFFFFFFFFFF04
S21401877FFFFFFFFFFFFFFFFFFFFFFFFFFFFFFFFFF4
S21401878FFFFFFFFFFFFFFFFFFFFFFFFFFFFFFFFFE4
S21401879FFFFFFFFFFFFFFFFFFFFFFFFFFFFFFFFFD4
S2140187AFFFFFFFFFFFFFFFFFFFFFFFFFFFFFFFFFC4
S2140187BFFFFFFFFFFFFFFFFFFFFFFFFFFFFFFFFFB4
S2140187CFFFFFFFFFFFFFFFFFFFFFFFFFFFFFFFFFA4
S2140187DFFFFFFFFFFFFFFFFFFFFFFFFFFFFFFFFF94
S2140187EFFFFFFFFFFFFFFFFFFFFFFFFFFFFFFFFF84
S2140187FFFFFFFFFFFFFFFFFFFFFFFFFFFFFFFFFF74
S21401880FFFFFFFFFFFFFFFFFFFFFFFFFFFFFFFFF63
S21401881FFFFFFFFFFFFFFFFFFFFFFFFFFFFFFFFF53
S21401882FFFFFFFFFFFFFFFFFFFFFFFFFFFFFFFFF43
S21401883FFFFFFFFFFFFFFFFFFFFFFFFFFFFFFFFF33
S21401884FFFFFFFFFFFFFFFFFFFFFFFFFFFFFFFFF23
S21401885FFFFFFFFFFFFFFFFFFFFFFFFFFFFFFFFF13
S21401886FFFFFFFFFFFFFFFFFFFFFFFFFFFFFFFFF03
S21401887FFFFFFFFFFFFFFFFFFFFFFFFFFFFFFFFFF3
S21401888FFFFFFFFFFFFFFFFFFFFFFFFFFFFFFFFFE3
S21401889FFFFFFFFFFFFFFFFFFFFFFFFFFFFFFFFFD3
S2140188AFFFFFFFFFFFFFFFFFFFFFFFFFFFFFFFFFC3
S2140188BFFFFFFFFFFFFFFFFFFFFFFFFFFFFFFFFFB3
S2140188CFFFFFFFFFFFFFFFFFFFFFFFFFFFFFFFFFA3
S2140188DFFFFFFFFFFFFFFFFFFFFFFFFFFFFFFFFF93
S2140188EFFFFFFFFFFFFFFFFFFFFFFFFFFFFFFFFF83
S2140188FFFFFFFFFFFFFFFFFFFFFFFFFFFFFFFFFF73
S21401890FFFFFFFFFFFFFFFFFFFFFFFFFFFFFFFFF62
S21401891FFFFFFFFFFFFFFFFFFFFFFFFFFFFFFFFF52
S21401892FFFFFFFFFFFFFFFFFFFFFFFFFFFFFFFFF42
S21401893FFFFFFFFFFFFFFFFFFFFFFFFFFFFFFFFF32
S21401894FFFFFFFFFFFFFFFFFFFFFFFFFFFFFFFFF22
S21401895FFFFFFFFFFFFFFFFFFFFFFFFFFFFFFFFF12
S21401896FFFFFFFFFFFFFFFFFFFFFFFFFFFFFFFFF02
S21401897FFFFFFFFFFFFFFFFFFFFFFFFFFFFFFFFFF2
S21401898FFFFFFFFFFFFFFFFFFFFFFFFFFFFFFFFFE2
S21401899FFFFFFFFFFFFFFFFFFFFFFFFFFFFFFFFFD2
S2140189AFFFFFFFFFFFFFFFFFFFFFFFFFFFFFFFFFC2
S2140189BFFFFFFFFFFFFFFFFFFFFFFFFFFFFFFFFFB2
S2140189CFFFFFFFFFFFFFFFFFFFFFFFFFFFFFFFFFA2
S2140189DFFFFFFFFFFFFFFFFFFFFFFFFFFFFFFFFF92
S2140189EFFFFFFFFFFFFFFFFFFFFFFFFFFFFFFFFF82
S2140189FFFFFFFFFFFFFFFFFFFFFFFFFFFFFFFFFF72
S214018A0FFFFFFFFFFFFFFFFFFFFFFFFFFFFFFFFF61
S214018A1FFFFFFFFFFFFFFFFFFFFFFFFFFFFFFFFF51
S214018A2FFFFFFFFFFFFFFFFFFFFFFFFFFFFFFFFF41
S214018A3FFFFFFFFFFFFFFFFFFFFFFFFFFFFFFFFF31
S214018A4FFFFFFFFFFFFFFFFFFFFFFFFFFFFFFFFF21
S214018A5FFFFFFFFFFFFFFFFFFFFFFFFFFFFFFFFF11
S214018A6FFFFFFFFFFFFFFFFFFFFFFFFFFFFFFFFF01
S214018A7FFFFFFFFFFFFFFFFFFFFFFFFFFFFFFFFFF1
S214018A8FFFFFFFFFFFFFFFFFFFFFFFFFFFFFFFFFE1
S214018A9FFFFFFFFFFFFFFFFFFFFFFFFFFFFFFFFFD1
S214018AAFFFFFFFFFFFFFFFFFFFFFFFFFFFFFFFFFC1
S214018ABFFFFFFFFFFFFFFFFFFFFFFFFFFFFFFFFFB1
S214018ACFFFFFFFFFFFFFFFFFFFFFFFFFFFFFFFFFA1
S214018ADFFFFFFFFFFFFFFFFFFFFFFFFFFFFFFFFF91
S214018AEFFFFFFFFFFFFFFFFFFFFFFFFFFFFFFFFF81
S214018AFFFFFFFFFFFFFFFFFFFFFFFFFFFFFFFFFF71
S214018B0FFFFFFFFFFFFFFFFFFFFFFFFFFFFFFFFF60
S214018B1FFFFFFFFFFFFFFFFFFFFFFFFFFFFFFFFF50
S214018B2FFFFFFFFFFFFFFFFFFFFFFFFFFFFFFFFF40
S214018B3FFFFFFFFFFFFFFFFFFFFFFFFFFFFFFFFF30
S214018B4FFFFFFFFFFFFFFFFFFFFFFFFFFFFFFFFF20
S214018B5FFFFFFFFFFFFFFFFFFFFFFFFFFFFFFFFF10
S214018B6FFFFFFFFFFFFFFFFFFFFFFFFFFFFFFFFF00
S214018B7FFFFFFFFFFFFFFFFFFFFFFFFFFFFFFFFFF0
S214018B8FFFFFFFFFFFFFFFFFFFFFFFFFFFFFFFFFE0
S214018B9FFFFFFFFFFFFFFFFFFFFFFFFFFFFFFFFFD0
S214018BAFFFFFFFFFFFFFFFFFFFFFFFFFFFFFFFFFC0
S214018BBFFFFFFFFFFFFFFFFFFFFFFFFFFFFFFFFFB0
S214018BCFFFFFFFFFFFFFFFFFFFFFFFFFFFFFFFFFA0
S214018BDFFFFFFFFFFFFFFFFFFFFFFFFFFFFFFFFF90
S214018BEFFFFFFFFFFFFFFFFFFFFFFFFFFFFFFFFF80
S214018BFFFFFFFFFFFFFFFFFFFFFFFFFFFFFFFFFF70
S214018C0FFFFFFFFFFFFFFFFFFFFFFFFFFFFFFFFF5F
S214018C1FFFFFFFFFFFFFFFFFFFFFFFFFFFFFFFFF4F
S214018C2FFFFFFFFFFFFFFFFFFFFFFFFFFFFFFFFF3F
S214018C3FFFFFFFFFFFFFFFFFFFFFFFFFFFFFFFFF2F
S214018C4FFFFFFFFFFFFFFFFFFFFFFFFFFFFFFFFF1F
S214018C5FFFFFFFFFFFFFFFFFFFFFFFFFFFFFFFFF0F
S214018C6FFFFFFFFFFFFFFFFFFFFFFFFFFFFFFFFFFF
S214018C7FFFFFFFFFFFFFFFFFFFFFFFFFFFFFFFFFEF
S214018C8FFFFFFFFFFFFFFFFFFFFFFFFFFFFFFFFFDF
S214018C9FFFFFFFFFFFFFFFFFFFFFFFFFFFFFFFFFCF
S214018CAFFFFFFFFFFFFFFFFFFFFFFFFFFFFFFFFFBF
S214018CBFFFFFFFFFFFFFFFFFFFFFFFFFFFFFFFFFAF
S214018CCFFFFFFFFFFFFFFFFFFFFFFFFFFFFFFFFF9F
S214018CDFFFFFFFFFFFFFFFFFFFFFFFFFFFFFFFFF8F
S214018CEFFFFFFFFFFFFFFFFFFFFFFFFFFFFFFFFF7F
S214018CFFFFFFFFFFFFFFFFFFFFFFFFFFFFFFFFFF6F
S214018D0FFFFFFFFFFFFFFFFFFFFFFFFFFFFFFFFF5E
S214018D1FFFFFFFFFFFFFFFFFFFFFFFFFFFFFFFFF4E
S214018D2FFFFFFFFFFFFFFFFFFFFFFFFFFFFFFFFF3E
S214018D3FFFFFFFFFFFFFFFFFFFFFFFFFFFFFFFFF2E
S214018D4FFFFFFFFFFFFFFFFFFFFFFFFFFFFFFFFF1E
S214018D5FFFFFFFFFFFFFFFFFFFFFFFFFFFFFFFFF0E
S214018D6FFFFFFFFFFFFFFFFFFFFFFFFFFFFFFFFFFE
S214018D7FFFFFFFFFFFFFFFFFFFFFFFFFFFFFFFFFEE
S214018D8FFFFFFFFFFFFFFFFFFFFFFFFFFFFFFFFFDE
S214018D9FFFFFFFFFFFFFFFFFFFFFFFFFFFFFFFFFCE
S214018DAFFFFFFFFFFFFFFFFFFFFFFFFFFFFFFFFFBE
S214018DBFFFFFFFFFFFFFFFFFFFFFFFFFFFFFFFFFAE
S214018DCFFFFFFFFFFFFFFFFFFFFFFFFFFFFFFFFF9E
S214018DDFFFFFFFFFFFFFFFFFFFFFFFFFFFFFFFFF8E
S214018DEFFFFFFFFFFFFFFFFFFFFFFFFFFFFFFFFF7E
S214018DFFFFFFFFFFFFFFFFFFFFFFFFFFFFFFFFFF6E
S214018E0FFFFFFFFFFFFFFFFFFFFFFFFFFFFFFFFF5D
S214018E1FFFFFFFFFFFFFFFFFFFFFFFFFFFFFFFFF4D
S214018E2FFFFFFFFFFFFFFFFFFFFFFFFFFFFFFFFF3D
S214018E3FFFFFFFFFFFFFFFFFFFFFFFFFFFFFFFFF2D
S214018E4FFFFFFFFFFFFFFFFFFFFFFFFFFFFFFFFF1D
S214018E5FFFFFFFFFFFFFFFFFFFFFFFFFFFFFFFFF0D
S214018E6FFFFFFFFFFFFFFFFFFFFFFFFFFFFFFFFFFD
S214018E7FFFFFFFFFFFFFFFFFFFFFFFFFFFFFFFFFED
S214018E8FFFFFFFFFFFFFFFFFFFFFFFFFFFFFFFFFDD
S214018E9FFFFFFFFFFFFFFFFFFFFFFFFFFFFFFFFFCD
S214018EAFFFFFFFFFFFFFFFFFFFFFFFFFFFFFFFFFBD
S214018EBFFFFFFFFFFFFFFFFFFFFFFFFFFFFFFFFFAD
S214018ECFFFFFFFFFFFFFFFFFFFFFFFFFFFFFFFFF9D
S214018EDFFFFFFFFFFFFFFFFFFFFFFFFFFFFFFFFF8D
S214018EEFFFFFFFFFFFFFFFFFFFFFFFFFFFFFFFFF7D
S214018EFFFFFFFFFFFFFFFFFFFFFFFFFFFFFFFFFF6D
S214018F0FFFFFFFFFFFFFFFFFFFFFFFFFFFFFFFFF5C
S214018F1FFFFFFFFFFFFFFFFFFFFFFFFFFFFFFFFF4C
S214018F2FFFFFFFFFFFFFFFFFFFFFFFFFFFFFFFFF3C
S214018F3FFFFFFFFFFFFFFFFFFFFFFFFFFFFFFFFF2C
S214018F4FFFFFFFFFFFFFFFFFFFFFFFFFFFFFFFFF1C
S214018F5FFFFFFFFFFFFFFFFFFFFFFFFFFFFFFFFF0C
S214018F6FFFFFFFFFFFFFFFFFFFFFFFFFFFFFFFFFFC
S214018F7FFFFFFFFFFFFFFFFFFFFFFFFFFFFFFFFFEC
S214018F8FFFFFFFFFFFFFFFFFFFFFFFFFFFFFFFFFDC
S214018F9FFFFFFFFFFFFFFFFFFFFFFFFFFFFFFFFFCC
S214018FAFFFFFFFFFFFFFFFFFFFFFFFFFFFFFFFFFBC
S214018FBFFFFFFFFFFFFFFFFFFFFFFFFFFFFFFFFFAC
S214018FCFFFFFFFFFFFFFFFFFFFFFFFFFFFFFFFFF9C
S214018FDFFFFFFFFFFFFFFFFFFFFFFFFFFFFFFFFF8C
S214018FEFFFFFFFFFFFFFFFFFFFFFFFFFFFFFFFFF7C
S214018FFFFFFFFFFFFFFFFFFFFFFFFFFFFFFFFFFF6C
S21401900FFFFFFFFFFFFFFFFFFFFFFFFFFFFFFFFF5B
S21401901FFFFFFFFFFFFFFFFFFFFFFFFFFFFFFFFF4B
S21401902FFFFFFFFFFFFFFFFFFFFFFFFFFFFFFFFF3B
S21401903FFFFFFFFFFFFFFFFFFFFFFFFFFFFFFFFF2B
S21401904FFFFFFFFFFFFFFFFFFFFFFFFFFFFFFFFF1B
S21401905FFFFFFFFFFFFFFFFFFFFFFFFFFFFFFFFF0B
S21401906FFFFFFFFFFFFFFFFFFFFFFFFFFFFFFFFFFB
S21401907FFFFFFFFFFFFFFFFFFFFFFFFFFFFFFFFFEB
S21401908FFFFFFFFFFFFFFFFFFFFFFFFFFFFFFFFFDB
S21401909FFFFFFFFFFFFFFFFFFFFFFFFFFFFFFFFFCB
S2140190AFFFFFFFFFFFFFFFFFFFFFFFFFFFFFFFFFBB
S2140190BFFFFFFFFFFFFFFFFFFFFFFFFFFFFFFFFFAB
S2140190CFFFFFFFFFFFFFFFFFFFFFFFFFFFFFFFFF9B
S2140190DFFFFFFFFFFFFFFFFFFFFFFFFFFFFFFFFF8B
S2140190EFFFFFFFFFFFFFFFFFFFFFFFFFFFFFFFFF7B
S2140190FFFFFFFFFFFFFFFFFFFFFFFFFFFFFFFFFF6B
S21401910FFFFFFFFFFFFFFFFFFFFFFFFFFFFFFFFF5A
S21401911FFFFFFFFFFFFFFFFFFFFFFFFFFFFFFFFF4A
S21401912FFFFFFFFFFFFFFFFFFFFFFFFFFFFFFFFF3A
S21401913FFFFFFFFFFFFFFFFFFFFFFFFFFFFFFFFF2A
S21401914FFFFFFFFFFFFFFFFFFFFFFFFFFFFFFFFF1A
S21401915FFFFFFFFFFFFFFFFFFFFFFFFFFFFFFFFF0A
S21401916FFFFFFFFFFFFFFFFFFFFFFFFFFFFFFFFFFA
S21401917FFFFFFFFFFFFFFFFFFFFFFFFFFFFFFFFFEA
S21401918FFFFFFFFFFFFFFFFFFFFFFFFFFFFFFFFFDA
S21401919FFFFFFFFFFFFFFFFFFFFFFFFFFFFFFFFFCA
S2140191AFFFFFFFFFFFFFFFFFFFFFFFFFFFFFFFFFBA
S2140191BFFFFFFFFFFFFFFFFFFFFFFFFFFFFFFFFFAA
S2140191CFFFFFFFFFFFFFFFFFFFFFFFFFFFFFFFFF9A
S2140191DFFFFFFFFFFFFFFFFFFFFFFFFFFFFFFFFF8A
S2140191EFFFFFFFFFFFFFFFFFFFFFFFFFFFFFFFFF7A
S2140191FFFFFFFFFFFFFFFFFFFFFFFFFFFFFFFFFF6A
S21401920FFFFFFFFFFFFFFFFFFFFFFFFFFFFFFFFF59
S21401921FFFFFFFFFFFFFFFFFFFFFFFFFFFFFFFFF49
S21401922FFFFFFFFFFFFFFFFFFFFFFFFFFFFFFFFF39
S21401923FFFFFFFFFFFFFFFFFFFFFFFFFFFFFFFFF29
S21401924FFFFFFFFFFFFFFFFFFFFFFFFFFFFFFFFF19
S21401925FFFFFFFFFFFFFFFFFFFFFFFFFFFFFFFFF09
S21401926FFFFFFFFFFFFFFFFFFFFFFFFFFFFFFFFFF9
S21401927FFFFFFFFFFFFFFFFFFFFFFFFFFFFFFFFFE9
S21401928FFFFFFFFFFFFFFFFFFFFFFFFFFFFFFFFFD9
S21401929FFFFFFFFFFFFFFFFFFFFFFFFFFFFFFFFFC9
S2140192AFFFFFFFFFFFFFFFFFFFFFFFFFFFFFFFFFB9
S2140192BFFFFFFFFFFFFFFFFFFFFFFFFFFFFFFFFFA9
S2140192CFFFFFFFFFFFFFFFFFFFFFFFFFFFFFFFFF99
S2140192DFFFFFFFFFFFFFFFFFFFFFFFFFFFFFFFFF89
S2140192EFFFFFFFFFFFFFFFFFFFFFFFFFFFFFFFFF79
S2140192FFFFFFFFFFFFFFFFFFFFFFFFFFFFFFFFFF69
S21401930FFFFFFFFFFFFFFFFFFFFFFFFFFFFFFFFF58
S21401931FFFFFFFFFFFFFFFFFFFFFFFFFFFFFFFFF48
S21401932FFFFFFFFFFFFFFFFFFFFFFFFFFFFFFFFF38
S21401933FFFFFFFFFFFFFFFFFFFFFFFFFFFFFFFFF28
S21401934FFFFFFFFFFFFFFFFFFFFFFFFFFFFFFFFF18
S21401935FFFFFFFFFFFFFFFFFFFFFFFFFFFFFFFFF08
S21401936FFFFFFFFFFFFFFFFFFFFFFFFFFFFFFFFFF8
S21401937FFFFFFFFFFFFFFFFFFFFFFFFFFFFFFFFFE8
S21401938FFFFFFFFFFFFFFFFFFFFFFFFFFFFFFFFFD8
S21401939FFFFFFFFFFFFFFFFFFFFFFFFFFFFFFFFFC8
S2140193AFFFFFFFFFFFFFFFFFFFFFFFFFFFFFFFFFB8
S2140193BFFFFFFFFFFFFFFFFFFFFFFFFFFFFFFFFFA8
S2140193CFFFFFFFFFFFFFFFFFFFFFFFFFFFFFFFFF98
S2140193DFFFFFFFFFFFFFFFFFFFFFFFFFFFFFFFFF88
S2140193EFFFFFFFFFFFFFFFFFFFFFFFFFFFFFFFFF78
S2140193FFFFFFFFFFFFFFFFFFFFFFFFFFFFFFFFFF68
S21401940FFFFFFFFFFFFFFFFFFFFFFFFFFFFFFFFF57
S21401941FFFFFFFFFFFFFFFFFFFFFFFFFFFFFFFFF47
S21401942FFFFFFFFFFFFFFFFFFFFFFFFFFFFFFFFF37
S21401943FFFFFFFFFFFFFFFFFFFFFFFFFFFFFFFFF27
S21401944FFFFFFFFFFFFFFFFFFFFFFFFFFFFFFFFF17
S21401945FFFFFFFFFFFFFFFFFFFFFFFFFFFFFFFFF07
S21401946FFFFFFFFFFFFFFFFFFFFFFFFFFFFFFFFFF7
S21401947FFFFFFFFFFFFFFFFFFFFFFFFFFFFFFFFFE7
S21401948FFFFFFFFFFFFFFFFFFFFFFFFFFFFFFFFFD7
S21401949FFFFFFFFFFFFFFFFFFFFFFFFFFFFFFFFFC7
S2140194AFFFFFFFFFFFFFFFFFFFFFFFFFFFFFFFFFB7
S2140194BFFFFFFFFFFFFFFFFFFFFFFFFFFFFFFFFFA7
S2140194CFFFFFFFFFFFFFFFFFFFFFFFFFFFFFFFFF97
S2140194DFFFFFFFFFFFFFFFFFFFFFFFFFFFFFFFFF87
S2140194EFFFFFFFFFFFFFFFFFFFFFFFFFFFFFFFFF77
S2140194FFFFFFFFFFFFFFFFFFFFFFFFFFFFFFFFFF67
S21401950FFFFFFFFFFFFFFFFFFFFFFFFFFFFFFFFF56
S21401951FFFFFFFFFFFFFFFFFFFFFFFFFFFFFFFFF46
S21401952FFFFFFFFFFFFFFFFFFFFFFFFFFFFFFFFF36
S21401953FFFFFFFFFFFFFFFFFFFFFFFFFFFFFFFFF26
S21401954FFFFFFFFFFFFFFFFFFFFFFFFFFFFFFFFF16
S21401955FFFFFFFFFFFFFFFFFFFFFFFFFFFFFFFFF06
S21401956FFFFFFFFFFFFFFFFFFFFFFFFFFFFFFFFFF6
S21401957FFFFFFFFFFFFFFFFFFFFFFFFFFFFFFFFFE6
S21401958FFFFFFFFFFFFFFFFFFFFFFFFFFFFFFFFFD6
S21401959FFFFFFFFFFFFFFFFFFFFFFFFFFFFFFFFFC6
S2140195AFFFFFFFFFFFFFFFFFFFFFFFFFFFFFFFFFB6
S2140195BFFFFFFFFFFFFFFFFFFFFFFFFFFFFFFFFFA6
S2140195CFFFFFFFFFFFFFFFFFFFFFFFFFFFFFFFFF96
S2140195DFFFFFFFFFFFFFFFFFFFFFFFFFFFFFFFFF86
S2140195EFFFFFFFFFFFFFFFFFFFFFFFFFFFFFFFFF76
S2140195FFFFFFFFFFFFFFFFFFFFFFFFFFFFFFFFFF66
S21401960FFFFFFFFFFFFFFFFFFFFFFFFFFFFFFFFF55
S21401961FFFFFFFFFFFFFFFFFFFFFFFFFFFFFFFFF45
S21401962FFFFFFFFFFFFFFFFFFFFFFFFFFFFFFFFF35
S21401963FFFFFFFFFFFFFFFFFFFFFFFFFFFFFFFFF25
S21401964FFFFFFFFFFFFFFFFFFFFFFFFFFFFFFFFF15
S21401965FFFFFFFFFFFFFFFFFFFFFFFFFFFFFFFFF05
S21401966FFFFFFFFFFFFFFFFFFFFFFFFFFFFFFFFFF5
S21401967FFFFFFFFFFFFFFFFFFFFFFFFFFFFFFFFFE5
S21401968FFFFFFFFFFFFFFFFFFFFFFFFFFFFFFFFFD5
S21401969FFFFFFFFFFFFFFFFFFFFFFFFFFFFFFFFFC5
S2140196AFFFFFFFFFFFFFFFFFFFFFFFFFFFFFFFFFB5
S2140196BFFFFFFFFFFFFFFFFFFFFFFFFFFFFFFFFFA5
S2140196CFFFFFFFFFFFFFFFFFFFFFFFFFFFFFFFFF95
S2140196DFFFFFFFFFFFFFFFFFFFFFFFFFFFFFFFFF85
S2140196EFFFFFFFFFFFFFFFFFFFFFFFFFFFFFFFFF75
S2140196FFFFFFFFFFFFFFFFFFFFFFFFFFFFFFFFFF65
S21401970FFFFFFFFFFFFFFFFFFFFFFFFFFFFFFFFF54
S21401971FFFFFFFFFFFFFFFFFFFFFFFFFFFFFFFFF44
S21401972FFFFFFFFFFFFFFFFFFFFFFFFFFFFFFFFF34
S21401973FFFFFFFFFFFFFFFFFFFFFFFFFFFFFFFFF24
S21401974FFFFFFFFFFFFFFFFFFFFFFFFFFFFFFFFF14
S21401975FFFFFFFFFFFFFFFFFFFFFFFFFFFFFFFFF04
S21401976FFFFFFFFFFFFFFFFFFFFFFFFFFFFFFFFFF4
S21401977FFFFFFFFFFFFFFFFFFFFFFFFFFFFFFFFFE4
S21401978FFFFFFFFFFFFFFFFFFFFFFFFFFFFFFFFFD4
S21401979FFFFFFFFFFFFFFFFFFFFFFFFFFFFFFFFFC4
S2140197AFFFFFFFFFFFFFFFFFFFFFFFFFFFFFFFFFB4
S2140197BFFFFFFFFFFFFFFFFFFFFFFFFFFFFFFFFFA4
S2140197CFFFFFFFFFFFFFFFFFFFFFFFFFFFFFFFFF94
S2140197DFFFFFFFFFFFFFFFFFFFFFFFFFFFFFFFFF84
S2140197EFFFFFFFFFFFFFFFFFFFFFFFFFFFFFFFFF74
S2140197FFFFFFFFFFFFFFFFFFFFFFFFFFFFFFFFFF64
S21401980FFFFFFFFFFFFFFFFFFFFFFFFFFFFFFFFF53
S21401981FFFFFFFFFFFFFFFFFFFFFFFFFFFFFFFFF43
S21401982FFFFFFFFFFFFFFFFFFFFFFFFFFFFFFFFF33
S21401983FFFFFFFFFFFFFFFFFFFFFFFFFFFFFFFFF23
S21401984FFFFFFFFFFFFFFFFFFFFFFFFFFFFFFFFF13
S21401985FFFFFFFFFFFFFFFFFFFFFFFFFFFFFFFFF03
S21401986FFFFFFFFFFFFFFFFFFFFFFFFFFFFFFFFFF3
S21401987FFFFFFFFFFFFFFFFFFFFFFFFFFFFFFFFFE3
S21401988FFFFFFFFFFFFFFFFFFFFFFFFFFFFFFFFFD3
S21401989FFFFFFFFFFFFFFFFFFFFFFFFFFFFFFFFFC3
S2140198AFFFFFFFFFFFFFFFFFFFFFFFFFFFFFFFFFB3
S2140198BFFFFFFFFFFFFFFFFFFFFFFFFFFFFFFFFFA3
S2140198CFFFFFFFFFFFFFFFFFFFFFFFFFFFFFFFFF93
S2140198DFFFFFFFFFFFFFFFFFFFFFFFFFFFFFFFFF83
S2140198EFFFFFFFFFFFFFFFFFFFFFFFFFFFFFFFFF73
S2140198FFFFFFFFFFFFFFFFFFFFFFFFFFFFFFFFFF63
S21401990FFFFFFFFFFFFFFFFFFFFFFFFFFFFFFFFF52
S21401991FFFFFFFFFFFFFFFFFFFFFFFFFFFFFFFFF42
S21401992FFFFFFFFFFFFFFFFFFFFFFFFFFFFFFFFF32
S21401993FFFFFFFFFFFFFFFFFFFFFFFFFFFFFFFFF22
S21401994FFFFFFFFFFFFFFFFFFFFFFFFFFFFFFFFF12
S21401995FFFFFFFFFFFFFFFFFFFFFFFFFFFFFFFFF02
S21401996FFFFFFFFFFFFFFFFFFFFFFFFFFFFFFFFFF2
S21401997FFFFFFFFFFFFFFFFFFFFFFFFFFFFFFFFFE2
S21401998FFFFFFFFFFFFFFFFFFFFFFFFFFFFFFFFFD2
S21401999FFFFFFFFFFFFFFFFFFFFFFFFFFFFFFFFFC2
S2140199AFFFFFFFFFFFFFFFFFFFFFFFFFFFFFFFFFB2
S2140199BFFFFFFFFFFFFFFFFFFFFFFFFFFFFFFFFFA2
S2140199CFFFFFFFFFFFFFFFFFFFFFFFFFFFFFFFFF92
S2140199DFFFFFFFFFFFFFFFFFFFFFFFFFFFFFFFFF82
S2140199EFFFFFFFFFFFFFFFFFFFFFFFFFFFFFFFFF72
S2140199FFFFFFFFFFFFFFFFFFFFFFFFFFFFFFFFFF62
S214019A0FFFFFFFFFFFFFFFFFFFFFFFFFFFFFFFFF51
S214019A1FFFFFFFFFFFFFFFFFFFFFFFFFFFFFFFFF41
S214019A2FFFFFFFFFFFFFFFFFFFFFFFFFFFFFFFFF31
S214019A3FFFFFFFFFFFFFFFFFFFFFFFFFFFFFFFFF21
S214019A4FFFFFFFFFFFFFFFFFFFFFFFFFFFFFFFFF11
S214019A5FFFFFFFFFFFFFFFFFFFFFFFFFFFFFFFFF01
S214019A6FFFFFFFFFFFFFFFFFFFFFFFFFFFFFFFFFF1
S214019A7FFFFFFFFFFFFFFFFFFFFFFFFFFFFFFFFFE1
S214019A8FFFFFFFFFFFFFFFFFFFFFFFFFFFFFFFFFD1
S214019A9FFFFFFFFFFFFFFFFFFFFFFFFFFFFFFFFFC1
S214019AAFFFFFFFFFFFFFFFFFFFFFFFFFFFFFFFFFB1
S214019ABFFFFFFFFFFFFFFFFFFFFFFFFFFFFFFFFFA1
S214019ACFFFFFFFFFFFFFFFFFFFFFFFFFFFFFFFFF91
S214019ADFFFFFFFFFFFFFFFFFFFFFFFFFFFFFFFFF81
S214019AEFFFFFFFFFFFFFFFFFFFFFFFFFFFFFFFFF71
S214019AFFFFFFFFFFFFFFFFFFFFFFFFFFFFFFFFFF61
S214019B0FFFFFFFFFFFFFFFFFFFFFFFFFFFFFFFFF50
S214019B1FFFFFFFFFFFFFFFFFFFFFFFFFFFFFFFFF40
S214019B2FFFFFFFFFFFFFFFFFFFFFFFFFFFFFFFFF30
S214019B3FFFFFFFFFFFFFFFFFFFFFFFFFFFFFFFFF20
S214019B4FFFFFFFFFFFFFFFFFFFFFFFFFFFFFFFFF10
S214019B5FFFFFFFFFFFFFFFFFFFFFFFFFFFFFFFFF00
S214019B6FFFFFFFFFFFFFFFFFFFFFFFFFFFFFFFFFF0
S214019B7FFFFFFFFFFFFFFFFFFFFFFFFFFFFFFFFFE0
S214019B8FFFFFFFFFFFFFFFFFFFFFFFFFFFFFFFFFD0
S214019B9FFFFFFFFFFFFFFFFFFFFFFFFFFFFFFFFFC0
S214019BAFFFFFFFFFFFFFFFFFFFFFFFFFFFFFFFFFB0
S214019BBFFFFFFFFFFFFFFFFFFFFFFFFFFFFFFFFFA0
S214019BCFFFFFFFFFFFFFFFFFFFFFFFFFFFFFFFFF90
S214019BDFFFFFFFFFFFFFFFFFFFFFFFFFFFFFFFFF80
S214019BEFFFFFFFFFFFFFFFFFFFFFFFFFFFFFFFFF70
S214019BFFFFFFFFFFFFFFFFFFFFFFFFFFFFFFFFFF60
S214019C0FFFFFFFFFFFFFFFFFFFFFFFFFFFFFFFFF4F
S214019C1FFFFFFFFFFFFFFFFFFFFFFFFFFFFFFFFF3F
S214019C2FFFFFFFFFFFFFFFFFFFFFFFFFFFFFFFFF2F
S214019C3FFFFFFFFFFFFFFFFFFFFFFFFFFFFFFFFF1F
S214019C4FFFFFFFFFFFFFFFFFFFFFFFFFFFFFFFFF0F
S214019C5FFFFFFFFFFFFFFFFFFFFFFFFFFFFFFFFFFF
S214019C6FFFFFFFFFFFFFFFFFFFFFFFFFFFFFFFFFEF
S214019C7FFFFFFFFFFFFFFFFFFFFFFFFFFFFFFFFFDF
S214019C8FFFFFFFFFFFFFFFFFFFFFFFFFFFFFFFFFCF
S214019C9FFFFFFFFFFFFFFFFFFFFFFFFFFFFFFFFFBF
S214019CAFFFFFFFFFFFFFFFFFFFFFFFFFFFFFFFFFAF
S214019CBFFFFFFFFFFFFFFFFFFFFFFFFFFFFFFFFF9F
S214019CCFFFFFFFFFFFFFFFFFFFFFFFFFFFFFFFFF8F
S214019CDFFFFFFFFFFFFFFFFFFFFFFFFFFFFFFFFF7F
S214019CEFFFFFFFFFFFFFFFFFFFFFFFFFFFFFFFFF6F
S214019CFFFFFFFFFFFFFFFFFFFFFFFFFFFFFFFFFF5F
S214019D0FFFFFFFFFFFFFFFFFFFFFFFFFFFFFFFFF4E
S214019D1FFFFFFFFFFFFFFFFFFFFFFFFFFFFFFFFF3E
S214019D2FFFFFFFFFFFFFFFFFFFFFFFFFFFFFFFFF2E
S214019D3FFFFFFFFFFFFFFFFFFFFFFFFFFFFFFFFF1E
S214019D4FFFFFFFFFFFFFFFFFFFFFFFFFFFFFFFFF0E
S214019D5FFFFFFFFFFFFFFFFFFFFFFFFFFFFFFFFFFE
S214019D6FFFFFFFFFFFFFFFFFFFFFFFFFFFFFFFFFEE
S214019D7FFFFFFFFFFFFFFFFFFFFFFFFFFFFFFFFFDE
S214019D8FFFFFFFFFFFFFFFFFFFFFFFFFFFFFFFFFCE
S214019D9FFFFFFFFFFFFFFFFFFFFFFFFFFFFFFFFFBE
S214019DAFFFFFFFFFFFFFFFFFFFFFFFFFFFFFFFFFAE
S214019DBFFFFFFFFFFFFFFFFFFFFFFFFFFFFFFFFF9E
S214019DCFFFFFFFFFFFFFFFFFFFFFFFFFFFFFFFFF8E
S214019DDFFFFFFFFFFFFFFFFFFFFFFFFFFFFFFFFF7E
S214019DEFFFFFFFFFFFFFFFFFFFFFFFFFFFFFFFFF6E
S214019DFFFFFFFFFFFFFFFFFFFFFFFFFFFFFFFFFF5E
S214019E0FFFFFFFFFFFFFFFFFFFFFFFFFFFFFFFFF4D
S214019E1FFFFFFFFFFFFFFFFFFFFFFFFFFFFFFFFF3D
S214019E2FFFFFFFFFFFFFFFFFFFFFFFFFFFFFFFFF2D
S214019E3FFFFFFFFFFFFFFFFFFFFFFFFFFFFFFFFF1D
S214019E4FFFFFFFFFFFFFFFFFFFFFFFFFFFFFFFFF0D
S214019E5FFFFFFFFFFFFFFFFFFFFFFFFFFFFFFFFFFD
S214019E6FFFFFFFFFFFFFFFFFFFFFFFFFFFFFFFFFED
S214019E7FFFFFFFFFFFFFFFFFFFFFFFFFFFFFFFFFDD
S214019E8FFFFFFFFFFFFFFFFFFFFFFFFFFFFFFFFFCD
S214019E9FFFFFFFFFFFFFFFFFFFFFFFFFFFFFFFFFBD
S214019EAFFFFFFFFFFFFFFFFFFFFFFFFFFFFFFFFFAD
S214019EBFFFFFFFFFFFFFFFFFFFFFFFFFFFFFFFFF9D
S214019ECFFFFFFFFFFFFFFFFFFFFFFFFFFFFFFFFF8D
S214019EDFFFFFFFFFFFFFFFFFFFFFFFFFFFFFFFFF7D
S214019EEFFFFFFFFFFFFFFFFFFFFFFFFFFFFFFFFF6D
S214019EFFFFFFFFFFFFFFFFFFFFFFFFFFFFFFFFFF5D
S214019F0FFFFFFFFFFFFFFFFFFFFFFFFFFFFFFFFF4C
S214019F1FFFFFFFFFFFFFFFFFFFFFFFFFFFFFFFFF3C
S214019F2FFFFFFFFFFFFFFFFFFFFFFFFFFFFFFFFF2C
S214019F3FFFFFFFFFFFFFFFFFFFFFFFFFFFFFFFFF1C
S214019F4FFFFFFFFFFFFFFFFFFFFFFFFFFFFFFFFF0C
S214019F5FFFFFFFFFFFFFFFFFFFFFFFFFFFFFFFFFFC
S214019F6FFFFFFFFFFFFFFFFFFFFFFFFFFFFFFFFFEC
S214019F7FFFFFFFFFFFFFFFFFFFFFFFFFFFFFFFFFDC
S214019F8FFFFFFFFFFFFFFFFFFFFFFFFFFFFFFFFFCC
S214019F9FFFFFFFFFFFFFFFFFFFFFFFFFFFFFFFFFBC
S214019FAFFFFFFFFFFFFFFFFFFFFFFFFFFFFFFFFFAC
S214019FBFFFFFFFFFFFFFFFFFFFFFFFFFFFFFFFFF9C
S214019FCFFFFFFFFFFFFFFFFFFFFFFFFFFFFFFFFF8C
S214019FDFFFFFFFFFFFFFFFFFFFFFFFFFFFFFFFFF7C
S214019FEFFFFFFFFFFFFFFFFFFFFFFFFFFFFFFFFF6C
S214019FFFFFFFFFFFFFFFFFFFFFFFFFFFFFFFFFFF5C
S21401A00FFFFFFFFFFFFFFFFFFFFFFFFFFFFFFFFF4B
S21401A01FFFFFFFFFFFFFFFFFFFFFFFFFFFFFFFFF3B
S21401A02FFFFFFFFFFFFFFFFFFFFFFFFFFFFFFFFF2B
S21401A03FFFFFFFFFFFFFFFFFFFFFFFFFFFFFFFFF1B
S21401A04FFFFFFFFFFFFFFFFFFFFFFFFFFFFFFFFF0B
S21401A05FFFFFFFFFFFFFFFFFFFFFFFFFFFFFFFFFFB
S21401A06FFFFFFFFFFFFFFFFFFFFFFFFFFFFFFFFFEB
S21401A07FFFFFFFFFFFFFFFFFFFFFFFFFFFFFFFFFDB
S21401A08FFFFFFFFFFFFFFFFFFFFFFFFFFFFFFFFFCB
S21401A09FFFFFFFFFFFFFFFFFFFFFFFFFFFFFFFFFBB
S21401A0AFFFFFFFFFFFFFFFFFFFFFFFFFFFFFFFFFAB
S21401A0BFFFFFFFFFFFFFFFFFFFFFFFFFFFFFFFFF9B
S21401A0CFFFFFFFFFFFFFFFFFFFFFFFFFFFFFFFFF8B
S21401A0DFFFFFFFFFFFFFFFFFFFFFFFFFFFFFFFFF7B
S21401A0EFFFFFFFFFFFFFFFFFFFFFFFFFFFFFFFFF6B
S21401A0FFFFFFFFFFFFFFFFFFFFFFFFFFFFFFFFFF5B
S21401A10FFFFFFFFFFFFFFFFFFFFFFFFFFFFFFFFF4A
S21401A11FFFFFFFFFFFFFFFFFFFFFFFFFFFFFFFFF3A
S21401A12FFFFFFFFFFFFFFFFFFFFFFFFFFFFFFFFF2A
S21401A13FFFFFFFFFFFFFFFFFFFFFFFFFFFFFFFFF1A
S21401A14FFFFFFFFFFFFFFFFFFFFFFFFFFFFFFFFF0A
S21401A15FFFFFFFFFFFFFFFFFFFFFFFFFFFFFFFFFFA
S21401A16FFFFFFFFFFFFFFFFFFFFFFFFFFFFFFFFFEA
S21401A17FFFFFFFFFFFFFFFFFFFFFFFFFFFFFFFFFDA
S21401A18FFFFFFFFFFFFFFFFFFFFFFFFFFFFFFFFFCA
S21401A19FFFFFFFFFFFFFFFFFFFFFFFFFFFFFFFFFBA
S21401A1AFFFFFFFFFFFFFFFFFFFFFFFFFFFFFFFFFAA
S21401A1BFFFFFFFFFFFFFFFFFFFFFFFFFFFFFFFFF9A
S21401A1CFFFFFFFFFFFFFFFFFFFFFFFFFFFFFFFFF8A
S21401A1DFFFFFFFFFFFFFFFFFFFFFFFFFFFFFFFFF7A
S21401A1EFFFFFFFFFFFFFFFFFFFFFFFFFFFFFFFFF6A
S21401A1FFFFFFFFFFFFFFFFFFFFFFFFFFFFFFFFFF5A
S21401A20FFFFFFFFFFFFFFFFFFFFFFFFFFFFFFFFF49
S21401A21FFFFFFFFFFFFFFFFFFFFFFFFFFFFFFFFF39
S21401A22FFFFFFFFFFFFFFFFFFFFFFFFFFFFFFFFF29
S21401A23FFFFFFFFFFFFFFFFFFFFFFFFFFFFFFFFF19
S21401A24FFFFFFFFFFFFFFFFFFFFFFFFFFFFFFFFF09
S21401A25FFFFFFFFFFFFFFFFFFFFFFFFFFFFFFFFFF9
S21401A26FFFFFFFFFFFFFFFFFFFFFFFFFFFFFFFFFE9
S21401A27FFFFFFFFFFFFFFFFFFFFFFFFFFFFFFFFFD9
S21401A28FFFFFFFFFFFFFFFFFFFFFFFFFFFFFFFFFC9
S21401A29FFFFFFFFFFFFFFFFFFFFFFFFFFFFFFFFFB9
S21401A2AFFFFFFFFFFFFFFFFFFFFFFFFFFFFFFFFFA9
S21401A2BFFFFFFFFFFFFFFFFFFFFFFFFFFFFFFFFF99
S21401A2CFFFFFFFFFFFFFFFFFFFFFFFFFFFFFFFFF89
S21401A2DFFFFFFFFFFFFFFFFFFFFFFFFFFFFFFFFF79
S21401A2EFFFFFFFFFFFFFFFFFFFFFFFFFFFFFFFFF69
S21401A2FFFFFFFFFFFFFFFFFFFFFFFFFFFFFFFFFF59
S21401A30FFFFFFFFFFFFFFFFFFFFFFFFFFFFFFFFF48
S21401A31FFFFFFFFFFFFFFFFFFFFFFFFFFFFFFFFF38
S21401A32FFFFFFFFFFFFFFFFFFFFFFFFFFFFFFFFF28
S21401A33FFFFFFFFFFFFFFFFFFFFFFFFFFFFFFFFF18
S21401A34FFFFFFFFFFFFFFFFFFFFFFFFFFFFFFFFF08
S21401A35FFFFFFFFFFFFFFFFFFFFFFFFFFFFFFFFFF8
S21401A36FFFFFFFFFFFFFFFFFFFFFFFFFFFFFFFFFE8
S21401A37FFFFFFFFFFFFFFFFFFFFFFFFFFFFFFFFFD8
S21401A38FFFFFFFFFFFFFFFFFFFFFFFFFFFFFFFFFC8
S21401A39FFFFFFFFFFFFFFFFFFFFFFFFFFFFFFFFFB8
S21401A3AFFFFFFFFFFFFFFFFFFFFFFFFFFFFFFFFFA8
S21401A3BFFFFFFFFFFFFFFFFFFFFFFFFFFFFFFFFF98
S21401A3CFFFFFFFFFFFFFFFFFFFFFFFFFFFFFFFFF88
S21401A3DFFFFFFFFFFFFFFFFFFFFFFFFFFFFFFFFF78
S21401A3EFFFFFFFFFFFFFFFFFFFFFFFFFFFFFFFFF68
S21401A3FFFFFFFFFFFFFFFFFFFFFFFFFFFFFFFFFF58
S21401A40FFFFFFFFFFFFFFFFFFFFFFFFFFFFFFFFF47
S21401A41FFFFFFFFFFFFFFFFFFFFFFFFFFFFFFFFF37
S21401A42FFFFFFFFFFFFFFFFFFFFFFFFFFFFFFFFF27
S21401A43FFFFFFFFFFFFFFFFFFFFFFFFFFFFFFFFF17
S21401A44FFFFFFFFFFFFFFFFFFFFFFFFFFFFFFFFF07
S21401A45FFFFFFFFFFFFFFFFFFFFFFFFFFFFFFFFFF7
S21401A46FFFFFFFFFFFFFFFFFFFFFFFFFFFFFFFFFE7
S21401A47FFFFFFFFFFFFFFFFFFFFFFFFFFFFFFFFFD7
S21401A48FFFFFFFFFFFFFFFFFFFFFFFFFFFFFFFFFC7
S21401A49FFFFFFFFFFFFFFFFFFFFFFFFFFFFFFFFFB7
S21401A4AFFFFFFFFFFFFFFFFFFFFFFFFFFFFFFFFFA7
S21401A4BFFFFFFFFFFFFFFFFFFFFFFFFFFFFFFFFF97
S21401A4CFFFFFFFFFFFFFFFFFFFFFFFFFFFFFFFFF87
S21401A4DFFFFFFFFFFFFFFFFFFFFFFFFFFFFFFFFF77
S21401A4EFFFFFFFFFFFFFFFFFFFFFFFFFFFFFFFFF67
S21401A4FFFFFFFFFFFFFFFFFFFFFFFFFFFFFFFFFF57
S21401A50FFFFFFFFFFFFFFFFFFFFFFFFFFFFFFFFF46
S21401A51FFFFFFFFFFFFFFFFFFFFFFFFFFFFFFFFF36
S21401A52FFFFFFFFFFFFFFFFFFFFFFFFFFFFFFFFF26
S21401A53FFFFFFFFFFFFFFFFFFFFFFFFFFFFFFFFF16
S21401A54FFFFFFFFFFFFFFFFFFFFFFFFFFFFFFFFF06
S21401A55FFFFFFFFFFFFFFFFFFFFFFFFFFFFFFFFFF6
S21401A56FFFFFFFFFFFFFFFFFFFFFFFFFFFFFFFFFE6
S21401A57FFFFFFFFFFFFFFFFFFFFFFFFFFFFFFFFFD6
S21401A58FFFFFFFFFFFFFFFFFFFFFFFFFFFFFFFFFC6
S21401A59FFFFFFFFFFFFFFFFFFFFFFFFFFFFFFFFFB6
S21401A5AFFFFFFFFFFFFFFFFFFFFFFFFFFFFFFFFFA6
S21401A5BFFFFFFFFFFFFFFFFFFFFFFFFFFFFFFFFF96
S21401A5CFFFFFFFFFFFFFFFFFFFFFFFFFFFFFFFFF86
S21401A5DFFFFFFFFFFFFFFFFFFFFFFFFFFFFFFFFF76
S21401A5EFFFFFFFFFFFFFFFFFFFFFFFFFFFFFFFFF66
S21401A5FFFFFFFFFFFFFFFFFFFFFFFFFFFFFFFFFF56
S21401A60FFFFFFFFFFFFFFFFFFFFFFFFFFFFFFFFF45
S21401A61FFFFFFFFFFFFFFFFFFFFFFFFFFFFFFFFF35
S21401A62FFFFFFFFFFFFFFFFFFFFFFFFFFFFFFFFF25
S21401A63FFFFFFFFFFFFFFFFFFFFFFFFFFFFFFFFF15
S21401A64FFFFFFFFFFFFFFFFFFFFFFFFFFFFFFFFF05
S21401A65FFFFFFFFFFFFFFFFFFFFFFFFFFFFFFFFFF5
S21401A66FFFFFFFFFFFFFFFFFFFFFFFFFFFFFFFFFE5
S21401A67FFFFFFFFFFFFFFFFFFFFFFFFFFFFFFFFFD5
S21401A68FFFFFFFFFFFFFFFFFFFFFFFFFFFFFFFFFC5
S21401A69FFFFFFFFFFFFFFFFFFFFFFFFFFFFFFFFFB5
S21401A6AFFFFFFFFFFFFFFFFFFFFFFFFFFFFFFFFFA5
S21401A6BFFFFFFFFFFFFFFFFFFFFFFFFFFFFFFFFF95
S21401A6CFFFFFFFFFFFFFFFFFFFFFFFFFFFFFFFFF85
S21401A6DFFFFFFFFFFFFFFFFFFFFFFFFFFFFFFFFF75
S21401A6EFFFFFFFFFFFFFFFFFFFFFFFFFFFFFFFFF65
S21401A6FFFFFFFFFFFFFFFFFFFFFFFFFFFFFFFFFF55
S21401A70FFFFFFFFFFFFFFFFFFFFFFFFFFFFFFFFF44
S21401A71FFFFFFFFFFFFFFFFFFFFFFFFFFFFFFFFF34
S21401A72FFFFFFFFFFFFFFFFFFFFFFFFFFFFFFFFF24
S21401A73FFFFFFFFFFFFFFFFFFFFFFFFFFFFFFFFF14
S21401A74FFFFFFFFFFFFFFFFFFFFFFFFFFFFFFFFF04
S21401A75FFFFFFFFFFFFFFFFFFFFFFFFFFFFFFFFFF4
S21401A76FFFFFFFFFFFFFFFFFFFFFFFFFFFFFFFFFE4
S21401A77FFFFFFFFFFFFFFFFFFFFFFFFFFFFFFFFFD4
S21401A78FFFFFFFFFFFFFFFFFFFFFFFFFFFFFFFFFC4
S21401A79FFFFFFFFFFFFFFFFFFFFFFFFFFFFFFFFFB4
S21401A7AFFFFFFFFFFFFFFFFFFFFFFFFFFFFFFFFFA4
S21401A7BFFFFFFFFFFFFFFFFFFFFFFFFFFFFFFFFF94
S21401A7CFFFFFFFFFFFFFFFFFFFFFFFFFFFFFFFFF84
S21401A7DFFFFFFFFFFFFFFFFFFFFFFFFFFFFFFFFF74
S21401A7EFFFFFFFFFFFFFFFFFFFFFFFFFFFFFFFFF64
S21401A7FFFFFFFFFFFFFFFFFFFFFFFFFFFFFFFFFF54
S21401A80FFFFFFFFFFFFFFFFFFFFFFFFFFFFFFFFF43
S21401A81FFFFFFFFFFFFFFFFFFFFFFFFFFFFFFFFF33
S21401A82FFFFFFFFFFFFFFFFFFFFFFFFFFFFFFFFF23
S21401A83FFFFFFFFFFFFFFFFFFFFFFFFFFFFFFFFF13
S21401A84FFFFFFFFFFFFFFFFFFFFFFFFFFFFFFFFF03
S21401A85FFFFFFFFFFFFFFFFFFFFFFFFFFFFFFFFFF3
S21401A86FFFFFFFFFFFFFFFFFFFFFFFFFFFFFFFFFE3
S21401A87FFFFFFFFFFFFFFFFFFFFFFFFFFFFFFFFFD3
S21401A88FFFFFFFFFFFFFFFFFFFFFFFFFFFFFFFFFC3
S21401A89FFFFFFFFFFFFFFFFFFFFFFFFFFFFFFFFFB3
S21401A8AFFFFFFFFFFFFFFFFFFFFFFFFFFFFFFFFFA3
S21401A8BFFFFFFFFFFFFFFFFFFFFFFFFFFFFFFFFF93
S21401A8CFFFFFFFFFFFFFFFFFFFFFFFFFFFFFFFFF83
S21401A8DFFFFFFFFFFFFFFFFFFFFFFFFFFFFFFFFF73
S21401A8EFFFFFFFFFFFFFFFFFFFFFFFFFFFFFFFFF63
S21401A8FFFFFFFFFFFFFFFFFFFFFFFFFFFFFFFFFF53
S21401A90FFFFFFFFFFFFFFFFFFFFFFFFFFFFFFFFF42
S21401A91FFFFFFFFFFFFFFFFFFFFFFFFFFFFFFFFF32
S21401A92FFFFFFFFFFFFFFFFFFFFFFFFFFFFFFFFF22
S21401A93FFFFFFFFFFFFFFFFFFFFFFFFFFFFFFFFF12
S21401A94FFFFFFFFFFFFFFFFFFFFFFFFFFFFFFFFF02
S21401A95FFFFFFFFFFFFFFFFFFFFFFFFFFFFFFFFFF2
S21401A96FFFFFFFFFFFFFFFFFFFFFFFFFFFFFFFFFE2
S21401A97FFFFFFFFFFFFFFFFFFFFFFFFFFFFFFFFFD2
S21401A98FFFFFFFFFFFFFFFFFFFFFFFFFFFFFFFFFC2
S21401A99FFFFFFFFFFFFFFFFFFFFFFFFFFFFFFFFFB2
S21401A9AFFFFFFFFFFFFFFFFFFFFFFFFFFFFFFFFFA2
S21401A9BFFFFFFFFFFFFFFFFFFFFFFFFFFFFFFFFF92
S21401A9CFFFFFFFFFFFFFFFFFFFFFFFFFFFFFFFFF82
S21401A9DFFFFFFFFFFFFFFFFFFFFFFFFFFFFFFFFF72
S21401A9EFFFFFFFFFFFFFFFFFFFFFFFFFFFFFFFFF62
S21401A9FFFFFFFFFFFFFFFFFFFFFFFFFFFFFFFFFF52
S21401AA0FFFFFFFFFFFFFFFFFFFFFFFFFFFFFFFFF41
S21401AA1FFFFFFFFFFFFFFFFFFFFFFFFFFFFFFFFF31
S21401AA2FFFFFFFFFFFFFFFFFFFFFFFFFFFFFFFFF21
S21401AA3FFFFFFFFFFFFFFFFFFFFFFFFFFFFFFFFF11
S21401AA4FFFFFFFFFFFFFFFFFFFFFFFFFFFFFFFFF01
S21401AA5FFFFFFFFFFFFFFFFFFFFFFFFFFFFFFFFFF1
S21401AA6FFFFFFFFFFFFFFFFFFFFFFFFFFFFFFFFFE1
S21401AA7FFFFFFFFFFFFFFFFFFFFFFFFFFFFFFFFFD1
S21401AA8FFFFFFFFFFFFFFFFFFFFFFFFFFFFFFFFFC1
S21401AA9FFFFFFFFFFFFFFFFFFFFFFFFFFFFFFFFFB1
S21401AAAFFFFFFFFFFFFFFFFFFFFFFFFFFFFFFFFFA1
S21401AABFFFFFFFFFFFFFFFFFFFFFFFFFFFFFFFFF91
S21401AACFFFFFFFFFFFFFFFFFFFFFFFFFFFFFFFFF81
S21401AADFFFFFFFFFFFFFFFFFFFFFFFFFFFFFFFFF71
S21401AAEFFFFFFFFFFFFFFFFFFFFFFFFFFFFFFFFF61
S21401AAFFFFFFFFFFFFFFFFFFFFFFFFFFFFFFFFFF51
S21401AB0FFFFFFFFFFFFFFFFFFFFFFFFFFFFFFFFF40
S21401AB1FFFFFFFFFFFFFFFFFFFFFFFFFFFFFFFFF30
S21401AB2FFFFFFFFFFFFFFFFFFFFFFFFFFFFFFFFF20
S21401AB3FFFFFFFFFFFFFFFFFFFFFFFFFFFFFFFFF10
S21401AB4FFFFFFFFFFFFFFFFFFFFFFFFFFFFFFFFF00
S21401AB5FFFFFFFFFFFFFFFFFFFFFFFFFFFFFFFFFF0
S21401AB6FFFFFFFFFFFFFFFFFFFFFFFFFFFFFFFFFE0
S21401AB7FFFFFFFFFFFFFFFFFFFFFFFFFFFFFFFFFD0
S21401AB8FFFFFFFFFFFFFFFFFFFFFFFFFFFFFFFFFC0
S21401AB9FFFFFFFFFFFFFFFFFFFFFFFFFFFFFFFFFB0
S21401ABAFFFFFFFFFFFFFFFFFFFFFFFFFFFFFFFFFA0
S21401ABBFFFFFFFFFFFFFFFFFFFFFFFFFFFFFFFFF90
S21401ABCFFFFFFFFFFFFFFFFFFFFFFFFFFFFFFFFF80
S21401ABDFFFFFFFFFFFFFFFFFFFFFFFFFFFFFFFFF70
S21401ABEFFFFFFFFFFFFFFFFFFFFFFFFFFFFFFFFF60
S21401ABFFFFFFFFFFFFFFFFFFFFFFFFFFFFFFFFFF50
S21401AC0FFFFFFFFFFFFFFFFFFFFFFFFFFFFFFFFF3F
S21401AC1FFFFFFFFFFFFFFFFFFFFFFFFFFFFFFFFF2F
S21401AC2FFFFFFFFFFFFFFFFFFFFFFFFFFFFFFFFF1F
S21401AC3FFFFFFFFFFFFFFFFFFFFFFFFFFFFFFFFF0F
S21401AC4FFFFFFFFFFFFFFFFFFFFFFFFFFFFFFFFFFF
S21401AC5FFFFFFFFFFFFFFFFFFFFFFFFFFFFFFFFFEF
S21401AC6FFFFFFFFFFFFFFFFFFFFFFFFFFFFFFFFFDF
S21401AC7FFFFFFFFFFFFFFFFFFFFFFFFFFFFFFFFFCF
S21401AC8FFFFFFFFFFFFFFFFFFFFFFFFFFFFFFFFFBF
S21401AC9FFFFFFFFFFFFFFFFFFFFFFFFFFFFFFFFFAF
S21401ACAFFFFFFFFFFFFFFFFFFFFFFFFFFFFFFFFF9F
S21401ACBFFFFFFFFFFFFFFFFFFFFFFFFFFFFFFFFF8F
S21401ACCFFFFFFFFFFFFFFFFFFFFFFFFFFFFFFFFF7F
S21401ACDFFFFFFFFFFFFFFFFFFFFFFFFFFFFFFFFF6F
S21401ACEFFFFFFFFFFFFFFFFFFFFFFFFFFFFFFFFF5F
S21401ACFFFFFFFFFFFFFFFFFFFFFFFFFFFFFFFFFF4F
S21401AD0FFFFFFFFFFFFFFFFFFFFFFFFFFFFFFFFF3E
S21401AD1FFFFFFFFFFFFFFFFFFFFFFFFFFFFFFFFF2E
S21401AD2FFFFFFFFFFFFFFFFFFFFFFFFFFFFFFFFF1E
S21401AD3FFFFFFFFFFFFFFFFFFFFFFFFFFFFFFFFF0E
S21401AD4FFFFFFFFFFFFFFFFFFFFFFFFFFFFFFFFFFE
S21401AD5FFFFFFFFFFFFFFFFFFFFFFFFFFFFFFFFFEE
S21401AD6FFFFFFFFFFFFFFFFFFFFFFFFFFFFFFFFFDE
S21401AD7FFFFFFFFFFFFFFFFFFFFFFFFFFFFFFFFFCE
S21401AD8FFFFFFFFFFFFFFFFFFFFFFFFFFFFFFFFFBE
S21401AD9FFFFFFFFFFFFFFFFFFFFFFFFFFFFFFFFFAE
S21401ADAFFFFFFFFFFFFFFFFFFFFFFFFFFFFFFFFF9E
S21401ADBFFFFFFFFFFFFFFFFFFFFFFFFFFFFFFFFF8E
S21401ADCFFFFFFFFFFFFFFFFFFFFFFFFFFFFFFFFF7E
S21401ADDFFFFFFFFFFFFFFFFFFFFFFFFFFFFFFFFF6E
S21401ADEFFFFFFFFFFFFFFFFFFFFFFFFFFFFFFFFF5E
S21401ADFFFFFFFFFFFFFFFFFFFFFFFFFFFFFFFFFF4E
S21401AE0FFFFFFFFFFFFFFFFFFFFFFFFFFFFFFFFF3D
S21401AE1FFFFFFFFFFFFFFFFFFFFFFFFFFFFFFFFF2D
S21401AE2FFFFFFFFFFFFFFFFFFFFFFFFFFFFFFFFF1D
S21401AE3FFFFFFFFFFFFFFFFFFFFFFFFFFFFFFFFF0D
S21401AE4FFFFFFFFFFFFFFFFFFFFFFFFFFFFFFFFFFD
S21401AE5FFFFFFFFFFFFFFFFFFFFFFFFFFFFFFFFFED
S21401AE6FFFFFFFFFFFFFFFFFFFFFFFFFFFFFFFFFDD
S21401AE7FFFFFFFFFFFFFFFFFFFFFFFFFFFFFFFFFCD
S21401AE8FFFFFFFFFFFFFFFFFFFFFFFFFFFFFFFFFBD
S21401AE9FFFFFFFFFFFFFFFFFFFFFFFFFFFFFFFFFAD
S21401AEAFFFFFFFFFFFFFFFFFFFFFFFFFFFFFFFFF9D
S21401AEBFFFFFFFFFFFFFFFFFFFFFFFFFFFFFFFFF8D
S21401AECFFFFFFFFFFFFFFFFFFFFFFFFFFFFFFFFF7D
S21401AEDFFFFFFFFFFFFFFFFFFFFFFFFFFFFFFFFF6D
S21401AEEFFFFFFFFFFFFFFFFFFFFFFFFFFFFFFFFF5D
S21401AEFFFFFFFFFFFFFFFFFFFFFFFFFFFFFFFFFF4D
S21401AF0FFFFFFFFFFFFFFFFFFFFFFFFFFFFFFFFF3C
S21401AF1FFFFFFFFFFFFFFFFFFFFFFFFFFFFFFFFF2C
S21401AF2FFFFFFFFFFFFFFFFFFFFFFFFFFFFFFFFF1C
S21401AF3FFFFFFFFFFFFFFFFFFFFFFFFFFFFFFFFF0C
S21401AF4FFFFFFFFFFFFFFFFFFFFFFFFFFFFFFFFFFC
S21401AF5FFFFFFFFFFFFFFFFFFFFFFFFFFFFFFFFFEC
S21401AF6FFFFFFFFFFFFFFFFFFFFFFFFFFFFFFFFFDC
S21401AF7FFFFFFFFFFFFFFFFFFFFFFFFFFFFFFFFFCC
S21401AF8FFFFFFFFFFFFFFFFFFFFFFFFFFFFFFFFFBC
S21401AF9FFFFFFFFFFFFFFFFFFFFFFFFFFFFFFFFFAC
S21401AFAFFFFFFFFFFFFFFFFFFFFFFFFFFFFFFFFF9C
S21401AFBFFFFFFFFFFFFFFFFFFFFFFFFFFFFFFFFF8C
S21401AFCFFFFFFFFFFFFFFFFFFFFFFFFFFFFFFFFF7C
S21401AFDFFFFFFFFFFFFFFFFFFFFFFFFFFFFFFFFF6C
S21401AFEFFFFFFFFFFFFFFFFFFFFFFFFFFFFFFFFF5C
S21401AFFFFFFFFFFFFFFFFFFFFFFFFFFFFFFFFFFF4C
S21401B00FFFFFFFFFFFFFFFFFFFFFFFFFFFFFFFFF3B
S21401B01FFFFFFFFFFFFFFFFFFFFFFFFFFFFFFFFF2B
S21401B02FFFFFFFFFFFFFFFFFFFFFFFFFFFFFFFFF1B
S21401B03FFFFFFFFFFFFFFFFFFFFFFFFFFFFFFFFF0B
S21401B04FFFFFFFFFFFFFFFFFFFFFFFFFFFFFFFFFFB
S21401B05FFFFFFFFFFFFFFFFFFFFFFFFFFFFFFFFFEB
S21401B06FFFFFFFFFFFFFFFFFFFFFFFFFFFFFFFFFDB
S21401B07FFFFFFFFFFFFFFFFFFFFFFFFFFFFFFFFFCB
S21401B08FFFFFFFFFFFFFFFFFFFFFFFFFFFFFFFFFBB
S21401B09FFFFFFFFFFFFFFFFFFFFFFFFFFFFFFFFFAB
S21401B0AFFFFFFFFFFFFFFFFFFFFFFFFFFFFFFFFF9B
S21401B0BFFFFFFFFFFFFFFFFFFFFFFFFFFFFFFFFF8B
S21401B0CFFFFFFFFFFFFFFFFFFFFFFFFFFFFFFFFF7B
S21401B0DFFFFFFFFFFFFFFFFFFFFFFFFFFFFFFFFF6B
S21401B0EFFFFFFFFFFFFFFFFFFFFFFFFFFFFFFFFF5B
S21401B0FFFFFFFFFFFFFFFFFFFFFFFFFFFFFFFFFF4B
S21401B10FFFFFFFFFFFFFFFFFFFFFFFFFFFFFFFFF3A
S21401B11FFFFFFFFFFFFFFFFFFFFFFFFFFFFFFFFF2A
S21401B12FFFFFFFFFFFFFFFFFFFFFFFFFFFFFFFFF1A
S21401B13FFFFFFFFFFFFFFFFFFFFFFFFFFFFFFFFF0A
S21401B14FFFFFFFFFFFFFFFFFFFFFFFFFFFFFFFFFFA
S21401B15FFFFFFFFFFFFFFFFFFFFFFFFFFFFFFFFFEA
S21401B16FFFFFFFFFFFFFFFFFFFFFFFFFFFFFFFFFDA
S21401B17FFFFFFFFFFFFFFFFFFFFFFFFFFFFFFFFFCA
S21401B18FFFFFFFFFFFFFFFFFFFFFFFFFFFFFFFFFBA
S21401B19FFFFFFFFFFFFFFFFFFFFFFFFFFFFFFFFFAA
S21401B1AFFFFFFFFFFFFFFFFFFFFFFFFFFFFFFFFF9A
S21401B1BFFFFFFFFFFFFFFFFFFFFFFFFFFFFFFFFF8A
S21401B1CFFFFFFFFFFFFFFFFFFFFFFFFFFFFFFFFF7A
S21401B1DFFFFFFFFFFFFFFFFFFFFFFFFFFFFFFFFF6A
S21401B1EFFFFFFFFFFFFFFFFFFFFFFFFFFFFFFFFF5A
S21401B1FFFFFFFFFFFFFFFFFFFFFFFFFFFFFFFFFF4A
S21401B20FFFFFFFFFFFFFFFFFFFFFFFFFFFFFFFFF39
S21401B21FFFFFFFFFFFFFFFFFFFFFFFFFFFFFFFFF29
S21401B22FFFFFFFFFFFFFFFFFFFFFFFFFFFFFFFFF19
S21401B23FFFFFFFFFFFFFFFFFFFFFFFFFFFFFFFFF09
S21401B24FFFFFFFFFFFFFFFFFFFFFFFFFFFFFFFFFF9
S21401B25FFFFFFFFFFFFFFFFFFFFFFFFFFFFFFFFFE9
S21401B26FFFFFFFFFFFFFFFFFFFFFFFFFFFFFFFFFD9
S21401B27FFFFFFFFFFFFFFFFFFFFFFFFFFFFFFFFFC9
S21401B28FFFFFFFFFFFFFFFFFFFFFFFFFFFFFFFFFB9
S21401B29FFFFFFFFFFFFFFFFFFFFFFFFFFFFFFFFFA9
S21401B2AFFFFFFFFFFFFFFFFFFFFFFFFFFFFFFFFF99
S21401B2BFFFFFFFFFFFFFFFFFFFFFFFFFFFFFFFFF89
S21401B2CFFFFFFFFFFFFFFFFFFFFFFFFFFFFFFFFF79
S21401B2DFFFFFFFFFFFFFFFFFFFFFFFFFFFFFFFFF69
S21401B2EFFFFFFFFFFFFFFFFFFFFFFFFFFFFFFFFF59
S21401B2FFFFFFFFFFFFFFFFFFFFFFFFFFFFFFFFFF49
S21401B30FFFFFFFFFFFFFFFFFFFFFFFFFFFFFFFFF38
S21401B31FFFFFFFFFFFFFFFFFFFFFFFFFFFFFFFFF28
S21401B32FFFFFFFFFFFFFFFFFFFFFFFFFFFFFFFFF18
S21401B33FFFFFFFFFFFFFFFFFFFFFFFFFFFFFFFFF08
S21401B34FFFFFFFFFFFFFFFFFFFFFFFFFFFFFFFFFF8
S21401B35FFFFFFFFFFFFFFFFFFFFFFFFFFFFFFFFFE8
S21401B36FFFFFFFFFFFFFFFFFFFFFFFFFFFFFFFFFD8
S21401B37FFFFFFFFFFFFFFFFFFFFFFFFFFFFFFFFFC8
S21401B38FFFFFFFFFFFFFFFFFFFFFFFFFFFFFFFFFB8
S21401B39FFFFFFFFFFFFFFFFFFFFFFFFFFFFFFFFFA8
S21401B3AFFFFFFFFFFFFFFFFFFFFFFFFFFFFFFFFF98
S21401B3BFFFFFFFFFFFFFFFFFFFFFFFFFFFFFFFFF88
S21401B3CFFFFFFFFFFFFFFFFFFFFFFFFFFFFFFFFF78
S21401B3DFFFFFFFFFFFFFFFFFFFFFFFFFFFFFFFFF68
S21401B3EFFFFFFFFFFFFFFFFFFFFFFFFFFFFFFFFF58
S21401B3FFFFFFFFFFFFFFFFFFFFFFFFFFFFFFFFFF48
S21401B40FFFFFFFFFFFFFFFFFFFFFFFFFFFFFFFFF37
S21401B41FFFFFFFFFFFFFFFFFFFFFFFFFFFFFFFFF27
S21401B42FFFFFFFFFFFFFFFFFFFFFFFFFFFFFFFFF17
S21401B43FFFFFFFFFFFFFFFFFFFFFFFFFFFFFFFFF07
S21401B44FFFFFFFFFFFFFFFFFFFFFFFFFFFFFFFFFF7
S21401B45FFFFFFFFFFFFFFFFFFFFFFFFFFFFFFFFFE7
S21401B46FFFFFFFFFFFFFFFFFFFFFFFFFFFFFFFFFD7
S21401B47FFFFFFFFFFFFFFFFFFFFFFFFFFFFFFFFFC7
S21401B48FFFFFFFFFFFFFFFFFFFFFFFFFFFFFFFFFB7
S21401B49FFFFFFFFFFFFFFFFFFFFFFFFFFFFFFFFFA7
S21401B4AFFFFFFFFFFFFFFFFFFFFFFFFFFFFFFFFF97
S21401B4BFFFFFFFFFFFFFFFFFFFFFFFFFFFFFFFFF87
S21401B4CFFFFFFFFFFFFFFFFFFFFFFFFFFFFFFFFF77
S21401B4DFFFFFFFFFFFFFFFFFFFFFFFFFFFFFFFFF67
S21401B4EFFFFFFFFFFFFFFFFFFFFFFFFFFFFFFFFF57
S21401B4FFFFFFFFFFFFFFFFFFFFFFFFFFFFFFFFFF47
S21401B50FFFFFFFFFFFFFFFFFFFFFFFFFFFFFFFFF36
S21401B51FFFFFFFFFFFFFFFFFFFFFFFFFFFFFFFFF26
S21401B52FFFFFFFFFFFFFFFFFFFFFFFFFFFFFFFFF16
S21401B53FFFFFFFFFFFFFFFFFFFFFFFFFFFFFFFFF06
S21401B54FFFFFFFFFFFFFFFFFFFFFFFFFFFFFFFFFF6
S21401B55FFFFFFFFFFFFFFFFFFFFFFFFFFFFFFFFFE6
S21401B56FFFFFFFFFFFFFFFFFFFFFFFFFFFFFFFFFD6
S21401B57FFFFFFFFFFFFFFFFFFFFFFFFFFFFFFFFFC6
S21401B58FFFFFFFFFFFFFFFFFFFFFFFFFFFFFFFFFB6
S21401B59FFFFFFFFFFFFFFFFFFFFFFFFFFFFFFFFFA6
S21401B5AFFFFFFFFFFFFFFFFFFFFFFFFFFFFFFFFF96
S21401B5BFFFFFFFFFFFFFFFFFFFFFFFFFFFFFFFFF86
S21401B5CFFFFFFFFFFFFFFFFFFFFFFFFFFFFFFFFF76
S21401B5DFFFFFFFFFFFFFFFFFFFFFFFFFFFFFFFFF66
S21401B5EFFFFFFFFFFFFFFFFFFFFFFFFFFFFFFFFF56
S21401B5FFFFFFFFFFFFFFFFFFFFFFFFFFFFFFFFFF46
S21401B60FFFFFFFFFFFFFFFFFFFFFFFFFFFFFFFFF35
S21401B61FFFFFFFFFFFFFFFFFFFFFFFFFFFFFFFFF25
S21401B62FFFFFFFFFFFFFFFFFFFFFFFFFFFFFFFFF15
S21401B63FFFFFFFFFFFFFFFFFFFFFFFFFFFFFFFFF05
S21401B64FFFFFFFFFFFFFFFFFFFFFFFFFFFFFFFFFF5
S21401B65FFFFFFFFFFFFFFFFFFFFFFFFFFFFFFFFFE5
S21401B66FFFFFFFFFFFFFFFFFFFFFFFFFFFFFFFFFD5
S21401B67FFFFFFFFFFFFFFFFFFFFFFFFFFFFFFFFFC5
S21401B68FFFFFFFFFFFFFFFFFFFFFFFFFFFFFFFFFB5
S21401B69FFFFFFFFFFFFFFFFFFFFFFFFFFFFFFFFFA5
S21401B6AFFFFFFFFFFFFFFFFFFFFFFFFFFFFFFFFF95
S21401B6BFFFFFFFFFFFFFFFFFFFFFFFFFFFFFFFFF85
S21401B6CFFFFFFFFFFFFFFFFFFFFFFFFFFFFFFFFF75
S21401B6DFFFFFFFFFFFFFFFFFFFFFFFFFFFFFFFFF65
S21401B6EFFFFFFFFFFFFFFFFFFFFFFFFFFFFFFFFF55
S21401B6FFFFFFFFFFFFFFFFFFFFFFFFFFFFFFFFFF45
S21401B70FFFFFFFFFFFFFFFFFFFFFFFFFFFFFFFFF34
S21401B71FFFFFFFFFFFFFFFFFFFFFFFFFFFFFFFFF24
S21401B72FFFFFFFFFFFFFFFFFFFFFFFFFFFFFFFFF14
S21401B73FFFFFFFFFFFFFFFFFFFFFFFFFFFFFFFFF04
S21401B74FFFFFFFFFFFFFFFFFFFFFFFFFFFFFFFFFF4
S21401B75FFFFFFFFFFFFFFFFFFFFFFFFFFFFFFFFFE4
S21401B76FFFFFFFFFFFFFFFFFFFFFFFFFFFFFFFFFD4
S21401B77FFFFFFFFFFFFFFFFFFFFFFFFFFFFFFFFFC4
S21401B78FFFFFFFFFFFFFFFFFFFFFFFFFFFFFFFFFB4
S21401B79FFFFFFFFFFFFFFFFFFFFFFFFFFFFFFFFFA4
S21401B7AFFFFFFFFFFFFFFFFFFFFFFFFFFFFFFFFF94
S21401B7BFFFFFFFFFFFFFFFFFFFFFFFFFFFFFFFFF84
S21401B7CFFFFFFFFFFFFFFFFFFFFFFFFFFFFFFFFF74
S21401B7DFFFFFFFFFFFFFFFFFFFFFFFFFFFFFFFFF64
S21401B7EFFFFFFFFFFFFFFFFFFFFFFFFFFFFFFFFF54
S21401B7FFFFFFFFFFFFFFFFFFFFFFFFFFFFFFFFFF44
S21401B80FFFFFFFFFFFFFFFFFFFFFFFFFFFFFFFFF33
S21401B81FFFFFFFFFFFFFFFFFFFFFFFFFFFFFFFFF23
S21401B82FFFFFFFFFFFFFFFFFFFFFFFFFFFFFFFFF13
S21401B83FFFFFFFFFFFFFFFFFFFFFFFFFFFFFFFFF03
S21401B84FFFFFFFFFFFFFFFFFFFFFFFFFFFFFFFFFF3
S21401B85FFFFFFFFFFFFFFFFFFFFFFFFFFFFFFFFFE3
S21401B86FFFFFFFFFFFFFFFFFFFFFFFFFFFFFFFFFD3
S21401B87FFFFFFFFFFFFFFFFFFFFFFFFFFFFFFFFFC3
S21401B88FFFFFFFFFFFFFFFFFFFFFFFFFFFFFFFFFB3
S21401B89FFFFFFFFFFFFFFFFFFFFFFFFFFFFFFFFFA3
S21401B8AFFFFFFFFFFFFFFFFFFFFFFFFFFFFFFFFF93
S21401B8BFFFFFFFFFFFFFFFFFFFFFFFFFFFFFFFFF83
S21401B8CFFFFFFFFFFFFFFFFFFFFFFFFFFFFFFFFF73
S21401B8DFFFFFFFFFFFFFFFFFFFFFFFFFFFFFFFFF63
S21401B8EFFFFFFFFFFFFFFFFFFFFFFFFFFFFFFFFF53
S21401B8FFFFFFFFFFFFFFFFFFFFFFFFFFFFFFFFFF43
S21401B90FFFFFFFFFFFFFFFFFFFFFFFFFFFFFFFFF32
S21401B91FFFFFFFFFFFFFFFFFFFFFFFFFFFFFFFFF22
S21401B92FFFFFFFFFFFFFFFFFFFFFFFFFFFFFFFFF12
S21401B93FFFFFFFFFFFFFFFFFFFFFFFFFFFFFFFFF02
S21401B94FFFFFFFFFFFFFFFFFFFFFFFFFFFFFFFFFF2
S21401B95FFFFFFFFFFFFFFFFFFFFFFFFFFFFFFFFFE2
S21401B96FFFFFFFFFFFFFFFFFFFFFFFFFFFFFFFFFD2
S21401B97FFFFFFFFFFFFFFFFFFFFFFFFFFFFFFFFFC2
S21401B98FFFFFFFFFFFFFFFFFFFFFFFFFFFFFFFFFB2
S21401B99FFFFFFFFFFFFFFFFFFFFFFFFFFFFFFFFFA2
S21401B9AFFFFFFFFFFFFFFFFFFFFFFFFFFFFFFFFF92
S21401B9BFFFFFFFFFFFFFFFFFFFFFFFFFFFFFFFFF82
S21401B9CFFFFFFFFFFFFFFFFFFFFFFFFFFFFFFFFF72
S21401B9DFFFFFFFFFFFFFFFFFFFFFFFFFFFFFFFFF62
S21401B9EFFFFFFFFFFFFFFFFFFFFFFFFFFFFFFFFF52
S21401B9FFFFFFFFFFFFFFFFFFFFFFFFFFFFFFFFFF42
S21401BA0FFFFFFFFFFFFFFFFFFFFFFFFFFFFFFFFF31
S21401BA1FFFFFFFFFFFFFFFFFFFFFFFFFFFFFFFFF21
S21401BA2FFFFFFFFFFFFFFFFFFFFFFFFFFFFFFFFF11
S21401BA3FFFFFFFFFFFFFFFFFFFFFFFFFFFFFFFFF01
S21401BA4FFFFFFFFFFFFFFFFFFFFFFFFFFFFFFFFFF1
S21401BA5FFFFFFFFFFFFFFFFFFFFFFFFFFFFFFFFFE1
S21401BA6FFFFFFFFFFFFFFFFFFFFFFFFFFFFFFFFFD1
S21401BA7FFFFFFFFFFFFFFFFFFFFFFFFFFFFFFFFFC1
S21401BA8FFFFFFFFFFFFFFFFFFFFFFFFFFFFFFFFFB1
S21401BA9FFFFFFFFFFFFFFFFFFFFFFFFFFFFFFFFFA1
S21401BAAFFFFFFFFFFFFFFFFFFFFFFFFFFFFFFFFF91
S21401BABFFFFFFFFFFFFFFFFFFFFFFFFFFFFFFFFF81
S21401BACFFFFFFFFFFFFFFFFFFFFFFFFFFFFFFFFF71
S21401BADFFFFFFFFFFFFFFFFFFFFFFFFFFFFFFFFF61
S21401BAEFFFFFFFFFFFFFFFFFFFFFFFFFFFFFFFFF51
S21401BAFFFFFFFFFFFFFFFFFFFFFFFFFFFFFFFFFF41
S21401BB0FFFFFFFFFFFFFFFFFFFFFFFFFFFFFFFFF30
S21401BB1FFFFFFFFFFFFFFFFFFFFFFFFFFFFFFFFF20
S21401BB2FFFFFFFFFFFFFFFFFFFFFFFFFFFFFFFFF10
S21401BB3FFFFFFFFFFFFFFFFFFFFFFFFFFFFFFFFF00
S21401BB4FFFFFFFFFFFFFFFFFFFFFFFFFFFFFFFFFF0
S21401BB5FFFFFFFFFFFFFFFFFFFFFFFFFFFFFFFFFE0
S21401BB6FFFFFFFFFFFFFFFFFFFFFFFFFFFFFFFFFD0
S21401BB7FFFFFFFFFFFFFFFFFFFFFFFFFFFFFFFFFC0
S21401BB8FFFFFFFFFFFFFFFFFFFFFFFFFFFFFFFFFB0
S21401BB9FFFFFFFFFFFFFFFFFFFFFFFFFFFFFFFFFA0
S21401BBAFFFFFFFFFFFFFFFFFFFFFFFFFFFFFFFFF90
S21401BBBFFFFFFFFFFFFFFFFFFFFFFFFFFFFFFFFF80
S21401BBCFFFFFFFFFFFFFFFFFFFFFFFFFFFFFFFFF70
S21401BBDFFFFFFFFFFFFFFFFFFFFFFFFFFFFFFFFF60
S21401BBEFFFFFFFFFFFFFFFFFFFFFFFFFFFFFFFFF50
S21401BBFFFFFFFFFFFFFFFFFFFFFFFFFFFFFFFFFF40
S21401BC0FFFFFFFFFFFFFFFFFFFFFFFFFFFFFFFFF2F
S21401BC1FFFFFFFFFFFFFFFFFFFFFFFFFFFFFFFFF1F
S21401BC2FFFFFFFFFFFFFFFFFFFFFFFFFFFFFFFFF0F
S21401BC3FFFFFFFFFFFFFFFFFFFFFFFFFFFFFFFFFFF
S21401BC4FFFFFFFFFFFFFFFFFFFFFFFFFFFFFFFFFEF
S21401BC5FFFFFFFFFFFFFFFFFFFFFFFFFFFFFFFFFDF
S21401BC6FFFFFFFFFFFFFFFFFFFFFFFFFFFFFFFFFCF
S21401BC7FFFFFFFFFFFFFFFFFFFFFFFFFFFFFFFFFBF
S21401BC8FFFFFFFFFFFFFFFFFFFFFFFFFFFFFFFFFAF
S21401BC9FFFFFFFFFFFFFFFFFFFFFFFFFFFFFFFFF9F
S21401BCAFFFFFFFFFFFFFFFFFFFFFFFFFFFFFFFFF8F
S21401BCBFFFFFFFFFFFFFFFFFFFFFFFFFFFFFFFFF7F
S21401BCCFFFFFFFFFFFFFFFFFFFFFFFFFFFFFFFFF6F
S21401BCDFFFFFFFFFFFFFFFFFFFFFFFFFFFFFFFFF5F
S21401BCEFFFFFFFFFFFFFFFFFFFFFFFFFFFFFFFFF4F
S21401BCFFFFFFFFFFFFFFFFFFFFFFFFFFFFFFFFFF3F
S21401BD0FFFFFFFFFFFFFFFFFFFFFFFFFFFFFFFFF2E
S21401BD1FFFFFFFFFFFFFFFFFFFFFFFFFFFFFFFFF1E
S21401BD2FFFFFFFFFFFFFFFFFFFFFFFFFFFFFFFFF0E
S21401BD3FFFFFFFFFFFFFFFFFFFFFFFFFFFFFFFFFFE
S21401BD4FFFFFFFFFFFFFFFFFFFFFFFFFFFFFFFFFEE
S21401BD5FFFFFFFFFFFFFFFFFFFFFFFFFFFFFFFFFDE
S21401BD6FFFFFFFFFFFFFFFFFFFFFFFFFFFFFFFFFCE
S21401BD7FFFFFFFFFFFFFFFFFFFFFFFFFFFFFFFFFBE
S21401BD8FFFFFFFFFFFFFFFFFFFFFFFFFFFFFFFFFAE
S21401BD9FFFFFFFFFFFFFFFFFFFFFFFFFFFFFFFFF9E
S21401BDAFFFFFFFFFFFFFFFFFFFFFFFFFFFFFFFFF8E
S21401BDBFFFFFFFFFFFFFFFFFFFFFFFFFFFFFFFFF7E
S21401BDCFFFFFFFFFFFFFFFFFFFFFFFFFFFFFFFFF6E
S21401BDDFFFFFFFFFFFFFFFFFFFFFFFFFFFFFFFFF5E
S21401BDEFFFFFFFFFFFFFFFFFFFFFFFFFFFFFFFFF4E
S21401BDFFFFFFFFFFFFFFFFFFFFFFFFFFFFFFFFFF3E
S21401BE0FFFFFFFFFFFFFFFFFFFFFFFFFFFFFFFFF2D
S21401BE1FFFFFFFFFFFFFFFFFFFFFFFFFFFFFFFFF1D
S21401BE2FFFFFFFFFFFFFFFFFFFFFFFFFFFFFFFFF0D
S21401BE3FFFFFFFFFFFFFFFFFFFFFFFFFFFFFFFFFFD
S21401BE4FFFFFFFFFFFFFFFFFFFFFFFFFFFFFFFFFED
S21401BE5FFFFFFFFFFFFFFFFFFFFFFFFFFFFFFFFFDD
S21401BE6FFFFFFFFFFFFFFFFFFFFFFFFFFFFFFFFFCD
S21401BE7FFFFFFFFFFFFFFFFFFFFFFFFFFFFFFFFFBD
S21401BE8FFFFFFFFFFFFFFFFFFFFFFFFFFFFFFFFFAD
S21401BE9FFFFFFFFFFFFFFFFFFFFFFFFFFFFFFFFF9D
S21401BEAFFFFFFFFFFFFFFFFFFFFFFFFFFFFFFFFF8D
S21401BEBFFFFFFFFFFFFFFFFFFFFFFFFFFFFFFFFF7D
S21401BECFFFFFFFFFFFFFFFFFFFFFFFFFFFFFFFFF6D
S21401BEDFFFFFFFFFFFFFFFFFFFFFFFFFFFFFFFFF5D
S21401BEEFFFFFFFFFFFFFFFFFFFFFFFFFFFFFFFFF4D
S21401BEFFFFFFFFFFFFFFFFFFFFFFFFFFFFFFFFFF3D
S21401BF0FFFFFFFFFFFFFFFFFFFFFFFFFFFFFFFFF2C
S21401BF1FFFFFFFFFFFFFFFFFFFFFFFFFFFFFFFFF1C
S21401BF2FFFFFFFFFFFFFFFFFFFFFFFFFFFFFFFFF0C
S21401BF3FFFFFFFFFFFFFFFFFFFFFFFFFFFFFFFFFFC
S21401BF4FFFFFFFFFFFFFFFFFFFFFFFFFFFFFFFFFEC
S21401BF5FFFFFFFFFFFFFFFFFFFFFFFFFFFFFFFFFDC
S21401BF6FFFFFFFFFFFFFFFFFFFFFFFFFFFFFFFFFCC
S21401BF7FFFFFFFFFFFFFFFFFFFFFFFFFFFFFFFFFBC
S21401BF8FFFFFFFFFFFFFFFFFFFFFFFFFFFFFFFFFAC
S21401BF9FFFFFFFFFFFFFFFFFFFFFFFFFFFFFFFFF9C
S21401BFAFFFFFFFFFFFFFFFFFFFFFFFFFFFFFFFFF8C
S21401BFBFFFFFFFFFFFFFFFFFFFFFFFFFFFFFFFFF7C
S21401BFCFFFFFFFFFFFFFFFFFFFFFFFFFFFFFFFFF6C
S21401BFDFFFFFFFFFFFFFFFFFFFFFFFFFFFFFFFFF5C
S21401BFEFFFFFFFFFFFFFFFFFFFFFFFFFFFFFFFFF4C
S21401BFFFFFFFFFFFFFFFFFFFFFFFFFFFFFFFFFFF3C
S21401C00FFFFFFFFFFFFFFFFFFFFFFFFFFFFFFFFF2B
S21401C01FFFFFFFFFFFFFFFFFFFFFFFFFFFFFFFFF1B
S21401C02FFFFFFFFFFFFFFFFFFFFFFFFFFFFFFFFF0B
S21401C03FFFFFFFFFFFFFFFFFFFFFFFFFFFFFFFFFFB
S21401C04FFFFFFFFFFFFFFFFFFFFFFFFFFFFFFFFFEB
S21401C05FFFFFFFFFFFFFFFFFFFFFFFFFFFFFFFFFDB
S21401C06FFFFFFFFFFFFFFFFFFFFFFFFFFFFFFFFFCB
S21401C07FFFFFFFFFFFFFFFFFFFFFFFFFFFFFFFFFBB
S21401C08FFFFFFFFFFFFFFFFFFFFFFFFFFFFFFFFFAB
S21401C09FFFFFFFFFFFFFFFFFFFFFFFFFFFFFFFFF9B
S21401C0AFFFFFFFFFFFFFFFFFFFFFFFFFFFFFFFFF8B
S21401C0BFFFFFFFFFFFFFFFFFFFFFFFFFFFFFFFFF7B
S21401C0CFFFFFFFFFFFFFFFFFFFFFFFFFFFFFFFFF6B
S21401C0DFFFFFFFFFFFFFFFFFFFFFFFFFFFFFFFFF5B
S21401C0EFFFFFFFFFFFFFFFFFFFFFFFFFFFFFFFFF4B
S21401C0FFFFFFFFFFFFFFFFFFFFFFFFFFFFFFFFFF3B
S21401C10FFFFFFFFFFFFFFFFFFFFFFFFFFFFFFFFF2A
S21401C11FFFFFFFFFFFFFFFFFFFFFFFFFFFFFFFFF1A
S21401C12FFFFFFFFFFFFFFFFFFFFFFFFFFFFFFFFF0A
S21401C13FFFFFFFFFFFFFFFFFFFFFFFFFFFFFFFFFFA
S21401C14FFFFFFFFFFFFFFFFFFFFFFFFFFFFFFFFFEA
S21401C15FFFFFFFFFFFFFFFFFFFFFFFFFFFFFFFFFDA
S21401C16FFFFFFFFFFFFFFFFFFFFFFFFFFFFFFFFFCA
S21401C17FFFFFFFFFFFFFFFFFFFFFFFFFFFFFFFFFBA
S21401C18FFFFFFFFFFFFFFFFFFFFFFFFFFFFFFFFFAA
S21401C19FFFFFFFFFFFFFFFFFFFFFFFFFFFFFFFFF9A
S21401C1AFFFFFFFFFFFFFFFFFFFFFFFFFFFFFFFFF8A
S21401C1BFFFFFFFFFFFFFFFFFFFFFFFFFFFFFFFFF7A
S21401C1CFFFFFFFFFFFFFFFFFFFFFFFFFFFFFFFFF6A
S21401C1DFFFFFFFFFFFFFFFFFFFFFFFFFFFFFFFFF5A
S21401C1EFFFFFFFFFFFFFFFFFFFFFFFFFFFFFFFFF4A
S21401C1FFFFFFFFFFFFFFFFFFFFFFFFFFFFFFFFFF3A
S21401C20FFFFFFFFFFFFFFFFFFFFFFFFFFFFFFFFF29
S21401C21FFFFFFFFFFFFFFFFFFFFFFFFFFFFFFFFF19
S21401C22FFFFFFFFFFFFFFFFFFFFFFFFFFFFFFFFF09
S21401C23FFFFFFFFFFFFFFFFFFFFFFFFFFFFFFFFFF9
S21401C24FFFFFFFFFFFFFFFFFFFFFFFFFFFFFFFFFE9
S21401C25FFFFFFFFFFFFFFFFFFFFFFFFFFFFFFFFFD9
S21401C26FFFFFFFFFFFFFFFFFFFFFFFFFFFFFFFFFC9
S21401C27FFFFFFFFFFFFFFFFFFFFFFFFFFFFFFFFFB9
S21401C28FFFFFFFFFFFFFFFFFFFFFFFFFFFFFFFFFA9
S21401C29FFFFFFFFFFFFFFFFFFFFFFFFFFFFFFFFF99
S21401C2AFFFFFFFFFFFFFFFFFFFFFFFFFFFFFFFFF89
S21401C2BFFFFFFFFFFFFFFFFFFFFFFFFFFFFFFFFF79
S21401C2CFFFFFFFFFFFFFFFFFFFFFFFFFFFFFFFFF69
S21401C2DFFFFFFFFFFFFFFFFFFFFFFFFFFFFFFFFF59
S21401C2EFFFFFFFFFFFFFFFFFFFFFFFFFFFFFFFFF49
S21401C2FFFFFFFFFFFFFFFFFFFFFFFFFFFFFFFFFF39
S21401C30FFFFFFFFFFFFFFFFFFFFFFFFFFFFFFFFF28
S21401C31FFFFFFFFFFFFFFFFFFFFFFFFFFFFFFFFF18
S21401C32FFFFFFFFFFFFFFFFFFFFFFFFFFFFFFFFF08
S21401C33FFFFFFFFFFFFFFFFFFFFFFFFFFFFFFFFFF8
S21401C34FFFFFFFFFFFFFFFFFFFFFFFFFFFFFFFFFE8
S21401C35FFFFFFFFFFFFFFFFFFFFFFFFFFFFFFFFFD8
S21401C36FFFFFFFFFFFFFFFFFFFFFFFFFFFFFFFFFC8
S21401C37FFFFFFFFFFFFFFFFFFFFFFFFFFFFFFFFFB8
S21401C38FFFFFFFFFFFFFFFFFFFFFFFFFFFFFFFFFA8
S21401C39FFFFFFFFFFFFFFFFFFFFFFFFFFFFFFFFF98
S21401C3AFFFFFFFFFFFFFFFFFFFFFFFFFFFFFFFFF88
S21401C3BFFFFFFFFFFFFFFFFFFFFFFFFFFFFFFFFF78
S21401C3CFFFFFFFFFFFFFFFFFFFFFFFFFFFFFFFFF68
S21401C3DFFFFFFFFFFFFFFFFFFFFFFFFFFFFFFFFF58
S21401C3EFFFFFFFFFFFFFFFFFFFFFFFFFFFFFFFFF48
S21401C3FFFFFFFFFFFFFFFFFFFFFFFFFFFFFFFFFF38
S21401C40FFFFFFFFFFFFFFFFFFFFFFFFFFFFFFFFF27
S21401C41FFFFFFFFFFFFFFFFFFFFFFFFFFFFFFFFF17
S21401C42FFFFFFFFFFFFFFFFFFFFFFFFFFFFFFFFF07
S21401C43FFFFFFFFFFFFFFFFFFFFFFFFFFFFFFFFFF7
S21401C44FFFFFFFFFFFFFFFFFFFFFFFFFFFFFFFFFE7
S21401C45FFFFFFFFFFFFFFFFFFFFFFFFFFFFFFFFFD7
S21401C46FFFFFFFFFFFFFFFFFFFFFFFFFFFFFFFFFC7
S21401C47FFFFFFFFFFFFFFFFFFFFFFFFFFFFFFFFFB7
S21401C48FFFFFFFFFFFFFFFFFFFFFFFFFFFFFFFFFA7
S21401C49FFFFFFFFFFFFFFFFFFFFFFFFFFFFFFFFF97
S21401C4AFFFFFFFFFFFFFFFFFFFFFFFFFFFFFFFFF87
S21401C4BFFFFFFFFFFFFFFFFFFFFFFFFFFFFFFFFF77
S21401C4CFFFFFFFFFFFFFFFFFFFFFFFFFFFFFFFFF67
S21401C4DFFFFFFFFFFFFFFFFFFFFFFFFFFFFFFFFF57
S21401C4EFFFFFFFFFFFFFFFFFFFFFFFFFFFFFFFFF47
S21401C4FFFFFFFFFFFFFFFFFFFFFFFFFFFFFFFFFF37
S21401C50FFFFFFFFFFFFFFFFFFFFFFFFFFFFFFFFF26
S21401C51FFFFFFFFFFFFFFFFFFFFFFFFFFFFFFFFF16
S21401C52FFFFFFFFFFFFFFFFFFFFFFFFFFFFFFFFF06
S21401C53FFFFFFFFFFFFFFFFFFFFFFFFFFFFFFFFFF6
S21401C54FFFFFFFFFFFFFFFFFFFFFFFFFFFFFFFFFE6
S21401C55FFFFFFFFFFFFFFFFFFFFFFFFFFFFFFFFFD6
S21401C56FFFFFFFFFFFFFFFFFFFFFFFFFFFFFFFFFC6
S21401C57FFFFFFFFFFFFFFFFFFFFFFFFFFFFFFFFFB6
S21401C58FFFFFFFFFFFFFFFFFFFFFFFFFFFFFFFFFA6
S21401C59FFFFFFFFFFFFFFFFFFFFFFFFFFFFFFFFF96
S21401C5AFFFFFFFFFFFFFFFFFFFFFFFFFFFFFFFFF86
S21401C5BFFFFFFFFFFFFFFFFFFFFFFFFFFFFFFFFF76
S21401C5CFFFFFFFFFFFFFFFFFFFFFFFFFFFFFFFFF66
S21401C5DFFFFFFFFFFFFFFFFFFFFFFFFFFFFFFFFF56
S21401C5EFFFFFFFFFFFFFFFFFFFFFFFFFFFFFFFFF46
S21401C5FFFFFFFFFFFFFFFFFFFFFFFFFFFFFFFFFF36
S21401C60FFFFFFFFFFFFFFFFFFFFFFFFFFFFFFFFF25
S21401C61FFFFFFFFFFFFFFFFFFFFFFFFFFFFFFFFF15
S21401C62FFFFFFFFFFFFFFFFFFFFFFFFFFFFFFFFF05
S21401C63FFFFFFFFFFFFFFFFFFFFFFFFFFFFFFFFFF5
S21401C64FFFFFFFFFFFFFFFFFFFFFFFFFFFFFFFFFE5
S21401C65FFFFFFFFFFFFFFFFFFFFFFFFFFFFFFFFFD5
S21401C66FFFFFFFFFFFFFFFFFFFFFFFFFFFFFFFFFC5
S21401C67FFFFFFFFFFFFFFFFFFFFFFFFFFFFFFFFFB5
S21401C68FFFFFFFFFFFFFFFFFFFFFFFFFFFFFFFFFA5
S21401C69FFFFFFFFFFFFFFFFFFFFFFFFFFFFFFFFF95
S21401C6AFFFFFFFFFFFFFFFFFFFFFFFFFFFFFFFFF85
S21401C6BFFFFFFFFFFFFFFFFFFFFFFFFFFFFFFFFF75
S21401C6CFFFFFFFFFFFFFFFFFFFFFFFFFFFFFFFFF65
S21401C6DFFFFFFFFFFFFFFFFFFFFFFFFFFFFFFFFF55
S21401C6EFFFFFFFFFFFFFFFFFFFFFFFFFFFFFFFFF45
S21401C6FFFFFFFFFFFFFFFFFFFFFFFFFFFFFFFFFF35
S21401C70FFFFFFFFFFFFFFFFFFFFFFFFFFFFFFFFF24
S21401C71FFFFFFFFFFFFFFFFFFFFFFFFFFFFFFFFF14
S21401C72FFFFFFFFFFFFFFFFFFFFFFFFFFFFFFFFF04
S21401C73FFFFFFFFFFFFFFFFFFFFFFFFFFFFFFFFFF4
S21401C74FFFFFFFFFFFFFFFFFFFFFFFFFFFFFFFFFE4
S21401C75FFFFFFFFFFFFFFFFFFFFFFFFFFFFFFFFFD4
S21401C76FFFFFFFFFFFFFFFFFFFFFFFFFFFFFFFFFC4
S21401C77FFFFFFFFFFFFFFFFFFFFFFFFFFFFFFFFFB4
S21401C78FFFFFFFFFFFFFFFFFFFFFFFFFFFFFFFFFA4
S21401C79FFFFFFFFFFFFFFFFFFFFFFFFFFFFFFFFF94
S21401C7AFFFFFFFFFFFFFFFFFFFFFFFFFFFFFFFFF84
S21401C7BFFFFFFFFFFFFFFFFFFFFFFFFFFFFFFFFF74
S21401C7CFFFFFFFFFFFFFFFFFFFFFFFFFFFFFFFFF64
S21401C7DFFFFFFFFFFFFFFFFFFFFFFFFFFFFFFFFF54
S21401C7EFFFFFFFFFFFFFFFFFFFFFFFFFFFFFFFFF44
S21401C7FFFFFFFFFFFFFFFFFFFFFFFFFFFFFFFFFF34
S21401C80FFFFFFFFFFFFFFFFFFFFFFFFFFFFFFFFF23
S21401C81FFFFFFFFFFFFFFFFFFFFFFFFFFFFFFFFF13
S21401C82FFFFFFFFFFFFFFFFFFFFFFFFFFFFFFFFF03
S21401C83FFFFFFFFFFFFFFFFFFFFFFFFFFFFFFFFFF3
S21401C84FFFFFFFFFFFFFFFFFFFFFFFFFFFFFFFFFE3
S21401C85FFFFFFFFFFFFFFFFFFFFFFFFFFFFFFFFFD3
S21401C86FFFFFFFFFFFFFFFFFFFFFFFFFFFFFFFFFC3
S21401C87FFFFFFFFFFFFFFFFFFFFFFFFFFFFFFFFFB3
S21401C88FFFFFFFFFFFFFFFFFFFFFFFFFFFFFFFFFA3
S21401C89FFFFFFFFFFFFFFFFFFFFFFFFFFFFFFFFF93
S21401C8AFFFFFFFFFFFFFFFFFFFFFFFFFFFFFFFFF83
S21401C8BFFFFFFFFFFFFFFFFFFFFFFFFFFFFFFFFF73
S21401C8CFFFFFFFFFFFFFFFFFFFFFFFFFFFFFFFFF63
S21401C8DFFFFFFFFFFFFFFFFFFFFFFFFFFFFFFFFF53
S21401C8EFFFFFFFFFFFFFFFFFFFFFFFFFFFFFFFFF43
S21401C8FFFFFFFFFFFFFFFFFFFFFFFFFFFFFFFFFF33
S21401C90FFFFFFFFFFFFFFFFFFFFFFFFFFFFFFFFF22
S21401C91FFFFFFFFFFFFFFFFFFFFFFFFFFFFFFFFF12
S21401C92FFFFFFFFFFFFFFFFFFFFFFFFFFFFFFFFF02
S21401C93FFFFFFFFFFFFFFFFFFFFFFFFFFFFFFFFFF2
S21401C94FFFFFFFFFFFFFFFFFFFFFFFFFFFFFFFFFE2
S21401C95FFFFFFFFFFFFFFFFFFFFFFFFFFFFFFFFFD2
S21401C96FFFFFFFFFFFFFFFFFFFFFFFFFFFFFFFFFC2
S21401C97FFFFFFFFFFFFFFFFFFFFFFFFFFFFFFFFFB2
S21401C98FFFFFFFFFFFFFFFFFFFFFFFFFFFFFFFFFA2
S21401C99FFFFFFFFFFFFFFFFFFFFFFFFFFFFFFFFF92
S21401C9AFFFFFFFFFFFFFFFFFFFFFFFFFFFFFFFFF82
S21401C9BFFFFFFFFFFFFFFFFFFFFFFFFFFFFFFFFF72
S21401C9CFFFFFFFFFFFFFFFFFFFFFFFFFFFFFFFFF62
S21401C9DFFFFFFFFFFFFFFFFFFFFFFFFFFFFFFFFF52
S21401C9EFFFFFFFFFFFFFFFFFFFFFFFFFFFFFFFFF42
S21401C9FFFFFFFFFFFFFFFFFFFFFFFFFFFFFFFFFF32
S21401CA0FFFFFFFFFFFFFFFFFFFFFFFFFFFFFFFFF21
S21401CA1FFFFFFFFFFFFFFFFFFFFFFFFFFFFFFFFF11
S21401CA2FFFFFFFFFFFFFFFFFFFFFFFFFFFFFFFFF01
S21401CA3FFFFFFFFFFFFFFFFFFFFFFFFFFFFFFFFFF1
S21401CA4FFFFFFFFFFFFFFFFFFFFFFFFFFFFFFFFFE1
S21401CA5FFFFFFFFFFFFFFFFFFFFFFFFFFFFFFFFFD1
S21401CA6FFFFFFFFFFFFFFFFFFFFFFFFFFFFFFFFFC1
S21401CA7FFFFFFFFFFFFFFFFFFFFFFFFFFFFFFFFFB1
S21401CA8FFFFFFFFFFFFFFFFFFFFFFFFFFFFFFFFFA1
S21401CA9FFFFFFFFFFFFFFFFFFFFFFFFFFFFFFFFF91
S21401CAAFFFFFFFFFFFFFFFFFFFFFFFFFFFFFFFFF81
S21401CABFFFFFFFFFFFFFFFFFFFFFFFFFFFFFFFFF71
S21401CACFFFFFFFFFFFFFFFFFFFFFFFFFFFFFFFFF61
S21401CADFFFFFFFFFFFFFFFFFFFFFFFFFFFFFFFFF51
S21401CAEFFFFFFFFFFFFFFFFFFFFFFFFFFFFFFFFF41
S21401CAFFFFFFFFFFFFFFFFFFFFFFFFFFFFFFFFFF31
S21401CB0FFFFFFFFFFFFFFFFFFFFFFFFFFFFFFFFF20
S21401CB1FFFFFFFFFFFFFFFFFFFFFFFFFFFFFFFFF10
S21401CB2FFFFFFFFFFFFFFFFFFFFFFFFFFFFFFFFF00
S21401CB3FFFFFFFFFFFFFFFFFFFFFFFFFFFFFFFFFF0
S21401CB4FFFFFFFFFFFFFFFFFFFFFFFFFFFFFFFFFE0
S21401CB5FFFFFFFFFFFFFFFFFFFFFFFFFFFFFFFFFD0
S21401CB6FFFFFFFFFFFFFFFFFFFFFFFFFFFFFFFFFC0
S21401CB7FFFFFFFFFFFFFFFFFFFFFFFFFFFFFFFFFB0
S21401CB8FFFFFFFFFFFFFFFFFFFFFFFFFFFFFFFFFA0
S21401CB9FFFFFFFFFFFFFFFFFFFFFFFFFFFFFFFFF90
S21401CBAFFFFFFFFFFFFFFFFFFFFFFFFFFFFFFFFF80
S21401CBBFFFFFFFFFFFFFFFFFFFFFFFFFFFFFFFFF70
S21401CBCFFFFFFFFFFFFFFFFFFFFFFFFFFFFFFFFF60
S21401CBDFFFFFFFFFFFFFFFFFFFFFFFFFFFFFFFFF50
S21401CBEFFFFFFFFFFFFFFFFFFFFFFFFFFFFFFFFF40
S21401CBFFFFFFFFFFFFFFFFFFFFFFFFFFFFFFFFFF30
S21401CC0FFFFFFFFFFFFFFFFFFFFFFFFFFFFFFFFF1F
S21401CC1FFFFFFFFFFFFFFFFFFFFFFFFFFFFFFFFF0F
S21401CC2FFFFFFFFFFFFFFFFFFFFFFFFFFFFFFFFFFF
S21401CC3FFFFFFFFFFFFFFFFFFFFFFFFFFFFFFFFFEF
S21401CC4FFFFFFFFFFFFFFFFFFFFFFFFFFFFFFFFFDF
S21401CC5FFFFFFFFFFFFFFFFFFFFFFFFFFFFFFFFFCF
S21401CC6FFFFFFFFFFFFFFFFFFFFFFFFFFFFFFFFFBF
S21401CC7FFFFFFFFFFFFFFFFFFFFFFFFFFFFFFFFFAF
S21401CC8FFFFFFFFFFFFFFFFFFFFFFFFFFFFFFFFF9F
S21401CC9FFFFFFFFFFFFFFFFFFFFFFFFFFFFFFFFF8F
S21401CCAFFFFFFFFFFFFFFFFFFFFFFFFFFFFFFFFF7F
S21401CCBFFFFFFFFFFFFFFFFFFFFFFFFFFFFFFFFF6F
S21401CCCFFFFFFFFFFFFFFFFFFFFFFFFFFFFFFFFF5F
S21401CCDFFFFFFFFFFFFFFFFFFFFFFFFFFFFFFFFF4F
S21401CCEFFFFFFFFFFFFFFFFFFFFFFFFFFFFFFFFF3F
S21401CCFFFFFFFFFFFFFFFFFFFFFFFFFFFFFFFFFF2F
S21401CD0FFFFFFFFFFFFFFFFFFFFFFFFFFFFFFFFF1E
S21401CD1FFFFFFFFFFFFFFFFFFFFFFFFFFFFFFFFF0E
S21401CD2FFFFFFFFFFFFFFFFFFFFFFFFFFFFFFFFFFE
S21401CD3FFFFFFFFFFFFFFFFFFFFFFFFFFFFFFFFFEE
S21401CD4FFFFFFFFFFFFFFFFFFFFFFFFFFFFFFFFFDE
S21401CD5FFFFFFFFFFFFFFFFFFFFFFFFFFFFFFFFFCE
S21401CD6FFFFFFFFFFFFFFFFFFFFFFFFFFFFFFFFFBE
S21401CD7FFFFFFFFFFFFFFFFFFFFFFFFFFFFFFFFFAE
S21401CD8FFFFFFFFFFFFFFFFFFFFFFFFFFFFFFFFF9E
S21401CD9FFFFFFFFFFFFFFFFFFFFFFFFFFFFFFFFF8E
S21401CDAFFFFFFFFFFFFFFFFFFFFFFFFFFFFFFFFF7E
S21401CDBFFFFFFFFFFFFFFFFFFFFFFFFFFFFFFFFF6E
S21401CDCFFFFFFFFFFFFFFFFFFFFFFFFFFFFFFFFF5E
S21401CDDFFFFFFFFFFFFFFFFFFFFFFFFFFFFFFFFF4E
S21401CDEFFFFFFFFFFFFFFFFFFFFFFFFFFFFFFFFF3E
S21401CDFFFFFFFFFFFFFFFFFFFFFFFFFFFFFFFFFF2E
S21401CE0FFFFFFFFFFFFFFFFFFFFFFFFFFFFFFFFF1D
S21401CE1FFFFFFFFFFFFFFFFFFFFFFFFFFFFFFFFF0D
S21401CE2FFFFFFFFFFFFFFFFFFFFFFFFFFFFFFFFFFD
S21401CE3FFFFFFFFFFFFFFFFFFFFFFFFFFFFFFFFFED
S21401CE4FFFFFFFFFFFFFFFFFFFFFFFFFFFFFFFFFDD
S21401CE5FFFFFFFFFFFFFFFFFFFFFFFFFFFFFFFFFCD
S21401CE6FFFFFFFFFFFFFFFFFFFFFFFFFFFFFFFFFBD
S21401CE7FFFFFFFFFFFFFFFFFFFFFFFFFFFFFFFFFAD
S21401CE8FFFFFFFFFFFFFFFFFFFFFFFFFFFFFFFFF9D
S21401CE9FFFFFFFFFFFFFFFFFFFFFFFFFFFFFFFFF8D
S21401CEAFFFFFFFFFFFFFFFFFFFFFFFFFFFFFFFFF7D
S21401CEBFFFFFFFFFFFFFFFFFFFFFFFFFFFFFFFFF6D
S21401CECFFFFFFFFFFFFFFFFFFFFFFFFFFFFFFFFF5D
S21401CEDFFFFFFFFFFFFFFFFFFFFFFFFFFFFFFFFF4D
S21401CEEFFFFFFFFFFFFFFFFFFFFFFFFFFFFFFFFF3D
S21401CEFFFFFFFFFFFFFFFFFFFFFFFFFFFFFFFFFF2D
S21401CF0FFFFFFFFFFFFFFFFFFFFFFFFFFFFFFFFF1C
S21401CF1FFFFFFFFFFFFFFFFFFFFFFFFFFFFFFFFF0C
S21401CF2FFFFFFFFFFFFFFFFFFFFFFFFFFFFFFFFFFC
S21401CF3FFFFFFFFFFFFFFFFFFFFFFFFFFFFFFFFFEC
S21401CF4FFFFFFFFFFFFFFFFFFFFFFFFFFFFFFFFFDC
S21401CF5FFFFFFFFFFFFFFFFFFFFFFFFFFFFFFFFFCC
S21401CF6FFFFFFFFFFFFFFFFFFFFFFFFFFFFFFFFFBC
S21401CF7FFFFFFFFFFFFFFFFFFFFFFFFFFFFFFFFFAC
S21401CF8FFFFFFFFFFFFFFFFFFFFFFFFFFFFFFFFF9C
S21401CF9FFFFFFFFFFFFFFFFFFFFFFFFFFFFFFFFF8C
S21401CFAFFFFFFFFFFFFFFFFFFFFFFFFFFFFFFFFF7C
S21401CFBFFFFFFFFFFFFFFFFFFFFFFFFFFFFFFFFF6C
S21401CFCFFFFFFFFFFFFFFFFFFFFFFFFFFFFFFFFF5C
S21401CFDFFFFFFFFFFFFFFFFFFFFFFFFFFFFFFFFF4C
S21401CFEFFFFFFFFFFFFFFFFFFFFFFFFFFFFFFFFF3C
S21401CFFFFFFFFFFFFFFFFFFFFFFFFFFFFFFFFFFF2C
S21401D00FFFFFFFFFFFFFFFFFFFFFFFFFFFFFFFFF1B
S21401D01FFFFFFFFFFFFFFFFFFFFFFFFFFFFFFFFF0B
S21401D02FFFFFFFFFFFFFFFFFFFFFFFFFFFFFFFFFFB
S21401D03FFFFFFFFFFFFFFFFFFFFFFFFFFFFFFFFFEB
S21401D04FFFFFFFFFFFFFFFFFFFFFFFFFFFFFFFFFDB
S21401D05FFFFFFFFFFFFFFFFFFFFFFFFFFFFFFFFFCB
S21401D06FFFFFFFFFFFFFFFFFFFFFFFFFFFFFFFFFBB
S21401D07FFFFFFFFFFFFFFFFFFFFFFFFFFFFFFFFFAB
S21401D08FFFFFFFFFFFFFFFFFFFFFFFFFFFFFFFFF9B
S21401D09FFFFFFFFFFFFFFFFFFFFFFFFFFFFFFFFF8B
S21401D0AFFFFFFFFFFFFFFFFFFFFFFFFFFFFFFFFF7B
S21401D0BFFFFFFFFFFFFFFFFFFFFFFFFFFFFFFFFF6B
S21401D0CFFFFFFFFFFFFFFFFFFFFFFFFFFFFFFFFF5B
S21401D0DFFFFFFFFFFFFFFFFFFFFFFFFFFFFFFFFF4B
S21401D0EFFFFFFFFFFFFFFFFFFFFFFFFFFFFFFFFF3B
S21401D0FFFFFFFFFFFFFFFFFFFFFFFFFFFFFFFFFF2B
S21401D10FFFFFFFFFFFFFFFFFFFFFFFFFFFFFFFFF1A
S21401D11FFFFFFFFFFFFFFFFFFFFFFFFFFFFFFFFF0A
S21401D12FFFFFFFFFFFFFFFFFFFFFFFFFFFFFFFFFFA
S21401D13FFFFFFFFFFFFFFFFFFFFFFFFFFFFFFFFFEA
S21401D14FFFFFFFFFFFFFFFFFFFFFFFFFFFFFFFFFDA
S21401D15FFFFFFFFFFFFFFFFFFFFFFFFFFFFFFFFFCA
S21401D16FFFFFFFFFFFFFFFFFFFFFFFFFFFFFFFFFBA
S21401D17FFFFFFFFFFFFFFFFFFFFFFFFFFFFFFFFFAA
S21401D18FFFFFFFFFFFFFFFFFFFFFFFFFFFFFFFFF9A
S21401D19FFFFFFFFFFFFFFFFFFFFFFFFFFFFFFFFF8A
S21401D1AFFFFFFFFFFFFFFFFFFFFFFFFFFFFFFFFF7A
S21401D1BFFFFFFFFFFFFFFFFFFFFFFFFFFFFFFFFF6A
S21401D1CFFFFFFFFFFFFFFFFFFFFFFFFFFFFFFFFF5A
S21401D1DFFFFFFFFFFFFFFFFFFFFFFFFFFFFFFFFF4A
S21401D1EFFFFFFFFFFFFFFFFFFFFFFFFFFFFFFFFF3A
S21401D1FFFFFFFFFFFFFFFFFFFFFFFFFFFFFFFFFF2A
S21401D20FFFFFFFFFFFFFFFFFFFFFFFFFFFFFFFFF19
S21401D21FFFFFFFFFFFFFFFFFFFFFFFFFFFFFFFFF09
S21401D22FFFFFFFFFFFFFFFFFFFFFFFFFFFFFFFFFF9
S21401D23FFFFFFFFFFFFFFFFFFFFFFFFFFFFFFFFFE9
S21401D24FFFFFFFFFFFFFFFFFFFFFFFFFFFFFFFFFD9
S21401D25FFFFFFFFFFFFFFFFFFFFFFFFFFFFFFFFFC9
S21401D26FFFFFFFFFFFFFFFFFFFFFFFFFFFFFFFFFB9
S21401D27FFFFFFFFFFFFFFFFFFFFFFFFFFFFFFFFFA9
S21401D28FFFFFFFFFFFFFFFFFFFFFFFFFFFFFFFFF99
S21401D29FFFFFFFFFFFFFFFFFFFFFFFFFFFFFFFFF89
S21401D2AFFFFFFFFFFFFFFFFFFFFFFFFFFFFFFFFF79
S21401D2BFFFFFFFFFFFFFFFFFFFFFFFFFFFFFFFFF69
S21401D2CFFFFFFFFFFFFFFFFFFFFFFFFFFFFFFFFF59
S21401D2DFFFFFFFFFFFFFFFFFFFFFFFFFFFFFFFFF49
S21401D2EFFFFFFFFFFFFFFFFFFFFFFFFFFFFFFFFF39
S21401D2FFFFFFFFFFFFFFFFFFFFFFFFFFFFFFFFFF29
S21401D30FFFFFFFFFFFFFFFFFFFFFFFFFFFFFFFFF18
S21401D31FFFFFFFFFFFFFFFFFFFFFFFFFFFFFFFFF08
S21401D32FFFFFFFFFFFFFFFFFFFFFFFFFFFFFFFFFF8
S21401D33FFFFFFFFFFFFFFFFFFFFFFFFFFFFFFFFFE8
S21401D34FFFFFFFFFFFFFFFFFFFFFFFFFFFFFFFFFD8
S21401D35FFFFFFFFFFFFFFFFFFFFFFFFFFFFFFFFFC8
S21401D36FFFFFFFFFFFFFFFFFFFFFFFFFFFFFFFFFB8
S21401D37FFFFFFFFFFFFFFFFFFFFFFFFFFFFFFFFFA8
S21401D38FFFFFFFFFFFFFFFFFFFFFFFFFFFFFFFFF98
S21401D39FFFFFFFFFFFFFFFFFFFFFFFFFFFFFFFFF88
S21401D3AFFFFFFFFFFFFFFFFFFFFFFFFFFFFFFFFF78
S21401D3BFFFFFFFFFFFFFFFFFFFFFFFFFFFFFFFFF68
S21401D3CFFFFFFFFFFFFFFFFFFFFFFFFFFFFFFFFF58
S21401D3DFFFFFFFFFFFFFFFFFFFFFFFFFFFFFFFFF48
S21401D3EFFFFFFFFFFFFFFFFFFFFFFFFFFFFFFFFF38
S21401D3FFFFFFFFFFFFFFFFFFFFFFFFFFFFFFFFFF28
S21401D40FFFFFFFFFFFFFFFFFFFFFFFFFFFFFFFFF17
S21401D41FFFFFFFFFFFFFFFFFFFFFFFFFFFFFFFFF07
S21401D42FFFFFFFFFFFFFFFFFFFFFFFFFFFFFFFFFF7
S21401D43FFFFFFFFFFFFFFFFFFFFFFFFFFFFFFFFFE7
S21401D44FFFFFFFFFFFFFFFFFFFFFFFFFFFFFFFFFD7
S21401D45FFFFFFFFFFFFFFFFFFFFFFFFFFFFFFFFFC7
S21401D46FFFFFFFFFFFFFFFFFFFFFFFFFFFFFFFFFB7
S21401D47FFFFFFFFFFFFFFFFFFFFFFFFFFFFFFFFFA7
S21401D48FFFFFFFFFFFFFFFFFFFFFFFFFFFFFFFFF97
S21401D49FFFFFFFFFFFFFFFFFFFFFFFFFFFFFFFFF87
S21401D4AFFFFFFFFFFFFFFFFFFFFFFFFFFFFFFFFF77
S21401D4BFFFFFFFFFFFFFFFFFFFFFFFFFFFFFFFFF67
S21401D4CFFFFFFFFFFFFFFFFFFFFFFFFFFFFFFFFF57
S21401D4DFFFFFFFFFFFFFFFFFFFFFFFFFFFFFFFFF47
S21401D4EFFFFFFFFFFFFFFFFFFFFFFFFFFFFFFFFF37
S21401D4FFFFFFFFFFFFFFFFFFFFFFFFFFFFFFFFFF27
S21401D50FFFFFFFFFFFFFFFFFFFFFFFFFFFFFFFFF16
S21401D51FFFFFFFFFFFFFFFFFFFFFFFFFFFFFFFFF06
S21401D52FFFFFFFFFFFFFFFFFFFFFFFFFFFFFFFFFF6
S21401D53FFFFFFFFFFFFFFFFFFFFFFFFFFFFFFFFFE6
S21401D54FFFFFFFFFFFFFFFFFFFFFFFFFFFFFFFFFD6
S21401D55FFFFFFFFFFFFFFFFFFFFFFFFFFFFFFFFFC6
S21401D56FFFFFFFFFFFFFFFFFFFFFFFFFFFFFFFFFB6
S21401D57FFFFFFFFFFFFFFFFFFFFFFFFFFFFFFFFFA6
S21401D58FFFFFFFFFFFFFFFFFFFFFFFFFFFFFFFFF96
S21401D59FFFFFFFFFFFFFFFFFFFFFFFFFFFFFFFFF86
S21401D5AFFFFFFFFFFFFFFFFFFFFFFFFFFFFFFFFF76
S21401D5BFFFFFFFFFFFFFFFFFFFFFFFFFFFFFFFFF66
S21401D5CFFFFFFFFFFFFFFFFFFFFFFFFFFFFFFFFF56
S21401D5DFFFFFFFFFFFFFFFFFFFFFFFFFFFFFFFFF46
S21401D5EFFFFFFFFFFFFFFFFFFFFFFFFFFFFFFFFF36
S21401D5FFFFFFFFFFFFFFFFFFFFFFFFFFFFFFFFFF26
S21401D60FFFFFFFFFFFFFFFFFFFFFFFFFFFFFFFFF15
S21401D61FFFFFFFFFFFFFFFFFFFFFFFFFFFFFFFFF05
S21401D62FFFFFFFFFFFFFFFFFFFFFFFFFFFFFFFFFF5
S21401D63FFFFFFFFFFFFFFFFFFFFFFFFFFFFFFFFFE5
S21401D64FFFFFFFFFFFFFFFFFFFFFFFFFFFFFFFFFD5
S21401D65FFFFFFFFFFFFFFFFFFFFFFFFFFFFFFFFFC5
S21401D66FFFFFFFFFFFFFFFFFFFFFFFFFFFFFFFFFB5
S21401D67FFFFFFFFFFFFFFFFFFFFFFFFFFFFFFFFFA5
S21401D68FFFFFFFFFFFFFFFFFFFFFFFFFFFFFFFFF95
S21401D69FFFFFFFFFFFFFFFFFFFFFFFFFFFFFFFFF85
S21401D6AFFFFFFFFFFFFFFFFFFFFFFFFFFFFFFFFF75
S21401D6BFFFFFFFFFFFFFFFFFFFFFFFFFFFFFFFFF65
S21401D6CFFFFFFFFFFFFFFFFFFFFFFFFFFFFFFFFF55
S21401D6DFFFFFFFFFFFFFFFFFFFFFFFFFFFFFFFFF45
S21401D6EFFFFFFFFFFFFFFFFFFFFFFFFFFFFFFFFF35
S21401D6FFFFFFFFFFFFFFFFFFFFFFFFFFFFFFFFFF25
S21401D70FFFFFFFFFFFFFFFFFFFFFFFFFFFFFFFFF14
S21401D71FFFFFFFFFFFFFFFFFFFFFFFFFFFFFFFFF04
S21401D72FFFFFFFFFFFFFFFFFFFFFFFFFFFFFFFFFF4
S21401D73FFFFFFFFFFFFFFFFFFFFFFFFFFFFFFFFFE4
S21401D74FFFFFFFFFFFFFFFFFFFFFFFFFFFFFFFFFD4
S21401D75FFFFFFFFFFFFFFFFFFFFFFFFFFFFFFFFFC4
S21401D76FFFFFFFFFFFFFFFFFFFFFFFFFFFFFFFFFB4
S21401D77FFFFFFFFFFFFFFFFFFFFFFFFFFFFFFFFFA4
S21401D78FFFFFFFFFFFFFFFFFFFFFFFFFFFFFFFFF94
S21401D79FFFFFFFFFFFFFFFFFFFFFFFFFFFFFFFFF84
S21401D7AFFFFFFFFFFFFFFFFFFFFFFFFFFFFFFFFF74
S21401D7BFFFFFFFFFFFFFFFFFFFFFFFFFFFFFFFFF64
S21401D7CFFFFFFFFFFFFFFFFFFFFFFFFFFFFFFFFF54
S21401D7DFFFFFFFFFFFFFFFFFFFFFFFFFFFFFFFFF44
S21401D7EFFFFFFFFFFFFFFFFFFFFFFFFFFFFFFFFF34
S21401D7FFFFFFFFFFFFFFFFFFFFFFFFFFFFFFFFFF24
S21401D80FFFFFFFFFFFFFFFFFFFFFFFFFFFFFFFFF13
S21401D81FFFFFFFFFFFFFFFFFFFFFFFFFFFFFFFFF03
S21401D82FFFFFFFFFFFFFFFFFFFFFFFFFFFFFFFFFF3
S21401D83FFFFFFFFFFFFFFFFFFFFFFFFFFFFFFFFFE3
S21401D84FFFFFFFFFFFFFFFFFFFFFFFFFFFFFFFFFD3
S21401D85FFFFFFFFFFFFFFFFFFFFFFFFFFFFFFFFFC3
S21401D86FFFFFFFFFFFFFFFFFFFFFFFFFFFFFFFFFB3
S21401D87FFFFFFFFFFFFFFFFFFFFFFFFFFFFFFFFFA3
S21401D88FFFFFFFFFFFFFFFFFFFFFFFFFFFFFFFFF93
S21401D89FFFFFFFFFFFFFFFFFFFFFFFFFFFFFFFFF83
S21401D8AFFFFFFFFFFFFFFFFFFFFFFFFFFFFFFFFF73
S21401D8BFFFFFFFFFFFFFFFFFFFFFFFFFFFFFFFFF63
S21401D8CFFFFFFFFFFFFFFFFFFFFFFFFFFFFFFFFF53
S21401D8DFFFFFFFFFFFFFFFFFFFFFFFFFFFFFFFFF43
S21401D8EFFFFFFFFFFFFFFFFFFFFFFFFFFFFFFFFF33
S21401D8FFFFFFFFFFFFFFFFFFFFFFFFFFFFFFFFFF23
S21401D90FFFFFFFFFFFFFFFFFFFFFFFFFFFFFFFFF12
S21401D91FFFFFFFFFFFFFFFFFFFFFFFFFFFFFFFFF02
S21401D92FFFFFFFFFFFFFFFFFFFFFFFFFFFFFFFFFF2
S21401D93FFFFFFFFFFFFFFFFFFFFFFFFFFFFFFFFFE2
S21401D94FFFFFFFFFFFFFFFFFFFFFFFFFFFFFFFFFD2
S21401D95FFFFFFFFFFFFFFFFFFFFFFFFFFFFFFFFFC2
S21401D96FFFFFFFFFFFFFFFFFFFFFFFFFFFFFFFFFB2
S21401D97FFFFFFFFFFFFFFFFFFFFFFFFFFFFFFFFFA2
S21401D98FFFFFFFFFFFFFFFFFFFFFFFFFFFFFFFFF92
S21401D99FFFFFFFFFFFFFFFFFFFFFFFFFFFFFFFFF82
S21401D9AFFFFFFFFFFFFFFFFFFFFFFFFFFFFFFFFF72
S21401D9BFFFFFFFFFFFFFFFFFFFFFFFFFFFFFFFFF62
S21401D9CFFFFFFFFFFFFFFFFFFFFFFFFFFFFFFFFF52
S21401D9DFFFFFFFFFFFFFFFFFFFFFFFFFFFFFFFFF42
S21401D9EFFFFFFFFFFFFFFFFFFFFFFFFFFFFFFFFF32
S21401D9FFFFFFFFFFFFFFFFFFFFFFFFFFFFFFFFFF22
S21401DA0FFFFFFFFFFFFFFFFFFFFFFFFFFFFFFFFF11
S21401DA1FFFFFFFFFFFFFFFFFFFFFFFFFFFFFFFFF01
S21401DA2FFFFFFFFFFFFFFFFFFFFFFFFFFFFFFFFFF1
S21401DA3FFFFFFFFFFFFFFFFFFFFFFFFFFFFFFFFFE1
S21401DA4FFFFFFFFFFFFFFFFFFFFFFFFFFFFFFFFFD1
S21401DA5FFFFFFFFFFFFFFFFFFFFFFFFFFFFFFFFFC1
S21401DA6FFFFFFFFFFFFFFFFFFFFFFFFFFFFFFFFFB1
S21401DA7FFFFFFFFFFFFFFFFFFFFFFFFFFFFFFFFFA1
S21401DA8FFFFFFFFFFFFFFFFFFFFFFFFFFFFFFFFF91
S21401DA9FFFFFFFFFFFFFFFFFFFFFFFFFFFFFFFFF81
S21401DAAFFFFFFFFFFFFFFFFFFFFFFFFFFFFFFFFF71
S21401DABFFFFFFFFFFFFFFFFFFFFFFFFFFFFFFFFF61
S21401DACFFFFFFFFFFFFFFFFFFFFFFFFFFFFFFFFF51
S21401DADFFFFFFFFFFFFFFFFFFFFFFFFFFFFFFFFF41
S21401DAEFFFFFFFFFFFFFFFFFFFFFFFFFFFFFFFFF31
S21401DAFFFFFFFFFFFFFFFFFFFFFFFFFFFFFFFFFF21
S21401DB0FFFFFFFFFFFFFFFFFFFFFFFFFFFFFFFFF10
S21401DB1FFFFFFFFFFFFFFFFFFFFFFFFFFFFFFFFF00
S21401DB2FFFFFFFFFFFFFFFFFFFFFFFFFFFFFFFFFF0
S21401DB3FFFFFFFFFFFFFFFFFFFFFFFFFFFFFFFFFE0
S21401DB4FFFFFFFFFFFFFFFFFFFFFFFFFFFFFFFFFD0
S21401DB5FFFFFFFFFFFFFFFFFFFFFFFFFFFFFFFFFC0
S21401DB6FFFFFFFFFFFFFFFFFFFFFFFFFFFFFFFFFB0
S21401DB7FFFFFFFFFFFFFFFFFFFFFFFFFFFFFFFFFA0
S21401DB8FFFFFFFFFFFFFFFFFFFFFFFFFFFFFFFFF90
S21401DB9FFFFFFFFFFFFFFFFFFFFFFFFFFFFFFFFF80
S21401DBAFFFFFFFFFFFFFFFFFFFFFFFFFFFFFFFFF70
S21401DBBFFFFFFFFFFFFFFFFFFFFFFFFFFFFFFFFF60
S21401DBCFFFFFFFFFFFFFFFFFFFFFFFFFFFFFFFFF50
S21401DBDFFFFFFFFFFFFFFFFFFFFFFFFFFFFFFFFF40
S21401DBEFFFFFFFFFFFFFFFFFFFFFFFFFFFFFFFFF30
S21401DBFFFFFFFFFFFFFFFFFFFFFFFFFFFFFFFFFF20
S21401DC0FFFFFFFFFFFFFFFFFFFFFFFFFFFFFFFFF0F
S21401DC1FFFFFFFFFFFFFFFFFFFFFFFFFFFFFFFFFFF
S21401DC2FFFFFFFFFFFFFFFFFFFFFFFFFFFFFFFFFEF
S21401DC3FFFFFFFFFFFFFFFFFFFFFFFFFFFFFFFFFDF
S21401DC4FFFFFFFFFFFFFFFFFFFFFFFFFFFFFFFFFCF
S21401DC5FFFFFFFFFFFFFFFFFFFFFFFFFFFFFFFFFBF
S21401DC6FFFFFFFFFFFFFFFFFFFFFFFFFFFFFFFFFAF
S21401DC7FFFFFFFFFFFFFFFFFFFFFFFFFFFFFFFFF9F
S21401DC8FFFFFFFFFFFFFFFFFFFFFFFFFFFFFFFFF8F
S21401DC9FFFFFFFFFFFFFFFFFFFFFFFFFFFFFFFFF7F
S21401DCAFFFFFFFFFFFFFFFFFFFFFFFFFFFFFFFFF6F
S21401DCBFFFFFFFFFFFFFFFFFFFFFFFFFFFFFFFFF5F
S21401DCCFFFFFFFFFFFFFFFFFFFFFFFFFFFFFFFFF4F
S21401DCDFFFFFFFFFFFFFFFFFFFFFFFFFFFFFFFFF3F
S21401DCEFFFFFFFFFFFFFFFFFFFFFFFFFFFFFFFFF2F
S21401DCFFFFFFFFFFFFFFFFFFFFFFFFFFFFFFFFFF1F
S21401DD0FFFFFFFFFFFFFFFFFFFFFFFFFFFFFFFFF0E
S21401DD1FFFFFFFFFFFFFFFFFFFFFFFFFFFFFFFFFFE
S21401DD2FFFFFFFFFFFFFFFFFFFFFFFFFFFFFFFFFEE
S21401DD3FFFFFFFFFFFFFFFFFFFFFFFFFFFFFFFFFDE
S21401DD4FFFFFFFFFFFFFFFFFFFFFFFFFFFFFFFFFCE
S21401DD5FFFFFFFFFFFFFFFFFFFFFFFFFFFFFFFFFBE
S21401DD6FFFFFFFFFFFFFFFFFFFFFFFFFFFFFFFFFAE
S21401DD7FFFFFFFFFFFFFFFFFFFFFFFFFFFFFFFFF9E
S21401DD8FFFFFFFFFFFFFFFFFFFFFFFFFFFFFFFFF8E
S21401DD9FFFFFFFFFFFFFFFFFFFFFFFFFFFFFFFFF7E
S21401DDAFFFFFFFFFFFFFFFFFFFFFFFFFFFFFFFFF6E
S21401DDBFFFFFFFFFFFFFFFFFFFFFFFFFFFFFFFFF5E
S21401DDCFFFFFFFFFFFFFFFFFFFFFFFFFFFFFFFFF4E
S21401DDDFFFFFFFFFFFFFFFFFFFFFFFFFFFFFFFFF3E
S21401DDEFFFFFFFFFFFFFFFFFFFFFFFFFFFFFFFFF2E
S21401DDFFFFFFFFFFFFFFFFFFFFFFFFFFFFFFFFFF1E
S21401DE0FFFFFFFFFFFFFFFFFFFFFFFFFFFFFFFFF0D
S21401DE1FFFFFFFFFFFFFFFFFFFFFFFFFFFFFFFFFFD
S21401DE2FFFFFFFFFFFFFFFFFFFFFFFFFFFFFFFFFED
S21401DE3FFFFFFFFFFFFFFFFFFFFFFFFFFFFFFFFFDD
S21401DE4FFFFFFFFFFFFFFFFFFFFFFFFFFFFFFFFFCD
S21401DE5FFFFFFFFFFFFFFFFFFFFFFFFFFFFFFFFFBD
S21401DE6FFFFFFFFFFFFFFFFFFFFFFFFFFFFFFFFFAD
S21401DE7FFFFFFFFFFFFFFFFFFFFFFFFFFFFFFFFF9D
S21401DE8FFFFFFFFFFFFFFFFFFFFFFFFFFFFFFFFF8D
S21401DE9FFFFFFFFFFFFFFFFFFFFFFFFFFFFFFFFF7D
S21401DEAFFFFFFFFFFFFFFFFFFFFFFFFFFFFFFFFF6D
S21401DEBFFFFFFFFFFFFFFFFFFFFFFFFFFFFFFFFF5D
S21401DECFFFFFFFFFFFFFFFFFFFFFFFFFFFFFFFFF4D
S21401DEDFFFFFFFFFFFFFFFFFFFFFFFFFFFFFFFFF3D
S21401DEEFFFFFFFFFFFFFFFFFFFFFFFFFFFFFFFFF2D
S21401DEFFFFFFFFFFFFFFFFFFFFFFFFFFFFFFFFFF1D
S21401DF0FFFFFFFFFFFFFFFFFFFFFFFFFFFFFFFFF0C
S21401DF1FFFFFFFFFFFFFFFFFFFFFFFFFFFFFFFFFFC
S21401DF2FFFFFFFFFFFFFFFFFFFFFFFFFFFFFFFFFEC
S21401DF3FFFFFFFFFFFFFFFFFFFFFFFFFFFFFFFFFDC
S21401DF4FFFFFFFFFFFFFFFFFFFFFFFFFFFFFFFFFCC
S21401DF5FFFFFFFFFFFFFFFFFFFFFFFFFFFFFFFFFBC
S21401DF6FFFFFFFFFFFFFFFFFFFFFFFFFFFFFFFFFAC
S21401DF7FFFFFFFFFFFFFFFFFFFFFFFFFFFFFFFFF9C
S21401DF8FFFFFFFFFFFFFFFFFFFFFFFFFFFFFFFFF8C
S21401DF9FFFFFFFFFFFFFFFFFFFFFFFFFFFFFFFFF7C
S21401DFAFFFFFFFFFFFFFFFFFFFFFFFFFFFFFFFFF6C
S21401DFBFFFFFFFFFFFFFFFFFFFFFFFFFFFFFFFFF5C
S21401DFCFFFFFFFFFFFFFFFFFFFFFFFFFFFFFFFFF4C
S21401DFDFFFFFFFFFFFFFFFFFFFFFFFFFFFFFFFFF3C
S21401DFEFFFFFFFFFFFFFFFFFFFFFFFFFFFFFFFFF2C
S21401DFFFFFFFFFFFFFFFFFFFFFFFFFFFFFFFFFFF1C
S21401E00FFFFFFFFFFFFFFFFFFFFFFFFFFFFFFFFF0B
S21401E01FFFFFFFFFFFFFFFFFFFFFFFFFFFFFFFFFFB
S21401E02FFFFFFFFFFFFFFFFFFFFFFFFFFFFFFFFFEB
S21401E03FFFFFFFFFFFFFFFFFFFFFFFFFFFFFFFFFDB
S21401E04FFFFFFFFFFFFFFFFFFFFFFFFFFFFFFFFFCB
S21401E05FFFFFFFFFFFFFFFFFFFFFFFFFFFFFFFFFBB
S21401E06FFFFFFFFFFFFFFFFFFFFFFFFFFFFFFFFFAB
S21401E07FFFFFFFFFFFFFFFFFFFFFFFFFFFFFFFFF9B
S21401E08FFFFFFFFFFFFFFFFFFFFFFFFFFFFFFFFF8B
S21401E09FFFFFFFFFFFFFFFFFFFFFFFFFFFFFFFFF7B
S21401E0AFFFFFFFFFFFFFFFFFFFFFFFFFFFFFFFFF6B
S21401E0BFFFFFFFFFFFFFFFFFFFFFFFFFFFFFFFFF5B
S21401E0CFFFFFFFFFFFFFFFFFFFFFFFFFFFFFFFFF4B
S21401E0DFFFFFFFFFFFFFFFFFFFFFFFFFFFFFFFFF3B
S21401E0EFFFFFFFFFFFFFFFFFFFFFFFFFFFFFFFFF2B
S21401E0FFFFFFFFFFFFFFFFFFFFFFFFFFFFFFFFFF1B
S21401E10FFFFFFFFFFFFFFFFFFFFFFFFFFFFFFFFF0A
S21401E11FFFFFFFFFFFFFFFFFFFFFFFFFFFFFFFFFFA
S21401E12FFFFFFFFFFFFFFFFFFFFFFFFFFFFFFFFFEA
S21401E13FFFFFFFFFFFFFFFFFFFFFFFFFFFFFFFFFDA
S21401E14FFFFFFFFFFFFFFFFFFFFFFFFFFFFFFFFFCA
S21401E15FFFFFFFFFFFFFFFFFFFFFFFFFFFFFFFFFBA
S21401E16FFFFFFFFFFFFFFFFFFFFFFFFFFFFFFFFFAA
S21401E17FFFFFFFFFFFFFFFFFFFFFFFFFFFFFFFFF9A
S21401E18FFFFFFFFFFFFFFFFFFFFFFFFFFFFFFFFF8A
S21401E19FFFFFFFFFFFFFFFFFFFFFFFFFFFFFFFFF7A
S21401E1AFFFFFFFFFFFFFFFFFFFFFFFFFFFFFFFFF6A
S21401E1BFFFFFFFFFFFFFFFFFFFFFFFFFFFFFFFFF5A
S21401E1CFFFFFFFFFFFFFFFFFFFFFFFFFFFFFFFFF4A
S21401E1DFFFFFFFFFFFFFFFFFFFFFFFFFFFFFFFFF3A
S21401E1EFFFFFFFFFFFFFFFFFFFFFFFFFFFFFFFFF2A
S21401E1FFFFFFFFFFFFFFFFFFFFFFFFFFFFFFFFFF1A
S21401E20FFFFFFFFFFFFFFFFFFFFFFFFFFFFFFFFF09
S21401E21FFFFFFFFFFFFFFFFFFFFFFFFFFFFFFFFFF9
S21401E22FFFFFFFFFFFFFFFFFFFFFFFFFFFFFFFFFE9
S21401E23FFFFFFFFFFFFFFFFFFFFFFFFFFFFFFFFFD9
S21401E24FFFFFFFFFFFFFFFFFFFFFFFFFFFFFFFFFC9
S21401E25FFFFFFFFFFFFFFFFFFFFFFFFFFFFFFFFFB9
S21401E26FFFFFFFFFFFFFFFFFFFFFFFFFFFFFFFFFA9
S21401E27FFFFFFFFFFFFFFFFFFFFFFFFFFFFFFFFF99
S21401E28FFFFFFFFFFFFFFFFFFFFFFFFFFFFFFFFF89
S21401E29FFFFFFFFFFFFFFFFFFFFFFFFFFFFFFFFF79
S21401E2AFFFFFFFFFFFFFFFFFFFFFFFFFFFFFFFFF69
S21401E2BFFFFFFFFFFFFFFFFFFFFFFFFFFFFFFFFF59
S21401E2CFFFFFFFFFFFFFFFFFFFFFFFFFFFFFFFFF49
S21401E2DFFFFFFFFFFFFFFFFFFFFFFFFFFFFFFFFF39
S21401E2EFFFFFFFFFFFFFFFFFFFFFFFFFFFFFFFFF29
S21401E2FFFFFFFFFFFFFFFFFFFFFFFFFFFFFFFFFF19
S21401E30FFFFFFFFFFFFFFFFFFFFFFFFFFFFFFFFF08
S21401E31FFFFFFFFFFFFFFFFFFFFFFFFFFFFFFFFFF8
S21401E32FFFFFFFFFFFFFFFFFFFFFFFFFFFFFFFFFE8
S21401E33FFFFFFFFFFFFFFFFFFFFFFFFFFFFFFFFFD8
S21401E34FFFFFFFFFFFFFFFFFFFFFFFFFFFFFFFFFC8
S21401E35FFFFFFFFFFFFFFFFFFFFFFFFFFFFFFFFFB8
S21401E36FFFFFFFFFFFFFFFFFFFFFFFFFFFFFFFFFA8
S21401E37FFFFFFFFFFFFFFFFFFFFFFFFFFFFFFFFF98
S21401E38FFFFFFFFFFFFFFFFFFFFFFFFFFFFFFFFF88
S21401E39FFFFFFFFFFFFFFFFFFFFFFFFFFFFFFFFF78
S21401E3AFFFFFFFFFFFFFFFFFFFFFFFFFFFFFFFFF68
S21401E3BFFFFFFFFFFFFFFFFFFFFFFFFFFFFFFFFF58
S21401E3CFFFFFFFFFFFFFFFFFFFFFFFFFFFFFFFFF48
S21401E3DFFFFFFFFFFFFFFFFFFFFFFFFFFFFFFFFF38
S21401E3EFFFFFFFFFFFFFFFFFFFFFFFFFFFFFFFFF28
S21401E3FFFFFFFFFFFFFFFFFFFFFFFFFFFFFFFFFF18
S21401E40FFFFFFFFFFFFFFFFFFFFFFFFFFFFFFFFF07
S21401E41FFFFFFFFFFFFFFFFFFFFFFFFFFFFFFFFFF7
S21401E42FFFFFFFFFFFFFFFFFFFFFFFFFFFFFFFFFE7
S21401E43FFFFFFFFFFFFFFFFFFFFFFFFFFFFFFFFFD7
S21401E44FFFFFFFFFFFFFFFFFFFFFFFFFFFFFFFFFC7
S21401E45FFFFFFFFFFFFFFFFFFFFFFFFFFFFFFFFFB7
S21401E46FFFFFFFFFFFFFFFFFFFFFFFFFFFFFFFFFA7
S21401E47FFFFFFFFFFFFFFFFFFFFFFFFFFFFFFFFF97
S21401E48FFFFFFFFFFFFFFFFFFFFFFFFFFFFFFFFF87
S21401E49FFFFFFFFFFFFFFFFFFFFFFFFFFFFFFFFF77
S21401E4AFFFFFFFFFFFFFFFFFFFFFFFFFFFFFFFFF67
S21401E4BFFFFFFFFFFFFFFFFFFFFFFFFFFFFFFFFF57
S21401E4CFFFFFFFFFFFFFFFFFFFFFFFFFFFFFFFFF47
S21401E4DFFFFFFFFFFFFFFFFFFFFFFFFFFFFFFFFF37
S21401E4EFFFFFFFFFFFFFFFFFFFFFFFFFFFFFFFFF27
S21401E4FFFFFFFFFFFFFFFFFFFFFFFFFFFFFFFFFF17
S21401E50FFFFFFFFFFFFFFFFFFFFFFFFFFFFFFFFF06
S21401E51FFFFFFFFFFFFFFFFFFFFFFFFFFFFFFFFFF6
S21401E52FFFFFFFFFFFFFFFFFFFFFFFFFFFFFFFFFE6
S21401E53FFFFFFFFFFFFFFFFFFFFFFFFFFFFFFFFFD6
S21401E54FFFFFFFFFFFFFFFFFFFFFFFFFFFFFFFFFC6
S21401E55FFFFFFFFFFFFFFFFFFFFFFFFFFFFFFFFFB6
S21401E56FFFFFFFFFFFFFFFFFFFFFFFFFFFFFFFFFA6
S21401E57FFFFFFFFFFFFFFFFFFFFFFFFFFFFFFFFF96
S21401E58FFFFFFFFFFFFFFFFFFFFFFFFFFFFFFFFF86
S21401E59FFFFFFFFFFFFFFFFFFFFFFFFFFFFFFFFF76
S21401E5AFFFFFFFFFFFFFFFFFFFFFFFFFFFFFFFFF66
S21401E5BFFFFFFFFFFFFFFFFFFFFFFFFFFFFFFFFF56
S21401E5CFFFFFFFFFFFFFFFFFFFFFFFFFFFFFFFFF46
S21401E5DFFFFFFFFFFFFFFFFFFFFFFFFFFFFFFFFF36
S21401E5EFFFFFFFFFFFFFFFFFFFFFFFFFFFFFFFFF26
S21401E5FFFFFFFFFFFFFFFFFFFFFFFFFFFFFFFFFF16
S21401E60FFFFFFFFFFFFFFFFFFFFFFFFFFFFFFFFF05
S21401E61FFFFFFFFFFFFFFFFFFFFFFFFFFFFFFFFFF5
S21401E62FFFFFFFFFFFFFFFFFFFFFFFFFFFFFFFFFE5
S21401E63FFFFFFFFFFFFFFFFFFFFFFFFFFFFFFFFFD5
S21401E64FFFFFFFFFFFFFFFFFFFFFFFFFFFFFFFFFC5
S21401E65FFFFFFFFFFFFFFFFFFFFFFFFFFFFFFFFFB5
S21401E66FFFFFFFFFFFFFFFFFFFFFFFFFFFFFFFFFA5
S21401E67FFFFFFFFFFFFFFFFFFFFFFFFFFFFFFFFF95
S21401E68FFFFFFFFFFFFFFFFFFFFFFFFFFFFFFFFF85
S21401E69FFFFFFFFFFFFFFFFFFFFFFFFFFFFFFFFF75
S21401E6AFFFFFFFFFFFFFFFFFFFFFFFFFFFFFFFFF65
S21401E6BFFFFFFFFFFFFFFFFFFFFFFFFFFFFFFFFF55
S21401E6CFFFFFFFFFFFFFFFFFFFFFFFFFFFFFFFFF45
S21401E6DFFFFFFFFFFFFFFFFFFFFFFFFFFFFFFFFF35
S21401E6EFFFFFFFFFFFFFFFFFFFFFFFFFFFFFFFFF25
S21401E6FFFFFFFFFFFFFFFFFFFFFFFFFFFFFFFFFF15
S21401E70FFFFFFFFFFFFFFFFFFFFFFFFFFFFFFFFF04
S21401E71FFFFFFFFFFFFFFFFFFFFFFFFFFFFFFFFFF4
S21401E72FFFFFFFFFFFFFFFFFFFFFFFFFFFFFFFFFE4
S21401E73FFFFFFFFFFFFFFFFFFFFFFFFFFFFFFFFFD4
S21401E74FFFFFFFFFFFFFFFFFFFFFFFFFFFFFFFFFC4
S21401E75FFFFFFFFFFFFFFFFFFFFFFFFFFFFFFFFFB4
S21401E76FFFFFFFFFFFFFFFFFFFFFFFFFFFFFFFFFA4
S21401E77FFFFFFFFFFFFFFFFFFFFFFFFFFFFFFFFF94
S21401E78FFFFFFFFFFFFFFFFFFFFFFFFFFFFFFFFF84
S21401E79FFFFFFFFFFFFFFFFFFFFFFFFFFFFFFFFF74
S21401E7AFFFFFFFFFFFFFFFFFFFFFFFFFFFFFFFFF64
S21401E7BFFFFFFFFFFFFFFFFFFFFFFFFFFFFFFFFF54
S21401E7CFFFFFFFFFFFFFFFFFFFFFFFFFFFFFFFFF44
S21401E7DFFFFFFFFFFFFFFFFFFFFFFFFFFFFFFFFF34
S21101E7EFFFFFFFFFFFFFFFFFFFFFFFFFFF24
S20601E7FC30D411
S9036EA5E9
