###############################################################################
#
# IAR ANSI C/C++ Compiler V7.20.5.7591/W32 for ARM        06/Aug/2024  13:41:46
# Copyright 1999-2014 IAR Systems AB.
#
#    Cpu mode     =  thumb
#    Endian       =  little
#    Source file  =  
#        C:\Data\Python\Self_Commissioning_Bpm\source\XCategory\Application\Reveal_APIs\API010PollVar\API010PollVar.c
#    Command line =  
#        -I./ -I../cx/ -I../cx/inc/ -ICategory/ -ICategory/Application/
#        -ICategory/Application/ThermalModel/
#        -ICategory/Application/ThermalModel/ThermalModelCore_DD/
#        -ICategory/Application/ThermalModel/ThermalModelCore_sBPM/
#        -ICategory/Common/ -ICategory/Common/BoardDebugging/
#        -ICategory/Common/MasterCommander/
#        -ICategory/Common/MasterCommander/Source/
#        -ICategory/Common/MasterCommander/Source/HAL/
#        -ICategory/Common/SelfCommissioning/ -ICategory/Hbl/
#        -IProjectSpecific/ -IProjectSpecific/Application/
#        -IProjectSpecific/Application/API007App/
#        -IProjectSpecific/Application/ModeManagement/
#        -IProjectSpecific/Application/MotorSelector/
#        -IProjectSpecific/Application/ProductInfo/
#        -IProjectSpecific/Application/SRMcuSpeedMonitor/
#        -IProjectSpecific/Application/ThermalModel/
#        -IProjectSpecific/CommonCore/ -IProjectSpecific/Driver/
#        -IProjectSpecific/MasterCommander/ -IProjectSpecific/Mci/
#        -IProjectSpecific/Mci/Mcl/ -IProjectSpecific/Mci/Mcl/old_xls/
#        -IXCategory/ -IXCategory/Application/
#        -IXCategory/Application/MciParametersLoader/
#        -IXCategory/Application/Mode/ -IXCategory/Application/Reveal_APIs/
#        -IXCategory/Application/Reveal_APIs/API003Disc/
#        -IXCategory/Application/Reveal_APIs/API004Debug/
#        -IXCategory/Application/Reveal_APIs/API005LowLevel/
#        -IXCategory/Application/Reveal_APIs/API007Data/
#        -IXCategory/Application/Reveal_APIs/API009System/
#        -IXCategory/Application/Reveal_APIs/API010PollVar/
#        -IXCategory/Application/Reveal_APIs/API011AppCtr/
#        -IXCategory/Application/Reveal_APIs/API013RemoteFunction/
#        -IXCategory/Application/Reveal_APIs/API018Diagnostic/
#        -IXCategory/Application/Reveal_APIs/API019ProductInfo/
#        -IXCategory/Application/Reveal_APIs/API220MotorControl/
#        -IXCategory/Application/Reveal_APIs/API220MotorControl/API/
#        -IXCategory/Application/Reveal_APIs/API221MotionCtrl/
#        -IXCategory/Application/Reveal_APIs/SRAPI020Safety/
#        -IXCategory/Application/SFUpdater/ -IXCategory/Common/
#        -IXCategory/Common/Crc16/ -IXCategory/Common/Crc8/
#        -IXCategory/Common/Log/ -IXCategory/Common/Millis/
#        -IXCategory/Common/SettingFile/ -IXCategory/Common/SRClockMonitor/
#        -IXCategory/Common/SRData/ -IXCategory/Common/SRException/
#        -IXCategory/Common/SRFlow/ -IXCategory/Common/SRIsrMonitor/
#        -IXCategory/Common/SRMain/ -IXCategory/Common/SRMcuSpeedMonitor/
#        -IXCategory/Common/SRPowerMgr/ -IXCategory/Common/SRSignature/
#        -IXCategory/Common/SRSystemConfig/
#        -IXCategory/Common/SRTimerReference/ -IXCategory/Common/SystemConfig/
#        -IXCategory/Common/SystemTimers/ -IXCategory/Common/Utilities/
#        -IXCategory/Driver/ -IXCategory/Driver/API/
#        -IXCategory/Driver/API/Comparator/ -IXCategory/Driver/API/DataFlash/
#        -IXCategory/Driver/API/Dma/ -IXCategory/Driver/API/Flash/
#        -IXCategory/Driver/API/Gpio/ -IXCategory/Driver/API/Micro/
#        -IXCategory/Driver/API/Spi/ -IXCategory/Driver/API/SRMCAtod/
#        -IXCategory/Driver/API/SRMCInputCapture/
#        -IXCategory/Driver/API/SRMCPwm/ -IXCategory/Driver/API/TimerInterrupt/
#        -IXCategory/Driver/API/Uart/ -IXCategory/Driver/Comparator/
#        -IXCategory/Driver/DataFlash/ -IXCategory/Driver/Dma/
#        -IXCategory/Driver/Flash/ -IXCategory/Driver/Gpio/
#        -IXCategory/Driver/Micro/ -IXCategory/Driver/Spi/
#        -IXCategory/Driver/SRMCAtod/ -IXCategory/Driver/SRMCInputCapture/
#        -IXCategory/Driver/SRMCPwm/ -IXCategory/Driver/TimerInterrupt/
#        -IXCategory/Driver/Uart/ -IXCategory/Hbl/ -IXCategory/Hbl/Mci/
#        -IXCategory/Hbl/Mci/InverterTemp/ -IXCategory/Hbl/Mci/Mcl/
#        -IXCategory/Hbl/Mci/Mcl/Braking/ -IXCategory/Hbl/Mci/Mcl/MacroBlocks/
#        -IXCategory/Hbl/Mci/Mcl/MclFvt/ -IXCategory/Hbl/Mci/Mcl/MicroBlocks/
#        -IXCategory/Hbl/Mci/Mcl/MicroBlocks/ClrkPark/
#        -IXCategory/Hbl/Mci/Mcl/MicroBlocks/Filters/
#        -IXCategory/Hbl/Mci/Mcl/MicroBlocks/Math/
#        -IXCategory/Hbl/Mci/Mcl/MicroBlocks/ObserverPmsm/
#        -IXCategory/Hbl/Mci/Mcl/MicroBlocks/Pi/
#        -IXCategory/Hbl/Mci/Mcl/MicroBlocks/PwmModulation/
#        -IXCategory/Hbl/Mci/Mcl/ResistanceEstimation/
#        -IXCategory/Hbl/Mci/PowerModuleManager/
#        -IXCategory/Hbl/Mci/SpeedRefGen/ -IXCategory/Hbl/Mci/SurgeRelay/
#        -IXCategory/Hbl/SRMotorSafetyMgr/
#        -IXCategory/Hbl/SRMotorSafetyMgr/API/ -IXCategory/Service/
#        -IXCategory/Service/Reveal/ -IXCategory/Service/Win/ --remarks
#        --no_tbaa --debug --use_c++_inline --only_stdout --dlib_config
#        ..\cx\inc\DLib_Config_Normal.h -r -D
#        ENABLE_JUMP_TO_APPLICATION_WITHOUT_IAP_FIRMWARE -D
#        SET_FLASH_OPTION_CONFIGURATION -D ARM_MATH_CM4 -e --silent
#        --endian=little --cpu Cortex-M4 --fpu=VFPv4_sp -Ohs -o
#        API010PollVar.obj -l ..\listings\API010PollVar.lst
#        C:\Data\Python\Self_Commissioning_Bpm\source\XCategory\Application\Reveal_APIs\API010PollVar\API010PollVar.c
#    List file    =  ..\listings\API010PollVar.lst
#    Object file  =  API010PollVar.obj
#
###############################################################################

C:\Data\Python\Self_Commissioning_Bpm\source\XCategory\Application\Reveal_APIs\API010PollVar\API010PollVar.c
      1          /**
      2           * @file
      3           * @brief       Communications to get periodic publication of system and memory-mapped variables
      4           *
      5           * @details     API 010 Poll Variables is used to publish standard and custom variables for the
      6           *              purposes of data acquisition.
      7           *
      8           *              Fixed Variables:
      9           *              Fixed variables are standard variables that are defined for a specific Product
     10           *              Type. Some boards (such as expansion boards) may not support any standard
     11           *              variables. Use OpCode 21 to determine what is supported. These standard variables
     12           *              make it easier to quickly get up and running with a system that can monitor the
     13           *              basic variables of a product.
     14           *
     15           *              Memory-Mapped Variables:
     16           *              Memory-mapped variables allow a user to customize the data being monitored. Since
     17           *              memory-mapped variables are a compile-time option in the firmware, some boards
     18           *              may not support memory-mapped variables. Use OpCode 21 to determine what is
     19           *              supported. To add a memory-mapped variable to the list of monitored variables,
     20           *              the user must know the address and size of the variable.
     21           *
     22              @startuml{API010Publisher_sm.png}
     23                  title API 10 Publisher State Machine
     24                  ' Use State = Api010.State
     25                  ' Suppress transition checks
     26          
     27                  [*] --> Inactive
     28          
     29                  Inactive : entry / ResetPublisher()
     30                  Inactive : do / CheckMetadataDue()
     31                  Inactive --> Active : evStartPublishing
     32          
     33                  Active : do / UpdateTimer()\n\t CheckDataDue()
     34                  Active -u-> Inactive : evStopPublishing
     35                  Active -r-> Publishing : evProceed
     36          
     37                  Publishing : entry / PublishNextPacket()
     38                  Publishing : do / UpdateTimer()\n\t PublishNextPacket()
     39                  Publishing --> Active : evProceed
     40                  Publishing --> Inactive : evStopPublishing
     41              @enduml
     42           *
     43           * @copyright   Copyright 2014-2017 Whirlpool Corporation.  All rights reserved - CONFIDENTIAL.
     44           */
     45          
     46          //  --- Include Files -------------------------------------------------------------------------------------------------
     47          
     48          // -- This Module --
     49          #include "SystemConfig.h"
     50          
     51          #ifndef API010POLLVAR_FEATURE
     52              // API010POLLVAR_FEATURE should be ENABLED for applications that use API010 for development data acquisition.
     53              #error API010POLLVAR_FEATURE must be defined via SystemConfig.h as ENABLED or DISABLED.
     54          #endif
     55          
     56          #if (API010POLLVAR_FEATURE == ENABLED)
     57          
     58          #include "API010PollVar.h"
     59          #include "API010PollVar_prv.h"
     60          
     61          #ifndef API010_USES_FIXED_VARIABLES_FEATURE
     62              // API010_USES_FIXED_VARIABLES_FEATURE should be ENABLED for applications that use the fixed system variables.
     63              #error API010_USES_FIXED_VARIABLES_FEATURE must be defined via SystemConfig.h as ENABLED or DISABLED.
     64          #endif
     65          #ifndef API010_CAN_USE_SPI_MODULE
     66              // Assume that API010 uses Reveal only.
     67              #define API010_CAN_USE_SPI_MODULE DISABLED
     68          #endif
     69          #ifndef API010_CAN_USE_SPIMGR_MODULE
     70              // Assume that API010 uses Reveal only.
     71              #define API010_CAN_USE_SPIMGR_MODULE DISABLED
     72          #endif
     73          #if ((API010_CAN_USE_SPI_MODULE == ENABLED) && (API010_CAN_USE_SPIMGR_MODULE == ENABLED))
     74              #error The features API010_CAN_USE_SPI_MODULE and API010_CAN_USE_SPIMGR_MODULE cannot be enabled at the same time
     75          #endif
     76          #ifndef API010_DEBUG_ACQ_CONFIG
     77              // This is only required while debugging API010. Disable by default.
     78              #define API010_DEBUG_ACQ_CONFIG DISABLED
     79          #endif
     80          
     81          // -- Other Modules --
     82          #include "Log.h"
     83          #include "Micro.h"
     84          #include "Millis.h"
     85          #if (API010_CAN_USE_SPI_MODULE == ENABLED)
     86              #include "Spi.h"
     87          #endif
     88          #if (API010_CAN_USE_SPIMGR_MODULE == ENABLED)
     89              #include "SpiMgr.h"
     90          #endif
     91          #include <string.h>
     92          #include "Utilities.h"
     93          #if (API010_USES_FIXED_VARIABLES_FEATURE == ENABLED)
     94              #include "Variable.h"
     95              #define API010_FIXED_VARS_COUNT VARIABLE_NUM_VARIABLES
     96          #else
     97              #define API010_FIXED_VARS_COUNT 0
     98          #endif
     99          
    100          
    101          // The number of memory mapped variables supported must be at least 1.
    102          CT_ASSERT(API010_MMAP_VARS_COUNT >= 0);
    103          
    104          // There is no point in enabling this module if there are no variables to publish.
    105          // Disable the module in SystemConfig_prm.h by setting API010POLLVAR_FEATURE to DISABLED.
    106          CT_ASSERT((API010_USES_FIXED_VARIABLES_FEATURE == ENABLED) || (API010_MMAP_VARS_COUNT > 0));
    107          
    108          
    109          //=====================================================================================================================
    110          //=== StateEngineCrank (v2.8) Auto-Generated Definitions for API 10 Publisher State Machine
    111          //=====================================================================================================================
    112          // !! StateEngineCrank cannot update this code if you change the header !!
    113          
    114          
    115          //! Unique names used to identify states of the API 10 Publisher state machine.
    116          typedef enum API_10_PUBLISHER_STATE_ENUM
    117          {
    118              STATE_API_10_PUBLISHER_NONE       = 0,
    119          
    120              STATE_API_10_PUBLISHER_INACTIVE   = 1,          //!< (initial_state)
    121              STATE_API_10_PUBLISHER_ACTIVE     = 2,
    122              STATE_API_10_PUBLISHER_PUBLISHING = 3,
    123          
    124              STATE_API_10_PUBLISHER_END        = 4
    125          } API_10_PUBLISHER_STATE_TYPE;
    126          
    127          // -- Private Function Prototypes used by the state machine for customization functions --
    128          static void CheckDataDue(void);
    129          static void CheckMetadataDue(void);
    130          static void PublishNextPacket(void);
    131          static void ResetPublisher(void);
    132          static void UpdateTimer(void);
    133          
    134          // -- Private Function Prototypes used by the state machine for standard state machine functions --
    135          static void API10PublisherExecute(void);
    136          static void API10PublisherInitialize(void);
    137          static void EventProceed(void);
    138          static void EventStartPublishing(void);
    139          static void EventStopPublishing(void);
    140          
    141          // !! StateEngineCrank cannot update this code if you change the footer !!
    142          // End of StateEngineCrank Auto-Generated Code.
    143          
    144          
    145          //  --- Private Declarations ------------------------------------------------------------------------------------------
    146          
    147          
    148          // -- Private Constant Declarations --
    149          
    150          //! The total number of variables that can be managed by the API010 module.
    151          #define API010_VARS_COUNT                       (API010_FIXED_VARS_COUNT + API010_MMAP_VARS_COUNT)
    152          
    153          #ifndef API010_STREAM_BUFFER_SIZE
    154              //! The size of the incoming and outgoing data streams for transferring the periodic data.
    155              // The '6' in the equation is a guess of the average memory used by each variable in the data stream.
    156              #define API010_STREAM_BUFFER_SIZE           (API010_VARS_COUNT * 6)
    157          #endif
    158          
    159          #ifndef API010_ON_CHANGE_BUFFER_SIZE
    160              //! The size of the buffer that can be used for detecting variables "on change".
    161              #define API010_ON_CHANGE_BUFFER_SIZE        0
    162          #endif
    163          
    164          //! The minimum publication period allowed by API010.
    165          #define API010_MINIMUM_PUBLICATION_PERIOD       10
    166          
    167          //! The maximum number of metadata that can fit in a Reveal packet.
    168          #define API010_MAXIMUM_METADATA_PER_PACKET      (REVEAL_PAYLOAD_SIZE / sizeof(API010_VARIABLE_METADATA_TYPE))
    169          
    170          //! The name of this module for use by the Log module.
    171          #define MODULE_NAME                             MODULE_API010_POLL_VAR
    172          
    173          
    174          // -- Private Enumerated Constant Declarations --
    175          
    176          //! Methods of data extraction supported by API010.
    177          typedef enum API010_ACQUISITION_METHOD_ENUM
    178          {
    179              API010_METHOD_REVEAL = 0,
    180              API010_METHOD_SPI,
    181              API010_METHOD_DIRECT_SERIAL,
    182              API010_METHOD_SIZE
    183          } API010_METHOD_TYPE;
    184          
    185          //! All the API010 command and feedback OpCodes.
    186          typedef enum API010_OPCODE_ENUM
    187          {
    188              API010_CMD_REQUEST_SPECIFIC_VARIABLE            = 1,    //!< Request data for one specific variable.
    189              API010_FBK_PUBLISH_SPECIFIC_VARIABLE            = 2,    //!< Publish data for one specific variable.
    190              API010_CMD_ENABLE_PERIODIC_DATA                 = 3,    //!< Enable or disable the periodic publication of selected variables.
    191              API010_FBK_PUBLISH_DATA_STREAM                  = 4,    //!< Publish the data with the selected variables.
    192              API010_CMD_DESELECT_ALL_VARIABLES               = 5,    //!< Remove all variables from the list of published variables.
    193              API010_CMD_SELECT_ALL_VARIABLES                 = 6,    //!< Add all variables to the list of published variables.
    194              API010_CMD_DESELECT_SPECIFIC_VARIABLES          = 7,    //!< Remove specific variables from the list of published variables.
    195              API010_CMD_SELECT_SPECIFIC_VARIABLES            = 8,    //!< Add specific variables to the list of published variables.
    196              API010_CMD_SETUP_PERIODIC_PUBLICATION           = 9,    //!< Setup the publication period and the method of sending variables.
    197              API010_CMD_DEFINE_MEMORY_MAPPED_VARIABLE        = 10,   //!< Add a single memory-mapped variable.
    198              API010_CMD_UNDEFINE_MEMORY_MAPPED_VARIABLE      = 11,   //!< Remove memory-mapped variable(s).
    199              API010_CMD_CONFIGURE_ON_CHANGE_BEHAVIOR         = 12,   //!< Specify that a variable be published (or not) on change.
    200              API010_CMD_REQUEST_FIXED_VARIABLE_METADATA      = 13,   //!< Request a fixed variable's metadata.
    201              API010_FBK_PUBLISH_FIXED_VARIABLE_METADATA      = 14,   //!< Publish a fixed variable's metadata.
    202              API010_CMD_REQUEST_ACQUISITION_CONFIGURATION    = 18,   //!< Request the API010 acquisition state.
    203              API010_FBK_PUBLISH_ACQUISITION_CONFIGURATION    = 19,   //!< Publish the API010 acquisition state.
    204              API010_CMD_REQUEST_NUM_OF_VARIABLES             = 20,   //!< Request the number of fixed and memory-mapped variables.
    205              API010_FBK_PUBLISH_NUM_OF_VARIABLES             = 21,   //!< Publish the number of fixed and memory-mapped variables.
    206              API010_CMD_WRITE_FIXED_VARIABLE_VALUE           = 22,   //!< Set the value of a writable variable.
    207          } API010_OPCODE_TYPE;
    208          
    209          //! A list of log message IDs that are generated by this module.
    210          typedef enum MODULE_API010_POLL_VAR_LOG_MESSAGE_ID_ENUM
    211          {
    212              TOO_MUCH_DATA = 1,
    213          } MODULE_API010_POLL_VAR_LOG_MESSAGE_ID_TYPE;
    214          
    215          
    216          // -- Private Structure Type Declarations --
    217          
    218          //! The control structure that tracks the configuration of a single data variable.
    219          typedef struct API010_DATA_CONTROL_STRUCT
    220          {
    221              BOOL_TYPE Selected  : 1;                        //!< Selected for periodic publication.
    222          #if (API010_ON_CHANGE_BUFFER_SIZE > 0)
    223              BOOL_TYPE On_Change : 1;                        //!< Also selected for publication on change.
    224              BOOL_TYPE Changed   : 1;                        //!< A change was detected in this variable.
    225          #endif
    226          } API010_DATA_CONTROL_TYPE;
    227          
    228          //! The first part of the payload when publishing API010 periodic data.
    229          typedef uint16 API010_STREAM_INDEX_TYPE;
    230          
    231          //! A structure for all the variables used by API010.
    232          typedef struct API010_RAM_DATA_STRUCT
    233          {
    234              //! The period of time between publication of API010 data.
    235              uint16 Publication_Period;
    236          
    237              //! The number of bytes in the Stream_Buffer[] array that must be published.
    238              API010_STREAM_INDEX_TYPE Stream_Length;
    239          
    240              //! The number of bytes in the Stream_Buffer[] array that have already been published.
    241              API010_STREAM_INDEX_TYPE Stream_Index;
    242          
    243              #if (API010_MMAP_VARS_COUNT > 0)
    244                  //! An array of configuration structures for potential memory-mapped variables.
    245                  API010_VARIABLE_TYPE Mem_Mapped_Vars[API010_MMAP_VARS_COUNT];
    246              #endif
    247          
    248              //! The configuration and control of all of the data variables.
    249              API010_DATA_CONTROL_TYPE Control[API010_VARS_COUNT];
    250          
    251              //! A value that saves the time of the last periodic publication.
    252              uint8 Publication_Counter;
    253          
    254              #if (API010_ON_CHANGE_BUFFER_SIZE > 0)
    255                  //! Offsets into the Last_Sent[] array for each variable.
    256                  uint16 Last_Sent_Offset[API010_VARS_COUNT + 1];
    257          
    258                  //! The RAM used to detect changed values in "on change" variables.
    259                  uint8 Last_Sent[API010_ON_CHANGE_BUFFER_SIZE];
    260              #endif
    261          
    262              //! Buffer used to build a packet for publishing data on Reveal or SPI.
    263              uint8 Stream_Buffer[API010_STREAM_BUFFER_SIZE];
    264          
    265              #if (API010_CAN_USE_SPIMGR_MODULE == ENABLED)
    266                  //! Buffer required for interactions with SpiMgr module. (Not used by this module.)
    267                  uint8 Rx_Buffer[API010_STREAM_BUFFER_SIZE];
    268              #endif
    269          
    270              //! The selected extraction method actively being used by API010.
    271              API010_METHOD_TYPE Method;
    272          
    273              #if (API010_USES_FIXED_VARIABLES_FEATURE == ENABLED)
    274                  //! The number of variables for which the variable metadata must still be sent.
    275                  uint8 Remaining_Metadata;
    276              #endif      // #if (API010_USES_FIXED_VARIABLES_FEATURE == ENABLED)
    277          
    278              //! Node to which packets should be sent.
    279              uint8 Reply_To;
    280          
    281              //! The checksum for the Stream_Buffer[] array.
    282              uint8 Stream_Csum;
    283          
    284              //! The sequence number for the Stream_Buffer[] array published with API010_FBK_PUBLISH_DATA_STREAM.
    285              uint8 Sequence_Number;
    286          
    287              //! Flag that indicates the state of the API010 module.
    288              API_10_PUBLISHER_STATE_TYPE State;
    289          
    290              //! Flag that indicates whether the API010 client has requested periodic data.
    291              BOOL_TYPE Periodic_Data_Requested;
    292          
    293              //! A flag that indicates that API010 data must be sent.
    294              BOOL_TYPE Send_Data;
    295          
    296              //! A flag that indicates that it is time to publish the API010 periodic data.
    297              BOOL_TYPE Is_Periodic_Data_Due;
    298          
    299              //! Flag that indicates whether this is the first publication of data since it was enabled.
    300              //! Used to publish errors only once when they are first detected.
    301              BOOL_TYPE Enable_Error_Reporting;
    302          } API010_RAM_DATA_TYPE;
    303          
    304          #if (API010_USES_FIXED_VARIABLES_FEATURE == ENABLED)
    305              //! Structure for holding a variable's metadata information.
    306              typedef PACKED struct API010_VARIABLE_METADATA_STRUCT
    307              {
    308                  uint8 Variable_Index;
    309                  uint8 Variable_Array_Elements;
    310                  DATATYPE_TYPE Variable_Element_Type;
    311                  uint32 Key;
    312              } API010_VARIABLE_METADATA_TYPE;
    313          #endif      // #if (API010_USES_FIXED_VARIABLES_FEATURE == ENABLED)
    314          
    315          
    316          //  --- Private Definitions -------------------------------------------------------------------------------------------
    317          
    318          
    319          // -- Private Flash-Based Constant Definitions --
    320          
    321          
    322          // -- Private Variable Definitions --
    323          
    324          //! A structure that holds all the variables used by this module.
    325          //! This allows for more efficient initialization and does not add any run-time overhead.

   \                                 In section .bss, align 4
    326          static API010_RAM_DATA_TYPE Api010;
   \                     Api010:
   \   00000000                      DS8 544
    327          
    328          
    329          //  --- Private Function Prototypes -----------------------------------------------------------------------------------
    330          
    331          uint8 GetMMapVarsCount(void);
    332          static BOOL_TYPE BuildStream(BOOL_TYPE all);
    333          static BOOL_TYPE GetVariableInfo(uint8 variable_index, API010_VARIABLE_TYPE* var_info);
    334          static BOOL_TYPE IsOnChangeDataDue(void);
    335          #if (API010_ON_CHANGE_BUFFER_SIZE > 0)
    336              static void AddToOffsets(uint8 first_index, sint16 delta);
    337              static BOOL_TYPE OnChangeInsertVariable(uint8 variable_index);
    338              static void OnChangeRemoveVariable(uint8 variable_index);
    339              static BOOL_TYPE SetOnChangeBehavior(BOOL_TYPE on_change, uint8 first_index, uint8 last_index);
    340          #endif      // #if (API010_ON_CHANGE_BUFFER_SIZE > 0)
    341          static void UpdateTimer(void);
    342          #if (API010_USES_FIXED_VARIABLES_FEATURE == ENABLED)
    343              static void PublishNextMetadata(void);
    344              static PASS_FAIL_TYPE RevealAppendMetadata(REVEAL_COMMAND_TYPE *msg, uint8 variable_index);
    345          #endif
    346          #if (API010_MMAP_VARS_COUNT > 0)
    347              static void RemoveMemoryMappedVariable(uint8 dyn_index);
    348          #endif
    349          
    350          
    351          //=====================================================================================================================
    352          //  --- Public Functions ----------------------------------------------------------------------------------------------
    353          //=====================================================================================================================
    354          
    355          
    356          //---------------------------------------------------------------------------------------------------------------------
    357          /**
    358           * Initialize the API010PollVar module variables.
    359           */

   \                                 In section .text, align 2, keep-with-next
    360          void API010PollVar__Initialize(void)
    361          {
   \                     API010PollVar__Initialize: (+1)
   \   00000000   0xB510             PUSH     {R4,LR}
    362              // Initialize the Spi module if it is only used by API010.
    363              #if (API010_CAN_USE_SPI_MODULE == ENABLED)
    364                  Spi__Initialize(API010POLLVAR_SPI_CHANNEL);
    365              #endif
    366          
    367              if (Micro__GetResetMode() != MICRO_RESET_MODE_WARM)
   \   00000002   0x.... 0x....      BL       Micro__GetResetMode
   \   00000006   0x2801             CMP      R0,#+1
   \   00000008   0xD012             BEQ.N    ??API010PollVar__Initialize_0
    368              {
    369                  // Initialize all of the module's RAM to zeros.
    370                  memset(&Api010, 0, sizeof(Api010));
   \   0000000A   0x.... 0x....      LDR.W    R4,??DataTable5
   \   0000000E   0xF44F 0x7108      MOV      R1,#+544
   \   00000012   0x4620             MOV      R0,R4
   \   00000014   0x.... 0x....      BL       __aeabi_memclr4
    371          
    372                  // Set other default values.
    373                  Api010.Publication_Period = 1000;
   \   00000018   0xF44F 0x707A      MOV      R0,#+1000
   \   0000001C   0x8020             STRH     R0,[R4, #+0]
    374          
    375                  // Initialize the state machine.
    376                  API10PublisherInitialize();
   \   0000001E   0x2001             MOVS     R0,#+1
   \   00000020   0xF884 0x021A      STRB     R0,[R4, #+538]
   \   00000024   0x2000             MOVS     R0,#+0
   \   00000026   0xF884 0x0143      STRB     R0,[R4, #+323]
   \   0000002A   0x2001             MOVS     R0,#+1
   \   0000002C   0xF884 0x021E      STRB     R0,[R4, #+542]
    377              }
    378          }
   \                     ??API010PollVar__Initialize_0: (+1)
   \   00000030   0xBD10             POP      {R4,PC}          ;; return
    379          
    380          
    381          //---------------------------------------------------------------------------------------------------------------------
    382          /**
    383           * Handle the messages that must be sent on Reveal.
    384           * Handles the periodic publication of data when the API010_METHOD_REVEAL method is selected.
    385           * Handles the (lower priority) publication of metadata when requested.
    386           */

   \                                 In section .text, align 2, keep-with-next
    387          void API010PollVar__SlowHandler(void)
    388          {
   \                     API010PollVar__SlowHandler: (+1)
   \   00000000   0xE92D 0x41F0      PUSH     {R4-R8,LR}
    389              if (Api010.Method == API010_METHOD_REVEAL)
   \   00000004   0x.... 0x....      LDR.W    R4,??DataTable5
   \   00000008   0xF894 0x0216      LDRB     R0,[R4, #+534]
   \   0000000C   0xB082             SUB      SP,SP,#+8
   \   0000000E   0x2800             CMP      R0,#+0
   \   00000010   0xF040 0x80B5      BNE.W    ??API010PollVar__SlowHandler_0
    390              {
    391                  API10PublisherExecute();
   \   00000014   0xF894 0x021A      LDRB     R0,[R4, #+538]
   \   00000018   0x2802             CMP      R0,#+2
   \   0000001A   0xD013             BEQ.N    ??API010PollVar__SlowHandler_1
   \   0000001C   0x2803             CMP      R0,#+3
   \   0000001E   0xF040 0x80AE      BNE.W    ??API010PollVar__SlowHandler_0
   \   00000022   0x.... 0x....      BL       Millis__GetFreeRunningCounter
   \   00000026   0x8821             LDRH     R1,[R4, #+0]
   \   00000028   0xFBB0 0xF0F1      UDIV     R0,R0,R1
   \   0000002C   0xF894 0x1143      LDRB     R1,[R4, #+323]
   \   00000030   0xB2C0             UXTB     R0,R0
   \   00000032   0x4281             CMP      R1,R0
   \   00000034   0xF000 0x80A1      BEQ.W    ??API010PollVar__SlowHandler_2
   \   00000038   0xF884 0x0143      STRB     R0,[R4, #+323]
   \   0000003C   0x2001             MOVS     R0,#+1
   \   0000003E   0xF884 0x021D      STRB     R0,[R4, #+541]
   \   00000042   0xE09A             B.N      ??API010PollVar__SlowHandler_2
   \                     ??API010PollVar__SlowHandler_1: (+1)
   \   00000044   0x.... 0x....      BL       Millis__GetFreeRunningCounter
   \   00000048   0x8821             LDRH     R1,[R4, #+0]
   \   0000004A   0xFBB0 0xF0F1      UDIV     R0,R0,R1
   \   0000004E   0xF894 0x1143      LDRB     R1,[R4, #+323]
   \   00000052   0xB2C0             UXTB     R0,R0
   \   00000054   0x4281             CMP      R1,R0
   \   00000056   0xD004             BEQ.N    ??API010PollVar__SlowHandler_3
   \   00000058   0xF884 0x0143      STRB     R0,[R4, #+323]
   \   0000005C   0x2001             MOVS     R0,#+1
   \   0000005E   0xF884 0x021D      STRB     R0,[R4, #+541]
   \                     ??API010PollVar__SlowHandler_3: (+1)
   \   00000062   0xF894 0x021D      LDRB     R0,[R4, #+541]
   \   00000066   0x2801             CMP      R0,#+1
   \   00000068   0xF040 0x8089      BNE.W    ??API010PollVar__SlowHandler_0
   \   0000006C   0x2000             MOVS     R0,#+0
   \   0000006E   0xF884 0x021D      STRB     R0,[R4, #+541]
   \   00000072   0x2500             MOVS     R5,#+0
   \   00000074   0xF894 0x0219      LDRB     R0,[R4, #+537]
   \   00000078   0xF884 0x0144      STRB     R0,[R4, #+324]
   \   0000007C   0xF504 0x7690      ADD      R6,R4,#+288
   \   00000080   0x1C40             ADDS     R0,R0,#+1
   \   00000082   0xF884 0x0219      STRB     R0,[R4, #+537]
   \   00000086   0xF104 0x0708      ADD      R7,R4,#+8
   \   0000008A   0x2001             MOVS     R0,#+1
   \   0000008C   0x8060             STRH     R0,[R4, #+2]
   \                     ??API010PollVar__SlowHandler_4: (+1)
   \   0000008E   0x7830             LDRB     R0,[R6, #+0]
   \   00000090   0x07C0             LSLS     R0,R0,#+31
   \   00000092   0xD51F             BPL.N    ??API010PollVar__SlowHandler_5
   \   00000094   0x6838             LDR      R0,[R7, #+0]
   \   00000096   0xB320             CBZ.N    R0,??API010PollVar__SlowHandler_6
   \   00000098   0xCF06             LDM      R7!,{R1,R2}
   \   0000009A   0xA800             ADD      R0,SP,#+0
   \   0000009C   0x3F08             SUBS     R7,R7,#+8
   \   0000009E   0xC006             STM      R0!,{R1,R2}
   \   000000A0   0x8860             LDRH     R0,[R4, #+2]
   \   000000A2   0xF89D 0x8004      LDRB     R8,[SP, #+4]
   \   000000A6   0xFA50 0xF188      UXTAB    R1,R0,R8
   \   000000AA   0x1C49             ADDS     R1,R1,#+1
   \   000000AC   0x29D2             CMP      R1,#+210
   \   000000AE   0xDA18             BGE.N    ??API010PollVar__SlowHandler_6
   \   000000B0   0x1900             ADDS     R0,R0,R4
   \   000000B2   0x4642             MOV      R2,R8
   \   000000B4   0xF880 0x5144      STRB     R5,[R0, #+324]
   \   000000B8   0x8860             LDRH     R0,[R4, #+2]
   \   000000BA   0x9900             LDR      R1,[SP, #+0]
   \   000000BC   0x1C40             ADDS     R0,R0,#+1
   \   000000BE   0x8060             STRH     R0,[R4, #+2]
   \   000000C0   0xB280             UXTH     R0,R0
   \   000000C2   0x1900             ADDS     R0,R0,R4
   \   000000C4   0xF500 0x70A2      ADD      R0,R0,#+324
   \   000000C8   0x.... 0x....      BL       __aeabi_memcpy
   \   000000CC   0x8860             LDRH     R0,[R4, #+2]
   \   000000CE   0xFA50 0xF088      UXTAB    R0,R0,R8
   \   000000D2   0x8060             STRH     R0,[R4, #+2]
   \                     ??API010PollVar__SlowHandler_5: (+1)
   \   000000D4   0x1C6D             ADDS     R5,R5,#+1
   \   000000D6   0xB2ED             UXTB     R5,R5
   \   000000D8   0x3708             ADDS     R7,R7,#+8
   \   000000DA   0x1C76             ADDS     R6,R6,#+1
   \   000000DC   0x2D23             CMP      R5,#+35
   \   000000DE   0xDBD6             BLT.N    ??API010PollVar__SlowHandler_4
   \   000000E0   0xE006             B.N      ??API010PollVar__SlowHandler_7
   \                     ??API010PollVar__SlowHandler_6: (+1)
   \   000000E2   0xF894 0x021E      LDRB     R0,[R4, #+542]
   \   000000E6   0x2801             CMP      R0,#+1
   \   000000E8   0xBF04             ITT      EQ 
   \   000000EA   0x2000             MOVEQ    R0,#+0
   \   000000EC   0xF884 0x021E      STRBEQ   R0,[R4, #+542]
   \                     ??API010PollVar__SlowHandler_7: (+1)
   \   000000F0   0x8860             LDRH     R0,[R4, #+2]
   \   000000F2   0x2802             CMP      R0,#+2
   \   000000F4   0xDB2F             BLT.N    ??API010PollVar__SlowHandler_8
   \   000000F6   0x2000             MOVS     R0,#+0
   \   000000F8   0xF884 0x0218      STRB     R0,[R4, #+536]
   \                     ??API010PollVar__SlowHandler_9: (+1)
   \   000000FC   0x1902             ADDS     R2,R0,R4
   \   000000FE   0xF894 0x1218      LDRB     R1,[R4, #+536]
   \   00000102   0xF892 0x2144      LDRB     R2,[R2, #+324]
   \   00000106   0x1851             ADDS     R1,R2,R1
   \   00000108   0x1C40             ADDS     R0,R0,#+1
   \   0000010A   0x8862             LDRH     R2,[R4, #+2]
   \   0000010C   0xF884 0x1218      STRB     R1,[R4, #+536]
   \   00000110   0xB280             UXTH     R0,R0
   \   00000112   0x4290             CMP      R0,R2
   \   00000114   0xD21D             BCS.N    ??API010PollVar__SlowHandler_10
   \   00000116   0x1903             ADDS     R3,R0,R4
   \   00000118   0x1C40             ADDS     R0,R0,#+1
   \   0000011A   0xF893 0x3144      LDRB     R3,[R3, #+324]
   \   0000011E   0x1859             ADDS     R1,R3,R1
   \   00000120   0xB280             UXTH     R0,R0
   \   00000122   0xF884 0x1218      STRB     R1,[R4, #+536]
   \   00000126   0x4290             CMP      R0,R2
   \   00000128   0xD213             BCS.N    ??API010PollVar__SlowHandler_10
   \   0000012A   0x1903             ADDS     R3,R0,R4
   \   0000012C   0x1C40             ADDS     R0,R0,#+1
   \   0000012E   0xF893 0x3144      LDRB     R3,[R3, #+324]
   \   00000132   0x1859             ADDS     R1,R3,R1
   \   00000134   0xB280             UXTH     R0,R0
   \   00000136   0xF884 0x1218      STRB     R1,[R4, #+536]
   \   0000013A   0x4290             CMP      R0,R2
   \   0000013C   0xD209             BCS.N    ??API010PollVar__SlowHandler_10
   \   0000013E   0x1903             ADDS     R3,R0,R4
   \   00000140   0x1C40             ADDS     R0,R0,#+1
   \   00000142   0xF893 0x3144      LDRB     R3,[R3, #+324]
   \   00000146   0x1859             ADDS     R1,R3,R1
   \   00000148   0xB280             UXTH     R0,R0
   \   0000014A   0xF884 0x1218      STRB     R1,[R4, #+536]
   \   0000014E   0x4290             CMP      R0,R2
   \   00000150   0xD3D4             BCC.N    ??API010PollVar__SlowHandler_9
   \                     ??API010PollVar__SlowHandler_10: (+1)
   \   00000152   0x2000             MOVS     R0,#+0
   \   00000154   0x80A0             STRH     R0,[R4, #+4]
   \                     ??API010PollVar__SlowHandler_8: (+1)
   \   00000156   0x8860             LDRH     R0,[R4, #+2]
   \   00000158   0x2802             CMP      R0,#+2
   \   0000015A   0xDB10             BLT.N    ??API010PollVar__SlowHandler_0
   \   0000015C   0xF894 0x021A      LDRB     R0,[R4, #+538]
   \   00000160   0x2802             CMP      R0,#+2
   \   00000162   0xD007             BEQ.N    ??API010PollVar__SlowHandler_11
   \   00000164   0x2803             CMP      R0,#+3
   \   00000166   0xD10A             BNE.N    ??API010PollVar__SlowHandler_0
   \   00000168   0x2002             MOVS     R0,#+2
   \   0000016A   0xF884 0x021A      STRB     R0,[R4, #+538]
    392              }
    393          }
   \   0000016E   0xB002             ADD      SP,SP,#+8
   \   00000170   0xE8BD 0x81F0      POP      {R4-R8,PC}
   \                     ??API010PollVar__SlowHandler_11: (+1)
   \   00000174   0x2003             MOVS     R0,#+3
   \   00000176   0xF884 0x021A      STRB     R0,[R4, #+538]
   \                     ??API010PollVar__SlowHandler_2: (+1)
   \   0000017A   0x.... 0x....      BL       PublishNextPacket
   \                     ??API010PollVar__SlowHandler_0: (+1)
   \   0000017E   0xB002             ADD      SP,SP,#+8
   \   00000180   0xE8BD 0x81F0      POP      {R4-R8,PC}       ;; return
    394          
    395          
    396          //---------------------------------------------------------------------------------------------------------------------
    397          /**
    398           * Handle the messages that must be sent on SPI.
    399           * Typically managed on a 250us interrupt time base.
    400           */

   \                                 In section .text, align 2, keep-with-next
    401          void API010PollVar__FastHandler(void)
    402          {
    403          #if (API010_CAN_USE_SPI_MODULE == ENABLED)
    404              if (Api010.Method == API010_METHOD_SPI)
    405              {
    406                  API10PublisherExecute();
    407              }
    408          #endif
    409          }
   \                     API010PollVar__FastHandler: (+1)
   \   00000000   0x4770             BX       LR               ;; return
    410          
    411          
    412          //---------------------------------------------------------------------------------------------------------------------
    413          /**
    414           * This method parses API010 commands sent to a broadcast or exclusively to this node.
    415           * @param cmd = Pointer to the received command message.
    416           * @return REVEAL_RECIPE_STATUS_TYPE that expresses the result of the parsing.
    417           */

   \                                 In section .text, align 4, keep-with-next
    418          REVEAL_RECIPE_STATUS_TYPE API010PollVar__CommandParser(REVEAL_MSG_TYPE* cmd)
    419          {
   \                     API010PollVar__CommandParser: (+1)
   \   00000000   0xE92D 0x42F0      PUSH     {R4-R7,R9,LR}
   \   00000004   0xB082             SUB      SP,SP,#+8
    420              // For convenience extract parts of the command into automatic variables.
    421              uint8 size = cmd->size;
    422              uint8* payload = cmd->payload;
    423          
    424              // Assume that the message is not supported.
    425              REVEAL_RECIPE_STATUS_TYPE reveal_response = NVO_RS_UNSUP_INVALID_PARAM;
    426              switch ((API010_OPCODE_TYPE)cmd->op_code)
   \   00000006   0x7901             LDRB     R1,[R0, #+4]
   \   00000008   0xF890 0x4048      LDRB     R4,[R0, #+72]
   \   0000000C   0xF001 0x011F      AND      R1,R1,#0x1F
   \   00000010   0x1D45             ADDS     R5,R0,#+5
   \   00000012   0x2607             MOVS     R6,#+7
   \   00000014   0x1E49             SUBS     R1,R1,#+1
   \   00000016   0x2913             CMP      R1,#+19
   \   00000018   0xF200 0x81EC      BHI.W    ??API010PollVar__CommandParser_1
   \   0000001C   0xE8DF 0xF011      TBH      [PC, R1, LSL #+1]
   \                     ??API010PollVar__CommandParser_0:
   \   00000020   0x0186 0x01EA      DC16     0x186,0x1EA,0x14,0x1EA
   \              0x0014 0x01EA
   \   00000028   0x0078 0x0052      DC16     0x78,0x52,0xDA,0x93
   \              0x00DA 0x0093
   \   00000030   0x003A 0x0135      DC16     0x3A,0x135,0x14A,0x1EA
   \              0x014A 0x01EA
   \   00000038   0x01EA 0x01EA      DC16     0x1EA,0x1EA,0x1EA,0x1EA
   \              0x01EA 0x01EA
   \   00000040   0x01EA 0x01EA      DC16     0x1EA,0x1EA,0x1EA,0x1AE
   \              0x01EA 0x01AE
    427              {
    428                  case API010_CMD_ENABLE_PERIODIC_DATA:
    429                      // Expected Payload:
    430                      //      One byte: 0 = Stop publishing periodic data, 1 = Start publishing periodic data.
    431                      if (size >= 1)
   \                     ??API010PollVar__CommandParser_2: (+1)
   \   00000048   0x2C00             CMP      R4,#+0
   \   0000004A   0xF000 0x81D4      BEQ.W    ??API010PollVar__CommandParser_3
    432                      {
    433                          BOOL_TYPE data_requested = ((payload[0] == 0) ? FALSE : TRUE);
   \   0000004E   0x.... 0x....      LDR.W    R7,??DataTable5
   \   00000052   0x7829             LDRB     R1,[R5, #+0]
   \   00000054   0xF897 0x021A      LDRB     R0,[R7, #+538]
   \   00000058   0xB989             CBNZ.N   R1,??API010PollVar__CommandParser_4
    434                          if (data_requested == TRUE)
    435                          {
    436                              EventStartPublishing();
    437                          }
    438                          else
    439                          {
    440                              EventStopPublishing();
   \   0000005A   0x1E80             SUBS     R0,R0,#+2
   \   0000005C   0x2801             CMP      R0,#+1
   \   0000005E   0xF200 0x81BF      BHI.W    ??API010PollVar__CommandParser_5
   \   00000062   0x2001             MOVS     R0,#+1
   \   00000064   0xF887 0x021A      STRB     R0,[R7, #+538]
    441                          }
    442                          reveal_response = NVO_RS_READY;
    443                      }
    444                      break;
    445          
    446                  case API010_CMD_SETUP_PERIODIC_PUBLICATION:
    447                      // Expected Payload:
    448                      //      One byte for the extraction method.
    449                      //      Two big-endian bytes for the publication period in milliseconds.
    450                      if (size >= 3)
    451                      {
    452                          API010_METHOD_TYPE method = (API010_METHOD_TYPE)payload[0];
    453                          uint16 milliseconds = Utilities__ConvertArrayTo16bits(&payload[1]);
    454                          uint16 max_ms = (method == API010_METHOD_REVEAL) ? API010_MINIMUM_PUBLICATION_PERIOD : 1;
    455                          if (milliseconds >= max_ms)
    456                          {
    457                              Api010.Method = method;
    458                              Api010.Publication_Period = milliseconds;
    459                              reveal_response = NVO_RS_READY;
    460                          }
    461                      }
    462                      break;
    463          
    464                  case API010_CMD_SELECT_ALL_VARIABLES:
    465                      // Expected No Payload
    466                      #if (API010_USES_FIXED_VARIABLES_FEATURE == ENABLED)
    467                          for (uint8 index = 0; index < API010_FIXED_VARS_COUNT; index++)
    468                          {
    469                              Api010.Control[index].Selected = TRUE;
    470                          }
    471                      #endif      // #if ((API010_USES_FIXED_VARIABLES_FEATURE == ENABLED)
    472                      #if (API010_MMAP_VARS_COUNT > 0)
    473                          for (uint8 index = 0; index < API010_MMAP_VARS_COUNT; index++)
    474                          {
    475                              if (Api010.Mem_Mapped_Vars[index].Address != NULL)
    476                              {
    477                                  Api010.Control[API010_FIXED_VARS_COUNT + index].Selected = TRUE;
    478                              }
    479                          }
    480                      #endif      // #if (API010_MMAP_VARS_COUNT > 0)
    481                      reveal_response = NVO_RS_READY;
    482                      break;
    483          
    484                  case API010_CMD_DESELECT_ALL_VARIABLES:
    485                      // Expected No Payload
    486                      for (uint8 index = 0; index < API010_VARS_COUNT; index++)
    487                      {
    488                          Api010.Control[index].Selected = FALSE;
    489                      }
    490                      reveal_response = NVO_RS_READY;
    491                      break;
    492          
    493                  case API010_CMD_SELECT_SPECIFIC_VARIABLES:
    494                      // Expected Payload:
    495                      //      One byte for each selected variable index.
    496                      reveal_response = NVO_RS_READY;
    497                      for (uint8 index = 0; index < size; index++)
    498                      {
    499                          uint8 variable_index = payload[index];
    500                          if (
    501                            #if (API010_USES_FIXED_VARIABLES_FEATURE == ENABLED)
    502                              (variable_index < API010_FIXED_VARS_COUNT)
    503                              #if (API010_MMAP_VARS_COUNT > 0)
    504                               ||
    505                              #endif
    506                            #endif
    507                            #if (API010_MMAP_VARS_COUNT > 0)
    508                              ((variable_index < API010_VARS_COUNT) &&
    509                               (Api010.Mem_Mapped_Vars[variable_index - API010_FIXED_VARS_COUNT].Address != NULL))
    510                            #endif
    511                             )
    512                          {
    513                              Api010.Control[variable_index].Selected = TRUE;
    514                          }
    515                          else
    516                          {
    517                              reveal_response = NVO_RS_UNSUP_INVALID_PARAM;
    518                          }
    519                      }
    520                      break;
    521          
    522                  case API010_CMD_DESELECT_SPECIFIC_VARIABLES:
    523                      // Expected Payload:
    524                      //      One byte for each deselected variable index.
    525                      reveal_response = NVO_RS_READY;
    526                      for (uint8 index = 0; index < size; index++)
    527                      {
    528                          uint8 variable_index = payload[index];
    529                          if (variable_index < API010_VARS_COUNT)
    530                          {
    531                              Api010.Control[variable_index].Selected = FALSE;
    532                          }
    533                          else
    534                          {
    535                              reveal_response = NVO_RS_UNSUP_INVALID_PARAM;
    536                          }
    537                      }
    538                      break;
    539          
    540              #if (API010_ON_CHANGE_BUFFER_SIZE > 0)
    541                  case API010_CMD_CONFIGURE_ON_CHANGE_BEHAVIOR:
    542                      // Expected Payload:
    543                      //      One byte for the variable index.
    544                      //      One byte for the "on-change" flag. 0 = do not publish on change, 1 = publish on change.
    545                      if (size >= 2)
    546                      {
    547                          uint8 variable_index = payload[0];
    548                          BOOL_TYPE on_change = ((payload[1] == 0) ? FALSE : TRUE);
    549                          if (variable_index < API010_VARS_COUNT)
    550                          {
    551                              // Set the "on change" behavior for the specified variable.
    552                              if (SetOnChangeBehavior(on_change, variable_index, variable_index) == TRUE)
    553                              {
    554                                  reveal_response = NVO_RS_READY;
    555                              }
    556                          }
    557                          else if (variable_index == 255)
    558                          {
    559                              // Set the "on change" behavior for all variables.
    560                              if (SetOnChangeBehavior(on_change, 0, API010_VARS_COUNT - 1) == TRUE)
    561                              {
    562                                  reveal_response = NVO_RS_READY;
    563                              }
    564                          }
    565                      }
    566                      break;
    567              #endif      // #if (API010_ON_CHANGE_BUFFER_SIZE > 0)
    568          
    569              #if (API010_USES_FIXED_VARIABLES_FEATURE == ENABLED)
    570                  case API010_CMD_REQUEST_FIXED_VARIABLE_METADATA:
    571                      // Expected Payload:
    572                      //      One byte for the variable index.
    573                      if (size >= 1)
    574                      {
    575                          uint8 variable_index = payload[0];
    576                          if (variable_index < API010_FIXED_VARS_COUNT)
    577                          {
    578                              // Publish metadata for specified variable.
    579                              REVEAL_COMMAND_TYPE* msg = Reveal__NewFeedback(API010POLLVAR_NUM, API010_FBK_PUBLISH_FIXED_VARIABLE_METADATA, cmd->node_id, sizeof(API010_VARIABLE_METADATA_TYPE));
    580                              if ((msg != NULL) &&
    581                                  (RevealAppendMetadata(msg, variable_index) == PASS) &&
    582                                  (Reveal__QueueCommand(msg) == TRUE))
    583                              {
    584                                  reveal_response = NVO_RS_READY;
    585                              }
    586                              else
    587                              {
    588                                  // Reveal rejected the request to publish a message.
    589                                  reveal_response = NVO_RS_UNSUP_OUT_OF_MEMORY;
    590                              }
    591                          }
    592                          else if (variable_index == 255)
    593                          {
    594                              // Publish metadata for all fixed variables.
    595                              Api010.Reply_To = cmd->node_id;
    596                              Api010.Remaining_Metadata = API010_FIXED_VARS_COUNT;
    597                              reveal_response = NVO_RS_READY;
    598                          }
    599                      }
    600                      break;
    601              #endif      // #if (API010_USES_FIXED_VARIABLES_FEATURE == ENABLED)
    602          
    603              #if (API010_MMAP_VARS_COUNT > 0)
    604                  case API010_CMD_DEFINE_MEMORY_MAPPED_VARIABLE:
    605                      // Expected Payload:
    606                      //      One byte for the variable index.
    607                      //      One byte for the size of the variable's data.
    608                      //      Four big-endian bytes for the variable's pointer.
    609                      if (size >= 6)
    610                      {
    611                          uint8 variable_index = payload[0];
    612                          if (
    613                              #if (API010_USES_FIXED_VARIABLES_FEATURE == ENABLED)
    614                               (API010_FIXED_VARS_COUNT <= variable_index) &&
    615                              #endif
    616                               (variable_index < API010_VARS_COUNT))
    617                          {
    618                              // adjust index
    619                              uint8 mmap_index = variable_index - API010_FIXED_VARS_COUNT;
    620                              Api010.Mem_Mapped_Vars[mmap_index].Size = payload[1];
    621                              Api010.Mem_Mapped_Vars[mmap_index].Address = (void*)Utilities__ConvertArrayTo32bits(&payload[2]); //lint !e923 Suppress Info: cast from unsigned long to pointer [Encompasses MISRA 2004 Rule 11.1]
    622                              reveal_response = NVO_RS_READY;
    623                          }
    624                      }
    625                      break;
    626          
    627                  case API010_CMD_UNDEFINE_MEMORY_MAPPED_VARIABLE:
    628                      // Expected Payload:
    629                      //      One byte for each undefined variable index.
    630                      if ((size == 1) && (payload[0] == 255))
    631                      {
    632                          // Undefine all memory-mapped variables.
    633                          for (uint8 mmap_index = 0; mmap_index < API010_MMAP_VARS_COUNT; mmap_index++)
    634                          {
    635                              RemoveMemoryMappedVariable(mmap_index);
    636                          }
    637                          reveal_response = NVO_RS_READY;
    638                      }
    639                      else
    640                      {
    641                          for (uint8 index = 0; index < size; index++)
    642                          {
    643                              uint8 variable_index = payload[index];
    644                              if (
    645                                  #if (API010_USES_FIXED_VARIABLES_FEATURE == ENABLED)
    646                                   (API010_FIXED_VARS_COUNT <= variable_index) &&
    647                                  #endif
    648                                   (variable_index < API010_VARS_COUNT))
    649                              {
    650                                  // Undefine the specified memory-mapped variable.
    651                                  uint8 mmap_index = variable_index - API010_FIXED_VARS_COUNT;
    652                                  RemoveMemoryMappedVariable(mmap_index);
    653                                  reveal_response = NVO_RS_READY;
    654                              }
    655                          }
    656                      }
    657                      break;
    658              #endif      // #if (API010_MMAP_VARS_COUNT > 0)
    659          
    660                  case API010_CMD_REQUEST_SPECIFIC_VARIABLE:
    661                      // Expected Payload:
    662                      //      One byte for the variable index.
    663                      if (size >= 1)
    664                      {
    665                          // This opcode sends the data of one specific variable, this opcode doesn't take care of endianess, it will be send out in the endianess of the micro
    666                          // The same process used by the stream transmission.
    667                          uint8 variable_index = payload[0];
    668                          API010_VARIABLE_TYPE variable;
    669                          if (GetVariableInfo(variable_index, &variable) == TRUE)
    670                          {
    671                              REVEAL_COMMAND_TYPE* msg = Reveal__NewFeedback(API010POLLVAR_NUM, API010_FBK_PUBLISH_SPECIFIC_VARIABLE, cmd->node_id, variable.Size + 1);
    672                              if ((Reveal__AddDataU8(msg, variable_index) == PASS) &&
    673                                  (Reveal__AddDataU8Buffer(msg, variable.Address, variable.Size) == PASS) &&
    674                                  (Reveal__QueueCommand(msg) == TRUE))
    675                              {
    676                                  reveal_response = NVO_RS_READY;
    677                              }
    678                              else
    679                              {
    680                                  // Reveal rejected the request to publish a message.
    681                                  reveal_response = NVO_RS_UNSUP_OUT_OF_MEMORY;
    682                              }
    683                          }
    684                      }
    685                      break;
    686          
    687              #if (API010_USES_FIXED_VARIABLES_FEATURE == ENABLED)
    688                  case API010_CMD_WRITE_FIXED_VARIABLE_VALUE:
    689                      // Expected Payload
    690                      //      One byte for the variable index.
    691                      //      One byte for the array position.
    692                      //      One or more bytes for the variable value in native endian format.
    693                      if (size >= 3)
    694                      {
    695                          VARIABLE_ID_TYPE variable_index = (VARIABLE_ID_TYPE)payload[0];
    696                          if (variable_index < API010_FIXED_VARS_COUNT)
    697                          {
    698                              VARIABLE_TYPE variable;
    699                              Variable__GetByIndex(variable_index, &variable);
    700                              if (variable.Is_Writable == TRUE)
    701                              {
    702                                  uint8 array_position = payload[1];
    703                                  uint8 data_size = size - 2;
    704                                  uint8 variable_size = VARIABLE_SIZE[variable.Type];
    705                                  uint8 element_count = data_size / variable_size;
    706                                  if (((data_size % variable_size) == 0) &&
    707                                      (array_position + element_count <= variable.Length))
    708                                  {
    709                                      uint8* data_source = &payload[2];
    710                                      uint8* data_destination = variable.Address;
    711                                      data_destination += array_position * variable_size;
    712                                      memcpy(data_destination, data_source, data_size);
    713                                      reveal_response = NVO_RS_READY;
    714                                  }
    715                              }
    716                          }
    717                      }
    718                      break;
    719              #endif      // #if (API010_USES_FIXED_VARIABLES_FEATURE == ENABLED)
    720          
    721              #if (API010_DEBUG_ACQ_CONFIG == ENABLED)
    722                  case API010_CMD_REQUEST_ACQUISITION_CONFIGURATION:
    723                  {
    724                      // Expected No Payload
    725                      uint8 selected[BIT_STORAGE_SIZE(API010_VARS_COUNT)];
    726                      uint8 on_change[BIT_STORAGE_SIZE(API010_VARS_COUNT)];
    727                      for (uint8 index = 0; index < API010_VARS_COUNT; index++)
    728                      {
    729                          Utilities__SetBitInArray(selected, index, Api010.Control[index].Selected);
    730                          Utilities__SetBitInArray(on_change, index, Api010.Control[index].On_Change);
    731                      }
    732                      REVEAL_COMMAND_TYPE* msg = Reveal__NewFeedback(API010POLLVAR_NUM, API010_FBK_PUBLISH_ACQUISITION_CONFIGURATION, cmd->node_id, 2 * BIT_STORAGE_SIZE(API010_VARS_COUNT) + 4);
    733                      if ((Reveal__AddDataU8(msg, Api010.Method) == PASS) &&
    734                          (Reveal__AddDataU16(msg, Api010.Publication_Period) == PASS) &&
    735                          (Reveal__AddDataU8(msg, BIT_STORAGE_SIZE(API010_VARS_COUNT)) == PASS) &&
    736                          (Reveal__AddDataU8Buffer(msg, selected, BIT_STORAGE_SIZE(API010_VARS_COUNT)) == PASS) &&
    737                          (Reveal__AddDataU8Buffer(msg, on_change, BIT_STORAGE_SIZE(API010_VARS_COUNT)) == PASS) &&
    738                          (Reveal__QueueCommand(msg) == TRUE))
    739                      {
    740                          reveal_response = NVO_RS_READY;
    741                      }
    742                      else
    743                      {
    744                          reveal_response = NVO_RS_UNSUP_OUT_OF_MEMORY;
    745                      }
    746                      break;
    747                  }
    748              #endif      // #if (API010_DEBUG_ACQ_CONFIG == ENABLED)
    749          
    750                  case API010_CMD_REQUEST_NUM_OF_VARIABLES:
    751                  {
    752                      // Expected No Payload
    753                      REVEAL_COMMAND_TYPE* msg = Reveal__NewFeedback(API010POLLVAR_NUM, API010_FBK_PUBLISH_NUM_OF_VARIABLES, cmd->node_id, 2);
    754                      if ((Reveal__AddDataU8(msg, API010_FIXED_VARS_COUNT) == PASS) &&
    755                          (Reveal__AddDataU8(msg, API010_MMAP_VARS_COUNT) == PASS) &&
    756                          (Reveal__AddDataU8(msg, GetMMapVarsCount()) == PASS) &&
    757                          (Reveal__QueueCommand(msg) == TRUE))
    758                      {
    759                          reveal_response = NVO_RS_READY;
   \   00000068   0x2600             MOVS     R6,#+0
   \   0000006A   0x2000             MOVS     R0,#+0
   \   0000006C   0xF887 0x0143      STRB     R0,[R7, #+323]
    760                      }
    761                      else
    762                      {
    763                          // Reveal rejected the request to publish a message.
    764                          reveal_response = NVO_RS_UNSUP_OUT_OF_MEMORY;
    765                      }
    766                      break;
    767                  }
    768          
    769                  default:
    770                      reveal_response = NVO_RS_UNSUP_OP_CODE;
    771                      break;
    772              }
    773          
    774              return (reveal_response);
   \   00000070   0xB002             ADD      SP,SP,#+8
   \   00000072   0x2001             MOVS     R0,#+1
   \   00000074   0xF887 0x021E      STRB     R0,[R7, #+542]
   \   00000078   0x4630             MOV      R0,R6
   \   0000007A   0xE8BD 0x82F0      POP      {R4-R7,R9,PC}
   \                     ??API010PollVar__CommandParser_4: (+1)
   \   0000007E   0x2801             CMP      R0,#+1
   \   00000080   0xF040 0x81AE      BNE.W    ??API010PollVar__CommandParser_5
   \   00000084   0x2002             MOVS     R0,#+2
   \   00000086   0xF887 0x021A      STRB     R0,[R7, #+538]
   \   0000008A   0x2600             MOVS     R6,#+0
   \   0000008C   0x4630             MOV      R0,R6
   \   0000008E   0xB002             ADD      SP,SP,#+8
   \   00000090   0xE8BD 0x82F0      POP      {R4-R7,R9,PC}
   \                     ??API010PollVar__CommandParser_6: (+1)
   \   00000094   0x2C03             CMP      R4,#+3
   \   00000096   0xF2C0 0x81AE      BLT.W    ??API010PollVar__CommandParser_3
   \   0000009A   0x782C             LDRB     R4,[R5, #+0]
   \   0000009C   0x1C68             ADDS     R0,R5,#+1
   \   0000009E   0x.... 0x....      BL       Utilities__ConvertArrayTo16bits
   \   000000A2   0x2C00             CMP      R4,#+0
   \   000000A4   0xBF0C             ITE      EQ 
   \   000000A6   0x210A             MOVEQ    R1,#+10
   \   000000A8   0x2101             MOVNE    R1,#+1
   \   000000AA   0x4288             CMP      R0,R1
   \   000000AC   0xF0C0 0x81A3      BCC.W    ??API010PollVar__CommandParser_3
   \   000000B0   0x.... 0x....      LDR.W    R7,??DataTable5
   \   000000B4   0xF887 0x4216      STRB     R4,[R7, #+534]
   \   000000B8   0x8038             STRH     R0,[R7, #+0]
   \   000000BA   0x2600             MOVS     R6,#+0
   \   000000BC   0x4630             MOV      R0,R6
   \   000000BE   0xB002             ADD      SP,SP,#+8
   \   000000C0   0xE8BD 0x82F0      POP      {R4-R7,R9,PC}
   \                     ??API010PollVar__CommandParser_7: (+1)
   \   000000C4   0x.... 0x....      LDR.W    R7,??DataTable5
   \   000000C8   0x68B8             LDR      R0,[R7, #+8]
   \   000000CA   0xB128             CBZ.N    R0,??API010PollVar__CommandParser_8
   \   000000CC   0xF897 0x0120      LDRB     R0,[R7, #+288]
   \   000000D0   0xF040 0x0001      ORR      R0,R0,#0x1
   \   000000D4   0xF887 0x0120      STRB     R0,[R7, #+288]
   \                     ??API010PollVar__CommandParser_8: (+1)
   \   000000D8   0x2001             MOVS     R0,#+1
   \   000000DA   0xF207 0x1121      ADDW     R1,R7,#+289
   \   000000DE   0xF107 0x0210      ADD      R2,R7,#+16
   \                     ??API010PollVar__CommandParser_9: (+1)
   \   000000E2   0x6813             LDR      R3,[R2, #+0]
   \   000000E4   0xB11B             CBZ.N    R3,??API010PollVar__CommandParser_10
   \   000000E6   0x780B             LDRB     R3,[R1, #+0]
   \   000000E8   0xF043 0x0301      ORR      R3,R3,#0x1
   \   000000EC   0x700B             STRB     R3,[R1, #+0]
   \                     ??API010PollVar__CommandParser_10: (+1)
   \   000000EE   0x1C40             ADDS     R0,R0,#+1
   \   000000F0   0x6893             LDR      R3,[R2, #+8]
   \   000000F2   0xB11B             CBZ.N    R3,??API010PollVar__CommandParser_11
   \   000000F4   0x784B             LDRB     R3,[R1, #+1]
   \   000000F6   0xF043 0x0301      ORR      R3,R3,#0x1
   \   000000FA   0x704B             STRB     R3,[R1, #+1]
   \                     ??API010PollVar__CommandParser_11: (+1)
   \   000000FC   0x1C40             ADDS     R0,R0,#+1
   \   000000FE   0x3210             ADDS     R2,R2,#+16
   \   00000100   0x1C89             ADDS     R1,R1,#+2
   \   00000102   0x2823             CMP      R0,#+35
   \   00000104   0xDBED             BLT.N    ??API010PollVar__CommandParser_9
   \   00000106   0x2600             MOVS     R6,#+0
   \   00000108   0x4630             MOV      R0,R6
   \   0000010A   0xB002             ADD      SP,SP,#+8
   \   0000010C   0xE8BD 0x82F0      POP      {R4-R7,R9,PC}
   \                     ??API010PollVar__CommandParser_12: (+1)
   \   00000110   0x.... 0x....      LDR.W    R7,??DataTable5
   \   00000114   0xF897 0x0120      LDRB     R0,[R7, #+288]
   \   00000118   0xF000 0x00FE      AND      R0,R0,#0xFE
   \   0000011C   0xF887 0x0120      STRB     R0,[R7, #+288]
   \   00000120   0x2111             MOVS     R1,#+17
   \   00000122   0xF207 0x1021      ADDW     R0,R7,#+289
   \                     ??API010PollVar__CommandParser_13: (+1)
   \   00000126   0x7802             LDRB     R2,[R0, #+0]
   \   00000128   0xF002 0x02FE      AND      R2,R2,#0xFE
   \   0000012C   0x7002             STRB     R2,[R0, #+0]
   \   0000012E   0x7842             LDRB     R2,[R0, #+1]
   \   00000130   0xF002 0x02FE      AND      R2,R2,#0xFE
   \   00000134   0x7042             STRB     R2,[R0, #+1]
   \   00000136   0x1C80             ADDS     R0,R0,#+2
   \   00000138   0x1E49             SUBS     R1,R1,#+1
   \   0000013A   0xD1F4             BNE.N    ??API010PollVar__CommandParser_13
   \   0000013C   0x2600             MOVS     R6,#+0
   \   0000013E   0x4630             MOV      R0,R6
   \   00000140   0xB002             ADD      SP,SP,#+8
   \   00000142   0xE8BD 0x82F0      POP      {R4-R7,R9,PC}
   \                     ??API010PollVar__CommandParser_14: (+1)
   \   00000146   0x2600             MOVS     R6,#+0
   \   00000148   0x2100             MOVS     R1,#+0
   \   0000014A   0x2C01             CMP      R4,#+1
   \   0000014C   0xF2C0 0x8153      BLT.W    ??API010PollVar__CommandParser_3
   \   00000150   0x.... 0x....      LDR.W    R7,??DataTable5
   \   00000154   0x07E0             LSLS     R0,R4,#+31
   \   00000156   0xD510             BPL.N    ??API010PollVar__CommandParser_15
   \   00000158   0x7828             LDRB     R0,[R5, #+0]
   \   0000015A   0x2823             CMP      R0,#+35
   \   0000015C   0xDA0B             BGE.N    ??API010PollVar__CommandParser_16
   \   0000015E   0xEB07 0x01C0      ADD      R1,R7,R0, LSL #+3
   \   00000162   0x6889             LDR      R1,[R1, #+8]
   \   00000164   0xB139             CBZ.N    R1,??API010PollVar__CommandParser_16
   \   00000166   0x19C0             ADDS     R0,R0,R7
   \   00000168   0xF890 0x1120      LDRB     R1,[R0, #+288]
   \   0000016C   0xF041 0x0101      ORR      R1,R1,#0x1
   \   00000170   0xF880 0x1120      STRB     R1,[R0, #+288]
   \   00000174   0xE000             B.N      ??API010PollVar__CommandParser_17
   \                     ??API010PollVar__CommandParser_16: (+1)
   \   00000176   0x2607             MOVS     R6,#+7
   \                     ??API010PollVar__CommandParser_17: (+1)
   \   00000178   0x2101             MOVS     R1,#+1
   \                     ??API010PollVar__CommandParser_15: (+1)
   \   0000017A   0x0860             LSRS     R0,R4,#+1
   \   0000017C   0xF000 0x813B      BEQ.W    ??API010PollVar__CommandParser_3
   \                     ??API010PollVar__CommandParser_18: (+1)
   \   00000180   0xB2C9             UXTB     R1,R1
   \   00000182   0x5D4A             LDRB     R2,[R1, R5]
   \   00000184   0x2A23             CMP      R2,#+35
   \   00000186   0xDA0B             BGE.N    ??API010PollVar__CommandParser_19
   \   00000188   0xEB07 0x03C2      ADD      R3,R7,R2, LSL #+3
   \   0000018C   0x689B             LDR      R3,[R3, #+8]
   \   0000018E   0xB13B             CBZ.N    R3,??API010PollVar__CommandParser_19
   \   00000190   0x19D2             ADDS     R2,R2,R7
   \   00000192   0xF892 0x3120      LDRB     R3,[R2, #+288]
   \   00000196   0xF043 0x0301      ORR      R3,R3,#0x1
   \   0000019A   0xF882 0x3120      STRB     R3,[R2, #+288]
   \   0000019E   0xE000             B.N      ??API010PollVar__CommandParser_20
   \                     ??API010PollVar__CommandParser_19: (+1)
   \   000001A0   0x2607             MOVS     R6,#+7
   \                     ??API010PollVar__CommandParser_20: (+1)
   \   000001A2   0x1C49             ADDS     R1,R1,#+1
   \   000001A4   0xB2C9             UXTB     R1,R1
   \   000001A6   0x5D4A             LDRB     R2,[R1, R5]
   \   000001A8   0x2A23             CMP      R2,#+35
   \   000001AA   0xDA0B             BGE.N    ??API010PollVar__CommandParser_21
   \   000001AC   0xEB07 0x03C2      ADD      R3,R7,R2, LSL #+3
   \   000001B0   0x689B             LDR      R3,[R3, #+8]
   \   000001B2   0xB13B             CBZ.N    R3,??API010PollVar__CommandParser_21
   \   000001B4   0x19D2             ADDS     R2,R2,R7
   \   000001B6   0xF892 0x3120      LDRB     R3,[R2, #+288]
   \   000001BA   0xF043 0x0301      ORR      R3,R3,#0x1
   \   000001BE   0xF882 0x3120      STRB     R3,[R2, #+288]
   \   000001C2   0xE000             B.N      ??API010PollVar__CommandParser_22
   \                     ??API010PollVar__CommandParser_21: (+1)
   \   000001C4   0x2607             MOVS     R6,#+7
   \                     ??API010PollVar__CommandParser_22: (+1)
   \   000001C6   0x1C49             ADDS     R1,R1,#+1
   \   000001C8   0x1E40             SUBS     R0,R0,#+1
   \   000001CA   0xD1D9             BNE.N    ??API010PollVar__CommandParser_18
   \   000001CC   0x4630             MOV      R0,R6
   \   000001CE   0xB002             ADD      SP,SP,#+8
   \   000001D0   0xE8BD 0x82F0      POP      {R4-R7,R9,PC}
   \                     ??API010PollVar__CommandParser_23: (+1)
   \   000001D4   0x2600             MOVS     R6,#+0
   \   000001D6   0x2100             MOVS     R1,#+0
   \   000001D8   0x2C01             CMP      R4,#+1
   \   000001DA   0xF2C0 0x810C      BLT.W    ??API010PollVar__CommandParser_3
   \   000001DE   0xF014 0x0003      ANDS     R0,R4,#0x3
   \   000001E2   0x.... 0x....      LDR.W    R7,??DataTable5
   \   000001E6   0xD00F             BEQ.N    ??API010PollVar__CommandParser_24
   \                     ??API010PollVar__CommandParser_25: (+1)
   \   000001E8   0xB2C9             UXTB     R1,R1
   \   000001EA   0x5D4A             LDRB     R2,[R1, R5]
   \   000001EC   0x2A23             CMP      R2,#+35
   \   000001EE   0xDA07             BGE.N    ??API010PollVar__CommandParser_26
   \   000001F0   0x19D2             ADDS     R2,R2,R7
   \   000001F2   0xF892 0x3120      LDRB     R3,[R2, #+288]
   \   000001F6   0xF003 0x03FE      AND      R3,R3,#0xFE
   \   000001FA   0xF882 0x3120      STRB     R3,[R2, #+288]
   \   000001FE   0xE000             B.N      ??API010PollVar__CommandParser_27
   \                     ??API010PollVar__CommandParser_26: (+1)
   \   00000200   0x2607             MOVS     R6,#+7
   \                     ??API010PollVar__CommandParser_27: (+1)
   \   00000202   0x1C49             ADDS     R1,R1,#+1
   \   00000204   0x1E40             SUBS     R0,R0,#+1
   \   00000206   0xD1EF             BNE.N    ??API010PollVar__CommandParser_25
   \                     ??API010PollVar__CommandParser_24: (+1)
   \   00000208   0x08A0             LSRS     R0,R4,#+2
   \   0000020A   0xF000 0x80F4      BEQ.W    ??API010PollVar__CommandParser_3
   \                     ??API010PollVar__CommandParser_28: (+1)
   \   0000020E   0xB2C9             UXTB     R1,R1
   \   00000210   0x5D4A             LDRB     R2,[R1, R5]
   \   00000212   0x2A23             CMP      R2,#+35
   \   00000214   0xDA07             BGE.N    ??API010PollVar__CommandParser_29
   \   00000216   0x19D2             ADDS     R2,R2,R7
   \   00000218   0xF892 0x3120      LDRB     R3,[R2, #+288]
   \   0000021C   0xF003 0x03FE      AND      R3,R3,#0xFE
   \   00000220   0xF882 0x3120      STRB     R3,[R2, #+288]
   \   00000224   0xE000             B.N      ??API010PollVar__CommandParser_30
   \                     ??API010PollVar__CommandParser_29: (+1)
   \   00000226   0x2607             MOVS     R6,#+7
   \                     ??API010PollVar__CommandParser_30: (+1)
   \   00000228   0x1C49             ADDS     R1,R1,#+1
   \   0000022A   0xB2C9             UXTB     R1,R1
   \   0000022C   0x5D4A             LDRB     R2,[R1, R5]
   \   0000022E   0x2A23             CMP      R2,#+35
   \   00000230   0xDA07             BGE.N    ??API010PollVar__CommandParser_31
   \   00000232   0x19D2             ADDS     R2,R2,R7
   \   00000234   0xF892 0x3120      LDRB     R3,[R2, #+288]
   \   00000238   0xF003 0x03FE      AND      R3,R3,#0xFE
   \   0000023C   0xF882 0x3120      STRB     R3,[R2, #+288]
   \   00000240   0xE000             B.N      ??API010PollVar__CommandParser_32
   \                     ??API010PollVar__CommandParser_31: (+1)
   \   00000242   0x2607             MOVS     R6,#+7
   \                     ??API010PollVar__CommandParser_32: (+1)
   \   00000244   0x1C49             ADDS     R1,R1,#+1
   \   00000246   0xB2C9             UXTB     R1,R1
   \   00000248   0x5D4A             LDRB     R2,[R1, R5]
   \   0000024A   0x2A23             CMP      R2,#+35
   \   0000024C   0xDA07             BGE.N    ??API010PollVar__CommandParser_33
   \   0000024E   0x19D2             ADDS     R2,R2,R7
   \   00000250   0xF892 0x3120      LDRB     R3,[R2, #+288]
   \   00000254   0xF003 0x03FE      AND      R3,R3,#0xFE
   \   00000258   0xF882 0x3120      STRB     R3,[R2, #+288]
   \   0000025C   0xE000             B.N      ??API010PollVar__CommandParser_34
   \                     ??API010PollVar__CommandParser_33: (+1)
   \   0000025E   0x2607             MOVS     R6,#+7
   \                     ??API010PollVar__CommandParser_34: (+1)
   \   00000260   0x1C49             ADDS     R1,R1,#+1
   \   00000262   0xB2C9             UXTB     R1,R1
   \   00000264   0x5D4A             LDRB     R2,[R1, R5]
   \   00000266   0x2A23             CMP      R2,#+35
   \   00000268   0xDA07             BGE.N    ??API010PollVar__CommandParser_35
   \   0000026A   0x19D2             ADDS     R2,R2,R7
   \   0000026C   0xF892 0x3120      LDRB     R3,[R2, #+288]
   \   00000270   0xF003 0x03FE      AND      R3,R3,#0xFE
   \   00000274   0xF882 0x3120      STRB     R3,[R2, #+288]
   \   00000278   0xE000             B.N      ??API010PollVar__CommandParser_36
   \                     ??API010PollVar__CommandParser_35: (+1)
   \   0000027A   0x2607             MOVS     R6,#+7
   \                     ??API010PollVar__CommandParser_36: (+1)
   \   0000027C   0x1C49             ADDS     R1,R1,#+1
   \   0000027E   0x1E40             SUBS     R0,R0,#+1
   \   00000280   0xD1C5             BNE.N    ??API010PollVar__CommandParser_28
   \   00000282   0x4630             MOV      R0,R6
   \   00000284   0xB002             ADD      SP,SP,#+8
   \   00000286   0xE8BD 0x82F0      POP      {R4-R7,R9,PC}
   \                     ??API010PollVar__CommandParser_37: (+1)
   \   0000028A   0x2C06             CMP      R4,#+6
   \   0000028C   0xF2C0 0x80B3      BLT.W    ??API010PollVar__CommandParser_3
   \   00000290   0x7828             LDRB     R0,[R5, #+0]
   \   00000292   0x2823             CMP      R0,#+35
   \   00000294   0xF280 0x80AF      BGE.W    ??API010PollVar__CommandParser_3
   \   00000298   0x....             LDR.N    R7,??DataTable5
   \   0000029A   0xEB07 0x04C0      ADD      R4,R7,R0, LSL #+3
   \   0000029E   0x7868             LDRB     R0,[R5, #+1]
   \   000002A0   0x7320             STRB     R0,[R4, #+12]
   \   000002A2   0x1CA8             ADDS     R0,R5,#+2
   \   000002A4   0x.... 0x....      BL       Utilities__ConvertArrayTo32bits
   \   000002A8   0x60A0             STR      R0,[R4, #+8]
   \   000002AA   0x2600             MOVS     R6,#+0
   \   000002AC   0x4630             MOV      R0,R6
   \   000002AE   0xB002             ADD      SP,SP,#+8
   \   000002B0   0xE8BD 0x82F0      POP      {R4-R7,R9,PC}
   \                     ??API010PollVar__CommandParser_38: (+1)
   \   000002B4   0x2C01             CMP      R4,#+1
   \   000002B6   0xD119             BNE.N    ??API010PollVar__CommandParser_39
   \   000002B8   0x7828             LDRB     R0,[R5, #+0]
   \   000002BA   0x28FF             CMP      R0,#+255
   \   000002BC   0xD119             BNE.N    ??API010PollVar__CommandParser_40
   \   000002BE   0x....             LDR.N    R7,??DataTable5
   \   000002C0   0xF507 0x7490      ADD      R4,R7,#+288
   \   000002C4   0xF107 0x0508      ADD      R5,R7,#+8
   \   000002C8   0x2623             MOVS     R6,#+35
   \                     ??API010PollVar__CommandParser_41: (+1)
   \   000002CA   0x2200             MOVS     R2,#+0
   \   000002CC   0x2108             MOVS     R1,#+8
   \   000002CE   0x4628             MOV      R0,R5
   \   000002D0   0x.... 0x....      BL       __aeabi_memset
   \   000002D4   0x7820             LDRB     R0,[R4, #+0]
   \   000002D6   0xF000 0x00FE      AND      R0,R0,#0xFE
   \   000002DA   0x3508             ADDS     R5,R5,#+8
   \   000002DC   0xF804 0x0B01      STRB     R0,[R4], #+1
   \   000002E0   0x1E76             SUBS     R6,R6,#+1
   \   000002E2   0xD1F2             BNE.N    ??API010PollVar__CommandParser_41
   \   000002E4   0x4630             MOV      R0,R6
   \   000002E6   0xB002             ADD      SP,SP,#+8
   \   000002E8   0xE8BD 0x82F0      POP      {R4-R7,R9,PC}
   \                     ??API010PollVar__CommandParser_39: (+1)
   \   000002EC   0x2C01             CMP      R4,#+1
   \   000002EE   0xF2C0 0x8082      BLT.W    ??API010PollVar__CommandParser_3
   \                     ??API010PollVar__CommandParser_40: (+1)
   \   000002F2   0x....             LDR.N    R7,??DataTable5
   \                     ??API010PollVar__CommandParser_42: (+1)
   \   000002F4   0xF895 0x9000      LDRB     R9,[R5, #+0]
   \   000002F8   0xF1B9 0x0F23      CMP      R9,#+35
   \   000002FC   0xDA0F             BGE.N    ??API010PollVar__CommandParser_43
   \   000002FE   0xEB07 0x00C9      ADD      R0,R7,R9, LSL #+3
   \   00000302   0x2200             MOVS     R2,#+0
   \   00000304   0x2108             MOVS     R1,#+8
   \   00000306   0x3008             ADDS     R0,R0,#+8
   \   00000308   0x.... 0x....      BL       __aeabi_memset
   \   0000030C   0xEB09 0x0007      ADD      R0,R9,R7
   \   00000310   0x2600             MOVS     R6,#+0
   \   00000312   0xF890 0x1120      LDRB     R1,[R0, #+288]
   \   00000316   0xF001 0x01FE      AND      R1,R1,#0xFE
   \   0000031A   0xF880 0x1120      STRB     R1,[R0, #+288]
   \                     ??API010PollVar__CommandParser_43: (+1)
   \   0000031E   0x1C6D             ADDS     R5,R5,#+1
   \   00000320   0x1E64             SUBS     R4,R4,#+1
   \   00000322   0xD1E7             BNE.N    ??API010PollVar__CommandParser_42
   \   00000324   0x4630             MOV      R0,R6
   \   00000326   0xB002             ADD      SP,SP,#+8
   \   00000328   0xE8BD 0x82F0      POP      {R4-R7,R9,PC}
   \                     ??API010PollVar__CommandParser_44: (+1)
   \   0000032C   0x2C00             CMP      R4,#+0
   \   0000032E   0xD062             BEQ.N    ??API010PollVar__CommandParser_3
   \   00000330   0x782C             LDRB     R4,[R5, #+0]
   \   00000332   0x2C23             CMP      R4,#+35
   \   00000334   0xDA5F             BGE.N    ??API010PollVar__CommandParser_3
   \   00000336   0x....             LDR.N    R2,??DataTable5
   \   00000338   0xEB02 0x01C4      ADD      R1,R2,R4, LSL #+3
   \   0000033C   0xF851 0x2F08      LDR      R2,[R1, #+8]!
   \   00000340   0x2A00             CMP      R2,#+0
   \   00000342   0xD058             BEQ.N    ??API010PollVar__CommandParser_3
   \   00000344   0xC928             LDM      R1!,{R3,R5}
   \   00000346   0xAA00             ADD      R2,SP,#+0
   \   00000348   0x2102             MOVS     R1,#+2
   \   0000034A   0xC228             STM      R2!,{R3,R5}
   \   0000034C   0xF89D 0x5004      LDRB     R5,[SP, #+4]
   \   00000350   0x7800             LDRB     R0,[R0, #+0]
   \   00000352   0x1C6B             ADDS     R3,R5,#+1
   \   00000354   0x0902             LSRS     R2,R0,#+4
   \   00000356   0xB2DB             UXTB     R3,R3
   \   00000358   0x200A             MOVS     R0,#+10
   \   0000035A   0x.... 0x....      BL       Reveal__NewFeedback
   \   0000035E   0x4606             MOV      R6,R0
   \   00000360   0x4621             MOV      R1,R4
   \   00000362   0x.... 0x....      BL       Reveal__AddDataU8
   \   00000366   0x2801             CMP      R0,#+1
   \   00000368   0xD13F             BNE.N    ??API010PollVar__CommandParser_45
   \   0000036A   0x9900             LDR      R1,[SP, #+0]
   \   0000036C   0x462A             MOV      R2,R5
   \   0000036E   0x4630             MOV      R0,R6
   \   00000370   0x.... 0x....      BL       Reveal__AddDataU8Buffer
   \   00000374   0x2801             CMP      R0,#+1
   \   00000376   0xD138             BNE.N    ??API010PollVar__CommandParser_45
   \   00000378   0x4630             MOV      R0,R6
   \   0000037A   0xE02D             B.N      ??API010PollVar__CommandParser_46
   \                     ??API010PollVar__CommandParser_47: (+1)
   \   0000037C   0x7800             LDRB     R0,[R0, #+0]
   \   0000037E   0x0902             LSRS     R2,R0,#+4
   \   00000380   0x2302             MOVS     R3,#+2
   \   00000382   0x2115             MOVS     R1,#+21
   \   00000384   0x200A             MOVS     R0,#+10
   \   00000386   0x.... 0x....      BL       Reveal__NewFeedback
   \   0000038A   0x4604             MOV      R4,R0
   \   0000038C   0x2100             MOVS     R1,#+0
   \   0000038E   0x.... 0x....      BL       Reveal__AddDataU8
   \   00000392   0x2801             CMP      R0,#+1
   \   00000394   0xD129             BNE.N    ??API010PollVar__CommandParser_45
   \   00000396   0x2123             MOVS     R1,#+35
   \   00000398   0x4620             MOV      R0,R4
   \   0000039A   0x.... 0x....      BL       Reveal__AddDataU8
   \   0000039E   0x2801             CMP      R0,#+1
   \   000003A0   0xD123             BNE.N    ??API010PollVar__CommandParser_45
   \   000003A2   0x....             LDR.N    R7,??DataTable5
   \   000003A4   0x68B8             LDR      R0,[R7, #+8]
   \   000003A6   0x2100             MOVS     R1,#+0
   \   000003A8   0xB100             CBZ.N    R0,??API010PollVar__CommandParser_48
   \   000003AA   0x2101             MOVS     R1,#+1
   \                     ??API010PollVar__CommandParser_48: (+1)
   \   000003AC   0x2001             MOVS     R0,#+1
   \   000003AE   0xF107 0x0210      ADD      R2,R7,#+16
   \                     ??API010PollVar__CommandParser_49: (+1)
   \   000003B2   0x6813             LDR      R3,[R2, #+0]
   \   000003B4   0xB103             CBZ.N    R3,??API010PollVar__CommandParser_50
   \   000003B6   0x1C49             ADDS     R1,R1,#+1
   \                     ??API010PollVar__CommandParser_50: (+1)
   \   000003B8   0x6893             LDR      R3,[R2, #+8]
   \   000003BA   0x1C40             ADDS     R0,R0,#+1
   \   000003BC   0xB103             CBZ.N    R3,??API010PollVar__CommandParser_51
   \   000003BE   0x1C49             ADDS     R1,R1,#+1
   \                     ??API010PollVar__CommandParser_51: (+1)
   \   000003C0   0x1C40             ADDS     R0,R0,#+1
   \   000003C2   0x3210             ADDS     R2,R2,#+16
   \   000003C4   0xB2C0             UXTB     R0,R0
   \   000003C6   0x2823             CMP      R0,#+35
   \   000003C8   0xDBF3             BLT.N    ??API010PollVar__CommandParser_49
   \   000003CA   0xB2C9             UXTB     R1,R1
   \   000003CC   0x4620             MOV      R0,R4
   \   000003CE   0x.... 0x....      BL       Reveal__AddDataU8
   \   000003D2   0x2801             CMP      R0,#+1
   \   000003D4   0xD109             BNE.N    ??API010PollVar__CommandParser_45
   \   000003D6   0x4620             MOV      R0,R4
   \                     ??API010PollVar__CommandParser_46: (+1)
   \   000003D8   0x.... 0x....      BL       Reveal__QueueCommand
   \   000003DC   0x2801             CMP      R0,#+1
   \   000003DE   0xD104             BNE.N    ??API010PollVar__CommandParser_45
   \                     ??API010PollVar__CommandParser_5: (+1)
   \   000003E0   0x2600             MOVS     R6,#+0
   \   000003E2   0x4630             MOV      R0,R6
   \   000003E4   0xB002             ADD      SP,SP,#+8
   \   000003E6   0xE8BD 0x82F0      POP      {R4-R7,R9,PC}
   \                     ??API010PollVar__CommandParser_45: (+1)
   \   000003EA   0x2608             MOVS     R6,#+8
   \   000003EC   0x4630             MOV      R0,R6
   \   000003EE   0xB002             ADD      SP,SP,#+8
   \   000003F0   0xE8BD 0x82F0      POP      {R4-R7,R9,PC}
   \                     ??API010PollVar__CommandParser_1: (+1)
   \   000003F4   0x2605             MOVS     R6,#+5
   \                     ??API010PollVar__CommandParser_3: (+1)
   \   000003F6   0x4630             MOV      R0,R6
   \   000003F8   0xB002             ADD      SP,SP,#+8
   \   000003FA   0xE8BD 0x82F0      POP      {R4-R7,R9,PC}    ;; return
    775          }
    776          
    777          
    778          //---------------------------------------------------------------------------------------------------------------------
    779          /**
    780           * Get the current list of memory-mapped variables.
    781           * These are the variables configured by an external tool.
    782           * @param list = Pointer to a buffer to fill with the variable information.
    783           * @param max_vars = The maximum number of variables that the list can hold.
    784           * @param publication_period = Pointer to a buffer to fill with the publication period.
    785           * @return The number of memory-mapped variables that were copied.
    786           */

   \                                 In section .text, align 2, keep-with-next
    787          uint8 API010PollVar__GetMemMapVarsList(API010_VARIABLE_TYPE* list, uint8 max_vars, uint16* publication_period)
    788          {
   \                     API010PollVar__GetMemMapVarsList: (+1)
   \   00000000   0xB4F0             PUSH     {R4-R7}
    789              uint8 vars_copied = 0;
   \   00000002   0x2300             MOVS     R3,#+0
    790              #if API010_MMAP_VARS_COUNT > 0
    791                  for (uint8 i = 0; (i < API010_MMAP_VARS_COUNT) && (vars_copied < max_vars); i++)
   \   00000004   0x....             LDR.N    R4,??DataTable5
   \   00000006   0xB339             CBZ.N    R1,??API010PollVar__GetMemMapVarsList_0
    792                  {
    793                      if (Api010.Mem_Mapped_Vars[i].Address != NULL)
   \   00000008   0x68A5             LDR      R5,[R4, #+8]
   \   0000000A   0xB11D             CBZ.N    R5,??API010PollVar__GetMemMapVarsList_1
    794                      {
    795                          list[vars_copied].Address = Api010.Mem_Mapped_Vars[i].Address;
   \   0000000C   0x6005             STR      R5,[R0, #+0]
    796                          list[vars_copied].Size = Api010.Mem_Mapped_Vars[i].Size;
   \   0000000E   0x7B23             LDRB     R3,[R4, #+12]
   \   00000010   0x7103             STRB     R3,[R0, #+4]
    797                          vars_copied++;
   \   00000012   0x2301             MOVS     R3,#+1
   \                     ??API010PollVar__GetMemMapVarsList_1: (+1)
   \   00000014   0x2501             MOVS     R5,#+1
   \   00000016   0xF104 0x0610      ADD      R6,R4,#+16
   \                     ??API010PollVar__GetMemMapVarsList_2: (+1)
   \   0000001A   0x428B             CMP      R3,R1
   \   0000001C   0xDA1C             BGE.N    ??API010PollVar__GetMemMapVarsList_0
   \   0000001E   0x6837             LDR      R7,[R6, #+0]
   \   00000020   0xB147             CBZ.N    R7,??API010PollVar__GetMemMapVarsList_3
   \   00000022   0xF840 0x7033      STR      R7,[R0, R3, LSL #+3]
   \   00000026   0xEB00 0x0CC3      ADD      R12,R0,R3, LSL #+3
   \   0000002A   0x7937             LDRB     R7,[R6, #+4]
   \   0000002C   0xF88C 0x7004      STRB     R7,[R12, #+4]
   \   00000030   0x1C5B             ADDS     R3,R3,#+1
   \   00000032   0xB2DB             UXTB     R3,R3
   \                     ??API010PollVar__GetMemMapVarsList_3: (+1)
   \   00000034   0x428B             CMP      R3,R1
   \   00000036   0xDA0F             BGE.N    ??API010PollVar__GetMemMapVarsList_0
   \   00000038   0x68B7             LDR      R7,[R6, #+8]
   \   0000003A   0xB147             CBZ.N    R7,??API010PollVar__GetMemMapVarsList_4
   \   0000003C   0xF840 0x7033      STR      R7,[R0, R3, LSL #+3]
   \   00000040   0xEB00 0x0CC3      ADD      R12,R0,R3, LSL #+3
   \   00000044   0x7B37             LDRB     R7,[R6, #+12]
   \   00000046   0xF88C 0x7004      STRB     R7,[R12, #+4]
   \   0000004A   0x1C5B             ADDS     R3,R3,#+1
   \   0000004C   0xB2DB             UXTB     R3,R3
    798                      }
    799                  }
   \                     ??API010PollVar__GetMemMapVarsList_4: (+1)
   \   0000004E   0x1CAD             ADDS     R5,R5,#+2
   \   00000050   0xB2ED             UXTB     R5,R5
   \   00000052   0x3610             ADDS     R6,R6,#+16
   \   00000054   0x2D23             CMP      R5,#+35
   \   00000056   0xDBE0             BLT.N    ??API010PollVar__GetMemMapVarsList_2
    800              #endif
    801              *publication_period = Api010.Publication_Period;
   \                     ??API010PollVar__GetMemMapVarsList_0: (+1)
   \   00000058   0x8820             LDRH     R0,[R4, #+0]
   \   0000005A   0x8010             STRH     R0,[R2, #+0]
    802          
    803              return vars_copied;
   \   0000005C   0x4618             MOV      R0,R3
   \   0000005E   0xBCF0             POP      {R4-R7}
   \   00000060   0x4770             BX       LR               ;; return
    804          }
    805          
    806          
    807          //=====================================================================================================================
    808          //  --- Private Functions ---------------------------------------------------------------------------------------------
    809          //=====================================================================================================================
    810          
    811          
    812          //---------------------------------------------------------------------------------------------------------------------
    813          /**
    814           * Determine the number of memory mapped variables that have been defined.
    815           * @return The number of memory mapped variables that have been defined.
    816           */

   \                                 In section .text, align 2, keep-with-next
    817          uint8 GetMMapVarsCount(void)
    818          {
    819              uint8 count = 0;
    820              #if (API010_MMAP_VARS_COUNT > 0)
    821                  for (uint8 i = 0; i < API010_MMAP_VARS_COUNT; i++)
   \                     GetMMapVarsCount: (+1)
   \   00000000   0x....             LDR.N    R1,??DataTable5
    822                  {
    823                      if (Api010.Mem_Mapped_Vars[i].Address != NULL)
   \   00000002   0x688A             LDR      R2,[R1, #+8]
   \   00000004   0x2000             MOVS     R0,#+0
   \   00000006   0xB102             CBZ.N    R2,??GetMMapVarsCount_0
    824                      {
    825                          count++;
   \   00000008   0x2001             MOVS     R0,#+1
   \                     ??GetMMapVarsCount_0: (+1)
   \   0000000A   0x2201             MOVS     R2,#+1
   \   0000000C   0x3110             ADDS     R1,R1,#+16
   \                     ??GetMMapVarsCount_1: (+1)
   \   0000000E   0x680B             LDR      R3,[R1, #+0]
   \   00000010   0xB103             CBZ.N    R3,??GetMMapVarsCount_2
   \   00000012   0x1C40             ADDS     R0,R0,#+1
   \                     ??GetMMapVarsCount_2: (+1)
   \   00000014   0x688B             LDR      R3,[R1, #+8]
   \   00000016   0x1C52             ADDS     R2,R2,#+1
   \   00000018   0xB103             CBZ.N    R3,??GetMMapVarsCount_3
   \   0000001A   0x1C40             ADDS     R0,R0,#+1
    826                      }
    827                  }
   \                     ??GetMMapVarsCount_3: (+1)
   \   0000001C   0x1C52             ADDS     R2,R2,#+1
   \   0000001E   0x3110             ADDS     R1,R1,#+16
   \   00000020   0xB2D2             UXTB     R2,R2
   \   00000022   0x2A23             CMP      R2,#+35
   \   00000024   0xDBF3             BLT.N    ??GetMMapVarsCount_1
    828              #endif      // #if (API010_MMAP_VARS_COUNT > 0)
    829              return count;
   \   00000026   0xB2C0             UXTB     R0,R0
   \   00000028   0x4770             BX       LR               ;; return
    830          }
    831          
    832          
    833          //---------------------------------------------------------------------------------------------------------------------
    834          /**
    835           * Build the stream of data for the specified variables.
    836           * The stream of data consists of the following:
    837           *      One byte for the stream sequence number. Incremented for each new stream of data.
    838           *      For each published variable:
    839           *          One byte for the variable index.
    840           *          One or more bytes for the variable value.
    841           * @param selected = A flag that specifies which set of variables to put in the data stream.
    842           *              FALSE = Only put the variables that have changed in the data stream.
    843           *              TRUE = Put all the variables that were selected as part of the periodic data.
    844           * @return TRUE if the data stream was built and there is data in it.
    845           */
    846          static BOOL_TYPE BuildStream(BOOL_TYPE selected)
    847          {
    848              Api010.Stream_Buffer[0] = Api010.Sequence_Number;
    849              Api010.Sequence_Number++;
    850              Api010.Stream_Length = 1;
    851              for (uint8 index = 0; index < API010_VARS_COUNT; index++)
    852              {
    853          #if (API010_ON_CHANGE_BUFFER_SIZE > 0)
    854                  if ((Api010.Control[index].Selected == TRUE) &&
    855                      ((selected == TRUE) ||
    856                       ((Api010.Control[index].On_Change == TRUE) &&
    857                        (Api010.Control[index].Changed == TRUE))))
    858          #else
    859                  if ((Api010.Control[index].Selected == TRUE) &&
    860                      (selected == TRUE))
    861          #endif
    862                  {
    863                      API010_VARIABLE_TYPE variable;
    864                      if ((GetVariableInfo(index, &variable) == TRUE) &&
    865                          (Api010.Stream_Length + variable.Size + 1 < API010_STREAM_BUFFER_SIZE))
    866                      {
    867                          Api010.Stream_Buffer[Api010.Stream_Length] = index;
    868                          Api010.Stream_Length++;
    869                          memcpy(&Api010.Stream_Buffer[Api010.Stream_Length], variable.Address, variable.Size);
    870                          #if (API010_ON_CHANGE_BUFFER_SIZE > 0)
    871                              if (Api010.Control[index].On_Change == TRUE)
    872                              {
    873                                  uint16 offset = Api010.Last_Sent_Offset[index];
    874                                  memcpy(&Api010.Last_Sent[offset], variable.Address, variable.Size);
    875                              }
    876                              Api010.Control[index].Changed = FALSE;
    877                          #endif
    878                          Api010.Stream_Length += variable.Size;
    879                      }
    880                      else
    881                      {
    882                          if (Api010.Enable_Error_Reporting == TRUE)
    883                          {
    884                              Api010.Enable_Error_Reporting = FALSE;
    885                              LOG_ADD_EXCEPTION(TOO_MUCH_DATA, index);
    886                          }
    887                          break;                              // Out of the for() loop.
    888                      }
    889                  }
    890              }
    891              if (Api010.Stream_Length > 1)
    892              {
    893                  // Setup the supporting stream variables.
    894                  Api010.Stream_Csum = 0;
    895                  for (API010_STREAM_INDEX_TYPE i = 0; i < Api010.Stream_Length; i++)
    896                  {
    897                      Api010.Stream_Csum += Api010.Stream_Buffer[i];
    898                  }
    899                  Api010.Stream_Index = 0;
    900              }
    901              return (BOOL_TYPE)(Api010.Stream_Length > 1);
    902          }
    903          
    904          
    905          //---------------------------------------------------------------------------------------------------------------------
    906          /**
    907           * Get generic information about a variable whether it is a fixed variable or a memory-mapped variable.
    908           * @param variable_index = The variable to get.
    909           * @param var_info = Pointer to a structure to fill with the variable information.
    910           * @return TRUE if the var_info structure was filled. Otherwise FALSE.
    911           */
    912          static BOOL_TYPE GetVariableInfo(uint8 variable_index, API010_VARIABLE_TYPE* var_info)
    913          {
    914              #if (API010_USES_FIXED_VARIABLES_FEATURE == ENABLED)
    915                  if (variable_index <= API010_FIXED_VARS_COUNT)
    916                  {
    917                      VARIABLE_TYPE variable;
    918                      if (Variable__GetByIndex((VARIABLE_ID_TYPE)variable_index, &variable) == TRUE)
    919                      {
    920                          var_info->Address = variable.Address;
    921                          var_info->Size = VARIABLE_SIZE[variable.Type] * variable.Length;
    922                          return TRUE;
    923                      }
    924                  }
    925                  #if (API010_MMAP_VARS_COUNT > 0)
    926                  else
    927                  #endif      // #if (API010_MMAP_VARS_COUNT > 0)
    928              #endif          // #if (API010_USES_FIXED_VARIABLES_FEATURE == ENABLED)
    929              #if (API010_MMAP_VARS_COUNT > 0)
    930                  if (variable_index < API010_VARS_COUNT)
    931                  {
    932                      uint8 mmap_index = variable_index - API010_FIXED_VARS_COUNT;
    933                      API010_VARIABLE_TYPE* mmap_var = &Api010.Mem_Mapped_Vars[mmap_index];
    934                      if (mmap_var->Address != NULL)
    935                      {
    936                          memcpy(var_info, mmap_var, sizeof(API010_VARIABLE_TYPE));
    937                          return TRUE;
    938                      }
    939                  }
    940              #endif      // #if (API010_MMAP_VARS_COUNT > 0)
    941              return FALSE;
    942          }
    943          
    944          
    945          //---------------------------------------------------------------------------------------------------------------------
    946          /**
    947           * Scan the variables that are setup for publication on change for any new changes.
    948           * @return TRUE if any variables are set as changed.
    949           */
    950          static BOOL_TYPE IsOnChangeDataDue(void)
    951          {
    952              BOOL_TYPE change_found = FALSE;
    953              #if (API010_ON_CHANGE_BUFFER_SIZE > 0)
    954                  for (uint8 variable_index = 0; variable_index < API010_VARS_COUNT; variable_index++)
    955                  {
    956                      if ((Api010.Control[variable_index].Selected == TRUE) &&
    957                          (Api010.Control[variable_index].On_Change == TRUE))
    958                      {
    959                          if (Api010.Control[variable_index].Changed == TRUE)
    960                          {
    961                              change_found = TRUE;
    962                          }
    963                          else
    964                          {
    965                              API010_VARIABLE_TYPE variable;
    966                              if (GetVariableInfo(variable_index, &variable) == TRUE)
    967                              {
    968                                  uint16 offset = Api010.Last_Sent_Offset[variable_index];
    969                                  uint8* last_sent = &Api010.Last_Sent[offset];
    970                                  if (memcmp(variable.Address, last_sent, variable.Size) != 0)
    971                                  {
    972                                      Api010.Control[variable_index].Changed = TRUE;
    973                                      change_found = TRUE;
    974                                  }
    975                              }
    976                          }
    977                      }
    978                  }
    979              #endif      // #if (API010_ON_CHANGE_BUFFER_SIZE > 0)
    980              return change_found;
    981          }
    982          
    983          
    984          #if (API010_ON_CHANGE_BUFFER_SIZE > 0)
    985          //---------------------------------------------------------------------------------------------------------------------
    986          /**
    987           * Add or subtract a delta value from the Last_Sent_OFfset[] array.
    988           * @param first_index = The first index that needs updating.
    989           * @param delta = The amount of change to add or subtract.
    990           *                Positive values are added. Negative values are subtracted.
    991           */
    992          static void AddToOffsets(uint8 first_index, sint16 delta)
    993          {
    994              for (uint8 variable_index = first_index; variable_index <= API010_VARS_COUNT; variable_index++)
    995              {
    996                  Api010.Last_Sent_Offset[variable_index] += delta;
    997              }
    998          }
    999          
   1000          
   1001          //---------------------------------------------------------------------------------------------------------------------
   1002          /**
   1003           * Insert the specified variable into the on change monitoring.
   1004           * @param variable_index = The variable to insert into "on change" monitoring.
   1005           * @return TRUE if the specified variable was inserted into "on change" monitoring. Otherwise FALSE.
   1006           */
   1007          static BOOL_TYPE OnChangeInsertVariable(uint8 variable_index)
   1008          {
   1009              // Only insert the variable if it is not already inserted.
   1010              if ((variable_index < API010_VARS_COUNT) &&
   1011                  (Api010.Control[variable_index].On_Change == FALSE))
   1012              {
   1013                  // Make sure there is space in the Last_Sent[] array for this variable.
   1014                  uint16 space_consumed = Api010.Last_Sent_Offset[API010_VARS_COUNT];
   1015                  uint16 space_available = API010_ON_CHANGE_BUFFER_SIZE - space_consumed;
   1016                  API010_VARIABLE_TYPE variable;
   1017                  if ((GetVariableInfo(variable_index, &variable) == TRUE) &&
   1018                      (variable.Size <= space_available))
   1019                  {
   1020                      // Update all the offsets to the Last_Sent[] data.
   1021                      AddToOffsets(variable_index + 1, variable.Size);
   1022          
   1023                      // Setup automatic variables to reference the variable's Last_Sent value.
   1024                      uint16 var_offset = Api010.Last_Sent_Offset[variable_index];
   1025                      uint8* var_data = &Api010.Last_Sent[var_offset];
   1026          
   1027                      // Shift the Last_Sent[] values to make space for the new variable.
   1028                      if (variable_index + 1 < API010_VARS_COUNT)
   1029                      {
   1030                          // Shift the other values to make space for this variable.
   1031                          uint8* move_to = &Api010.Last_Sent[var_offset + variable.Size];
   1032                          memmove(move_to, var_data, space_consumed - var_offset);
   1033                      }
   1034          
   1035                      // Update the Control of the variable so that it is selected, monitored, and changed.
   1036                      Api010.Control[variable_index].Selected = TRUE;
   1037                      Api010.Control[variable_index].On_Change = TRUE;
   1038                      memcpy(var_data, variable.Address, variable.Size);
   1039                      Api010.Control[variable_index].Changed = TRUE;
   1040                      return TRUE;
   1041                  }
   1042              }
   1043              return FALSE;
   1044          }
   1045          
   1046          
   1047          //---------------------------------------------------------------------------------------------------------------------
   1048          /**
   1049           * Remove the specified variable from the on change monitoring.
   1050           * @param variable_index = The variable to remove from "on change" monitoring.
   1051           */
   1052          static void OnChangeRemoveVariable(uint8 variable_index)
   1053          {
   1054              // Only remove the variable if it is already inserted.
   1055              if ((variable_index < API010_VARS_COUNT) &&
   1056                  (Api010.Control[variable_index].On_Change == TRUE))
   1057              {
   1058                  // Get the variable information.
   1059                  API010_VARIABLE_TYPE variable;
   1060                  if (GetVariableInfo(variable_index, &variable) == TRUE)
   1061                  {
   1062                      // Update all the offsets to the Last_Sent[] data.
   1063                      AddToOffsets(variable_index + 1, -variable.Size);
   1064          
   1065                      // Setup automatic variables to reference the variable's Last_Sent value.
   1066                      uint16 var_offset = Api010.Last_Sent_Offset[variable_index];
   1067                      uint8* var_data = &Api010.Last_Sent[var_offset];
   1068          
   1069                      // Shift the Last_Sent[] values to collapse the space that is no longer needed.
   1070                      if (variable_index + 1 < API010_VARS_COUNT)
   1071                      {
   1072                          // Shift the other values to make space for this variable.
   1073                          uint8 space_consumed = Api010.Last_Sent_Offset[API010_VARS_COUNT];
   1074                          uint8* move_from = &var_data[variable.Size];
   1075                          memmove(var_data, move_from, space_consumed - var_offset);
   1076                      }
   1077          
   1078                      // Update the Control of the variable so that it is not monitored or changed.
   1079                      Api010.Control[variable_index].On_Change = FALSE;
   1080                      Api010.Control[variable_index].Changed = FALSE;
   1081                  }
   1082              }
   1083          }
   1084          
   1085          
   1086          //---------------------------------------------------------------------------------------------------------------------
   1087          /**
   1088           * Set the "on change" behavior for one or more variables.
   1089           * There are no checks for out of range values.
   1090           *      first_index should be less than or equal to last_index.
   1091           *      Both values should be in the range [0 .. API010_VARS_COUNT).
   1092           * @param on_change = Desired "on change" behavior for the selected variable(s).
   1093           * @param first_index = First variable index in the range of variables to affect.
   1094           * @param last_index = Last variable index in the range of variables to affect.
   1095           * @return TRUE if the on change behavior was updated. Otherwise FALSE.
   1096           */
   1097          static BOOL_TYPE SetOnChangeBehavior(BOOL_TYPE on_change, uint8 first_index, uint8 last_index)
   1098          {
   1099              uint8 variables_added = 0;
   1100              for (uint8 variable_index = first_index; variable_index <= last_index; variable_index++)
   1101              {
   1102                  if (on_change == TRUE)
   1103                  {
   1104                      if ((Api010.Control[variable_index].Selected == TRUE) &&
   1105                          (OnChangeInsertVariable(variable_index) == TRUE))
   1106                      {
   1107                          variables_added++;
   1108                      }
   1109                  }
   1110                  else
   1111                  {
   1112                      OnChangeRemoveVariable(variable_index);
   1113                  }
   1114              }
   1115              return (BOOL_TYPE)((on_change == FALSE) || (variables_added > 0));
   1116          }
   1117          #endif      // #if (API010_ON_CHANGE_BUFFER_SIZE > 0)
   1118          
   1119          
   1120          #if (API010_USES_FIXED_VARIABLES_FEATURE == ENABLED)
   1121          //---------------------------------------------------------------------------------------------------------------------
   1122          /**
   1123           * Send the next packet of metadata information.
   1124           * If Reveal returns an error, then the function will try to send the same packet on the next call.
   1125           */
   1126          static void PublishNextMetadata(void)
   1127          {
   1128              // Determine the size of the payload.
   1129              uint8 metadata_in_packet = Api010.Remaining_Metadata;
   1130              if (metadata_in_packet > API010_MAXIMUM_METADATA_PER_PACKET)
   1131              {
   1132                  metadata_in_packet = API010_MAXIMUM_METADATA_PER_PACKET;
   1133              }
   1134              uint8 payload_size = metadata_in_packet * sizeof(API010_VARIABLE_METADATA_TYPE);
   1135              REVEAL_COMMAND_TYPE* msg = Reveal__NewFeedback(API010POLLVAR_NUM, API010_FBK_PUBLISH_FIXED_VARIABLE_METADATA, Api010.Reply_To, payload_size);
   1136          
   1137              // Determine the number of variables whose metadata will fit in the payload.
   1138              if (msg != NULL)
   1139              {
   1140                  BOOL_TYPE success = TRUE;       // Assume no errors while building the packet.
   1141                  uint8 metadata_in_packet = payload_size / sizeof(API010_VARIABLE_METADATA_TYPE);
   1142                  uint8 first_variable_in_packet = API010_FIXED_VARS_COUNT - Api010.Remaining_Metadata;
   1143                  for (uint8 i = 0; i < metadata_in_packet; i++)
   1144                  {
   1145                      uint8 variable_index = first_variable_in_packet + i;
   1146                      if (RevealAppendMetadata(msg, variable_index) == FAIL)
   1147                      {
   1148                          success = FALSE;
   1149                          break;                  // Out of the for() loop.
   1150                      }
   1151                  }
   1152                  if (success == TRUE)
   1153                  {
   1154                      // If we have more messages to send, we set the MMP flag.
   1155                      if (metadata_in_packet < Api010.Remaining_Metadata)
   1156                      {
   1157                          BIT_SET(msg->opcode, 7);
   1158                      }
   1159                      //Queuing and updating the index.
   1160                      if (Reveal__QueueCommand(msg) == TRUE)
   1161                      {
   1162                          Api010.Remaining_Metadata -= metadata_in_packet;
   1163                      }
   1164                  }
   1165              }
   1166          }
   1167          
   1168          
   1169          //---------------------------------------------------------------------------------------------------------------------
   1170          /**
   1171           * Append the specified variable's metadata information to the provided Reveal message.
   1172           * @param variable_index = The index of the requested variable.
   1173           * @param msg = Pointer to the previously allocated Reveal message. This value must not be NULL.
   1174           * @return PASS if the metadata was successfully appended. Otherwise FAIL.
   1175           */
   1176          static PASS_FAIL_TYPE RevealAppendMetadata(REVEAL_COMMAND_TYPE *msg, uint8 variable_index)
   1177          {
   1178              VARIABLE_TYPE variable;
   1179              API010_VARIABLE_METADATA_TYPE metadata;
   1180              memset(&metadata, 0, sizeof(API010_VARIABLE_METADATA_TYPE));
   1181              if (variable_index < API010_FIXED_VARS_COUNT)
   1182              {
   1183                  if (Variable__GetByIndex((VARIABLE_ID_TYPE)variable_index, &variable) == TRUE)
   1184                  {
   1185                      metadata.Variable_Index = variable_index;
   1186                      metadata.Variable_Array_Elements = variable.Length;
   1187                      metadata.Variable_Element_Type = variable.Type;
   1188                      // TODO: add key from KVP here when available.
   1189                      metadata.Key = variable_index;
   1190                      return Reveal__AddDataU8Buffer(msg, (uint8*)(void*)&metadata, sizeof(metadata));
   1191                  }
   1192              }
   1193              return FAIL;
   1194          }
   1195          #endif      // #if (API010_USES_FIXED_VARIABLES_FEATURE == ENABLED)
   1196          
   1197          
   1198          #if (API010_MMAP_VARS_COUNT > 0)
   1199          //---------------------------------------------------------------------------------------------------------------------
   1200          /**
   1201           * Remove the specified memory-mapped variable from the list of variables in the periodic data.
   1202           * @param mmap_index = An index that identifies the memory-mapped variable configuration slot.
   1203           *                     This value must be in the range [0..API010_MMAP_VARS_COUNT).
   1204           *                     A value not in this range will have no effect.
   1205           */
   1206          static void RemoveMemoryMappedVariable(uint8 mmap_index)
   1207          {
   1208              if (mmap_index < API010_MMAP_VARS_COUNT)
   1209              {
   1210                  memset(&Api010.Mem_Mapped_Vars[mmap_index], 0, sizeof(API010_VARIABLE_TYPE));
   1211                  Api010.Control[mmap_index + API010_FIXED_VARS_COUNT].Selected = FALSE;
   1212                  #if (API010_ON_CHANGE_BUFFER_SIZE > 0)
   1213                      Api010.Control[mmap_index + API010_FIXED_VARS_COUNT].On_Change = FALSE;
   1214                  #endif
   1215              }
   1216          }
   1217          #endif      // #if (API010_MMAP_VARS_COUNT > 0)
   1218          
   1219          
   1220          //=====================================================================================================================
   1221          //  --- Private State Machine Customization Functions -----------------------------------------------------------------
   1222          //=====================================================================================================================
   1223          
   1224          
   1225          //---------------------------------------------------------------------------------------------------------------------
   1226          /**
   1227           * Check if any data is due for publication.
   1228           * First checks the time to see if the periodic data should be published.
   1229           * Then checks for any changes in variables that are monitored "on change".
   1230           * If data is due for publication, then it will generate the evProceed event.
   1231           */
   1232          static void CheckDataDue(void)
   1233          {
   1234              if (Api010.Is_Periodic_Data_Due == TRUE)
   1235              {
   1236                  Api010.Is_Periodic_Data_Due = FALSE;
   1237                  // Start publishing the periodic data.
   1238                  if (BuildStream(TRUE) == TRUE)
   1239                  {
   1240                      EventProceed();
   1241                  }
   1242              }
   1243              else if (IsOnChangeDataDue() == TRUE)
   1244              {
   1245                  // Start publishing the changed data.
   1246                  if (BuildStream(FALSE) == TRUE)
   1247                  {
   1248                      EventProceed();
   1249                  }
   1250              }
   1251              else
   1252              {
   1253                  // Check if there is still variable metadata that must be sent.
   1254                  CheckMetadataDue();
   1255              }
   1256          }
   1257          
   1258          
   1259          //---------------------------------------------------------------------------------------------------------------------
   1260          /**
   1261           * Check if more variable metadata should be sent out.
   1262           */
   1263          static void CheckMetadataDue(void)
   1264          {
   1265              #if (API010_USES_FIXED_VARIABLES_FEATURE == ENABLED)
   1266                  // Check if there is still variable metadata that must be sent.
   1267                  if (Api010.Remaining_Metadata > 0)
   1268                  {
   1269                      PublishNextMetadata();
   1270                  }
   1271              #endif      // #if (API010_USES_FIXED_VARIABLES_FEATURE == ENABLED)
   1272          }
   1273          
   1274          
   1275          //---------------------------------------------------------------------------------------------------------------------
   1276          /**
   1277           * Publish the next Reveal packet that makes up the periodic data.
   1278           * If Reveal returns an error, then the function will try to send the same packet on the next call.
   1279           */

   \                                 In section .text, align 2, keep-with-next
   1280          static void PublishNextPacket(void)
   1281          {
   \                     PublishNextPacket: (+1)
   \   00000000   0xB570             PUSH     {R4-R6,LR}
   \   00000002   0xF64F 0x75FF      MOVW     R5,#+65535
   \   00000006   0x....             LDR.N    R4,??DataTable5
   \   00000008   0xE053             B.N      ??PublishNextPacket_0
   1282              switch (Api010.Method)
   1283              {
   1284                  case API010_METHOD_REVEAL:
   1285                      if (Api010.Stream_Index < Api010.Stream_Length)
   \                     ??PublishNextPacket_1: (+1)
   \   0000000A   0x8860             LDRH     R0,[R4, #+2]
   \   0000000C   0x88A1             LDRH     R1,[R4, #+4]
   \   0000000E   0x4281             CMP      R1,R0
   \   00000010   0xD225             BCS.N    ??PublishNextPacket_2
   1286                      {
   1287                          // Check if the rest of the stream will fit in a single Reveal packet.
   1288                          uint8 size;
   1289                          if ((Api010.Stream_Length - Api010.Stream_Index) > (REVEAL_PAYLOAD_SIZE - sizeof(uint16)))
                                                                                  ^
Remark[Pe1873]: comparison between signed and unsigned operands
   \   00000012   0x1A42             SUBS     R2,R0,R1
   \   00000014   0x2A40             CMP      R2,#+64
   \   00000016   0xBF2C             ITE      CS 
   1290                          {
   1291                              // It does not fit. Send as must as will fit.
   1292                              size = REVEAL_PAYLOAD_SIZE - sizeof(uint16);
   \   00000018   0x253F             MOVCS    R5,#+63
   1293                          }
   1294                          else
   1295                          {
   1296                              // It does fit. Send the whole thing.
   1297                              size = Api010.Stream_Length - Api010.Stream_Index;
   \   0000001A   0x1A45             SUBCC    R5,R0,R1
   1298                          }
   1299          
   1300                          // Prepare the Reveal message.
   1301                          REVEAL_COMMAND_TYPE* msg = Reveal__NewFeedback(API010POLLVAR_NUM,
   1302                                                                         API010_FBK_PUBLISH_DATA_STREAM,
   1303                                                                         REVEAL_BROADCAST_NODE,
   1304                                                                         size + sizeof(API010_STREAM_INDEX_TYPE));
   \   0000001C   0x1CAB             ADDS     R3,R5,#+2
   \   0000001E   0xB2DB             UXTB     R3,R3
   \   00000020   0x220F             MOVS     R2,#+15
   \   00000022   0x2104             MOVS     R1,#+4
   \   00000024   0x200A             MOVS     R0,#+10
   \   00000026   0x.... 0x....      BL       Reveal__NewFeedback
   1305                          if ((Reveal__AddDataU16(msg, Api010.Stream_Index) == PASS) &&
   1306                              (Reveal__AddDataU8Buffer(msg, &Api010.Stream_Buffer[Api010.Stream_Index], size) == PASS) &&
   1307                              (Reveal__QueueCommand(msg) == TRUE))
   \   0000002A   0x88A1             LDRH     R1,[R4, #+4]
   \   0000002C   0x4606             MOV      R6,R0
   \   0000002E   0x.... 0x....      BL       Reveal__AddDataU16
   \   00000032   0x2801             CMP      R0,#+1
   \   00000034   0xD149             BNE.N    ??PublishNextPacket_3
   \   00000036   0x88A0             LDRH     R0,[R4, #+4]
   \   00000038   0x1900             ADDS     R0,R0,R4
   \   0000003A   0xF500 0x71A2      ADD      R1,R0,#+324
   \   0000003E   0xB2EA             UXTB     R2,R5
   \   00000040   0x4630             MOV      R0,R6
   \   00000042   0x.... 0x....      BL       Reveal__AddDataU8Buffer
   \   00000046   0x2801             CMP      R0,#+1
   \   00000048   0xD13F             BNE.N    ??PublishNextPacket_3
   \   0000004A   0x4630             MOV      R0,R6
   \   0000004C   0x.... 0x....      BL       Reveal__QueueCommand
   \   00000050   0x2801             CMP      R0,#+1
   \   00000052   0xD13A             BNE.N    ??PublishNextPacket_3
   1308                          {
   1309                              // Update the number of bytes sent.
   1310                              Api010.Stream_Index += size;
   \   00000054   0x88A0             LDRH     R0,[R4, #+4]
   \   00000056   0xFA50 0xF085      UXTAB    R0,R0,R5
   \   0000005A   0x80A0             STRH     R0,[R4, #+4]
   \   0000005C   0xBD70             POP      {R4-R6,PC}
   1311                          }
   1312                      }
   1313                      else
   1314                      {
   1315                          // Send the termination packet and return to the STATE_API_10_PUBLISHER_ACTIVE state.
   1316                          REVEAL_COMMAND_TYPE* msg = Reveal__NewFeedback(API010POLLVAR_NUM, API010_FBK_PUBLISH_DATA_STREAM, REVEAL_BROADCAST_NODE, 3);
   \                     ??PublishNextPacket_2: (+1)
   \   0000005E   0x2303             MOVS     R3,#+3
   \   00000060   0x220F             MOVS     R2,#+15
   \   00000062   0x2104             MOVS     R1,#+4
   \   00000064   0x200A             MOVS     R0,#+10
   \   00000066   0x.... 0x....      BL       Reveal__NewFeedback
   \   0000006A   0x4606             MOV      R6,R0
   1317                          if ((Reveal__AddDataU16(msg, 0xFFFF) == PASS) &&
   1318                              (Reveal__AddDataU8(msg, Api010.Stream_Csum) == PASS) &&
   1319                              (Reveal__QueueCommand(msg) == TRUE))
   \   0000006C   0x4629             MOV      R1,R5
   \   0000006E   0x.... 0x....      BL       Reveal__AddDataU16
   \   00000072   0x2801             CMP      R0,#+1
   \   00000074   0xD129             BNE.N    ??PublishNextPacket_3
   \   00000076   0xF894 0x1218      LDRB     R1,[R4, #+536]
   \   0000007A   0x4630             MOV      R0,R6
   \   0000007C   0x.... 0x....      BL       Reveal__AddDataU8
   \   00000080   0x2801             CMP      R0,#+1
   \   00000082   0xD122             BNE.N    ??PublishNextPacket_3
   \   00000084   0x4630             MOV      R0,R6
   \   00000086   0x.... 0x....      BL       Reveal__QueueCommand
   \   0000008A   0x2801             CMP      R0,#+1
   \   0000008C   0xD11D             BNE.N    ??PublishNextPacket_3
   1320                          {
   1321                              EventProceed();
   \   0000008E   0xF894 0x021A      LDRB     R0,[R4, #+538]
   \   00000092   0x2802             CMP      R0,#+2
   \   00000094   0xD00A             BEQ.N    ??PublishNextPacket_4
   \   00000096   0x2803             CMP      R0,#+3
   \   00000098   0xD117             BNE.N    ??PublishNextPacket_3
   \                     ??PublishNextPacket_5: (+1)
   \   0000009A   0x2002             MOVS     R0,#+2
   \   0000009C   0xF884 0x021A      STRB     R0,[R4, #+538]
   \   000000A0   0xBD70             POP      {R4-R6,PC}
   1322                          }
   1323                      }
   1324                      break;
   1325          
   1326                  case API010_METHOD_SPI:
   1327                      #if (API010_CAN_USE_SPI_MODULE == ENABLED)
   1328                          if (Spi__Write(API010POLLVAR_SPI_CHANNEL, Api010.Stream_Buffer, Api010.Stream_Length) == TRUE)
   1329                          {
   1330                              EventProceed();
   1331                          }
   1332                      #elif (API010_CAN_USE_SPIMGR_MODULE == ENABLED)
   1333                          if (SpiMgr__QueueMsg(API010_SPIMGR_DEVICE, Api010.Stream_Buffer, Api010.Rx_Buffer, Api010.Stream_Length) == TRUE)
   1334                          {
   1335                              EventProceed();
   1336                          }
   1337                      #else
   1338                          EventProceed();
   \                     ??PublishNextPacket_6: (+1)
   \   000000A2   0x2802             CMP      R0,#+2
   \   000000A4   0xD002             BEQ.N    ??PublishNextPacket_4
   \   000000A6   0x2803             CMP      R0,#+3
   \   000000A8   0xD0F7             BEQ.N    ??PublishNextPacket_5
   \   000000AA   0xBD70             POP      {R4-R6,PC}
   \                     ??PublishNextPacket_4: (+1)
   \   000000AC   0x2003             MOVS     R0,#+3
   \   000000AE   0xF884 0x021A      STRB     R0,[R4, #+538]
   \                     ??PublishNextPacket_0: (+1)
   \   000000B2   0xF894 0x0216      LDRB     R0,[R4, #+534]
   \   000000B6   0x2800             CMP      R0,#+0
   \   000000B8   0xD0A7             BEQ.N    ??PublishNextPacket_1
   \   000000BA   0x2801             CMP      R0,#+1
   \   000000BC   0xF894 0x021A      LDRB     R0,[R4, #+538]
   \   000000C0   0xD0EF             BEQ.N    ??PublishNextPacket_6
   1339                      #endif
   1340                      break;
   1341          
   1342                  default:
   1343                      EventProceed();
   \   000000C2   0x2802             CMP      R0,#+2
   \   000000C4   0xD0F2             BEQ.N    ??PublishNextPacket_4
   \   000000C6   0x2803             CMP      R0,#+3
   \   000000C8   0xD0E7             BEQ.N    ??PublishNextPacket_5
   1344                      break;
   1345              }
   1346          }
   \                     ??PublishNextPacket_3: (+1)
   \   000000CA   0xBD70             POP      {R4-R6,PC}       ;; return

   \                                 In section .text, align 4, keep-with-next
   \                     ??DataTable5:
   \   00000000   0x........         DC32     Api010
   1347          
   1348          
   1349          //---------------------------------------------------------------------------------------------------------------------
   1350          /**
   1351           * Reset API010 Publisher variables.
   1352           * Restarts the timer for periodic data.
   1353           * Re-enables publication of errors.
   1354           */
   1355          static void ResetPublisher(void)
   1356          {
   1357              Api010.Publication_Counter = 0;
   1358              Api010.Enable_Error_Reporting = TRUE;
   1359          }
   1360          
   1361          
   1362          //---------------------------------------------------------------------------------------------------------------------
   1363          /**
   1364           * Update the timer that keeps track of when to send the next periodic data.
   1365           */
   1366          static void UpdateTimer(void)
   1367          {
   1368              uint8 new_counter = (uint16)(Millis__GetFreeRunningCounter() / Api010.Publication_Period);
   1369              if (Api010.Publication_Counter != new_counter)
   1370              {
   1371                  Api010.Publication_Counter = new_counter;
   1372                  Api010.Is_Periodic_Data_Due = TRUE;
   1373              }
   1374          }
   1375          
   1376          
   1377          //=====================================================================================================================
   1378          //=== StateEngineCrank (v2.8) Auto-Generated Functions for API 10 Publisher State Machine
   1379          //=====================================================================================================================
   1380          // !! StateEngineCrank cannot update this code if you change the header !!
   1381          
   1382          
   1383          //---------------------------------------------------------------------------------------------------------------------
   1384          /**
   1385           * The main execution function for the API 10 Publisher state machine.
   1386           * This function should be called periodically while the state machine is running.
   1387           *
   1388           *              >>> DO NOT MODIFY THIS FUNCTION <<<
   1389           *
   1390           * This function was auto-generated and must not be edited manually.
   1391           * Change the UML used to generate this function and regenerate the source code.
   1392           */
   1393          static void API10PublisherExecute(void)
   1394          {
   1395              switch(Api010.State)
   1396              {
   1397                  case STATE_API_10_PUBLISHER_INACTIVE:
   1398                      CheckMetadataDue();                     // Do function.
   1399                      break;
   1400          
   1401                  case STATE_API_10_PUBLISHER_ACTIVE:
   1402                      UpdateTimer();                          // Do function.
   1403                      CheckDataDue();                         // Do function.
   1404                      break;
   1405          
   1406                  case STATE_API_10_PUBLISHER_PUBLISHING:
   1407                      UpdateTimer();                          // Do function.
   1408                      PublishNextPacket();                    // Do function.
   1409                      break;
   1410          
   1411                  default:
   1412                      // There is nothing to do for all other values of Api010.State.
   1413                      break;
   1414              }
   1415          }
   1416          
   1417          
   1418          //---------------------------------------------------------------------------------------------------------------------
   1419          /**
   1420           * The initialization function for the API 10 Publisher state machine.
   1421           * This function resets the state machine to the initial state and executes the initial state's
   1422           * entry function.
   1423           *
   1424           *              >>> DO NOT MODIFY THIS FUNCTION <<<
   1425           *
   1426           * This function was auto-generated and must not be edited manually.
   1427           * Change the UML used to generate this function and regenerate the source code.
   1428           */
   1429          static void API10PublisherInitialize(void)
   1430          {
   1431              Api010.State = STATE_API_10_PUBLISHER_INACTIVE;
   1432              ResetPublisher();                               // Entry Function.
   1433          }
   1434          
   1435          
   1436          //---------------------------------------------------------------------------------------------------------------------
   1437          /**
   1438           * Process the Proceed Event for the API 10 Publisher state machine.
   1439           *
   1440           *              >>> DO NOT MODIFY THIS FUNCTION <<<
   1441           *
   1442           * This function was auto-generated and must not be edited manually.
   1443           * Change the UML used to generate this function and regenerate the source code.
   1444           */
   1445          static void EventProceed(void)
   1446          {
   1447              switch (Api010.State)
   1448              {
   1449                  case STATE_API_10_PUBLISHER_ACTIVE:
   1450                      Api010.State = STATE_API_10_PUBLISHER_PUBLISHING;
   1451                      PublishNextPacket();                    // Entry Function.
   1452                      break;
   1453          
   1454                  case STATE_API_10_PUBLISHER_PUBLISHING:
   1455                      Api010.State = STATE_API_10_PUBLISHER_ACTIVE;
   1456                      break;
   1457          
   1458                  default:
   1459                      // Event is ignored for all other values of Api010.State.
   1460                      break;
   1461              }
   1462          }
   1463          
   1464          
   1465          //---------------------------------------------------------------------------------------------------------------------
   1466          /**
   1467           * Process the Start Publishing Event for the API 10 Publisher state machine.
   1468           *
   1469           *              >>> DO NOT MODIFY THIS FUNCTION <<<
   1470           *
   1471           * This function was auto-generated and must not be edited manually.
   1472           * Change the UML used to generate this function and regenerate the source code.
   1473           */
   1474          static void EventStartPublishing(void)
   1475          {
   1476              switch (Api010.State)
   1477              {
   1478                  case STATE_API_10_PUBLISHER_INACTIVE:
   1479                      Api010.State = STATE_API_10_PUBLISHER_ACTIVE;
   1480                      break;
   1481          
   1482                  default:
   1483                      // Event is ignored for all other values of Api010.State.
   1484                      break;
   1485              }
   1486          }
   1487          
   1488          
   1489          //---------------------------------------------------------------------------------------------------------------------
   1490          /**
   1491           * Process the Stop Publishing Event for the API 10 Publisher state machine.
   1492           *
   1493           *              >>> DO NOT MODIFY THIS FUNCTION <<<
   1494           *
   1495           * This function was auto-generated and must not be edited manually.
   1496           * Change the UML used to generate this function and regenerate the source code.
   1497           */
   1498          static void EventStopPublishing(void)
   1499          {
   1500              switch (Api010.State)
   1501              {
   1502                  case STATE_API_10_PUBLISHER_ACTIVE:
   1503                  case STATE_API_10_PUBLISHER_PUBLISHING:
   1504                      Api010.State = STATE_API_10_PUBLISHER_INACTIVE;
   1505                      ResetPublisher();                       // Entry Function.
   1506                      break;
   1507          
   1508                  default:
   1509                      // Event is ignored for all other values of Api010.State.
   1510                      break;
   1511              }
   1512          }
   1513          
   1514          
   1515          // !! StateEngineCrank cannot update this code if you change the footer !!
   1516          // End of StateEngineCrank Auto-Generated Code.
   1517          
   1518          
   1519          #endif      // #if (API010POLLVAR_FEATURE == ENABLED)
   1520          

   Maximum stack usage in bytes:

   .cstack Function
   ------- --------
      32   API010PollVar__CommandParser
        32   -> Reveal__AddDataU8
        32   -> Reveal__AddDataU8Buffer
        32   -> Reveal__NewFeedback
        32   -> Reveal__QueueCommand
        32   -> Utilities__ConvertArrayTo16bits
        32   -> Utilities__ConvertArrayTo32bits
        32   -> __aeabi_memset
       0   API010PollVar__FastHandler
      16   API010PollVar__GetMemMapVarsList
       8   API010PollVar__Initialize
         8   -> Micro__GetResetMode
         8   -> __aeabi_memclr4
      32   API010PollVar__SlowHandler
        32   -> Millis__GetFreeRunningCounter
        32   -> PublishNextPacket
        32   -> __aeabi_memcpy
       0   GetMMapVarsCount
      16   PublishNextPacket
        16   -> Reveal__AddDataU16
        16   -> Reveal__AddDataU8
        16   -> Reveal__AddDataU8Buffer
        16   -> Reveal__NewFeedback
        16   -> Reveal__QueueCommand


   Section sizes:

   Bytes  Function/Label
   -----  --------------
       4  ??DataTable5
    1022  API010PollVar__CommandParser
       2  API010PollVar__FastHandler
      98  API010PollVar__GetMemMapVarsList
      50  API010PollVar__Initialize
     388  API010PollVar__SlowHandler
     544  Api010
      42  GetMMapVarsCount
     204  PublishNextPacket

 
   544 bytes in section .bss
 1 810 bytes in section .text
 
 1 810 bytes of CODE memory
   544 bytes of DATA memory

Errors: none
Warnings: none
