###############################################################################
#
# IAR ANSI C/C++ Compiler V7.20.5.7591/W32 for ARM        06/Aug/2024  13:42:26
# Copyright 1999-2014 IAR Systems AB.
#
#    Cpu mode     =  thumb
#    Endian       =  little
#    Source file  =  
#        C:\Data\Python\Self_Commissioning_Bpm\source\XCategory\Hbl\Mci\Mcl\MicroBlocks\Math\MathCalc.c
#    Command line =  
#        -I./ -I../cx/ -I../cx/inc/ -ICategory/ -ICategory/Application/
#        -ICategory/Application/ThermalModel/
#        -ICategory/Application/ThermalModel/ThermalModelCore_DD/
#        -ICategory/Application/ThermalModel/ThermalModelCore_sBPM/
#        -ICategory/Common/ -ICategory/Common/BoardDebugging/
#        -ICategory/Common/MasterCommander/
#        -ICategory/Common/MasterCommander/Source/
#        -ICategory/Common/MasterCommander/Source/HAL/
#        -ICategory/Common/SelfCommissioning/ -ICategory/Hbl/
#        -IProjectSpecific/ -IProjectSpecific/Application/
#        -IProjectSpecific/Application/API007App/
#        -IProjectSpecific/Application/ModeManagement/
#        -IProjectSpecific/Application/MotorSelector/
#        -IProjectSpecific/Application/ProductInfo/
#        -IProjectSpecific/Application/SRMcuSpeedMonitor/
#        -IProjectSpecific/Application/ThermalModel/
#        -IProjectSpecific/CommonCore/ -IProjectSpecific/Driver/
#        -IProjectSpecific/MasterCommander/ -IProjectSpecific/Mci/
#        -IProjectSpecific/Mci/Mcl/ -IProjectSpecific/Mci/Mcl/old_xls/
#        -IXCategory/ -IXCategory/Application/
#        -IXCategory/Application/MciParametersLoader/
#        -IXCategory/Application/Mode/ -IXCategory/Application/Reveal_APIs/
#        -IXCategory/Application/Reveal_APIs/API003Disc/
#        -IXCategory/Application/Reveal_APIs/API004Debug/
#        -IXCategory/Application/Reveal_APIs/API005LowLevel/
#        -IXCategory/Application/Reveal_APIs/API007Data/
#        -IXCategory/Application/Reveal_APIs/API009System/
#        -IXCategory/Application/Reveal_APIs/API010PollVar/
#        -IXCategory/Application/Reveal_APIs/API011AppCtr/
#        -IXCategory/Application/Reveal_APIs/API013RemoteFunction/
#        -IXCategory/Application/Reveal_APIs/API018Diagnostic/
#        -IXCategory/Application/Reveal_APIs/API019ProductInfo/
#        -IXCategory/Application/Reveal_APIs/API220MotorControl/
#        -IXCategory/Application/Reveal_APIs/API220MotorControl/API/
#        -IXCategory/Application/Reveal_APIs/API221MotionCtrl/
#        -IXCategory/Application/Reveal_APIs/SRAPI020Safety/
#        -IXCategory/Application/SFUpdater/ -IXCategory/Common/
#        -IXCategory/Common/Crc16/ -IXCategory/Common/Crc8/
#        -IXCategory/Common/Log/ -IXCategory/Common/Millis/
#        -IXCategory/Common/SettingFile/ -IXCategory/Common/SRClockMonitor/
#        -IXCategory/Common/SRData/ -IXCategory/Common/SRException/
#        -IXCategory/Common/SRFlow/ -IXCategory/Common/SRIsrMonitor/
#        -IXCategory/Common/SRMain/ -IXCategory/Common/SRMcuSpeedMonitor/
#        -IXCategory/Common/SRPowerMgr/ -IXCategory/Common/SRSignature/
#        -IXCategory/Common/SRSystemConfig/
#        -IXCategory/Common/SRTimerReference/ -IXCategory/Common/SystemConfig/
#        -IXCategory/Common/SystemTimers/ -IXCategory/Common/Utilities/
#        -IXCategory/Driver/ -IXCategory/Driver/API/
#        -IXCategory/Driver/API/Comparator/ -IXCategory/Driver/API/DataFlash/
#        -IXCategory/Driver/API/Dma/ -IXCategory/Driver/API/Flash/
#        -IXCategory/Driver/API/Gpio/ -IXCategory/Driver/API/Micro/
#        -IXCategory/Driver/API/Spi/ -IXCategory/Driver/API/SRMCAtod/
#        -IXCategory/Driver/API/SRMCInputCapture/
#        -IXCategory/Driver/API/SRMCPwm/ -IXCategory/Driver/API/TimerInterrupt/
#        -IXCategory/Driver/API/Uart/ -IXCategory/Driver/Comparator/
#        -IXCategory/Driver/DataFlash/ -IXCategory/Driver/Dma/
#        -IXCategory/Driver/Flash/ -IXCategory/Driver/Gpio/
#        -IXCategory/Driver/Micro/ -IXCategory/Driver/Spi/
#        -IXCategory/Driver/SRMCAtod/ -IXCategory/Driver/SRMCInputCapture/
#        -IXCategory/Driver/SRMCPwm/ -IXCategory/Driver/TimerInterrupt/
#        -IXCategory/Driver/Uart/ -IXCategory/Hbl/ -IXCategory/Hbl/Mci/
#        -IXCategory/Hbl/Mci/InverterTemp/ -IXCategory/Hbl/Mci/Mcl/
#        -IXCategory/Hbl/Mci/Mcl/Braking/ -IXCategory/Hbl/Mci/Mcl/MacroBlocks/
#        -IXCategory/Hbl/Mci/Mcl/MclFvt/ -IXCategory/Hbl/Mci/Mcl/MicroBlocks/
#        -IXCategory/Hbl/Mci/Mcl/MicroBlocks/ClrkPark/
#        -IXCategory/Hbl/Mci/Mcl/MicroBlocks/Filters/
#        -IXCategory/Hbl/Mci/Mcl/MicroBlocks/Math/
#        -IXCategory/Hbl/Mci/Mcl/MicroBlocks/ObserverPmsm/
#        -IXCategory/Hbl/Mci/Mcl/MicroBlocks/Pi/
#        -IXCategory/Hbl/Mci/Mcl/MicroBlocks/PwmModulation/
#        -IXCategory/Hbl/Mci/Mcl/ResistanceEstimation/
#        -IXCategory/Hbl/Mci/PowerModuleManager/
#        -IXCategory/Hbl/Mci/SpeedRefGen/ -IXCategory/Hbl/Mci/SurgeRelay/
#        -IXCategory/Hbl/SRMotorSafetyMgr/
#        -IXCategory/Hbl/SRMotorSafetyMgr/API/ -IXCategory/Service/
#        -IXCategory/Service/Reveal/ -IXCategory/Service/Win/ --remarks
#        --no_tbaa --debug --use_c++_inline --only_stdout --dlib_config
#        ..\cx\inc\DLib_Config_Normal.h -r -D
#        ENABLE_JUMP_TO_APPLICATION_WITHOUT_IAP_FIRMWARE -D
#        SET_FLASH_OPTION_CONFIGURATION -D ARM_MATH_CM4 -e --silent
#        --endian=little --cpu Cortex-M4 --fpu=VFPv4_sp -Ohs -o MathCalc.obj -l
#        ..\listings\MathCalc.lst
#        C:\Data\Python\Self_Commissioning_Bpm\source\XCategory\Hbl\Mci\Mcl\MicroBlocks\Math\MathCalc.c
#    List file    =  ..\listings\MathCalc.lst
#    Object file  =  MathCalc.obj
#
###############################################################################

C:\Data\Python\Self_Commissioning_Bpm\source\XCategory\Hbl\Mci\Mcl\MicroBlocks\Math\MathCalc.c
      1          /**
      2           *  @file
      3           *  @brief      MathCalc module performs basic mathematical operations, this is a support module for the MCI.
      4           *
      5           *  @details    Detailed description of the file contents
      6           *
      7           *  $Header: $
      8           *
      9           *  @copyright  Copyright 2015-$Date$. Whirlpool Corporation. All rights reserved - CONFIDENTIAL
     10           *
     11           */
     12          
     13          //-------------------------------------- Include Files ----------------------------------------------------------------
     14          #include "MathCalc.h"
     15          #include "C_Extensions.h"
     16          #include "FloatConstants.h"
     17          #include <math.h>
     18          
     19          #if ((__ICCARM__ == 1) && (__CORE__ == __ARM7EM__))  //  ARM IAR Compiler && CortexM4
     20          #include <arm_math.h>
     21          #endif
     22          //-------------------------------------- PUBLIC (Variables) -----------------------------------------------------------
     23          
     24          //-------------------------------------- PRIVATE (Variables, Constants & Defines) -------------------------------------
     25          // Taylor coefficients for sine function (7th order approximation)
     26          //  The coefficients are scaled and divided by two to avoid overflow
     27          #define A1  0xC910      //!< \f$ a_1 = \frac{\pi}{2}         =  1.570796327 \f$ in Q17.15 notation
     28                                  //!< fractional 1st order coefficient for Taylor sin approximation
     29          
     30          #define A3  0xFFFFAD51      //!< \f$ a_3 = \frac{-\pi^3}{3!\cdot2^3} = -0.645964098 \f$ in Q17.15 notation
     31                                  //!< fractional 3rd order coefficient for Taylor sin approximation
     32          
     33          #define A5  0x0A33      //!< \f$ a_5 = \frac{\pi^5}{5!\cdot2^5}  =  0.079692626 \f$ in Q17.15 notation
     34                                  //!< fractional 5th order coefficient for Taylor sin approximation
     35          
     36          #define A7  0xFFFFFF67      //!< \f$ a_7 = \frac{-\pi^7}{7!\cdot2^7} = -0.004681754 \f$ in Q17.15 notation
     37                                  //!< fractional 7th order coefficient for Taylor sin approximation
     38          
     39          
     40          #define PI_2        0x4000     //!< \f$ \frac{\pi}{2} \f$ in Q1.15 notation
     41          #define MINUS_PI_2  0xC000     //!< \f$ \frac{-\pi}{2} \f$ in Q1.15 notation
     42          #define ONE         0x7FFF     //!<  1 in Q17.15 notation
     43          #define MINUS_ONE   0xFFFF8000     //!< -1 in Q17.15 notation
     44          
     45          
     46          #ifndef PI
     47              #define PI 3.1415926535897932384626433832795f
     48          #endif
     49          
     50          
     51          #ifndef RAD_2_DEG
     52              #define RAD_2_DEG 57.295779513082320876798154814105f   //180/pi_greco
     53          #endif
     54          
     55          #define EPSILON_FLOAT32         2.0f * 1.1920928955078125e-7
     56          
     57          
     58          #define ATAN2_ITERATION_NR      8   //!< Sets the number of Atan2 iterations.
     59          #define ATAN2_USE_FOR_LOOP      0   //!< 1 - use "for" loop (memory size); 0 - expands the iterations in sequence (speed)
     60          
     61          
     62          
     63          
     64          
     65          
     66          
     67          // This lookup table was started in Excel spreadsheet, but it some of its entries were changed properly to fit
     68          // the error within +-0.3% range. Each single entry was simulated.

   \                                 In section .text, align 4, keep-with-next
     69          const sint16 SquareRootTable[] = {
   \                     SquareRootTable:
   \   00000000   0x04B0 0x0834      DC16 1200, 2100, 2300, 2700, 6451, 7066, 7633, 8160, 8655, 9123, 9568
   \              0x08FC 0x0A8C
   \              0x1933 0x1B9A
   \              0x1DD1 0x1FE0
   \              0x21CF 0x23A3
   \              0x2560       
   \   00000016   0x270A 0x28A2      DC16 9994, 10402, 10794, 11173, 11540, 11895, 12240, 12575, 12902
   \              0x2A2A 0x2BA5
   \              0x2D14 0x2E77
   \              0x2FD0 0x311F
   \              0x3266       
   \   00000028   0x33A5 0x34DC      DC16 13221, 13532, 13836, 14133, 14425, 14710, 14991, 15266, 15536
   \              0x360C 0x3735
   \              0x3859 0x3976
   \              0x3A8F 0x3BA2
   \              0x3CB0       
   \   0000003A   0x3DBA 0x3EBF      DC16 15802, 16063, 16320, 16573, 16822, 17068, 17310, 17549, 17784
   \              0x3FC0 0x40BD
   \              0x41B6 0x42AC
   \              0x439E 0x448D
   \              0x4578       
   \   0000004C   0x4661 0x4746      DC16 18017, 18246, 18473, 18697, 18918, 19137, 19353, 19567, 19778
   \              0x4829 0x4909
   \              0x49E6 0x4AC1
   \              0x4B99 0x4C6F
   \              0x4D42       
   \   0000005E   0x4E14 0x4EE3      DC16 19988, 20195, 20400, 20603, 20804, 21003, 21200, 21396, 21589
   \              0x4FB0 0x507B
   \              0x5144 0x520B
   \              0x52D0 0x5394
   \              0x5455       
   \   00000070   0x5515 0x55D3      DC16 21781, 21971, 22160, 22347, 22533, 22716, 22899, 23080, 23260
   \              0x5690 0x574B
   \              0x5805 0x58BC
   \              0x5973 0x5A28
   \              0x5ADC       
   \   00000082   0x5B8E 0x5C3F      DC16 23438, 23615, 23790, 23965, 24138, 24309, 24480, 24649, 24818
   \              0x5CEE 0x5D9D
   \              0x5E4A 0x5EF5
   \              0x5FA0 0x6049
   \              0x60F2       
   \   00000094   0x6199 0x623F      DC16 24985, 25151, 25316, 25480, 25642, 25804, 25965, 26125, 26284
   \              0x62E4 0x6388
   \              0x642A 0x64CC
   \              0x656D 0x660D
   \              0x66AC       
   \   000000A6   0x674A 0x67E6      DC16 26442, 26598, 26754, 26910, 27064, 27217, 27370, 27521, 27672
   \              0x6882 0x691E
   \              0x69B8 0x6A51
   \              0x6AEA 0x6B81
   \              0x6C18       
   \   000000B8   0x6CAE 0x6D43      DC16 27822, 27971, 28120, 28267, 28414, 28560, 28705, 28850, 28994
   \              0x6DD8 0x6E6B
   \              0x6EFE 0x6F90
   \              0x7021 0x70B2
   \              0x7142       
   \   000000CA   0x71D1 0x7260      DC16 29137, 29280, 29421, 29563, 29703, 29843, 29982, 30120, 30258
   \              0x72ED 0x737B
   \              0x7407 0x7493
   \              0x751E 0x75A8
   \              0x7632       
   \   000000DC   0x76BC 0x7744      DC16 30396, 30532, 30668, 30804, 30938, 31073, 31206, 31339, 31472
   \              0x77CC 0x7854
   \              0x78DA 0x7961
   \              0x79E6 0x7A6B
   \              0x7AF0       
   \   000000EE   0x7B74 0x7BF7      DC16 31604, 31735, 31866, 31996, 32126, 32255, 32384, 32512, 32640
   \              0x7C7A 0x7CFC
   \              0x7D7E 0x7DFF
   \              0x7E80 0x7F00
   \              0x7F80       
     70                  1200, 2100, 2300, 2700, 6451, 7066, 7633, 8160, 8655, 9123, 9568, 9994, 10402, 10794,
     71                  11173, 11540, 11895, 12240, 12575, 12902, 13221, 13532, 13836, 14133, 14425, 14710,
     72                  14991, 15266, 15536, 15802, 16063, 16320, 16573, 16822, 17068, 17310, 17549, 17784,
     73                  18017, 18246, 18473, 18697, 18918, 19137, 19353, 19567, 19778, 19988, 20195, 20400,
     74                  20603, 20804, 21003, 21200, 21396, 21589, 21781, 21971, 22160, 22347, 22533, 22716,
     75                  22899, 23080, 23260, 23438, 23615, 23790, 23965, 24138, 24309, 24480, 24649, 24818,
     76                  24985, 25151, 25316, 25480, 25642, 25804, 25965, 26125, 26284, 26442, 26598, 26754,
     77                  26910, 27064, 27217, 27370, 27521, 27672, 27822, 27971, 28120, 28267, 28414, 28560,
     78                  28705, 28850, 28994, 29137, 29280, 29421, 29563, 29703, 29843, 29982, 30120, 30258,
     79                  30396, 30532, 30668, 30804, 30938, 31073, 31206, 31339, 31472, 31604, 31735, 31866,
     80                  31996, 32126, 32255, 32384, 32512, 32640
     81          };
     82          
     83          #define SQRTROOT_TABLE_SIZE         (sizeof(SquareRootTable)/2)
     84          #define FACTOR_DIVIDER              ((sint32)32768/SQRTROOT_TABLE_SIZE)
     85          
     86          #define SIN_TABLE_SIZE          256
     87          #define COS_TABLE_OFFSET        64
     88          

   \                                 In section .text, align 4, keep-with-next
     89          static const sint16 sinTable[SIN_TABLE_SIZE] =
   \                     sinTable:
   \   00000000   0x0000 0x0324      DC16 0, 804, 1608, 2410, 3212, 4011, 4808, 5602, 6393, 7179, 7962, 8739
   \              0x0648 0x096A
   \              0x0C8C 0x0FAB
   \              0x12C8 0x15E2
   \              0x18F9 0x1C0B
   \              0x1F1A 0x2223
   \   00000018   0x2528 0x2826      DC16 9512, 10278, 11039, 11793, 12539, 13279, 14010, 14732, 15446
   \              0x2B1F 0x2E11
   \              0x30FB 0x33DF
   \              0x36BA 0x398C
   \              0x3C56       
   \   0000002A   0x3F17 0x41CE      DC16 16151, 16846, 17530, 18204, 18868, 19519, 20159, 20787, 21403
   \              0x447A 0x471C
   \              0x49B4 0x4C3F
   \              0x4EBF 0x5133
   \              0x539B       
   \   0000003C   0x55F5 0x5842      DC16 22005, 22594, 23170, 23731, 24279, 24811, 25329, 25832, 26319
   \              0x5A82 0x5CB3
   \              0x5ED7 0x60EB
   \              0x62F1 0x64E8
   \              0x66CF       
   \   0000004E   0x68A6 0x6A6D      DC16 26790, 27245, 27683, 28105, 28510, 28898, 29268, 29621, 29956
   \              0x6C23 0x6DC9
   \              0x6F5E 0x70E2
   \              0x7254 0x73B5
   \              0x7504       
   \   00000060   0x7641 0x776B      DC16 30273, 30571, 30852, 31113, 31356, 31580, 31785, 31971, 32137
   \              0x7884 0x7989
   \              0x7A7C 0x7B5C
   \              0x7C29 0x7CE3
   \              0x7D89       
   \   00000072   0x7E1D 0x7E9C      DC16 32285, 32412, 32521, 32609, 32678, 32728, 32757, 32767, 32757
   \              0x7F09 0x7F61
   \              0x7FA6 0x7FD8
   \              0x7FF5 0x7FFF
   \              0x7FF5       
   \   00000084   0x7FD8 0x7FA6      DC16 32728, 32678, 32609, 32521, 32412, 32285, 32137, 31971, 31785
   \              0x7F61 0x7F09
   \              0x7E9C 0x7E1D
   \              0x7D89 0x7CE3
   \              0x7C29       
   \   00000096   0x7B5C 0x7A7C      DC16 31580, 31356, 31113, 30852, 30571, 30273, 29956, 29621, 29268
   \              0x7989 0x7884
   \              0x776B 0x7641
   \              0x7504 0x73B5
   \              0x7254       
   \   000000A8   0x70E2 0x6F5E      DC16 28898, 28510, 28105, 27683, 27245, 26790, 26319, 25832, 25329
   \              0x6DC9 0x6C23
   \              0x6A6D 0x68A6
   \              0x66CF 0x64E8
   \              0x62F1       
   \   000000BA   0x60EB 0x5ED7      DC16 24811, 24279, 23731, 23170, 22594, 22005, 21403, 20787, 20159
   \              0x5CB3 0x5A82
   \              0x5842 0x55F5
   \              0x539B 0x5133
   \              0x4EBF       
   \   000000CC   0x4C3F 0x49B4      DC16 19519, 18868, 18204, 17530, 16846, 16151, 15446, 14732, 14010
   \              0x471C 0x447A
   \              0x41CE 0x3F17
   \              0x3C56 0x398C
   \              0x36BA       
   \   000000DE   0x33DF 0x30FB      DC16 13279, 12539, 11793, 11039, 10278, 9512, 8739, 7962, 7179, 6393
   \              0x2E11 0x2B1F
   \              0x2826 0x2528
   \              0x2223 0x1F1A
   \              0x1C0B 0x18F9
   \   000000F2   0x15E2 0x12C8      DC16 5602, 4808, 4011, 3212, 2410, 1608, 804, 0, -804, -1608, -2410
   \              0x0FAB 0x0C8C
   \              0x096A 0x0648
   \              0x0324 0x0000
   \              0xFCDC 0xF9B8
   \              0xF696       
   \   00000108   0xF374 0xF055      DC16 -3212, -4011, -4808, -5602, -6393, -7179, -7962, -8739, -9512
   \              0xED38 0xEA1E
   \              0xE707 0xE3F5
   \              0xE0E6 0xDDDD
   \              0xDAD8       
   \   0000011A   0xD7DA 0xD4E1      DC16 -10278, -11039, -11793, -12539, -13279, -14010, -14732, -15446
   \              0xD1EF 0xCF05
   \              0xCC21 0xC946
   \              0xC674 0xC3AA
   \   0000012A   0xC0E9 0xBE32      DC16 -16151, -16846, -17530, -18204, -18868, -19519, -20159, -20787
   \              0xBB86 0xB8E4
   \              0xB64C 0xB3C1
   \              0xB141 0xAECD
   \   0000013A   0xAC65 0xAA0B      DC16 -21403, -22005, -22594, -23170, -23731, -24279, -24811, -25329
   \              0xA7BE 0xA57E
   \              0xA34D 0xA129
   \              0x9F15 0x9D0F
   \   0000014A   0x9B18 0x9931      DC16 -25832, -26319, -26790, -27245, -27683, -28105, -28510, -28898
   \              0x975A 0x9593
   \              0x93DD 0x9237
   \              0x90A2 0x8F1E
   \   0000015A   0x8DAC 0x8C4B      DC16 -29268, -29621, -29956, -30273, -30571, -30852, -31113, -31356
   \              0x8AFC 0x89BF
   \              0x8895 0x877C
   \              0x8677 0x8584
   \   0000016A   0x84A4 0x83D7      DC16 -31580, -31785, -31971, -32137, -32285, -32412, -32521, -32609
   \              0x831D 0x8277
   \              0x81E3 0x8164
   \              0x80F7 0x809F
   \   0000017A   0x805A 0x8028      DC16 -32678, -32728, -32757, -32767, -32757, -32728, -32678, -32609
   \              0x800B 0x8001
   \              0x800B 0x8028
   \              0x805A 0x809F
   \   0000018A   0x80F7 0x8164      DC16 -32521, -32412, -32285, -32137, -31971, -31785, -31580, -31356
   \              0x81E3 0x8277
   \              0x831D 0x83D7
   \              0x84A4 0x8584
   \   0000019A   0x8677 0x877C      DC16 -31113, -30852, -30571, -30273, -29956, -29621, -29268, -28898
   \              0x8895 0x89BF
   \              0x8AFC 0x8C4B
   \              0x8DAC 0x8F1E
   \   000001AA   0x90A2 0x9237      DC16 -28510, -28105, -27683, -27245, -26790, -26319, -25832, -25329
   \              0x93DD 0x9593
   \              0x975A 0x9931
   \              0x9B18 0x9D0F
   \   000001BA   0x9F15 0xA129      DC16 -24811, -24279, -23731, -23170, -22594, -22005, -21403, -20787
   \              0xA34D 0xA57E
   \              0xA7BE 0xAA0B
   \              0xAC65 0xAECD
   \   000001CA   0xB141 0xB3C1      DC16 -20159, -19519, -18868, -18204, -17530, -16846, -16151, -15446
   \              0xB64C 0xB8E4
   \              0xBB86 0xBE32
   \              0xC0E9 0xC3AA
   \   000001DA   0xC674 0xC946      DC16 -14732, -14010, -13279, -12539, -11793, -11039, -10278, -9512
   \              0xCC21 0xCF05
   \              0xD1EF 0xD4E1
   \              0xD7DA 0xDAD8
   \   000001EA   0xDDDD 0xE0E6      DC16 -8739, -7962, -7179, -6393, -5602, -4808, -4011, -3212, -2410
   \              0xE3F5 0xE707
   \              0xEA1E 0xED38
   \              0xF055 0xF374
   \              0xF696       
   \   000001FC   0xF9B8 0xFCDC      DC16 -1608, -804
     90          {
     91              0,804,1608,2410,3212,4011,4808,5602,
     92              6393,7179,7962,8739,9512,10278,11039,11793,
     93              12539,13279,14010,14732,15446,16151,16846,17530,
     94              18204,18868,19519,20159,20787,21403,22005,22594,
     95              23170,23731,24279,24811,25329,25832,26319,26790,
     96              27245,27683,28105,28510,28898,29268,29621,29956,
     97              30273,30571,30852,31113,31356,31580,31785,31971,
     98              32137,32285,32412,32521,32609,32678,32728,32757,
     99              32767,32757,32728,32678,32609,32521,32412,32285,
    100              32137,31971,31785,31580,31356,31113,30852,30571,
    101              30273,29956,29621,29268,28898,28510,28105,27683,
    102              27245,26790,26319,25832,25329,24811,24279,23731,
    103              23170,22594,22005,21403,20787,20159,19519,18868,
    104              18204,17530,16846,16151,15446,14732,14010,13279,
    105              12539,11793,11039,10278,9512,8739,7962,7179,
    106              6393,5602,4808,4011,3212,2410,1608,804,
    107              0,-804,-1608,-2410,-3212,-4011,-4808,-5602,
    108              -6393,-7179,-7962,-8739,-9512,-10278,-11039,-11793,
    109              -12539,-13279,-14010,-14732,-15446,-16151,-16846,-17530,
    110              -18204,-18868,-19519,-20159,-20787,-21403,-22005,-22594,
    111              -23170,-23731,-24279,-24811,-25329,-25832,-26319,-26790,
    112              -27245,-27683,-28105,-28510,-28898,-29268,-29621,-29956,
    113              -30273,-30571,-30852,-31113,-31356,-31580,-31785,-31971,
    114              -32137,-32285,-32412,-32521,-32609,-32678,-32728,-32757,
    115              -32767,-32757,-32728,-32678,-32609,-32521,-32412,-32285,
    116              -32137,-31971,-31785,-31580,-31356,-31113,-30852,-30571,
    117              -30273,-29956,-29621,-29268,-28898,-28510,-28105,-27683,
    118              -27245,-26790,-26319,-25832,-25329,-24811,-24279,-23731,
    119              -23170,-22594,-22005,-21403,-20787,-20159,-19519,-18868,
    120              -18204,-17530,-16846,-16151,-15446,-14732,-14010,-13279,
    121              -12539,-11793,-11039,-10278,-9512,-8739,-7962,-7179,
    122          -6393,-5602,-4808,-4011,-3212,-2410,-1608,-804
    123          };
    124          
    125          static const unsigned short int ATAN2_TABLE[] =
    126          {
    127                  8192,                                       // arctan(1)
    128                  4836,                                       // arctan(0.5)
    129                  2555,                                       // arctan(0.25)
    130                  1297,                                       // arctan(0.125)
    131                  651,                                        // arctan(0.0625)
    132                  326,                                        // arctan(...)
    133                  163,                                        // arctan(...)
    134                  81,                                         // arctan(...)
    135                  41,                                         // arctan(...)
    136                  20,                                         // arctan(...)
    137                  10,                                         // arctan(...)
    138                  5,                                          // arctan(...)
    139                  3,                                          // arctan(...)
    140                  1,                                          // arctan(...)
    141                  1                                           // arctan(...)
    142          };
    143          
    144          
    145          // Added later BEATOA
    146          //keep here not to brake the module
    147          #define THREE_LL            0xC0000000L  //!< \f$ {3} \f$ in Q34.30 notation
    148          #define THREE_DIV_2         0x60000000L  //!< \f$ \frac{3}{2} \f$ in Q2.30 notation
    149          #define INV_SQRT_2          23170       //!< \f$ \frac{1}{\sqrt{3}} \f$ in Q1.15 notation
    150          
    151          #define DEBRUIJN_SEQ 0x077CB531UL   //!< De Bruijn sequence used to index a single 1 in a 32bit word
    152          #define MAX_32BIT_POSITIVE 0x7FFFFFFFL              //1< 2^31-1
    153          #define MAX_32BIT_NEGATIVE 0x80000000L              //1< -2^31
    154          
    155          /** table to convert De Bruijn index to standard index (unsigned version) */

   \                                 In section .rodata, align 4, keep-with-next
    156          const unsigned char debruijn_to_std_unsigned[32] =
   \                     debruijn_to_std_unsigned:
   \   00000000   0x00 0x1F          DC8 0, 31, 4, 30, 3, 18, 8, 29, 2, 10, 12, 17, 7, 15, 28, 24, 1, 5, 19
   \              0x04 0x1E    
   \              0x03 0x12    
   \              0x08 0x1D    
   \              0x02 0x0A    
   \              0x0C 0x11    
   \              0x07 0x0F    
   \              0x1C 0x18    
   \              0x01 0x05    
   \              0x13         
   \   00000013   0x09 0x0B          DC8 9, 11, 13, 16, 25, 6, 20, 14, 26, 21, 27, 22, 23
   \              0x0D 0x10    
   \              0x19 0x06    
   \              0x14 0x0E    
   \              0x1A 0x15    
   \              0x1B 0x16    
   \              0x17         
    157          {
    158              0, 31,  4, 30,  3, 18,  8, 29, 2, 10, 12, 17,  7, 15, 28, 24,
    159              1,  5, 19,  9, 11, 13, 16, 25, 6, 20, 14, 26, 21, 27, 22, 23
    160          };
    161          
    162          /** table to convert De Bruijn index to standard index (signed version- MSB is discarded because it is used for sign) */

   \                                 In section .rodata, align 4, keep-with-next
    163          const unsigned char debruijn_to_std_signed[32] =
   \                     debruijn_to_std_signed:
   \   00000000   0x1F 0x1E          DC8 31, 30, 3, 29, 2, 17, 7, 28, 1, 9, 11, 16, 6, 14, 27, 23, 0, 4, 18
   \              0x03 0x1D    
   \              0x02 0x11    
   \              0x07 0x1C    
   \              0x01 0x09    
   \              0x0B 0x10    
   \              0x06 0x0E    
   \              0x1B 0x17    
   \              0x00 0x04    
   \              0x12         
   \   00000013   0x08 0x0A          DC8 8, 10, 12, 15, 24, 5, 19, 13, 25, 20, 26, 21, 22
   \              0x0C 0x0F    
   \              0x18 0x05    
   \              0x13 0x0D    
   \              0x19 0x14    
   \              0x1A 0x15    
   \              0x16         
    164          {
    165              31, 30,  3, 29,  2, 17,  7, 28, 1,  9, 11, 16,  6, 14, 27, 23,
    166               0,  4, 18,  8, 10, 12, 15, 24, 5, 19, 13, 25, 20, 26, 21, 22
    167          };
    168          
    169          #define INTERPOLATION_STEP_IQ   IQ15
    170          
    171          
    172          
    173          
    174          #define FAST_MATH_TABLE_SIZE    512
    175          

   \                                 In section .text, align 4, keep-with-next
    176          const float32 sinTable_wp_f32[FAST_MATH_TABLE_SIZE + 1] = {
   \                     sinTable_wp_f32:
   \   00000000   0x00000000         DC32 0H, 3C490E92H, 3CC90AB1H, 3D16C32BH, 3D48FB2EH, 3D7B2B75H
   \              0x3C490E92   
   \              0x3CC90AB1   
   \              0x3D16C32B   
   \              0x3D48FB2E   
   \              0x3D7B2B75   
   \   00000018   0x3D96A904         DC32 3D96A904H, 3DAFB680H, 3DC8BD36H, 3DE1BC2FH, 3DFAB273H, 3E09CF87H
   \              0x3DAFB680   
   \              0x3DC8BD36   
   \              0x3DE1BC2F   
   \              0x3DFAB273   
   \              0x3E09CF87   
   \   00000030   0x3E164083         DC32 3E164083H, 3E22ABB5H, 3E2F10A2H, 3E3B6ECFH, 3E47C5C2H, 3E541501H
   \              0x3E22ABB5   
   \              0x3E2F10A2   
   \              0x3E3B6ECF   
   \              0x3E47C5C2   
   \              0x3E541501   
   \   00000048   0x3E605C13         DC32 3E605C13H, 3E6C9A7FH, 3E78CFCCH, 3E827DC0H, 3E888E93H, 3E8E9A22H
   \              0x3E6C9A7F   
   \              0x3E78CFCC   
   \              0x3E827DC0   
   \              0x3E888E93   
   \              0x3E8E9A22   
   \   00000060   0x3E94A032         DC32 3E94A032H, 3E9AA086H, 3EA09AE5H, 3EA68F12H, 3EAC7CD4H, 3EB263EFH
   \              0x3E9AA086   
   \              0x3EA09AE5   
   \              0x3EA68F12   
   \              0x3EAC7CD4   
   \              0x3EB263EF   
   \   00000078   0x3EB8442A         DC32 3EB8442AH, 3EBE1D49H, 3EC3EF15H, 3EC9B953H, 3ECF7BCAH, 3ED53641H
   \              0x3EBE1D49   
   \              0x3EC3EF15   
   \              0x3EC9B953   
   \              0x3ECF7BCA   
   \              0x3ED53641   
   \   00000090   0x3EDAE880         DC32 3EDAE880H, 3EE0924FH, 3EE63375H, 3EEBCBBBH, 3EF15AEAH, 3EF6E0CBH
   \              0x3EE0924F   
   \              0x3EE63375   
   \              0x3EEBCBBB   
   \              0x3EF15AEA   
   \              0x3EF6E0CB   
   \   000000A8   0x3EFC5D27         DC32 3EFC5D27H, 3F00E7E4H, 3F039C3DH, 3F064B82H, 3F08F59BH, 3F0B9A6BH
   \              0x3F00E7E4   
   \              0x3F039C3D   
   \              0x3F064B82   
   \              0x3F08F59B   
   \              0x3F0B9A6B   
   \   000000C0   0x3F0E39DA         DC32 3F0E39DAH, 3F10D3CDH, 3F13682AH, 3F15F6D9H, 3F187FC0H, 3F1B02C6H
   \              0x3F10D3CD   
   \              0x3F13682A   
   \              0x3F15F6D9   
   \              0x3F187FC0   
   \              0x3F1B02C6   
   \   000000D8   0x3F1D7FD1         DC32 3F1D7FD1H, 3F1FF6CBH, 3F226799H, 3F24D225H, 3F273656H, 3F299415H
   \              0x3F1FF6CB   
   \              0x3F226799   
   \              0x3F24D225   
   \              0x3F273656   
   \              0x3F299415   
   \   000000F0   0x3F2BEB4A         DC32 3F2BEB4AH, 3F2E3BDEH, 3F3085BBH, 3F32C8C9H, 3F3504F3H, 3F373A23H
   \              0x3F2E3BDE   
   \              0x3F3085BB   
   \              0x3F32C8C9   
   \              0x3F3504F3   
   \              0x3F373A23   
   \   00000108   0x3F396842         DC32 3F396842H, 3F3B8F3BH, 3F3DAEF9H, 3F3FC767H, 3F41D870H, 3F43E201H
   \              0x3F3B8F3B   
   \              0x3F3DAEF9   
   \              0x3F3FC767   
   \              0x3F41D870   
   \              0x3F43E201   
   \   00000120   0x3F45E403         DC32 3F45E403H, 3F47DE65H, 3F49D112H, 3F4BBBF8H, 3F4D9F02H, 3F4F7A20H
   \              0x3F47DE65   
   \              0x3F49D112   
   \              0x3F4BBBF8   
   \              0x3F4D9F02   
   \              0x3F4F7A20   
   \   00000138   0x3F514D3D         DC32 3F514D3DH, 3F531849H, 3F54DB31H, 3F5695E5H, 3F584853H, 3F59F26AH
   \              0x3F531849   
   \              0x3F54DB31   
   \              0x3F5695E5   
   \              0x3F584853   
   \              0x3F59F26A   
   \   00000150   0x3F5B941A         DC32 3F5B941AH, 3F5D2D53H, 3F5EBE05H, 3F604621H, 3F61C597H, 3F633C5AH
   \              0x3F5D2D53   
   \              0x3F5EBE05   
   \              0x3F604621   
   \              0x3F61C597   
   \              0x3F633C5A   
   \   00000168   0x3F64AA59         DC32 3F64AA59H, 3F660F88H, 3F676BD8H, 3F68BF3CH, 3F6A09A7H, 3F6B4B0CH
   \              0x3F660F88   
   \              0x3F676BD8   
   \              0x3F68BF3C   
   \              0x3F6A09A7   
   \              0x3F6B4B0C   
   \   00000180   0x3F6C835E         DC32 3F6C835EH, 3F6DB293H, 3F6ED89EH, 3F6FF573H, 3F710908H, 3F721352H
   \              0x3F6DB293   
   \              0x3F6ED89E   
   \              0x3F6FF573   
   \              0x3F710908   
   \              0x3F721352   
   \   00000198   0x3F731447         DC32 3F731447H, 3F740BDDH, 3F74FA0BH, 3F75DEC6H, 3F76BA07H, 3F778BC5H
   \              0x3F740BDD   
   \              0x3F74FA0B   
   \              0x3F75DEC6   
   \              0x3F76BA07   
   \              0x3F778BC5   
   \   000001B0   0x3F7853F8         DC32 3F7853F8H, 3F791298H, 3F79C79DH, 3F7A7302H, 3F7B14BEH, 3F7BACCDH
   \              0x3F791298   
   \              0x3F79C79D   
   \              0x3F7A7302   
   \              0x3F7B14BE   
   \              0x3F7BACCD   
   \   000001C8   0x3F7C3B28         DC32 3F7C3B28H, 3F7CBFC9H, 3F7D3AACH, 3F7DABCCH, 3F7E1323H, 3F7E70B0H
   \              0x3F7CBFC9   
   \              0x3F7D3AAC   
   \              0x3F7DABCC   
   \              0x3F7E1323   
   \              0x3F7E70B0   
   \   000001E0   0x3F7EC46D         DC32 3F7EC46DH, 3F7F0E58H, 3F7F4E6DH, 3F7F84ABH, 3F7FB10FH, 3F7FD397H
   \              0x3F7F0E58   
   \              0x3F7F4E6D   
   \              0x3F7F84AB   
   \              0x3F7FB10F   
   \              0x3F7FD397   
   \   000001F8   0x3F7FEC43         DC32 3F7FEC43H, 3F7FFB11H, 3F800000H, 3F7FFB11H, 3F7FEC43H, 3F7FD397H
   \              0x3F7FFB11   
   \              0x3F800000   
   \              0x3F7FFB11   
   \              0x3F7FEC43   
   \              0x3F7FD397   
   \   00000210   0x3F7FB10F         DC32 3F7FB10FH, 3F7F84ABH, 3F7F4E6DH, 3F7F0E58H, 3F7EC46DH, 3F7E70B0H
   \              0x3F7F84AB   
   \              0x3F7F4E6D   
   \              0x3F7F0E58   
   \              0x3F7EC46D   
   \              0x3F7E70B0   
   \   00000228   0x3F7E1323         DC32 3F7E1323H, 3F7DABCCH, 3F7D3AACH, 3F7CBFC9H, 3F7C3B28H, 3F7BACCDH
   \              0x3F7DABCC   
   \              0x3F7D3AAC   
   \              0x3F7CBFC9   
   \              0x3F7C3B28   
   \              0x3F7BACCD   
   \   00000240   0x3F7B14BE         DC32 3F7B14BEH, 3F7A7302H, 3F79C79DH, 3F791298H, 3F7853F8H, 3F778BC5H
   \              0x3F7A7302   
   \              0x3F79C79D   
   \              0x3F791298   
   \              0x3F7853F8   
   \              0x3F778BC5   
   \   00000258   0x3F76BA07         DC32 3F76BA07H, 3F75DEC6H, 3F74FA0BH, 3F740BDDH, 3F731447H, 3F721352H
   \              0x3F75DEC6   
   \              0x3F74FA0B   
   \              0x3F740BDD   
   \              0x3F731447   
   \              0x3F721352   
   \   00000270   0x3F710908         DC32 3F710908H, 3F6FF573H, 3F6ED89EH, 3F6DB293H, 3F6C835EH, 3F6B4B0CH
   \              0x3F6FF573   
   \              0x3F6ED89E   
   \              0x3F6DB293   
   \              0x3F6C835E   
   \              0x3F6B4B0C   
   \   00000288   0x3F6A09A7         DC32 3F6A09A7H, 3F68BF3CH, 3F676BD8H, 3F660F88H, 3F64AA59H, 3F633C5AH
   \              0x3F68BF3C   
   \              0x3F676BD8   
   \              0x3F660F88   
   \              0x3F64AA59   
   \              0x3F633C5A   
   \   000002A0   0x3F61C597         DC32 3F61C597H, 3F604621H, 3F5EBE05H, 3F5D2D53H, 3F5B941AH, 3F59F26AH
   \              0x3F604621   
   \              0x3F5EBE05   
   \              0x3F5D2D53   
   \              0x3F5B941A   
   \              0x3F59F26A   
   \   000002B8   0x3F584853         DC32 3F584853H, 3F5695E5H, 3F54DB31H, 3F531849H, 3F514D3DH, 3F4F7A20H
   \              0x3F5695E5   
   \              0x3F54DB31   
   \              0x3F531849   
   \              0x3F514D3D   
   \              0x3F4F7A20   
   \   000002D0   0x3F4D9F02         DC32 3F4D9F02H, 3F4BBBF8H, 3F49D112H, 3F47DE65H, 3F45E403H, 3F43E201H
   \              0x3F4BBBF8   
   \              0x3F49D112   
   \              0x3F47DE65   
   \              0x3F45E403   
   \              0x3F43E201   
   \   000002E8   0x3F41D870         DC32 3F41D870H, 3F3FC767H, 3F3DAEF9H, 3F3B8F3BH, 3F396842H, 3F373A23H
   \              0x3F3FC767   
   \              0x3F3DAEF9   
   \              0x3F3B8F3B   
   \              0x3F396842   
   \              0x3F373A23   
   \   00000300   0x3F3504F3         DC32 3F3504F3H, 3F32C8C9H, 3F3085BBH, 3F2E3BDEH, 3F2BEB4AH, 3F299415H
   \              0x3F32C8C9   
   \              0x3F3085BB   
   \              0x3F2E3BDE   
   \              0x3F2BEB4A   
   \              0x3F299415   
   \   00000318   0x3F273656         DC32 3F273656H, 3F24D225H, 3F226799H, 3F1FF6CBH, 3F1D7FD1H, 3F1B02C6H
   \              0x3F24D225   
   \              0x3F226799   
   \              0x3F1FF6CB   
   \              0x3F1D7FD1   
   \              0x3F1B02C6   
   \   00000330   0x3F187FC0         DC32 3F187FC0H, 3F15F6D9H, 3F13682AH, 3F10D3CDH, 3F0E39DAH, 3F0B9A6BH
   \              0x3F15F6D9   
   \              0x3F13682A   
   \              0x3F10D3CD   
   \              0x3F0E39DA   
   \              0x3F0B9A6B   
   \   00000348   0x3F08F59B         DC32 3F08F59BH, 3F064B82H, 3F039C3DH, 3F00E7E4H, 3EFC5D27H, 3EF6E0CBH
   \              0x3F064B82   
   \              0x3F039C3D   
   \              0x3F00E7E4   
   \              0x3EFC5D27   
   \              0x3EF6E0CB   
   \   00000360   0x3EF15AEA         DC32 3EF15AEAH, 3EEBCBBBH, 3EE63375H, 3EE0924FH, 3EDAE880H, 3ED53641H
   \              0x3EEBCBBB   
   \              0x3EE63375   
   \              0x3EE0924F   
   \              0x3EDAE880   
   \              0x3ED53641   
   \   00000378   0x3ECF7BCA         DC32 3ECF7BCAH, 3EC9B953H, 3EC3EF15H, 3EBE1D49H, 3EB8442AH, 3EB263EFH
   \              0x3EC9B953   
   \              0x3EC3EF15   
   \              0x3EBE1D49   
   \              0x3EB8442A   
   \              0x3EB263EF   
   \   00000390   0x3EAC7CD4         DC32 3EAC7CD4H, 3EA68F12H, 3EA09AE5H, 3E9AA086H, 3E94A032H, 3E8E9A22H
   \              0x3EA68F12   
   \              0x3EA09AE5   
   \              0x3E9AA086   
   \              0x3E94A032   
   \              0x3E8E9A22   
   \   000003A8   0x3E888E93         DC32 3E888E93H, 3E827DC0H, 3E78CFCCH, 3E6C9A7FH, 3E605C13H, 3E541501H
   \              0x3E827DC0   
   \              0x3E78CFCC   
   \              0x3E6C9A7F   
   \              0x3E605C13   
   \              0x3E541501   
   \   000003C0   0x3E47C5C2         DC32 3E47C5C2H, 3E3B6ECFH, 3E2F10A2H, 3E22ABB5H, 3E164083H, 3E09CF87H
   \              0x3E3B6ECF   
   \              0x3E2F10A2   
   \              0x3E22ABB5   
   \              0x3E164083   
   \              0x3E09CF87   
   \   000003D8   0x3DFAB273         DC32 3DFAB273H, 3DE1BC2FH, 3DC8BD36H, 3DAFB680H, 3D96A904H, 3D7B2B75H
   \              0x3DE1BC2F   
   \              0x3DC8BD36   
   \              0x3DAFB680   
   \              0x3D96A904   
   \              0x3D7B2B75   
   \   000003F0   0x3D48FB2E         DC32 3D48FB2EH, 3D16C32BH, 3CC90AB1H, 3C490E92H, 0H, 0BC490E92H
   \              0x3D16C32B   
   \              0x3CC90AB1   
   \              0x3C490E92   
   \              0x00000000   
   \              0xBC490E92   
   \   00000408   0xBCC90AB1         DC32 0BCC90AB1H, 0BD16C32BH, 0BD48FB2EH, 0BD7B2B75H, 0BD96A904H
   \              0xBD16C32B   
   \              0xBD48FB2E   
   \              0xBD7B2B75   
   \              0xBD96A904   
   \   0000041C   0xBDAFB680         DC32 0BDAFB680H, 0BDC8BD36H, 0BDE1BC2FH, 0BDFAB273H, 0BE09CF87H
   \              0xBDC8BD36   
   \              0xBDE1BC2F   
   \              0xBDFAB273   
   \              0xBE09CF87   
   \   00000430   0xBE164083         DC32 0BE164083H, 0BE22ABB5H, 0BE2F10A2H, 0BE3B6ECFH, 0BE47C5C2H
   \              0xBE22ABB5   
   \              0xBE2F10A2   
   \              0xBE3B6ECF   
   \              0xBE47C5C2   
   \   00000444   0xBE541501         DC32 0BE541501H, 0BE605C13H, 0BE6C9A7FH, 0BE78CFCCH, 0BE827DC0H
   \              0xBE605C13   
   \              0xBE6C9A7F   
   \              0xBE78CFCC   
   \              0xBE827DC0   
   \   00000458   0xBE888E93         DC32 0BE888E93H, 0BE8E9A22H, 0BE94A032H, 0BE9AA086H, 0BEA09AE5H
   \              0xBE8E9A22   
   \              0xBE94A032   
   \              0xBE9AA086   
   \              0xBEA09AE5   
   \   0000046C   0xBEA68F12         DC32 0BEA68F12H, 0BEAC7CD4H, 0BEB263EFH, 0BEB8442AH, 0BEBE1D49H
   \              0xBEAC7CD4   
   \              0xBEB263EF   
   \              0xBEB8442A   
   \              0xBEBE1D49   
   \   00000480   0xBEC3EF15         DC32 0BEC3EF15H, 0BEC9B953H, 0BECF7BCAH, 0BED53641H, 0BEDAE880H
   \              0xBEC9B953   
   \              0xBECF7BCA   
   \              0xBED53641   
   \              0xBEDAE880   
   \   00000494   0xBEE0924F         DC32 0BEE0924FH, 0BEE63375H, 0BEEBCBBBH, 0BEF15AEAH, 0BEF6E0CBH
   \              0xBEE63375   
   \              0xBEEBCBBB   
   \              0xBEF15AEA   
   \              0xBEF6E0CB   
   \   000004A8   0xBEFC5D27         DC32 0BEFC5D27H, 0BF00E7E4H, 0BF039C3DH, 0BF064B82H, 0BF08F59BH
   \              0xBF00E7E4   
   \              0xBF039C3D   
   \              0xBF064B82   
   \              0xBF08F59B   
   \   000004BC   0xBF0B9A6B         DC32 0BF0B9A6BH, 0BF0E39DAH, 0BF10D3CDH, 0BF13682AH, 0BF15F6D9H
   \              0xBF0E39DA   
   \              0xBF10D3CD   
   \              0xBF13682A   
   \              0xBF15F6D9   
   \   000004D0   0xBF187FC0         DC32 0BF187FC0H, 0BF1B02C6H, 0BF1D7FD1H, 0BF1FF6CBH, 0BF226799H
   \              0xBF1B02C6   
   \              0xBF1D7FD1   
   \              0xBF1FF6CB   
   \              0xBF226799   
   \   000004E4   0xBF24D225         DC32 0BF24D225H, 0BF273656H, 0BF299415H, 0BF2BEB4AH, 0BF2E3BDEH
   \              0xBF273656   
   \              0xBF299415   
   \              0xBF2BEB4A   
   \              0xBF2E3BDE   
   \   000004F8   0xBF3085BB         DC32 0BF3085BBH, 0BF32C8C9H, 0BF3504F3H, 0BF373A23H, 0BF396842H
   \              0xBF32C8C9   
   \              0xBF3504F3   
   \              0xBF373A23   
   \              0xBF396842   
   \   0000050C   0xBF3B8F3B         DC32 0BF3B8F3BH, 0BF3DAEF9H, 0BF3FC767H, 0BF41D870H, 0BF43E201H
   \              0xBF3DAEF9   
   \              0xBF3FC767   
   \              0xBF41D870   
   \              0xBF43E201   
   \   00000520   0xBF45E403         DC32 0BF45E403H, 0BF47DE65H, 0BF49D112H, 0BF4BBBF8H, 0BF4D9F02H
   \              0xBF47DE65   
   \              0xBF49D112   
   \              0xBF4BBBF8   
   \              0xBF4D9F02   
   \   00000534   0xBF4F7A20         DC32 0BF4F7A20H, 0BF514D3DH, 0BF531849H, 0BF54DB31H, 0BF5695E5H
   \              0xBF514D3D   
   \              0xBF531849   
   \              0xBF54DB31   
   \              0xBF5695E5   
   \   00000548   0xBF584853         DC32 0BF584853H, 0BF59F26AH, 0BF5B941AH, 0BF5D2D53H, 0BF5EBE05H
   \              0xBF59F26A   
   \              0xBF5B941A   
   \              0xBF5D2D53   
   \              0xBF5EBE05   
   \   0000055C   0xBF604621         DC32 0BF604621H, 0BF61C597H, 0BF633C5AH, 0BF64AA59H, 0BF660F88H
   \              0xBF61C597   
   \              0xBF633C5A   
   \              0xBF64AA59   
   \              0xBF660F88   
   \   00000570   0xBF676BD8         DC32 0BF676BD8H, 0BF68BF3CH, 0BF6A09A7H, 0BF6B4B0CH, 0BF6C835EH
   \              0xBF68BF3C   
   \              0xBF6A09A7   
   \              0xBF6B4B0C   
   \              0xBF6C835E   
   \   00000584   0xBF6DB293         DC32 0BF6DB293H, 0BF6ED89EH, 0BF6FF573H, 0BF710908H, 0BF721352H
   \              0xBF6ED89E   
   \              0xBF6FF573   
   \              0xBF710908   
   \              0xBF721352   
   \   00000598   0xBF731447         DC32 0BF731447H, 0BF740BDDH, 0BF74FA0BH, 0BF75DEC6H, 0BF76BA07H
   \              0xBF740BDD   
   \              0xBF74FA0B   
   \              0xBF75DEC6   
   \              0xBF76BA07   
   \   000005AC   0xBF778BC5         DC32 0BF778BC5H, 0BF7853F8H, 0BF791298H, 0BF79C79DH, 0BF7A7302H
   \              0xBF7853F8   
   \              0xBF791298   
   \              0xBF79C79D   
   \              0xBF7A7302   
   \   000005C0   0xBF7B14BE         DC32 0BF7B14BEH, 0BF7BACCDH, 0BF7C3B28H, 0BF7CBFC9H, 0BF7D3AACH
   \              0xBF7BACCD   
   \              0xBF7C3B28   
   \              0xBF7CBFC9   
   \              0xBF7D3AAC   
   \   000005D4   0xBF7DABCC         DC32 0BF7DABCCH, 0BF7E1323H, 0BF7E70B0H, 0BF7EC46DH, 0BF7F0E58H
   \              0xBF7E1323   
   \              0xBF7E70B0   
   \              0xBF7EC46D   
   \              0xBF7F0E58   
   \   000005E8   0xBF7F4E6D         DC32 0BF7F4E6DH, 0BF7F84ABH, 0BF7FB10FH, 0BF7FD397H, 0BF7FEC43H
   \              0xBF7F84AB   
   \              0xBF7FB10F   
   \              0xBF7FD397   
   \              0xBF7FEC43   
   \   000005FC   0xBF7FFB11         DC32 0BF7FFB11H, 0BF800000H, 0BF7FFB11H, 0BF7FEC43H, 0BF7FD397H
   \              0xBF800000   
   \              0xBF7FFB11   
   \              0xBF7FEC43   
   \              0xBF7FD397   
   \   00000610   0xBF7FB10F         DC32 0BF7FB10FH, 0BF7F84ABH, 0BF7F4E6DH, 0BF7F0E58H, 0BF7EC46DH
   \              0xBF7F84AB   
   \              0xBF7F4E6D   
   \              0xBF7F0E58   
   \              0xBF7EC46D   
   \   00000624   0xBF7E70B0         DC32 0BF7E70B0H, 0BF7E1323H, 0BF7DABCCH, 0BF7D3AACH, 0BF7CBFC9H
   \              0xBF7E1323   
   \              0xBF7DABCC   
   \              0xBF7D3AAC   
   \              0xBF7CBFC9   
   \   00000638   0xBF7C3B28         DC32 0BF7C3B28H, 0BF7BACCDH, 0BF7B14BEH, 0BF7A7302H, 0BF79C79DH
   \              0xBF7BACCD   
   \              0xBF7B14BE   
   \              0xBF7A7302   
   \              0xBF79C79D   
   \   0000064C   0xBF791298         DC32 0BF791298H, 0BF7853F8H, 0BF778BC5H, 0BF76BA07H, 0BF75DEC6H
   \              0xBF7853F8   
   \              0xBF778BC5   
   \              0xBF76BA07   
   \              0xBF75DEC6   
   \   00000660   0xBF74FA0B         DC32 0BF74FA0BH, 0BF740BDDH, 0BF731447H, 0BF721352H, 0BF710908H
   \              0xBF740BDD   
   \              0xBF731447   
   \              0xBF721352   
   \              0xBF710908   
   \   00000674   0xBF6FF573         DC32 0BF6FF573H, 0BF6ED89EH, 0BF6DB293H, 0BF6C835EH, 0BF6B4B0CH
   \              0xBF6ED89E   
   \              0xBF6DB293   
   \              0xBF6C835E   
   \              0xBF6B4B0C   
   \   00000688   0xBF6A09A7         DC32 0BF6A09A7H, 0BF68BF3CH, 0BF676BD8H, 0BF660F88H, 0BF64AA59H
   \              0xBF68BF3C   
   \              0xBF676BD8   
   \              0xBF660F88   
   \              0xBF64AA59   
   \   0000069C   0xBF633C5A         DC32 0BF633C5AH, 0BF61C597H, 0BF604621H, 0BF5EBE05H, 0BF5D2D53H
   \              0xBF61C597   
   \              0xBF604621   
   \              0xBF5EBE05   
   \              0xBF5D2D53   
   \   000006B0   0xBF5B941A         DC32 0BF5B941AH, 0BF59F26AH, 0BF584853H, 0BF5695E5H, 0BF54DB31H
   \              0xBF59F26A   
   \              0xBF584853   
   \              0xBF5695E5   
   \              0xBF54DB31   
   \   000006C4   0xBF531849         DC32 0BF531849H, 0BF514D3DH, 0BF4F7A20H, 0BF4D9F02H, 0BF4BBBF8H
   \              0xBF514D3D   
   \              0xBF4F7A20   
   \              0xBF4D9F02   
   \              0xBF4BBBF8   
   \   000006D8   0xBF49D112         DC32 0BF49D112H, 0BF47DE65H, 0BF45E403H, 0BF43E201H, 0BF41D870H
   \              0xBF47DE65   
   \              0xBF45E403   
   \              0xBF43E201   
   \              0xBF41D870   
   \   000006EC   0xBF3FC767         DC32 0BF3FC767H, 0BF3DAEF9H, 0BF3B8F3BH, 0BF396842H, 0BF373A23H
   \              0xBF3DAEF9   
   \              0xBF3B8F3B   
   \              0xBF396842   
   \              0xBF373A23   
   \   00000700   0xBF3504F3         DC32 0BF3504F3H, 0BF32C8C9H, 0BF3085BBH, 0BF2E3BDEH, 0BF2BEB4AH
   \              0xBF32C8C9   
   \              0xBF3085BB   
   \              0xBF2E3BDE   
   \              0xBF2BEB4A   
   \   00000714   0xBF299415         DC32 0BF299415H, 0BF273656H, 0BF24D225H, 0BF226799H, 0BF1FF6CBH
   \              0xBF273656   
   \              0xBF24D225   
   \              0xBF226799   
   \              0xBF1FF6CB   
   \   00000728   0xBF1D7FD1         DC32 0BF1D7FD1H, 0BF1B02C6H, 0BF187FC0H, 0BF15F6D9H, 0BF13682AH
   \              0xBF1B02C6   
   \              0xBF187FC0   
   \              0xBF15F6D9   
   \              0xBF13682A   
   \   0000073C   0xBF10D3CD         DC32 0BF10D3CDH, 0BF0E39DAH, 0BF0B9A6BH, 0BF08F59BH, 0BF064B82H
   \              0xBF0E39DA   
   \              0xBF0B9A6B   
   \              0xBF08F59B   
   \              0xBF064B82   
   \   00000750   0xBF039C3D         DC32 0BF039C3DH, 0BF00E7E4H, 0BEFC5D27H, 0BEF6E0CBH, 0BEF15AEAH
   \              0xBF00E7E4   
   \              0xBEFC5D27   
   \              0xBEF6E0CB   
   \              0xBEF15AEA   
   \   00000764   0xBEEBCBBB         DC32 0BEEBCBBBH, 0BEE63375H, 0BEE0924FH, 0BEDAE880H, 0BED53641H
   \              0xBEE63375   
   \              0xBEE0924F   
   \              0xBEDAE880   
   \              0xBED53641   
   \   00000778   0xBECF7BCA         DC32 0BECF7BCAH, 0BEC9B953H, 0BEC3EF15H, 0BEBE1D49H, 0BEB8442AH
   \              0xBEC9B953   
   \              0xBEC3EF15   
   \              0xBEBE1D49   
   \              0xBEB8442A   
   \   0000078C   0xBEB263EF         DC32 0BEB263EFH, 0BEAC7CD4H, 0BEA68F12H, 0BEA09AE5H, 0BE9AA086H
   \              0xBEAC7CD4   
   \              0xBEA68F12   
   \              0xBEA09AE5   
   \              0xBE9AA086   
   \   000007A0   0xBE94A032         DC32 0BE94A032H, 0BE8E9A22H, 0BE888E93H, 0BE827DC0H, 0BE78CFCCH
   \              0xBE8E9A22   
   \              0xBE888E93   
   \              0xBE827DC0   
   \              0xBE78CFCC   
   \   000007B4   0xBE6C9A7F         DC32 0BE6C9A7FH, 0BE605C13H, 0BE541501H, 0BE47C5C2H, 0BE3B6ECFH
   \              0xBE605C13   
   \              0xBE541501   
   \              0xBE47C5C2   
   \              0xBE3B6ECF   
   \   000007C8   0xBE2F10A2         DC32 0BE2F10A2H, 0BE22ABB5H, 0BE164083H, 0BE09CF87H, 0BDFAB273H
   \              0xBE22ABB5   
   \              0xBE164083   
   \              0xBE09CF87   
   \              0xBDFAB273   
   \   000007DC   0xBDE1BC2F         DC32 0BDE1BC2FH, 0BDC8BD36H, 0BDAFB680H, 0BD96A904H, 0BD7B2B75H
   \              0xBDC8BD36   
   \              0xBDAFB680   
   \              0xBD96A904   
   \              0xBD7B2B75   
   \   000007F0   0xBD48FB2E         DC32 0BD48FB2EH, 0BD16C32BH, 0BCC90AB1H, 0BC490E92H, 80000000H
   \              0xBD16C32B   
   \              0xBCC90AB1   
   \              0xBC490E92   
   \              0x80000000   
    177             0.00000000f, 0.01227154f, 0.02454123f, 0.03680722f, 0.04906767f, 0.06132074f,
    178             0.07356456f, 0.08579731f, 0.09801714f, 0.11022221f, 0.12241068f, 0.13458071f,
    179             0.14673047f, 0.15885814f, 0.17096189f, 0.18303989f, 0.19509032f, 0.20711138f,
    180             0.21910124f, 0.23105811f, 0.24298018f, 0.25486566f, 0.26671276f, 0.27851969f,
    181             0.29028468f, 0.30200595f, 0.31368174f, 0.32531029f, 0.33688985f, 0.34841868f,
    182             0.35989504f, 0.37131719f, 0.38268343f, 0.39399204f, 0.40524131f, 0.41642956f,
    183             0.42755509f, 0.43861624f, 0.44961133f, 0.46053871f, 0.47139674f, 0.48218377f,
    184             0.49289819f, 0.50353838f, 0.51410274f, 0.52458968f, 0.53499762f, 0.54532499f,
    185             0.55557023f, 0.56573181f, 0.57580819f, 0.58579786f, 0.59569930f, 0.60551104f,
    186             0.61523159f, 0.62485949f, 0.63439328f, 0.64383154f, 0.65317284f, 0.66241578f,
    187             0.67155895f, 0.68060100f, 0.68954054f, 0.69837625f, 0.70710678f, 0.71573083f,
    188             0.72424708f, 0.73265427f, 0.74095113f, 0.74913639f, 0.75720885f, 0.76516727f,
    189             0.77301045f, 0.78073723f, 0.78834643f, 0.79583690f, 0.80320753f, 0.81045720f,
    190             0.81758481f, 0.82458930f, 0.83146961f, 0.83822471f, 0.84485357f, 0.85135519f,
    191             0.85772861f, 0.86397286f, 0.87008699f, 0.87607009f, 0.88192126f, 0.88763962f,
    192             0.89322430f, 0.89867447f, 0.90398929f, 0.90916798f, 0.91420976f, 0.91911385f,
    193             0.92387953f, 0.92850608f, 0.93299280f, 0.93733901f, 0.94154407f, 0.94560733f,
    194             0.94952818f, 0.95330604f, 0.95694034f, 0.96043052f, 0.96377607f, 0.96697647f,
    195             0.97003125f, 0.97293995f, 0.97570213f, 0.97831737f, 0.98078528f, 0.98310549f,
    196             0.98527764f, 0.98730142f, 0.98917651f, 0.99090264f, 0.99247953f, 0.99390697f,
    197             0.99518473f, 0.99631261f, 0.99729046f, 0.99811811f, 0.99879546f, 0.99932238f,
    198             0.99969882f, 0.99992470f, 1.00000000f, 0.99992470f, 0.99969882f, 0.99932238f,
    199             0.99879546f, 0.99811811f, 0.99729046f, 0.99631261f, 0.99518473f, 0.99390697f,
    200             0.99247953f, 0.99090264f, 0.98917651f, 0.98730142f, 0.98527764f, 0.98310549f,
    201             0.98078528f, 0.97831737f, 0.97570213f, 0.97293995f, 0.97003125f, 0.96697647f,
    202             0.96377607f, 0.96043052f, 0.95694034f, 0.95330604f, 0.94952818f, 0.94560733f,
    203             0.94154407f, 0.93733901f, 0.93299280f, 0.92850608f, 0.92387953f, 0.91911385f,
    204             0.91420976f, 0.90916798f, 0.90398929f, 0.89867447f, 0.89322430f, 0.88763962f,
    205             0.88192126f, 0.87607009f, 0.87008699f, 0.86397286f, 0.85772861f, 0.85135519f,
    206             0.84485357f, 0.83822471f, 0.83146961f, 0.82458930f, 0.81758481f, 0.81045720f,
    207             0.80320753f, 0.79583690f, 0.78834643f, 0.78073723f, 0.77301045f, 0.76516727f,
    208             0.75720885f, 0.74913639f, 0.74095113f, 0.73265427f, 0.72424708f, 0.71573083f,
    209             0.70710678f, 0.69837625f, 0.68954054f, 0.68060100f, 0.67155895f, 0.66241578f,
    210             0.65317284f, 0.64383154f, 0.63439328f, 0.62485949f, 0.61523159f, 0.60551104f,
    211             0.59569930f, 0.58579786f, 0.57580819f, 0.56573181f, 0.55557023f, 0.54532499f,
    212             0.53499762f, 0.52458968f, 0.51410274f, 0.50353838f, 0.49289819f, 0.48218377f,
    213             0.47139674f, 0.46053871f, 0.44961133f, 0.43861624f, 0.42755509f, 0.41642956f,
    214             0.40524131f, 0.39399204f, 0.38268343f, 0.37131719f, 0.35989504f, 0.34841868f,
    215             0.33688985f, 0.32531029f, 0.31368174f, 0.30200595f, 0.29028468f, 0.27851969f,
    216             0.26671276f, 0.25486566f, 0.24298018f, 0.23105811f, 0.21910124f, 0.20711138f,
    217             0.19509032f, 0.18303989f, 0.17096189f, 0.15885814f, 0.14673047f, 0.13458071f,
    218             0.12241068f, 0.11022221f, 0.09801714f, 0.08579731f, 0.07356456f, 0.06132074f,
    219             0.04906767f, 0.03680722f, 0.02454123f, 0.01227154f, 0.00000000f, -0.01227154f,
    220             -0.02454123f, -0.03680722f, -0.04906767f, -0.06132074f, -0.07356456f,
    221             -0.08579731f, -0.09801714f, -0.11022221f, -0.12241068f, -0.13458071f,
    222             -0.14673047f, -0.15885814f, -0.17096189f, -0.18303989f, -0.19509032f,
    223             -0.20711138f, -0.21910124f, -0.23105811f, -0.24298018f, -0.25486566f,
    224             -0.26671276f, -0.27851969f, -0.29028468f, -0.30200595f, -0.31368174f,
    225             -0.32531029f, -0.33688985f, -0.34841868f, -0.35989504f, -0.37131719f,
    226             -0.38268343f, -0.39399204f, -0.40524131f, -0.41642956f, -0.42755509f,
    227             -0.43861624f, -0.44961133f, -0.46053871f, -0.47139674f, -0.48218377f,
    228             -0.49289819f, -0.50353838f, -0.51410274f, -0.52458968f, -0.53499762f,
    229             -0.54532499f, -0.55557023f, -0.56573181f, -0.57580819f, -0.58579786f,
    230             -0.59569930f, -0.60551104f, -0.61523159f, -0.62485949f, -0.63439328f,
    231             -0.64383154f, -0.65317284f, -0.66241578f, -0.67155895f, -0.68060100f,
    232             -0.68954054f, -0.69837625f, -0.70710678f, -0.71573083f, -0.72424708f,
    233             -0.73265427f, -0.74095113f, -0.74913639f, -0.75720885f, -0.76516727f,
    234             -0.77301045f, -0.78073723f, -0.78834643f, -0.79583690f, -0.80320753f,
    235             -0.81045720f, -0.81758481f, -0.82458930f, -0.83146961f, -0.83822471f,
    236             -0.84485357f, -0.85135519f, -0.85772861f, -0.86397286f, -0.87008699f,
    237             -0.87607009f, -0.88192126f, -0.88763962f, -0.89322430f, -0.89867447f,
    238             -0.90398929f, -0.90916798f, -0.91420976f, -0.91911385f, -0.92387953f,
    239             -0.92850608f, -0.93299280f, -0.93733901f, -0.94154407f, -0.94560733f,
    240             -0.94952818f, -0.95330604f, -0.95694034f, -0.96043052f, -0.96377607f,
    241             -0.96697647f, -0.97003125f, -0.97293995f, -0.97570213f, -0.97831737f,
    242             -0.98078528f, -0.98310549f, -0.98527764f, -0.98730142f, -0.98917651f,
    243             -0.99090264f, -0.99247953f, -0.99390697f, -0.99518473f, -0.99631261f,
    244             -0.99729046f, -0.99811811f, -0.99879546f, -0.99932238f, -0.99969882f,
    245             -0.99992470f, -1.00000000f, -0.99992470f, -0.99969882f, -0.99932238f,
    246             -0.99879546f, -0.99811811f, -0.99729046f, -0.99631261f, -0.99518473f,
    247             -0.99390697f, -0.99247953f, -0.99090264f, -0.98917651f, -0.98730142f,
    248             -0.98527764f, -0.98310549f, -0.98078528f, -0.97831737f, -0.97570213f,
    249             -0.97293995f, -0.97003125f, -0.96697647f, -0.96377607f, -0.96043052f,
    250             -0.95694034f, -0.95330604f, -0.94952818f, -0.94560733f, -0.94154407f,
    251             -0.93733901f, -0.93299280f, -0.92850608f, -0.92387953f, -0.91911385f,
    252             -0.91420976f, -0.90916798f, -0.90398929f, -0.89867447f, -0.89322430f,
    253             -0.88763962f, -0.88192126f, -0.87607009f, -0.87008699f, -0.86397286f,
    254             -0.85772861f, -0.85135519f, -0.84485357f, -0.83822471f, -0.83146961f,
    255             -0.82458930f, -0.81758481f, -0.81045720f, -0.80320753f, -0.79583690f,
    256             -0.78834643f, -0.78073723f, -0.77301045f, -0.76516727f, -0.75720885f,
    257             -0.74913639f, -0.74095113f, -0.73265427f, -0.72424708f, -0.71573083f,
    258             -0.70710678f, -0.69837625f, -0.68954054f, -0.68060100f, -0.67155895f,
    259             -0.66241578f, -0.65317284f, -0.64383154f, -0.63439328f, -0.62485949f,
    260             -0.61523159f, -0.60551104f, -0.59569930f, -0.58579786f, -0.57580819f,
    261             -0.56573181f, -0.55557023f, -0.54532499f, -0.53499762f, -0.52458968f,
    262             -0.51410274f, -0.50353838f, -0.49289819f, -0.48218377f, -0.47139674f,
    263             -0.46053871f, -0.44961133f, -0.43861624f, -0.42755509f, -0.41642956f,
    264             -0.40524131f, -0.39399204f, -0.38268343f, -0.37131719f, -0.35989504f,
    265             -0.34841868f, -0.33688985f, -0.32531029f, -0.31368174f, -0.30200595f,
    266             -0.29028468f, -0.27851969f, -0.26671276f, -0.25486566f, -0.24298018f,
    267             -0.23105811f, -0.21910124f, -0.20711138f, -0.19509032f, -0.18303989f,
    268             -0.17096189f, -0.15885814f, -0.14673047f, -0.13458071f, -0.12241068f,
    269             -0.11022221f, -0.09801714f, -0.08579731f, -0.07356456f, -0.06132074f,
    270             -0.04906767f, -0.03680722f, -0.02454123f, -0.01227154f, -0.00000000f
    271          };
    272          
    273          //-------------------------------------- PRIVATE (Function Prototypes) ------------------------------------------------
    274          //---------------------------------------------------------------------------------------------------------------------
    275          
    276          
    277          //=====================================================================================================================
    278          //-------------------------------------- Public Functions -------------------------------------------------------------
    279          //=====================================================================================================================
    280          
    281          
    282          
    283          /**
    284           *  @brief      Calculate \f$ sin(\theta) \f$
    285           *  @details    This function calculates \f$ sin(\theta) \f$ using Taylor 7-th order polynomial.
    286           *
    287           *  \f[
    288           *      \begin{aligned}
    289           *          & \theta=[-\pi; \pi] \\
    290           *          & sin(\theta) = \theta - \frac{\theta^3}{3!} + \frac{\theta^5}{5!} - \frac{\theta^7}{7!}\\
    291           *          & sin(\theta) = \theta \cdot \left (1 - \frac{\theta^2}{6} \cdot \left (1 - \frac{\theta^2}{20} \cdot \left ((1 - \frac{\theta^2}{42}\right )\right )\right)\\
    292           *          & sin(\theta) = \theta(d_1 + \theta^2(d_3 + \theta^2(d_5 + \theta^2\cdot d_7)))
    293           *      \end{aligned}
    294           *  \f]
    295           *
    296           * where:
    297           *
    298           *  \f[
    299           *      \begin{aligned}
    300           *          & d_1 =   1\\
    301           *          & d_3 = -\frac{1}{3!}\\
    302           *          & d_5 =  \frac{1}{5!}\\
    303           *          & d_7 = -\frac{1}{7!}
    304           *      \end{aligned}
    305           *  \f]
    306           *
    307           * In fractional implementation \f$\theta\f$ value is in range [-1; 1) that corresponds to \f$[-\pi; \pi]\f$,
    308           * thus the coefficients 'd' needs to be scaled. Assuming \f$ x = \theta \cdot \pi \f$
    309           *
    310           * \f[
    311           *  \begin{aligned}
    312           *      & sin(x) = x(c_1 + x^2(c_3 + x^2(c_5 + x^2\cdot c_7)))\\ \\
    313           *      & c_1 = d_1 \cdot \pi\\
    314           *      & c_3 = d_3 \cdot \pi^3\\
    315           *      & c_5 = d_5 \cdot \pi^5\\
    316           *      & c_7 = d_7 \cdot \pi^7
    317           * \end{aligned}
    318           * \f]
    319           *
    320           *  The 7-th order polynomial approximation of the sine function
    321           *  has very good accuracy in range [-pi/2; pi/2] of argument, but in wider
    322           *  range the calculation error is quickly growing up. Therefore the sine
    323           *  function is approximated only in range [-pi/2; pi/2] and it is used the
    324           *  symmetry of the sine function [sin(alpha) = sin(pi - alpha)].
    325           *  Therefore the alpha argument is in range [-pi/2; pi/2) that corresponds
    326           *  to x [-0.5; 0.5).
    327           *  To make calculations more precise (because we need to use the value
    328           *  of x^2 rounded to 16-bit fractional number in our calculations),
    329           *  the given argument value x (that is in range [-0.5; 0.5)) is shifted
    330           *  by 1 bit to the left (multiplied by 2), then the calculated x^2 value
    331           *  is in range [-1; 1) instead of [-0.25; 0.25).
    332           *  Then the polynomial coefficients 'c' needs to be scaled:
    333           *
    334           * \f[
    335           *      \begin{aligned}
    336           *          & b_1 = \frac{c_1}{2}\\
    337           *          & b_3 = \frac{c_3}{2^3}\\
    338           *          & b_5 = \frac{c_5}{2^5}\\
    339           *          & b_7 = \frac{c_7}{2^7}
    340           *      \end{aligned}
    341           * \f]
    342           *
    343           * To avoid the saturation error during the polynomial calculation
    344           * the coefficients 'b' are divided by 2. After the polynomial calculation
    345           * the result is multiplied by 2 (shifted by 1 bit to the left)
    346           * to take the right result (in range [-1; 1)).
    347           *
    348           * \f[
    349           * \begin{aligned}
    350           *     & a_1 = \frac{b_1}{2} = \frac{\pi}{2^2}         &&=  0.785398163\\
    351           *     & a_3 = \frac{b_3}{2} = \frac{-\pi}{3!\cdot2^4} &&= -0.322982049\\
    352           *     & a_5 = \frac{b_5}{2} = \frac{\pi}{5!\cdot2^5}  &&=  0.039846313\\
    353           *     & a_7 = \frac{b_7}{2} = \frac{-\pi}{7!\cdot2^7} &&= -0.002340877
    354           * \end{aligned}
    355           * \f]
    356           *
    357           * In Q1.15 fractional representation:
    358           * \f[
    359           * \begin{aligned}
    360           *      & a_1 = 0x6488 \\
    361           *      & a_3 = 0xD6A9\\
    362           *      & a_5 = 0x051A\\
    363           *      & a_7 = 0xFFB3\\ \\
    364           *      & sin(\pi \cdot x) = (x<<1)\cdot(a_1 + (x<<1)^2(a_3 + (x<<1)^2(a_5 + (x<<1)^2\cdot a_7))) << 1
    365           * \end{aligned}
    366           * \f]
    367           *
    368           *  @param[in]    x in Q1.15 notation (fractional representation of \f$\theta\f$, \f$\pi\f$ as base angle)
    369           *  @return       \f$ sin(\pi \cdot x) \f$ in Q1.15 notation
    370           */

   \                                 In section .text, align 2, keep-with-next
    371          sint32 MathCalc__Sin(sint16 x)
    372          {
    373              sint16 x_2;
    374              sint32 sin_x;
    375              sint32 sq_x_2;
    376          
    377              // preliminary check to avoid overflow
    378              if (x ==  (sint16) MINUS_PI_2)
   \                     MathCalc__Sin: (+1)
   \   00000000   0x4601             MOV      R1,R0
   \   00000002   0xF511 0x4F80      CMN      R1,#+16384
   \   00000006   0xD102             BNE.N    ??MathCalc__Sin_0
    379              {
    380                  sin_x = (sint32) MINUS_ONE;  // to avoid overflow when calculating x_2 = 2*x
   \   00000008   0x.... 0x....      LDR.W    R0,??DataTable16_6  ;; 0xffff8000
   \   0000000C   0x4770             BX       LR
    381              }
    382              else if (x ==  (sint16) PI_2)
   \                     ??MathCalc__Sin_0: (+1)
   \   0000000E   0xF5B1 0x4F80      CMP      R1,#+16384
   \   00000012   0xD102             BNE.N    ??MathCalc__Sin_1
    383              {
    384                  sin_x =  ONE;  // to avoid overflow when calculating x_2 = 2*x
   \   00000014   0xF647 0x70FF      MOVW     R0,#+32767
   \   00000018   0x4770             BX       LR
    385              }
    386              else
    387              {
    388                  x_2 = x << 1; // 2*theta - calculation with overflow
   \                     ??MathCalc__Sin_1: (+1)
   \   0000001A   0x0440             LSLS     R0,R0,#+17
   \   0000001C   0x1400             ASRS     R0,R0,#+16
    389          
    390                  if ((x_2^x)<0)
   \   0000001E   0x4041             EORS     R1,R1,R0
   \   00000020   0xBF44             ITT      MI 
    391                  {
    392                      x_2 = - x_2;
   \   00000022   0x4240             RSBMI    R0,R0,#+0
   \   00000024   0xB200             SXTHMI   R0,R0
    393                  }
    394          
    395                  sq_x_2 = ((sint32)x_2 * (sint32) x_2)>>IQ15;       // (2*x)^2
   \   00000026   0xFB10 0xF100      SMULBB   R1,R0,R0
   \   0000002A   0x13C9             ASRS     R1,R1,#+15
    396          
    397                  sin_x  = (sint32) A7;
    398                  sin_x  = (sin_x * sq_x_2)>>IQ15;  // (2*x)^2 * a7
    399          
    400                  sin_x  = sin_x + A5;                // a5 + (2*x)^2 * a7
    401                  sin_x  = (sin_x * sq_x_2)>>IQ15;  // (2*x)^2 * (a5 + (2*x)^2 * a7)
    402          
    403                  sin_x  = sin_x + A3;                // a3 + (2*x)^2 * (a5 + (2*x)^2 * a7)
    404                  sin_x  = (sin_x * sq_x_2)>>IQ15;  // (2*x)^2 * (a3 + (2*x)^2 * (a5 + (2*x)^2 * a7))
    405          
    406                  sin_x  = sin_x + A1;                    // a1 + (2*x)^2 * (a3 + (2*x)^2 * (a5 + (2*x)^2 * a7))
    407                  sin_x  = (sin_x * (sint32) x_2)>>IQ15; // (2*x) * (a1 + (2*x)^2 * (a3 + (2*x)^2 * (a5 + (2*x)^2 * a7 )))
   \   0000002C   0xF06F 0x0298      MVN      R2,#+152
   \   00000030   0x434A             MULS     R2,R2,R1
   \   00000032   0x13D2             ASRS     R2,R2,#+15
   \   00000034   0xF602 0x2233      ADDW     R2,R2,#+2611
   \   00000038   0x434A             MULS     R2,R2,R1
   \   0000003A   0x.... 0x....      LDR.W    R3,??DataTable16_7  ;; 0xffffad51
   \   0000003E   0xEB03 0x32E2      ADD      R2,R3,R2, ASR #+15
   \   00000042   0x4351             MULS     R1,R1,R2
   \   00000044   0x13C9             ASRS     R1,R1,#+15
   \   00000046   0xF501 0x4149      ADD      R1,R1,#+51456
   \   0000004A   0x3110             ADDS     R1,R1,#+16
   \   0000004C   0x4348             MULS     R0,R0,R1
   \   0000004E   0x13C0             ASRS     R0,R0,#+15
    408                                                        // IQ15-1 instead of IQ15 to compensate the coefficient scaling
    409              }
    410              return (sin_x);
   \   00000050   0x4770             BX       LR               ;; return
    411          }
    412          
    413          
    414          //---------------------------------------------------------------------------------------------------------------------
    415          /**
    416           *  @brief      Calculate \f$ cos(\theta) \f$
    417           *  @details    \f$ cos(\theta) \f$ is calculated as \f$sin(\theta + \frac{\pi}{2})\f$.
    418           *
    419           *
    420           *  @param[in]    x in Q1.15 notation (fractional representation of \f$\theta\f$, \f$\pi\f$ as base angle)
    421           *  @return       \f$ cos(\pi \cdot x) \f$ in Q1.15 notation
    422           */

   \                                 In section .text, align 2, keep-with-next
    423          sint32 MathCalc__Cos(sint16 x)
    424          {
    425              sint32 cos_x;
    426              x = PI_2 + x;  // x + pi/2
    427              cos_x = MathCalc__Sin(x);
   \                     MathCalc__Cos: (+1)
   \   00000000   0xF500 0x4080      ADD      R0,R0,#+16384
   \   00000004   0xB200             SXTH     R0,R0
   \   00000006   0x4601             MOV      R1,R0
   \   00000008   0xF511 0x4F80      CMN      R1,#+16384
   \   0000000C   0xD102             BNE.N    ??MathCalc__Cos_0
   \   0000000E   0x.... 0x....      LDR.W    R0,??DataTable16_6  ;; 0xffff8000
   \   00000012   0x4770             BX       LR
   \                     ??MathCalc__Cos_0: (+1)
   \   00000014   0xF5B1 0x4F80      CMP      R1,#+16384
   \   00000018   0xD102             BNE.N    ??MathCalc__Cos_1
   \   0000001A   0xF647 0x70FF      MOVW     R0,#+32767
   \   0000001E   0x4770             BX       LR
   \                     ??MathCalc__Cos_1: (+1)
   \   00000020   0x0440             LSLS     R0,R0,#+17
   \   00000022   0x1400             ASRS     R0,R0,#+16
   \   00000024   0x4041             EORS     R1,R1,R0
   \   00000026   0xBF44             ITT      MI 
   \   00000028   0x4240             RSBMI    R0,R0,#+0
   \   0000002A   0xB200             SXTHMI   R0,R0
   \   0000002C   0xFB10 0xF100      SMULBB   R1,R0,R0
   \   00000030   0x13C9             ASRS     R1,R1,#+15
   \   00000032   0xF06F 0x0298      MVN      R2,#+152
   \   00000036   0x434A             MULS     R2,R2,R1
   \   00000038   0x13D2             ASRS     R2,R2,#+15
   \   0000003A   0xF602 0x2233      ADDW     R2,R2,#+2611
   \   0000003E   0x434A             MULS     R2,R2,R1
   \   00000040   0x.... 0x....      LDR.W    R3,??DataTable16_7  ;; 0xffffad51
   \   00000044   0xEB03 0x32E2      ADD      R2,R3,R2, ASR #+15
   \   00000048   0x4351             MULS     R1,R1,R2
   \   0000004A   0x13C9             ASRS     R1,R1,#+15
   \   0000004C   0xF501 0x4149      ADD      R1,R1,#+51456
   \   00000050   0x3110             ADDS     R1,R1,#+16
   \   00000052   0x4348             MULS     R0,R0,R1
   \   00000054   0x13C0             ASRS     R0,R0,#+15
    428          
    429              return (cos_x);
   \   00000056   0x4770             BX       LR               ;; return
    430          }
    431          
    432          
    433          
    434          /**
    435           *  @brief      Calculates the sine and cosine based on alpha, beta and modulus components.
    436           *
    437           *  @param      sin, beta and modulus
    438           *  @return     sine and cosine
    439           */

   \                                 In section .text, align 2, keep-with-next
    440          void MathCalc__GetSinCos(MATHCALC_MOD_SIN_COS_TYPE *data)
    441          {
    442              // ************ Sin and Cos calculations **********************
    443              if(data->Beta > 0)
   \                     MathCalc__GetSinCos: (+1)
   \   00000000   0x6841             LDR      R1,[R0, #+4]
   \   00000002   0x2901             CMP      R1,#+1
   \   00000004   0xDB05             BLT.N    ??MathCalc__GetSinCos_0
    444              {
    445                  data->Sin = 32767;
    446                  if(data->Beta < (data->Mod << 15))
   \   00000006   0x6883             LDR      R3,[R0, #+8]
   \   00000008   0xF647 0x72FF      MOVW     R2,#+32767
   \   0000000C   0xEBB1 0x3FC3      CMP      R1,R3, LSL #+15
   \   00000010   0xE008             B.N      ??MathCalc__GetSinCos_1
    447                  {
    448                      if(data->Mod == 0)
    449                      {
    450                          data->Mod = 1;
    451                      }
    452                      data->Sin = data->Beta / (data->Mod);  // Q.30 / Q.15 => Q.15;
    453                  }
    454              }
    455              else if(data->Beta < 0)
   \                     ??MathCalc__GetSinCos_0: (+1)
   \   00000012   0x2900             CMP      R1,#+0
   \   00000014   0xD50E             BPL.N    ??MathCalc__GetSinCos_2
    456              {
    457                  data->Sin = -32768;
    458                  if((-data->Beta) < (data->Mod << 15))
   \   00000016   0x6883             LDR      R3,[R0, #+8]
   \   00000018   0x.... 0x....      LDR.W    R2,??DataTable16_6  ;; 0xffff8000
   \   0000001C   0xF1C1 0x0C00      RSB      R12,R1,#+0
   \   00000020   0xEBBC 0x3FC3      CMP      R12,R3, LSL #+15
   \                     ??MathCalc__GetSinCos_1: (+1)
   \   00000024   0xDA07             BGE.N    ??MathCalc__GetSinCos_3
    459                  {
    460                      if(data->Mod == 0)
   \   00000026   0xB90B             CBNZ.N   R3,??MathCalc__GetSinCos_4
    461                      {
    462                          data->Mod = 1;
   \   00000028   0x2201             MOVS     R2,#+1
   \   0000002A   0x6082             STR      R2,[R0, #+8]
    463                      }
    464                      data->Sin = data->Beta / (data->Mod);  // Q.30 / Q.15 => Q.15;
   \                     ??MathCalc__GetSinCos_4: (+1)
   \   0000002C   0x6882             LDR      R2,[R0, #+8]
   \   0000002E   0xFB91 0xF2F2      SDIV     R2,R1,R2
   \   00000032   0xE000             B.N      ??MathCalc__GetSinCos_3
    465                  }
    466              }
    467              else
    468              {
    469                  data->Sin = 0;
   \                     ??MathCalc__GetSinCos_2: (+1)
   \   00000034   0x2200             MOVS     R2,#+0
   \                     ??MathCalc__GetSinCos_3: (+1)
   \   00000036   0x60C2             STR      R2,[R0, #+12]
    470              }
    471          
    472              if(data->Alpha > 0)
   \   00000038   0x6801             LDR      R1,[R0, #+0]
   \   0000003A   0x2901             CMP      R1,#+1
   \   0000003C   0xDB05             BLT.N    ??MathCalc__GetSinCos_5
    473              {
    474                  data->Cos = 32767;
    475                  if(data->Alpha < ( data->Mod << 15))
   \   0000003E   0x6883             LDR      R3,[R0, #+8]
   \   00000040   0xF647 0x72FF      MOVW     R2,#+32767
   \   00000044   0xEBB1 0x3FC3      CMP      R1,R3, LSL #+15
   \   00000048   0xE008             B.N      ??MathCalc__GetSinCos_6
    476                  {
    477                      if(data->Mod == 0)
    478                      {
    479                          data->Mod = 1;
    480                      }
    481                      data->Cos = data->Alpha / (data->Mod); // Q.30 / Q.15 => Q.15;
    482                  }
    483              }
    484              else if(data->Alpha < 0)
   \                     ??MathCalc__GetSinCos_5: (+1)
   \   0000004A   0x2900             CMP      R1,#+0
   \   0000004C   0xD50F             BPL.N    ??MathCalc__GetSinCos_7
    485              {
    486                  data->Cos = -32768;
    487                  if((-data->Alpha) < (data->Mod << 15))
   \   0000004E   0x6883             LDR      R3,[R0, #+8]
   \   00000050   0x.... 0x....      LDR.W    R2,??DataTable16_6  ;; 0xffff8000
   \   00000054   0xF1C1 0x0C00      RSB      R12,R1,#+0
   \   00000058   0xEBBC 0x3FC3      CMP      R12,R3, LSL #+15
   \                     ??MathCalc__GetSinCos_6: (+1)
   \   0000005C   0xDA08             BGE.N    ??MathCalc__GetSinCos_8
    488                  {
    489                      if(data->Mod == 0)
   \   0000005E   0xB90B             CBNZ.N   R3,??MathCalc__GetSinCos_9
    490                      {
    491                          data->Mod = 1;
   \   00000060   0x2201             MOVS     R2,#+1
   \   00000062   0x6082             STR      R2,[R0, #+8]
    492                      }
    493                      data->Cos = data->Alpha / (data->Mod); // Q.30 / Q.15 => Q.15;
   \                     ??MathCalc__GetSinCos_9: (+1)
   \   00000064   0x6882             LDR      R2,[R0, #+8]
   \   00000066   0xFB91 0xF2F2      SDIV     R2,R1,R2
   \   0000006A   0x6102             STR      R2,[R0, #+16]
    494                  }
    495              }
    496              else
    497              {
    498                  data->Cos = 0;
    499              }
    500          }
   \   0000006C   0x4770             BX       LR
   \                     ??MathCalc__GetSinCos_7: (+1)
   \   0000006E   0x2200             MOVS     R2,#+0
   \                     ??MathCalc__GetSinCos_8: (+1)
   \   00000070   0x6102             STR      R2,[R0, #+16]
   \   00000072   0x4770             BX       LR               ;; return
    501          
    502          
    503          /**
    504           * It calculates the linear interpolation between two points. The range of x's AND y's variables must to
    505           * be within -1 and +1 in fixed point (Q15 format). No values outside this range is allowed to be used.
    506           * The equation is as follow: deltaY/deltaX*(value - x0) + y0.
    507           * @param y1 is Y coordinate of the point 1
    508           * @param x1 is X coordinate of the point 1
    509           * @param y0 is Y coordinate of the point 0
    510           * @param x0 is X coordinate of the point 0
    511           * @param value is the value to be interpolated within the x1 and x0
    512           * @return
    513           */

   \                                 In section .text, align 2, keep-with-next
    514          sint32 MathCalc__Interpolate(sint32 y1, sint32 x1, sint32 y0, sint32 x0, sint32 value)
    515          
    516          {
   \                     MathCalc__Interpolate: (+1)
   \   00000000   0xB081             SUB      SP,SP,#+4
    517              sint32 ret_val;
    518              sint32 temp;
    519          
    520              temp = (y1 - y0); // Q15 - Q15 = Q15
    521              temp = temp*(value - x0);                               // Q15 * (Q15 - Q15) = Q31
   \   00000002   0x1A80             SUBS     R0,R0,R2
   \   00000004   0xF8DD 0xC004      LDR      R12,[SP, #+4]
   \   00000008   0xEBAC 0x0C03      SUB      R12,R12,R3
   \   0000000C   0xFB00 0xF00C      MUL      R0,R0,R12
    522          
    523              if( (x1 - x0) )
   \   00000010   0x1AC9             SUBS     R1,R1,R3
   \   00000012   0xBF1A             ITTE     NE 
    524              {
    525                  temp = temp/(x1 - x0); // Q31/Q15 = Q15
    526                  temp = temp + y0;          // Q15 + Q15 = Q15
   \   00000014   0xFB90 0xF0F1      SDIVNE   R0,R0,R1
   \   00000018   0x1810             ADDNE    R0,R2,R0
    527              }
    528              else
    529              {
    530                  temp = 0;                                   // To prevent any division by 0.
   \   0000001A   0x2000             MOVEQ    R0,#+0
    531              }
    532          
    533              ret_val = temp;
    534              return(ret_val);
   \   0000001C   0xB001             ADD      SP,SP,#+4
   \   0000001E   0x4770             BX       LR               ;; return
    535          }
    536          
    537          
    538          
    539          
    540          
    541          //---------------------------------------------------------------------------------------------------------------------
    542          /**
    543           *  @brief      Calculates the square root of the argument.
    544           *  @details
    545           *  This function calculates Sqrt(X) using a Newton-Raphson method (10 iteration is the recommended value).
    546           *  The input value is truncated to the 16 most significant bits
    547           *  @param[in]  value   = input value in Q2.30 format
    548           *  @param[out] ret_val = result in Q17.15 notation
    549           */

   \                                 In section .text, align 4, keep-with-next
    550          sint32 MathCalc__SqrtNwtRph(sint32 value)
    551          {
    552              uint8 i;
    553              sint32 ret_val;
    554              sint32 x1;
    555          
    556              ret_val = 0;
   \                     MathCalc__SqrtNwtRph: (+1)
   \   00000000   0x2100             MOVS     R1,#+0
    557              //truncating
    558              value = IQMATH__IQXtoIQY(value, IQ30, IQ15);
   \   00000002   0x13C0             ASRS     R0,R0,#+15
    559          
    560              if(value > 0)
   \   00000004   0x2801             CMP      R0,#+1
   \   00000006   0xDB09             BLT.N    ??MathCalc__SqrtNwtRph_0
    561              {
    562                  x1 = value;
    563                  ret_val = ( x1 + 1 )>>1; /* +1 for rounding */
   \   00000008   0x1C41             ADDS     R1,R0,#+1
   \   0000000A   0x1049             ASRS     R1,R1,#+1
    564                  for (i = 10; i > 0; i--)
   \   0000000C   0x220A             MOVS     R2,#+10
   \   0000000E   0x03C0             LSLS     R0,R0,#+15
    565                  {
    566                      ret_val = (ret_val + ((x1<<15) / ret_val))>>1;
   \                     ??MathCalc__SqrtNwtRph_1: (+1)
   \   00000010   0xFB90 0xF3F1      SDIV     R3,R0,R1
   \   00000014   0x1859             ADDS     R1,R3,R1
   \   00000016   0x1049             ASRS     R1,R1,#+1
    567                  }
   \   00000018   0x1E52             SUBS     R2,R2,#+1
   \   0000001A   0xD1F9             BNE.N    ??MathCalc__SqrtNwtRph_1
    568              }
    569              return ret_val;
   \                     ??MathCalc__SqrtNwtRph_0: (+1)
   \   0000001C   0x4608             MOV      R0,R1
   \   0000001E   0x4770             BX       LR               ;; return
    570          }
    571          
    572          
    573          
    574          
    575          
    576          
    577          
    578          /**
    579           *  @brief      Calculates the square root of the argument.
    580           *  @details
    581           *  This function calculates Sqrt(X) using a LookUpTable approach.
    582           *  @param[in]  value   = input value in Q2.30 format
    583           *  @param[out] ret_val = result in Q17.15 notation
    584           */

   \                                 In section .text, align 2, keep-with-next
    585          sint32 MathCalc__SqrtLut(sint32 value)
    586          {
    587              sint32 ret_val;
    588              sint32 value_iq15;
    589          
    590              ret_val = 0;
   \                     MathCalc__SqrtLut: (+1)
   \   00000000   0x2100             MOVS     R1,#+0
    591              //truncating
    592              value_iq15 = IQMATH__IQXtoIQY(value, IQ30, IQ15);
   \   00000002   0x13C2             ASRS     R2,R0,#+15
    593          
    594              // saturation (not to exceed the LUT size)
    595              if (value_iq15 > IQMATH__IQMAX(IQ15))
   \   00000004   0xF5B2 0x4F00      CMP      R2,#+32768
   \   00000008   0xBFA8             IT       GE 
    596              {
    597                  value_iq15 = IQMATH__IQMAX(IQ15);
   \   0000000A   0xF647 0x72FF      MOVWGE   R2,#+32767
    598              }
    599          
    600              if(value > 0)
   \   0000000E   0x2801             CMP      R0,#+1
   \   00000010   0xDB10             BLT.N    ??MathCalc__SqrtLut_0
    601              {
    602                  ret_val = (sint32)SquareRootTable[value_iq15 / FACTOR_DIVIDER];
   \   00000012   0x.... 0x....      ADR.W    R1,SquareRootTable
   \   00000016   0x0A12             LSRS     R2,R2,#+8
   \   00000018   0xF931 0x1012      LDRSH    R1,[R1, R2, LSL #+1]
    603          
    604                  ret_val = (ret_val + (value / ret_val)) >> 1;
   \   0000001C   0xFB90 0xF2F1      SDIV     R2,R0,R1
   \   00000020   0x1851             ADDS     R1,R2,R1
   \   00000022   0x1049             ASRS     R1,R1,#+1
    605                  ret_val = (ret_val + (value / ret_val)) >> 1;
   \   00000024   0xFB90 0xF2F1      SDIV     R2,R0,R1
   \   00000028   0x1851             ADDS     R1,R2,R1
   \   0000002A   0x1049             ASRS     R1,R1,#+1
    606                  ret_val = (ret_val + (value / ret_val)) >> 1;
   \   0000002C   0xFB90 0xF0F1      SDIV     R0,R0,R1
   \   00000030   0x1840             ADDS     R0,R0,R1
   \   00000032   0x1041             ASRS     R1,R0,#+1
    607              }
    608          
    609              return(ret_val);
   \                     ??MathCalc__SqrtLut_0: (+1)
   \   00000034   0x4608             MOV      R0,R1
   \   00000036   0x4770             BX       LR               ;; return
    610          }
    611          
    612          
    613          /**
    614           *  @brief      Calculates the square root of the argument.
    615           *  @details
    616           *  This function calculates Sqrt(X) using the floating point square root function in IAR ARM compiler.
    617           *  Cast is needed to adapt the in and out values.
    618           *  @param[in]  value  = input value in Q2.30 format
    619           *  @param[out] ret_val = result in Q17.15 notation
    620           */

   \                                 In section .text, align 2, keep-with-next
    621          sint32 MathCalc__SqrtFloat(sint32 value)
    622          {
   \                     MathCalc__SqrtFloat: (+1)
   \   00000000   0xB500             PUSH     {LR}
   \   00000002   0xEE00 0x0A10      VMOV     S0,R0
   \   00000006   0xB081             SUB      SP,SP,#+4
    623              sint32 ret_val;
    624          
    625          #if ((__ICCARM__ == 1) && (__CORE__ == __ARM7EM__))  //  ARM IAR Compiler && CortexM4
    626          
    627              ret_val = (sint32)sqrtf((float)value);
    628          
    629          #else
    630          
    631              ret_val = (sint32)sqrt((float)value);
    632          
    633          #endif
    634          
    635              return ret_val;
   \   00000008   0xEEB8 0x0AC0      VCVT.F32.S32 S0,S0
   \   0000000C   0x.... 0x....      BL       sqrtf
   \   00000010   0xEEBD 0x0AC0      VCVT.S32.F32 S0,S0
   \   00000014   0xEE10 0x0A10      VMOV     R0,S0
   \   00000018   0xB001             ADD      SP,SP,#+4
   \   0000001A   0xBD00             POP      {PC}             ;; return
    636          }
    637          
    638          
    639          /* Interpolation function usage example
    640           *      - Call example:
    641           *           - MathCalc__GetInterpolation(ctrlParm.TeRef, (MATHCALC_LUT_TYPE *)&Mtpa_Lut, MTPA_LUT_SIZE);
    642           *      - Table example:
    643           *           const MATHCALC_LUT_TYPE Mtpa_Lut[] =
    644           *           {
    645           *                   Input Vector                 Output Vector
    646           *               {TORQUE_TO_IQ(MTPA_TQ_REF_0), FLUX_TO_IQ(MTPA_FLUX_REF_0)},
    647           *               {TORQUE_TO_IQ(MTPA_TQ_REF_1), FLUX_TO_IQ(MTPA_FLUX_REF_1)},
    648           *               {TORQUE_TO_IQ(MTPA_TQ_REF_2), FLUX_TO_IQ(MTPA_FLUX_REF_2)},
    649           *               {TORQUE_TO_IQ(MTPA_TQ_REF_3), FLUX_TO_IQ(MTPA_FLUX_REF_3)},
    650           *               {TORQUE_TO_IQ(MTPA_TQ_REF_4), FLUX_TO_IQ(MTPA_FLUX_REF_4)},
    651           *               {TORQUE_TO_IQ(MTPA_TQ_REF_5), FLUX_TO_IQ(MTPA_FLUX_REF_5)},
    652           *               {TORQUE_TO_IQ(MTPA_TQ_REF_6), FLUX_TO_IQ(MTPA_FLUX_REF_6)},
    653           *               {TORQUE_TO_IQ(MTPA_TQ_REF_7), FLUX_TO_IQ(MTPA_FLUX_REF_7)}
    654           *           };
    655           *     - Size definition example:
    656           *         - #define MTPA_LUT_SIZE           (sizeof(Mtpa_Lut)/8)
    657           */

   \                                 In section .text, align 2, keep-with-next
    658          sint32 MathCalc__GetInterpolation(sint32 value, MATHCALC_LUT_TYPE * lut, unsigned char size)
    659          {
   \                     MathCalc__GetInterpolation: (+1)
   \   00000000   0xB470             PUSH     {R4-R6}
   \   00000002   0xEB01 0x02C2      ADD      R2,R1,R2, LSL #+3
   \   00000006   0xF1A2 0x0310      SUB      R3,R2,#+16
    660              sint32 index;
    661              sint32 tmp1;
    662              sint32 tmp2;
    663              sint32 output;
    664              sint32 lut_x_max;
    665              sint32 lut_x_min;
    666              sint32 lut_x_step;
    667          
    668              lut_x_max  = lut[size-1].input;
    669              lut_x_min  = lut[0].input;
    670              lut_x_step = MATHCALC__ABS(lut[size-1].input - lut[size-2].input);
   \   0000000A   0xF852 0x5C10      LDR      R5,[R2, #-16]
   \   0000000E   0x689C             LDR      R4,[R3, #+8]
   \   00000010   0x680E             LDR      R6,[R1, #+0]
   \   00000012   0x1B62             SUBS     R2,R4,R5
   \   00000014   0xBF48             IT       MI 
   \   00000016   0x1B2A             SUBMI    R2,R5,R4
    671          
    672              if (value >= lut_x_max)
   \   00000018   0x42A0             CMP      R0,R4
   \   0000001A   0xBFA8             IT       GE 
    673              {
    674                  index = size - 1;
    675                  output = lut[index].output;
   \   0000001C   0x68D8             LDRGE    R0,[R3, #+12]
   \   0000001E   0xDA16             BGE.N    ??MathCalc__GetInterpolation_0
    676              }
    677              else if (value <= lut_x_min)
   \   00000020   0x4286             CMP      R6,R0
   \   00000022   0xBFA8             IT       GE 
    678              {
    679                  index = 0;
    680                  output = lut[index].output;
   \   00000024   0x6848             LDRGE    R0,[R1, #+4]
   \   00000026   0xDA12             BGE.N    ??MathCalc__GetInterpolation_0
    681              }
    682              else
    683              {
    684                  index = (sint32)(MATHCALC__ABS(value-lut[0].input)/lut_x_step);
   \   00000028   0x1B83             SUBS     R3,R0,R6
   \   0000002A   0xBF48             IT       MI 
   \   0000002C   0x1A33             SUBMI    R3,R6,R0
   \   0000002E   0xFB93 0xF3F2      SDIV     R3,R3,R2
    685          
    686                  tmp1 = MATHCALC__ABS(value - lut[index].input);
   \   00000032   0xF851 0x4033      LDR      R4,[R1, R3, LSL #+3]
   \   00000036   0x1B05             SUBS     R5,R0,R4
   \   00000038   0xBF48             IT       MI 
   \   0000003A   0x1A25             SUBMI    R5,R4,R0
    687                  tmp2 = lut[index+1].output - lut[index].output;
    688                  output = lut[index].output + (tmp1*tmp2)/lut_x_step;
   \   0000003C   0xEB01 0x00C3      ADD      R0,R1,R3, LSL #+3
   \   00000040   0x6841             LDR      R1,[R0, #+4]
   \   00000042   0x68C0             LDR      R0,[R0, #+12]
   \   00000044   0x1A40             SUBS     R0,R0,R1
   \   00000046   0x4368             MULS     R0,R0,R5
   \   00000048   0xFB90 0xF0F2      SDIV     R0,R0,R2
   \   0000004C   0x1840             ADDS     R0,R0,R1
    689              }
    690          
    691              return(output);
   \                     ??MathCalc__GetInterpolation_0: (+1)
   \   0000004E   0xBC70             POP      {R4-R6}
   \   00000050   0x4770             BX       LR               ;; return
    692          }
    693          

   \                                 In section .text, align 2, keep-with-next
    694          void MathCalc__GetInterpolation2(MATHCALC_LUT2_TYPE * in_out, MATHCALC_LUT2_TYPE * lut, unsigned char size)
    695          {
   \                     MathCalc__GetInterpolation2: (+1)
   \   00000000   0xB4F0             PUSH     {R4-R7}
    696              sint32 index;
    697              sint32 tmp1;
    698              sint32 tmp2;
    699              sint32 lut_x_max;
    700              sint32 lut_x_min;
    701              sint32 lut_x_step;
    702          
    703              lut_x_max  = lut[size-1].input;
   \   00000002   0xEB02 0x0342      ADD      R3,R2,R2, LSL #+1
   \   00000006   0xEB01 0x0383      ADD      R3,R1,R3, LSL #+2
   \   0000000A   0xF1A3 0x0418      SUB      R4,R3,#+24
    704              lut_x_min  = lut[0].input;
    705              lut_x_step = MATHCALC__ABS(lut[size-1].input - lut[size-2].input);
   \   0000000E   0xF853 0x7C18      LDR      R7,[R3, #-24]
   \   00000012   0x68E4             LDR      R4,[R4, #+12]
   \   00000014   0x680E             LDR      R6,[R1, #+0]
   \   00000016   0x4625             MOV      R5,R4
   \   00000018   0x1BE3             SUBS     R3,R4,R7
   \   0000001A   0xBF48             IT       MI 
   \   0000001C   0x1B3B             SUBMI    R3,R7,R4
    706          
    707              if (in_out->input >= lut_x_max)
   \   0000001E   0x6804             LDR      R4,[R0, #+0]
   \   00000020   0x42AC             CMP      R4,R5
   \   00000022   0xDB0A             BLT.N    ??MathCalc__GetInterpolation2_0
    708              {
    709                  index = size - 1;
   \   00000024   0x1E52             SUBS     R2,R2,#+1
    710                  in_out->output1 = lut[index].output1;
   \   00000026   0xEB02 0x0342      ADD      R3,R2,R2, LSL #+1
   \   0000002A   0xEB01 0x0183      ADD      R1,R1,R3, LSL #+2
    711                  in_out->output2 = lut[index].output2;
    712              }
    713              else if (in_out->input <= lut_x_min)
    714              {
    715                  index = 0;
    716                  in_out->output1 = lut[index].output1;
   \   0000002E   0x684A             LDR      R2,[R1, #+4]
   \   00000030   0x6042             STR      R2,[R0, #+4]
    717                  in_out->output2 = lut[index].output2;
   \   00000032   0x6889             LDR      R1,[R1, #+8]
   \   00000034   0x6081             STR      R1,[R0, #+8]
    718              }
    719              else
    720              {
    721                  index = (sint32)(MATHCALC__ABS(in_out->input-lut[0].input)/lut_x_step);
    722          
    723                  tmp1 = MATHCALC__ABS(in_out->input - lut[index].input);
    724                  tmp2 = lut[index+1].output1 - lut[index].output1;
    725                  in_out->output1 = lut[index].output1 + (tmp1*tmp2)/lut_x_step;
    726          
    727                  tmp2 = lut[index+1].output2 - lut[index].output2;
    728                  in_out->output2 = lut[index].output2 + (tmp1*tmp2)/lut_x_step;
    729              }
    730          }
   \   00000036   0xBCF0             POP      {R4-R7}
   \   00000038   0x4770             BX       LR
   \                     ??MathCalc__GetInterpolation2_0: (+1)
   \   0000003A   0x42A6             CMP      R6,R4
   \   0000003C   0xDB05             BLT.N    ??MathCalc__GetInterpolation2_1
   \   0000003E   0x684A             LDR      R2,[R1, #+4]
   \   00000040   0x6042             STR      R2,[R0, #+4]
   \   00000042   0x6889             LDR      R1,[R1, #+8]
   \   00000044   0x6081             STR      R1,[R0, #+8]
   \   00000046   0xBCF0             POP      {R4-R7}
   \   00000048   0x4770             BX       LR
   \                     ??MathCalc__GetInterpolation2_1: (+1)
   \   0000004A   0x1BA2             SUBS     R2,R4,R6
   \   0000004C   0xBF48             IT       MI 
   \   0000004E   0x1B32             SUBMI    R2,R6,R4
   \   00000050   0xFB92 0xF2F3      SDIV     R2,R2,R3
   \   00000054   0xEB02 0x0542      ADD      R5,R2,R2, LSL #+1
   \   00000058   0x00AD             LSLS     R5,R5,#+2
   \   0000005A   0x586E             LDR      R6,[R5, R1]
   \   0000005C   0x1BA2             SUBS     R2,R4,R6
   \   0000005E   0xBF48             IT       MI 
   \   00000060   0x1B32             SUBMI    R2,R6,R4
   \   00000062   0x1869             ADDS     R1,R5,R1
   \   00000064   0x684C             LDR      R4,[R1, #+4]
   \   00000066   0x690D             LDR      R5,[R1, #+16]
   \   00000068   0x1B2D             SUBS     R5,R5,R4
   \   0000006A   0x4355             MULS     R5,R5,R2
   \   0000006C   0xFB95 0xF5F3      SDIV     R5,R5,R3
   \   00000070   0x192C             ADDS     R4,R5,R4
   \   00000072   0x6044             STR      R4,[R0, #+4]
   \   00000074   0x688C             LDR      R4,[R1, #+8]
   \   00000076   0x6949             LDR      R1,[R1, #+20]
   \   00000078   0x1B09             SUBS     R1,R1,R4
   \   0000007A   0x4351             MULS     R1,R1,R2
   \   0000007C   0xFB91 0xF1F3      SDIV     R1,R1,R3
   \   00000080   0x1909             ADDS     R1,R1,R4
   \   00000082   0x6081             STR      R1,[R0, #+8]
   \   00000084   0xBCF0             POP      {R4-R7}
   \   00000086   0x4770             BX       LR               ;; return
    731          
    732          
    733          
    734          

   \                                 In section .text, align 2, keep-with-next
    735          sint32 MathCalc__GetInterpolationFast(sint32 value, MATHCALC_LUT_EXT_TYPE *lut_ext)
    736          {
   \                     MathCalc__GetInterpolationFast: (+1)
   \   00000000   0xB430             PUSH     {R4,R5}
    737              sint32 index;
    738              sint32 tmp1;
    739              sint32 tmp2;
    740              sint32 output;
    741              sint32 lut_x_max;
    742              sint32 lut_x_min;
    743          
    744              sint32 size     = *(lut_ext->sizeof_lut);
   \   00000002   0x688A             LDR      R2,[R1, #+8]
   \   00000004   0x6813             LDR      R3,[R2, #+0]
    745              sint32 step_inv = *(lut_ext->step_inv);
   \   00000006   0x684A             LDR      R2,[R1, #+4]
    746              MATHCALC_LUT_TYPE *lut = lut_ext->ptr_LUT;
   \   00000008   0x6809             LDR      R1,[R1, #+0]
   \   0000000A   0x6812             LDR      R2,[R2, #+0]
    747          
    748              lut_x_max  = lut[size-1].input;
    749              lut_x_min  = lut[0].input;
    750          
    751              if (value >= lut_x_max)
   \   0000000C   0xEB01 0x03C3      ADD      R3,R1,R3, LSL #+3
   \   00000010   0xF853 0x4C08      LDR      R4,[R3, #-8]
   \   00000014   0x42A0             CMP      R0,R4
   \   00000016   0xBFA8             IT       GE 
    752              {
    753                  index = size - 1;
    754                  output = lut[index].output;
   \   00000018   0xF853 0x0C04      LDRGE    R0,[R3, #-4]
   \   0000001C   0xDA13             BGE.N    ??MathCalc__GetInterpolationFast_0
    755              }
    756              else if (value <= lut_x_min)
   \   0000001E   0x680B             LDR      R3,[R1, #+0]
   \   00000020   0x4283             CMP      R3,R0
   \   00000022   0xBFA8             IT       GE 
    757              {
    758                  index = 0;
    759                  output = lut[index].output;
   \   00000024   0x6848             LDRGE    R0,[R1, #+4]
   \   00000026   0xDA0E             BGE.N    ??MathCalc__GetInterpolationFast_0
    760              }
    761              else
    762              {
    763                  // index calculation -- fast algorithm -- no division required
    764                  // step is already in absolute value
    765                  // input must be monotonically increasing -- abs is not required
    766                  // NO OVERFLOW MANAGEMENT--> always check the STEP and VALUES notation
    767                  // max_delta_y * delta_x must be represented in less than 16bit
    768                  // step_inv must be represented in less than 16bit
    769                  index = ((value-lut[0].input)*step_inv) >> INTERPOLATION_STEP_IQ;
   \   00000028   0x1AC3             SUBS     R3,R0,R3
   \   0000002A   0x4353             MULS     R3,R3,R2
   \   0000002C   0x13DB             ASRS     R3,R3,#+15
    770                  tmp1 = (value - lut[index].input)*step_inv;
    771                  tmp2 = lut[index+1].output - lut[index].output;
    772                  output = lut[index].output + ((tmp1*tmp2) >> INTERPOLATION_STEP_IQ);
   \   0000002E   0xEB01 0x04C3      ADD      R4,R1,R3, LSL #+3
   \   00000032   0xF851 0x1033      LDR      R1,[R1, R3, LSL #+3]
   \   00000036   0x6865             LDR      R5,[R4, #+4]
   \   00000038   0x1A40             SUBS     R0,R0,R1
   \   0000003A   0x68E1             LDR      R1,[R4, #+12]
   \   0000003C   0x4350             MULS     R0,R0,R2
   \   0000003E   0x1B49             SUBS     R1,R1,R5
   \   00000040   0x4348             MULS     R0,R0,R1
   \   00000042   0xEB05 0x30E0      ADD      R0,R5,R0, ASR #+15
    773              }
    774          
    775              return(output);
   \                     ??MathCalc__GetInterpolationFast_0: (+1)
   \   00000046   0xBC30             POP      {R4,R5}
   \   00000048   0x4770             BX       LR               ;; return
    776          }
    777          
    778          
    779          
    780          
    781          
    782          
    783          
    784          

   \                                 In section .text, align 2, keep-with-next
    785          void MathCalc__GetInterpolation2Fast(MATHCALC_LUT2_TYPE * in_out, MATHCALC_LUT2_EXT_TYPE *lut_ext)
    786          {
   \                     MathCalc__GetInterpolation2Fast: (+1)
   \   00000000   0xB430             PUSH     {R4,R5}
    787              sint32 index;
    788              sint32 tmp1;
    789              sint32 tmp2;
    790              sint32 lut_x_max;
    791              sint32 lut_x_min;
    792          
    793              sint32 size     = *(lut_ext->sizeof_lut);
   \   00000002   0x688A             LDR      R2,[R1, #+8]
   \   00000004   0x6814             LDR      R4,[R2, #+0]
    794              sint32 step_inv = *(lut_ext->step_inv);
   \   00000006   0x684A             LDR      R2,[R1, #+4]
    795              MATHCALC_LUT2_TYPE *lut = lut_ext->ptr_LUT;
   \   00000008   0x6809             LDR      R1,[R1, #+0]
   \   0000000A   0x6812             LDR      R2,[R2, #+0]
    796          
    797              lut_x_max  = lut[size-1].input;
    798              lut_x_min  = lut[0].input;
    799          
    800              if (in_out->input >= lut_x_max)
   \   0000000C   0x6803             LDR      R3,[R0, #+0]
   \   0000000E   0xEB04 0x0544      ADD      R5,R4,R4, LSL #+1
   \   00000012   0xEB01 0x0585      ADD      R5,R1,R5, LSL #+2
   \   00000016   0xF855 0x5C0C      LDR      R5,[R5, #-12]
   \   0000001A   0x42AB             CMP      R3,R5
   \   0000001C   0xDB0A             BLT.N    ??MathCalc__GetInterpolation2Fast_0
    801              {
    802                  index = size - 1;
   \   0000001E   0x1E64             SUBS     R4,R4,#+1
    803                  in_out->output1 = lut[index].output1;
   \   00000020   0xEB04 0x0244      ADD      R2,R4,R4, LSL #+1
   \   00000024   0xEB01 0x0182      ADD      R1,R1,R2, LSL #+2
    804                  in_out->output2 = lut[index].output2;
    805              }
    806              else if (in_out->input <= lut_x_min)
    807              {
    808                  index = 0;
    809                  in_out->output1 = lut[index].output1;
   \   00000028   0x684A             LDR      R2,[R1, #+4]
   \   0000002A   0x6042             STR      R2,[R0, #+4]
    810                  in_out->output2 = lut[index].output2;
   \   0000002C   0x6889             LDR      R1,[R1, #+8]
   \   0000002E   0x6081             STR      R1,[R0, #+8]
    811              }
    812              else
    813              {
    814                  // index calculation -- fast algorithm -- no division required
    815                  // step is already in absolute value
    816                  // input must be monotonically increasing -- abs is not required
    817                  // NO OVERFLOW MANAGEMENT--> always check the STEP and VALUES notation
    818                  // max_delta_y * delta_x must be represented in less than 16bit
    819                  // step_inv must be represented in less than 16bit
    820                  index = ((in_out->input-lut[0].input)*step_inv)>> INTERPOLATION_STEP_IQ;
    821          
    822                  tmp1 = (in_out->input - lut[index].input)*step_inv;
    823          
    824                  tmp2 = lut[index+1].output1 - lut[index].output1;
    825                  in_out->output1 = lut[index].output1 + ((tmp1*tmp2) >> INTERPOLATION_STEP_IQ);
    826          
    827                  tmp2 = lut[index+1].output2 - lut[index].output2;
    828                  in_out->output2 = lut[index].output2 + ((tmp1*tmp2) >> INTERPOLATION_STEP_IQ);
    829              }
    830          }
   \   00000030   0xBC30             POP      {R4,R5}
   \   00000032   0x4770             BX       LR
   \                     ??MathCalc__GetInterpolation2Fast_0: (+1)
   \   00000034   0x680C             LDR      R4,[R1, #+0]
   \   00000036   0x429C             CMP      R4,R3
   \   00000038   0xDB05             BLT.N    ??MathCalc__GetInterpolation2Fast_1
   \   0000003A   0x684A             LDR      R2,[R1, #+4]
   \   0000003C   0x6042             STR      R2,[R0, #+4]
   \   0000003E   0x6889             LDR      R1,[R1, #+8]
   \   00000040   0x6081             STR      R1,[R0, #+8]
   \   00000042   0xBC30             POP      {R4,R5}
   \   00000044   0x4770             BX       LR
   \                     ??MathCalc__GetInterpolation2Fast_1: (+1)
   \   00000046   0x1B1C             SUBS     R4,R3,R4
   \   00000048   0x4354             MULS     R4,R4,R2
   \   0000004A   0x13E4             ASRS     R4,R4,#+15
   \   0000004C   0xEB04 0x0544      ADD      R5,R4,R4, LSL #+1
   \   00000050   0x00AC             LSLS     R4,R5,#+2
   \   00000052   0x5865             LDR      R5,[R4, R1]
   \   00000054   0x1B5B             SUBS     R3,R3,R5
   \   00000056   0x1861             ADDS     R1,R4,R1
   \   00000058   0x435A             MULS     R2,R2,R3
   \   0000005A   0x684B             LDR      R3,[R1, #+4]
   \   0000005C   0x690C             LDR      R4,[R1, #+16]
   \   0000005E   0x1AE4             SUBS     R4,R4,R3
   \   00000060   0x4354             MULS     R4,R4,R2
   \   00000062   0xEB03 0x33E4      ADD      R3,R3,R4, ASR #+15
   \   00000066   0x6043             STR      R3,[R0, #+4]
   \   00000068   0x688B             LDR      R3,[R1, #+8]
   \   0000006A   0x6949             LDR      R1,[R1, #+20]
   \   0000006C   0x1AC9             SUBS     R1,R1,R3
   \   0000006E   0x4351             MULS     R1,R1,R2
   \   00000070   0xEB03 0x31E1      ADD      R1,R3,R1, ASR #+15
   \   00000074   0x6081             STR      R1,[R0, #+8]
   \   00000076   0xBC30             POP      {R4,R5}
   \   00000078   0x4770             BX       LR               ;; return
    831          
    832          
    833          
    834          //---------------------------------------------------------------------------------------------------------------------
    835          /**
    836           *  @brief      Calculate sin and cos from angle, update the values in clrkParkGbl (using lookup table and linear interpolation in between).
    837           *
    838           *  @param      motTheta
    839           *  @return     sinTheta, cosTheta
    840           */

   \                                 In section .text, align 2, keep-with-next
    841          void MathCalc__SinCosLut(sint32 motTheta, SIN_COS_TYPE *parmPtr)
    842          {
   \                     MathCalc__SinCosLut: (+1)
   \   00000000   0xB470             PUSH     {R4-R6}
    843              uint32 tempU32;
    844              uint32 tableIndex;
    845              sint32 remainder;
    846              sint32 y0;
    847              sint32 y1;
    848          
    849              tempU32 = (uint32)(( (uint16)motTheta ) * (uint32)SIN_TABLE_SIZE);
   \   00000002   0x0400             LSLS     R0,R0,#+16
   \   00000004   0x0A02             LSRS     R2,R0,#+8
    850              tableIndex = tempU32 >> 16;
    851              remainder = ( tempU32 & 0xFFFF) >> 1;
    852              if (remainder == 0)
   \   00000006   0x.... 0x....      ADR.W    R3,sinTable
   \   0000000A   0x0C10             LSRS     R0,R2,#+16
   \   0000000C   0xF933 0x4010      LDRSH    R4,[R3, R0, LSL #+1]
   \   00000010   0xF100 0x0540      ADD      R5,R0,#+64
   \   00000014   0xF3C2 0x024E      UBFX     R2,R2,#+1,#+15
   \   00000018   0xB2ED             UXTB     R5,R5
   \   0000001A   0xB92A             CBNZ.N   R2,??MathCalc__SinCosLut_0
    853              {
    854                  parmPtr->Sin = sinTable[ tableIndex ];
   \   0000001C   0x600C             STR      R4,[R1, #+0]
    855                  parmPtr->Cos = sinTable[ ( tableIndex + COS_TABLE_OFFSET ) & ( SIN_TABLE_SIZE - 1 ) ];
   \   0000001E   0xF933 0x0015      LDRSH    R0,[R3, R5, LSL #+1]
   \   00000022   0x6048             STR      R0,[R1, #+4]
    856              }
    857              else
    858              {
    859                  y0 = sinTable[ tableIndex ];
    860                  y1 = sinTable[ ( tableIndex + 1 ) & ( SIN_TABLE_SIZE - 1 ) ];
    861                  y1 = ( ( y1 - y0 ) * remainder) >> 15;
    862                  parmPtr->Sin = y0 + y1;
    863          
    864                  y0 = sinTable[ ( tableIndex + COS_TABLE_OFFSET ) & ( SIN_TABLE_SIZE - 1 ) ];
    865                  y1 = sinTable[ ( tableIndex + COS_TABLE_OFFSET + 1 ) & ( SIN_TABLE_SIZE - 1 ) ];
    866                  y1 = ( ( y1 - y0 ) * remainder) >> 15;
    867                  parmPtr->Cos = y0 + y1;
    868              }
    869          }
   \   00000024   0xBC70             POP      {R4-R6}
   \   00000026   0x4770             BX       LR
   \                     ??MathCalc__SinCosLut_0: (+1)
   \   00000028   0x1C46             ADDS     R6,R0,#+1
   \   0000002A   0xB2F6             UXTB     R6,R6
   \   0000002C   0xF933 0x6016      LDRSH    R6,[R3, R6, LSL #+1]
   \   00000030   0x1B36             SUBS     R6,R6,R4
   \   00000032   0x4356             MULS     R6,R6,R2
   \   00000034   0xEB04 0x34E6      ADD      R4,R4,R6, ASR #+15
   \   00000038   0x600C             STR      R4,[R1, #+0]
   \   0000003A   0x3041             ADDS     R0,R0,#+65
   \   0000003C   0xB2C0             UXTB     R0,R0
   \   0000003E   0xF933 0x4015      LDRSH    R4,[R3, R5, LSL #+1]
   \   00000042   0xF933 0x0010      LDRSH    R0,[R3, R0, LSL #+1]
   \   00000046   0x1B00             SUBS     R0,R0,R4
   \   00000048   0x4350             MULS     R0,R0,R2
   \   0000004A   0xEB04 0x30E0      ADD      R0,R4,R0, ASR #+15
   \   0000004E   0x6048             STR      R0,[R1, #+4]
   \   00000050   0xBC70             POP      {R4-R6}
   \   00000052   0x4770             BX       LR               ;; return
    870          
    871          /**
    872           *  @brief      Calculate the atan2 function. The used method is the CORDIC method.
    873           *
    874           *  @param      x and y coordinates of the input vector. They are represent in Q15 with 1 as base.
    875           *  @return     angle in Q15 with PI as base.
    876           */

   \                                 In section .text, align 2, keep-with-next
    877          sint32 MathCalc__Arctan2(sint32 x, sint32 y)
    878          {
   \                     MathCalc__Arctan2: (+1)
   \   00000000   0xB470             PUSH     {R4-R6}
    879          #if(ATAN2_USE_FOR_LOOP == 1)    // Better for program memory size.
    880              register sint32 theta;
    881              register sint32 i;
    882              register sint32 last_x;
    883              register sint32t x_temp;
    884              register sint32 y_temp;
    885          
    886              x_temp = x;
    887              y_temp = y;
    888          
    889              if( (MATHCALC__ABS(x) < 1024) &&
    890                  (MATHCALC__ABS(y) < 1024) )
    891              {
    892                  x_temp = x<<5;
    893                  y_temp = y<<5;
    894              }
    895          
    896              if(x_temp < 0)
    897              {
    898                  theta = 32768L;
    899                  x_temp = -x_temp;
    900                  y_temp = -y_temp;
    901              }
    902              else
    903              {
    904                  theta = 0;
    905              }
    906          
    907              for(i = 0; i < ATAN2_ITERATION_NR; i++)
    908              {
    909                  last_x = x_temp;
    910          
    911                  if(y_temp<0)
    912                  {
    913                      x_temp -= y_temp >> i;
    914                      y_temp += last_x >> i;
    915                      theta -= (sint32)ATAN2_TABLE[i];
    916                  }
    917                  else
    918                  {
    919                      x_temp += y_temp >> i;
    920                      y_temp -= last_x >> i;
    921                      theta += (sint32)ATAN2_TABLE[i];
    922                  }
    923              }
    924          
    925              // The if's below are used to solve some specific non CORDIC convergence,
    926              // they were found through computer numerical analysis and they are solved
    927              // one by one manually in order to reduce the final calculated error.
    928              if(!x)
    929              {
    930                  if(y == 1)  theta = 16384L;
    931                  if(y == 0)  theta = 0;
    932              }
    933          #if(ATAN2_ITERATION_NR <= 7)
    934              else if(x == 1)
    935              {
    936                  if(y == 9)
    937                  {
    938                      theta = 15230L;
    939                  }
    940              }
    941              else if(x == -1)
    942              {
    943                  if(y == -9)
    944                  {
    945                      theta = -17538L;
    946                  }
    947              }
    948              else if(x == 9)
    949              {
    950                  if(y == -1)
    951                  {
    952                      theta = -1154L;
    953                  }
    954              }
    955              else if(x == -9)
    956              {
    957                  if(y == 1)
    958                  {
    959                      theta = 31614L;
    960                  }
    961              }
    962          #endif
    963          
    964             return(theta);
    965          
    966          #elif(ATAN2_USE_FOR_LOOP == 0)  // Better for program speed.
    967              register sint32 theta;
    968              register sint32 last_x;
    969              register sint32 x_temp;
    970              register sint32 y_temp;
    971          
    972              x_temp = x;
   \   00000002   0x4602             MOV      R2,R0
    973              y_temp = y;
   \   00000004   0x460B             MOV      R3,R1
    974          
    975              // This is the magnifying window. The values of 1024 and the 5 left shifts were found by computer
    976              // simulation analysis.
    977              if( (MATHCALC__ABS(x) < 1024) &&
    978                  (MATHCALC__ABS(y) < 1024) )
   \   00000006   0x0004             MOVS     R4,R0
   \   00000008   0xBF48             IT       MI 
   \   0000000A   0x4264             RSBMI    R4,R4,#+0
   \   0000000C   0xF5B4 0x6F80      CMP      R4,#+1024
   \   00000010   0xDA07             BGE.N    ??MathCalc__Arctan2_0
   \   00000012   0x000C             MOVS     R4,R1
   \   00000014   0xBF48             IT       MI 
   \   00000016   0x4264             RSBMI    R4,R4,#+0
   \   00000018   0xF5B4 0x6F80      CMP      R4,#+1024
   \   0000001C   0xBFBC             ITT      LT 
    979              {
    980                  x_temp = x<<5;
   \   0000001E   0x0142             LSLLT    R2,R0,#+5
    981                  y_temp = y<<5;
   \   00000020   0x014B             LSLLT    R3,R1,#+5
    982              }
    983          
    984              // Sets the initial angle to the cordic calculation.
    985              if(x_temp < 0)
   \                     ??MathCalc__Arctan2_0: (+1)
   \   00000022   0x2A00             CMP      R2,#+0
   \   00000024   0xBF43             ITTTE    MI 
    986              {
    987                  theta = 32768L;
   \   00000026   0xF44F 0x4400      MOVMI    R4,#+32768
    988                  x_temp = -x_temp;
   \   0000002A   0x4252             RSBMI    R2,R2,#+0
    989                  y_temp = -y_temp;
   \   0000002C   0x425B             RSBMI    R3,R3,#+0
    990              }
    991              else
    992              {
    993                  theta = 0;
   \   0000002E   0x2400             MOVPL    R4,#+0
    994              }
    995          
    996          
    997              /// 1st Iteration
    998              /////////////////////////////////////////////
    999              last_x = x_temp;
   1000              if(y_temp < 0)
   \   00000030   0x18D5             ADDS     R5,R2,R3
   \   00000032   0x2B00             CMP      R3,#+0
   \   00000034   0xD503             BPL.N    ??MathCalc__Arctan2_1
   1001              {
   1002                  x_temp -= y_temp;
   \   00000036   0x1AD6             SUBS     R6,R2,R3
   1003                  y_temp += last_x;
   1004                  theta -= (sint32)ATAN2_TABLE[0];
   \   00000038   0xF5A4 0x5200      SUB      R2,R4,#+8192
   \   0000003C   0xE003             B.N      ??MathCalc__Arctan2_2
   1005              }
   1006              else
   1007              {
   1008                  x_temp += y_temp;
   \                     ??MathCalc__Arctan2_1: (+1)
   \   0000003E   0x462E             MOV      R6,R5
   1009                  y_temp -= last_x;
   \   00000040   0x1A9D             SUBS     R5,R3,R2
   1010                  theta += (sint32)ATAN2_TABLE[0];
   \   00000042   0xF504 0x5200      ADD      R2,R4,#+8192
   1011              }
   1012          
   1013              /// 2nd Iteration
   1014              /////////////////////////////////////////////
   1015              last_x = x_temp;
   1016              if(y_temp < 0)
   \                     ??MathCalc__Arctan2_2: (+1)
   \   00000046   0x2D00             CMP      R5,#+0
   \   00000048   0xD507             BPL.N    ??MathCalc__Arctan2_3
   1017              {
   1018                  x_temp -= y_temp >> 1;
   \   0000004A   0xEBB6 0x0465      SUBS     R4,R6,R5, ASR #+1
   1019                  y_temp += last_x >> 1;
   \   0000004E   0xEB05 0x0366      ADD      R3,R5,R6, ASR #+1
   1020                  theta -= (sint32)ATAN2_TABLE[1];
   \   00000052   0x.... 0x....      LDR.W    R5,??DataTable16_8  ;; 0xffffed1c
   \   00000056   0x18AA             ADDS     R2,R5,R2
   \   00000058   0xE006             B.N      ??MathCalc__Arctan2_4
   1021              }
   1022              else
   1023              {
   1024                  x_temp += y_temp >> 1;
   1025                  y_temp -= last_x >> 1;
   1026                  theta += (sint32)ATAN2_TABLE[1];
   \                     ??MathCalc__Arctan2_3: (+1)
   \   0000005A   0xF502 0x5290      ADD      R2,R2,#+4608
   \   0000005E   0xEB16 0x0465      ADDS     R4,R6,R5, ASR #+1
   \   00000062   0xEBA5 0x0366      SUB      R3,R5,R6, ASR #+1
   \   00000066   0x32E4             ADDS     R2,R2,#+228
   1027              }
   1028          
   1029              /// 3rd Iteration
   1030              /////////////////////////////////////////////
   1031              last_x = x_temp;
   1032              if(y_temp < 0)
   \                     ??MathCalc__Arctan2_4: (+1)
   \   00000068   0x10A5             ASRS     R5,R4,#+2
   \   0000006A   0x2B00             CMP      R3,#+0
   \   0000006C   0xD505             BPL.N    ??MathCalc__Arctan2_5
   1033              {
   1034                  x_temp -= y_temp >> 2;
   \   0000006E   0xEBA4 0x04A3      SUB      R4,R4,R3, ASR #+2
   1035                  y_temp += last_x >> 2;
   \   00000072   0x18EB             ADDS     R3,R5,R3
   1036                  theta -= (sint32)ATAN2_TABLE[2];
   \   00000074   0xF6A2 0x12FB      SUBW     R2,R2,#+2555
   \   00000078   0xE004             B.N      ??MathCalc__Arctan2_6
   1037              }
   1038              else
   1039              {
   1040                  x_temp += y_temp >> 2;
   \                     ??MathCalc__Arctan2_5: (+1)
   \   0000007A   0xEB04 0x04A3      ADD      R4,R4,R3, ASR #+2
   1041                  y_temp -= last_x >> 2;
   \   0000007E   0x1B5B             SUBS     R3,R3,R5
   1042                  theta += (sint32)ATAN2_TABLE[2];
   \   00000080   0xF602 0x12FB      ADDW     R2,R2,#+2555
   1043              }
   1044          
   1045              /// 4th Iteration
   1046              /////////////////////////////////////////////
   1047              last_x = x_temp;
   1048              if(y_temp < 0)
   \                     ??MathCalc__Arctan2_6: (+1)
   \   00000084   0x10E5             ASRS     R5,R4,#+3
   \   00000086   0x2B00             CMP      R3,#+0
   \   00000088   0xD505             BPL.N    ??MathCalc__Arctan2_7
   1049              {
   1050                  x_temp -= y_temp >> 3;
   \   0000008A   0xEBA4 0x04E3      SUB      R4,R4,R3, ASR #+3
   1051                  y_temp += last_x >> 3;
   \   0000008E   0x18EB             ADDS     R3,R5,R3
   1052                  theta -= (sint32)ATAN2_TABLE[3];
   \   00000090   0xF2A2 0x5211      SUBW     R2,R2,#+1297
   \   00000094   0xE004             B.N      ??MathCalc__Arctan2_8
   1053              }
   1054              else
   1055              {
   1056                  x_temp += y_temp >> 3;
   \                     ??MathCalc__Arctan2_7: (+1)
   \   00000096   0xEB04 0x04E3      ADD      R4,R4,R3, ASR #+3
   1057                  y_temp -= last_x >> 3;
   \   0000009A   0x1B5B             SUBS     R3,R3,R5
   1058                  theta += (sint32)ATAN2_TABLE[3];
   \   0000009C   0xF202 0x5211      ADDW     R2,R2,#+1297
   1059              }
   1060          
   1061              /// 5th Iteration
   1062              /////////////////////////////////////////////
   1063              last_x = x_temp;
   1064              if(y_temp < 0)
   \                     ??MathCalc__Arctan2_8: (+1)
   \   000000A0   0x1125             ASRS     R5,R4,#+4
   \   000000A2   0x2B00             CMP      R3,#+0
   \   000000A4   0xD505             BPL.N    ??MathCalc__Arctan2_9
   1065              {
   1066                  x_temp -= y_temp >> 4;
   \   000000A6   0xEBA4 0x1423      SUB      R4,R4,R3, ASR #+4
   1067                  y_temp += last_x >> 4;
   \   000000AA   0x18EB             ADDS     R3,R5,R3
   1068                  theta -= (sint32)ATAN2_TABLE[4];
   \   000000AC   0xF2A2 0x228B      SUBW     R2,R2,#+651
   \   000000B0   0xE004             B.N      ??MathCalc__Arctan2_10
   1069              }
   1070              else
   1071              {
   1072                  x_temp += y_temp >> 4;
   \                     ??MathCalc__Arctan2_9: (+1)
   \   000000B2   0xEB04 0x1423      ADD      R4,R4,R3, ASR #+4
   1073                  y_temp -= last_x >> 4;
   \   000000B6   0x1B5B             SUBS     R3,R3,R5
   1074                  theta += (sint32)ATAN2_TABLE[4];
   \   000000B8   0xF202 0x228B      ADDW     R2,R2,#+651
   1075              }
   1076          
   1077          #if(ATAN2_ITERATION_NR >= 6)
   1078              /// 6th Iteration
   1079              /////////////////////////////////////////////
   1080              last_x = x_temp;
   1081              if(y_temp < 0)
   \                     ??MathCalc__Arctan2_10: (+1)
   \   000000BC   0x1165             ASRS     R5,R4,#+5
   \   000000BE   0x2B00             CMP      R3,#+0
   \   000000C0   0xD505             BPL.N    ??MathCalc__Arctan2_11
   1082              {
   1083                  x_temp -= y_temp >> 5;
   \   000000C2   0xEBA4 0x1463      SUB      R4,R4,R3, ASR #+5
   1084                  y_temp += last_x >> 5;
   \   000000C6   0x18EB             ADDS     R3,R5,R3
   1085                  theta -= (sint32)ATAN2_TABLE[5];
   \   000000C8   0xF5A2 0x72A3      SUB      R2,R2,#+326
   \   000000CC   0xE004             B.N      ??MathCalc__Arctan2_12
   1086              }
   1087              else
   1088              {
   1089                  x_temp += y_temp >> 5;
   \                     ??MathCalc__Arctan2_11: (+1)
   \   000000CE   0xEB04 0x1463      ADD      R4,R4,R3, ASR #+5
   1090                  y_temp -= last_x >> 5;
   \   000000D2   0x1B5B             SUBS     R3,R3,R5
   1091                  theta += (sint32)ATAN2_TABLE[5];
   \   000000D4   0xF502 0x72A3      ADD      R2,R2,#+326
   1092              }
   1093          #endif
   1094          
   1095          #if(ATAN2_ITERATION_NR >= 7)
   1096              /// 7th Iteration
   1097              /////////////////////////////////////////////
   1098              last_x = x_temp;
   1099              if(y_temp < 0)
   \                     ??MathCalc__Arctan2_12: (+1)
   \   000000D8   0x2B00             CMP      R3,#+0
   \   000000DA   0xBF47             ITTEE    MI 
   1100              {
   1101                  x_temp -= y_temp >> 6;
   1102                  y_temp += last_x >> 6;
   \   000000DC   0xEB03 0x13A4      ADDMI    R3,R3,R4, ASR #+6
   1103                  theta -= (sint32)ATAN2_TABLE[6];
   \   000000E0   0x3AA3             SUBMI    R2,R2,#+163
   1104              }
   1105              else
   1106              {
   1107                  x_temp += y_temp >> 6;
   1108                  y_temp -= last_x >> 6;
   \   000000E2   0xEBA3 0x13A4      SUBPL    R3,R3,R4, ASR #+6
   1109                  theta += (sint32)ATAN2_TABLE[6];
   \   000000E6   0x32A3             ADDPL    R2,R2,#+163
   1110              }
   1111          #endif
   1112          
   1113          #if(ATAN2_ITERATION_NR >= 8)
   1114              /// 8th Iteration
   1115              /////////////////////////////////////////////
   1116              last_x = x_temp;
   1117              if(y_temp < 0)
   \   000000E8   0x2B00             CMP      R3,#+0
   \   000000EA   0xBF4C             ITE      MI 
   1118              {
   1119                  x_temp -= y_temp >> 7;
   1120                  y_temp += last_x >> 7;
   1121                  theta -= (sint32)ATAN2_TABLE[7];
   \   000000EC   0x3A51             SUBMI    R2,R2,#+81
   1122              }
   1123              else
   1124              {
   1125                  x_temp += y_temp >> 7;
   1126                  y_temp -= last_x >> 7;
   1127                  theta += (sint32)ATAN2_TABLE[7];
   \   000000EE   0x3251             ADDPL    R2,R2,#+81
   1128              }
   1129          #endif
   1130          
   1131          #if(ATAN2_ITERATION_NR >= 9)
   1132              /// 9th Iteration
   1133              /////////////////////////////////////////////
   1134              last_x = x_temp;
   1135              if(y_temp < 0)
   1136              {
   1137                  x_temp -= y_temp >> 8;
   1138                  y_temp += last_x >> 8;
   1139                  theta -= (sint32)ATAN2_TABLE[8];
   1140              }
   1141              else
   1142              {
   1143                  x_temp += y_temp >> 8;
   1144                  y_temp -= last_x >> 8;
   1145                  theta += (sint32)ATAN2_TABLE[8];
   1146              }
   1147          #endif
   1148          
   1149          #if(ATAN2_ITERATION_NR >= 10)
   1150              /// 10th Iteration
   1151              /////////////////////////////////////////////
   1152              last_x = x_temp;
   1153              if(y_temp < 0)
   1154              {
   1155                  x_temp -= y_temp >> 9;
   1156                  y_temp += last_x >> 9;
   1157                  theta -= (sint32)ATAN2_TABLE[9];
   1158              }
   1159              else
   1160              {
   1161                  x_temp += y_temp >> 9;
   1162                  y_temp -= last_x >> 9;
   1163                  theta += (sint32)ATAN2_TABLE[9];
   1164              }
   1165          #endif
   1166          
   1167          #if(ATAN2_ITERATION_NR >= 11)
   1168              /// 11th Iteration
   1169              /////////////////////////////////////////////
   1170              last_x = x_temp;
   1171              if(y_temp < 0)
   1172              {
   1173                  x_temp -= y_temp >> 10;
   1174                  y_temp += last_x >> 10;
   1175                  theta -= (sint32)ATAN2_TABLE[10];
   1176              }
   1177              else
   1178              {
   1179                  x_temp += y_temp >> 10;
   1180                  y_temp -= last_x >> 10;
   1181                  theta += (sint32)ATAN2_TABLE[10];
   1182              }
   1183          #endif
   1184          
   1185          #if(ATAN2_ITERATION_NR >= 12)
   1186              /// 12th Iteration
   1187              /////////////////////////////////////////////
   1188              last_x = x_temp;
   1189              if(y_temp < 0)
   1190              {
   1191                  x_temp -= y_temp >> 11;
   1192                  y_temp += last_x >> 11;
   1193                  theta -= (sint32)ATAN2_TABLE[11];
   1194              }
   1195              else
   1196              {
   1197                  x_temp += y_temp >> 11;
   1198                  y_temp -= last_x >> 11;
   1199                  theta += (sint32)ATAN2_TABLE[11];
   1200              }
   1201          #endif
   1202          
   1203          #if(ATAN2_ITERATION_NR >= 13)
   1204              /// 13th Iteration
   1205              /////////////////////////////////////////////
   1206              last_x = x_temp;
   1207              if(y_temp < 0)
   1208              {
   1209                  x_temp -= y_temp >> 12;
   1210                  y_temp += last_x >> 12;
   1211                  theta -= (sint32)ATAN2_TABLE[12];
   1212              }
   1213              else
   1214              {
   1215                  x_temp += y_temp >> 12;
   1216                  y_temp -= last_x >> 12;
   1217                  theta += (sint32)ATAN2_TABLE[12];
   1218              }
   1219          #endif
   1220          
   1221          #if(ATAN2_ITERATION_NR >= 14)
   1222              /// 14th Iteration
   1223              /////////////////////////////////////////////
   1224              last_x = x_temp;
   1225              if(y_temp < 0)
   1226              {
   1227                  x_temp -= y_temp >> 13;
   1228                  y_temp += last_x >> 13;
   1229                  theta -= (sint32)ATAN2_TABLE[13];
   1230              }
   1231              else
   1232              {
   1233                  x_temp += y_temp >> 13;
   1234                  y_temp -= last_x >> 13;
   1235                  theta += (sint32t)ATAN2_TABLE[13];
   1236              }
   1237          #endif
   1238          
   1239              // The if's below are used to solve some CORDIC convergence discrete error,
   1240              // they were found through computer numerical analysis and they are solved
   1241              // one by one manually in order to reduce the final calculated error.
   1242              if(!x)
   \   000000F0   0xB930             CBNZ.N   R0,??MathCalc__Arctan2_13
   1243              {
   1244                  if(y == 1)  theta = 16384L;
   \   000000F2   0x2901             CMP      R1,#+1
   \   000000F4   0xBF08             IT       EQ 
   \   000000F6   0xF44F 0x4280      MOVEQ    R2,#+16384
   \   000000FA   0xD001             BEQ.N    ??MathCalc__Arctan2_13
   1245                  if(y == 0)  theta = 0;
   \   000000FC   0xB901             CBNZ.N   R1,??MathCalc__Arctan2_13
   \   000000FE   0x2200             MOVS     R2,#+0
   1246              }
   1247          #if(ATAN2_ITERATION_NR <= 7)
   1248              else if(x == 1)
   1249              {
   1250                  if(y == 9)
   1251                  {
   1252                      theta = 15230L;
   1253                  }
   1254              }
   1255              else if(x == -1)
   1256              {
   1257                  if(y == -9)
   1258                  {
   1259                      theta = -17538L;
   1260                  }
   1261              }
   1262              else if(x == 9)
   1263              {
   1264                  if(y == -1)
   1265                  {
   1266                      theta = -1154L;
   1267                  }
   1268              }
   1269              else if(x == -9)
   1270              {
   1271                  if(y == 1)
   1272                  {
   1273                      theta = 31614L;
   1274                  }
   1275              }
   1276          #endif
   1277          
   1278             return((sint16)theta);
   \                     ??MathCalc__Arctan2_13: (+1)
   \   00000100   0xBC70             POP      {R4-R6}
   \   00000102   0xB210             SXTH     R0,R2
   \   00000104   0x4770             BX       LR               ;; return
   1279          #endif
   1280          }
   1281          
   1282          
   1283          
   1284          //---------------------------------------------------------------------------------------------------------------------
   1285          /**
   1286           *  @brief      Calculate \f$ sin(\theta) \f$ and \f$ cos(\theta) \f$.
   1287           *  @details    Only \f$ sin(\theta) \f$ is implemented.
   1288           *              \f$ cos(\theta) \f$ is calculated as \f$sin(\theta + \frac{\pi}{2})\f$
   1289           *              \f$ sin(\theta) \f$ is calculated using Taylor 7-th order polynomial
   1290           *  @param[in]  theta = input angle in Q1.15 notation
   1291           *  @param[out] sincos = structure containing sin(theta) and cos(theta) values
   1292           */

   \                                 In section .text, align 2, keep-with-next
   1293          void MathCalc__SinCos(sint32 theta,  SIN_COS_TYPE* sincos)
   1294          {
   \                     MathCalc__SinCos: (+1)
   \   00000000   0xB470             PUSH     {R4-R6}
   1295                  // calculate sin(theta)
   1296                  sincos->Sin = MathCalc__Sin((sint16)theta);
   \   00000002   0xB203             SXTH     R3,R0
   \   00000004   0x461C             MOV      R4,R3
   \   00000006   0x.... 0x....      LDR.W    R2,??DataTable16_9  ;; 0xffffc000
   \   0000000A   0x4294             CMP      R4,R2
   \   0000000C   0xBF08             IT       EQ 
   \   0000000E   0x.... 0x....      LDREQ.W  R3,??DataTable16_6  ;; 0xffff8000
   \   00000012   0xD020             BEQ.N    ??MathCalc__SinCos_0
   \   00000014   0xF5B4 0x4F80      CMP      R4,#+16384
   \   00000018   0xBF08             IT       EQ 
   \   0000001A   0xF647 0x73FF      MOVWEQ   R3,#+32767
   \   0000001E   0xD01A             BEQ.N    ??MathCalc__SinCos_0
   \   00000020   0x045B             LSLS     R3,R3,#+17
   \   00000022   0x141B             ASRS     R3,R3,#+16
   \   00000024   0x405C             EORS     R4,R4,R3
   \   00000026   0xBF44             ITT      MI 
   \   00000028   0x425B             RSBMI    R3,R3,#+0
   \   0000002A   0xB21B             SXTHMI   R3,R3
   \   0000002C   0xFB13 0xF403      SMULBB   R4,R3,R3
   \   00000030   0x13E4             ASRS     R4,R4,#+15
   \   00000032   0xF06F 0x0598      MVN      R5,#+152
   \   00000036   0x4365             MULS     R5,R5,R4
   \   00000038   0x13ED             ASRS     R5,R5,#+15
   \   0000003A   0xF605 0x2533      ADDW     R5,R5,#+2611
   \   0000003E   0x4365             MULS     R5,R5,R4
   \   00000040   0x.... 0x....      LDR.W    R6,??DataTable16_7  ;; 0xffffad51
   \   00000044   0xEB06 0x35E5      ADD      R5,R6,R5, ASR #+15
   \   00000048   0x436C             MULS     R4,R4,R5
   \   0000004A   0x13E4             ASRS     R4,R4,#+15
   \   0000004C   0xF504 0x4449      ADD      R4,R4,#+51456
   \   00000050   0x3410             ADDS     R4,R4,#+16
   \   00000052   0x4363             MULS     R3,R3,R4
   \   00000054   0x13DB             ASRS     R3,R3,#+15
   \                     ??MathCalc__SinCos_0: (+1)
   \   00000056   0x600B             STR      R3,[R1, #+0]
   1297                  // calculate cos(theta) = sin(theta +pi/2)
   1298                  theta = PI_2 + theta;  // theta + pi/2
   1299                  sincos->Cos = MathCalc__Sin((sint16)theta);
   \   00000058   0xF500 0x4080      ADD      R0,R0,#+16384
   \   0000005C   0xB200             SXTH     R0,R0
   \   0000005E   0x4603             MOV      R3,R0
   \   00000060   0x4293             CMP      R3,R2
   \   00000062   0xBF08             IT       EQ 
   \   00000064   0x.... 0x....      LDREQ.W  R0,??DataTable16_6  ;; 0xffff8000
   \   00000068   0xD020             BEQ.N    ??MathCalc__SinCos_1
   \   0000006A   0xF5B3 0x4F80      CMP      R3,#+16384
   \   0000006E   0xBF08             IT       EQ 
   \   00000070   0xF647 0x70FF      MOVWEQ   R0,#+32767
   \   00000074   0xD01A             BEQ.N    ??MathCalc__SinCos_1
   \   00000076   0x0440             LSLS     R0,R0,#+17
   \   00000078   0x1400             ASRS     R0,R0,#+16
   \   0000007A   0xEA93 0x0200      EORS     R2,R3,R0
   \   0000007E   0xBF44             ITT      MI 
   \   00000080   0x4240             RSBMI    R0,R0,#+0
   \   00000082   0xB200             SXTHMI   R0,R0
   \   00000084   0xFB10 0xF200      SMULBB   R2,R0,R0
   \   00000088   0x13D2             ASRS     R2,R2,#+15
   \   0000008A   0xF06F 0x0398      MVN      R3,#+152
   \   0000008E   0x4353             MULS     R3,R3,R2
   \   00000090   0x13DB             ASRS     R3,R3,#+15
   \   00000092   0xF603 0x2333      ADDW     R3,R3,#+2611
   \   00000096   0x4353             MULS     R3,R3,R2
   \   00000098   0x....             LDR.N    R4,??DataTable16_7  ;; 0xffffad51
   \   0000009A   0xEB04 0x33E3      ADD      R3,R4,R3, ASR #+15
   \   0000009E   0x435A             MULS     R2,R2,R3
   \   000000A0   0x13D2             ASRS     R2,R2,#+15
   \   000000A2   0xF502 0x4249      ADD      R2,R2,#+51456
   \   000000A6   0x3210             ADDS     R2,R2,#+16
   \   000000A8   0x4350             MULS     R0,R0,R2
   \   000000AA   0x13C0             ASRS     R0,R0,#+15
   \                     ??MathCalc__SinCos_1: (+1)
   \   000000AC   0x6048             STR      R0,[R1, #+4]
   1300          }
   \   000000AE   0xBC70             POP      {R4-R6}
   \   000000B0   0x4770             BX       LR               ;; return
   1301          
   1302          
   1303          
   1304          
   1305          
   1306          
   1307          
   1308          /*************** ADDED LATER  ************* BEATOA */
   1309          #if ((__ICCARM__ == 1) && (__CORE__ == __ARM7EM__))  //  ARM IAR Compiler && CortexM4
   1310          #include <intrinsics.h>
   1311          static inline uint32 AbsSat32(register sint32 val)
   1312          {
   1313                register sint32 temp = 1;
   1314                        asm volatile( "cmp %0, #0 \n"                   /* Compares Val with 0 */
   1315                                        "itt lt \n"                       /* If Val < 0, then executes next two commands */
   1316                                        "mvnlt %0, %0 \n"                 /* Val = ~f32Val */
   1317                                        "qaddlt %0, %0, %1 \n"            /* Val = Val + 1 */
   1318                                        : "+l"(val): "l"(temp));
   1319                return val;
   1320          }
   1321          
   1322          

   \                                 In section .text, align 4, keep-with-next
   1323          uint8 MathCalc__CountLeadingBitsOnSigned(sint32 in)
   1324          {
   1325              return (__CLZ(AbsSat32(in)<<1));
   \                     MathCalc__CountLeadingBitsOnSigned: (+1)
   \   00000000   0x2101             MOVS     R1,#+1
   \   00000002   0x2800             cmp R0, #0 
   \   00000004   0xBFBC             itt lt 
   \   00000006   0x43C0             mvnlt R0, R0 
   \   00000008   0xFA81 0xF080      qaddlt R0, R0, R1 
   \   0000000C   0x0040             LSLS     R0,R0,#+1
   \   0000000E   0xFAB0 0xF080      CLZ      R0,R0
   \   00000012   0x4770             BX       LR               ;; return
   1326          }
   1327          

   \                                 In section .text, align 2, keep-with-next
   1328          uint8 MathCalc__CountLeadingBitsOnUnsigned(uint32 in)
   1329          {
   1330              return (__CLZ(in));
   \                     MathCalc__CountLeadingBitsOnUnsigned: (+1)
   \   00000000   0xFAB0 0xF080      CLZ      R0,R0
   \   00000004   0x4770             BX       LR               ;; return
   1331          }
   1332          
   1333          #else
   1334          // Not on ARM Architecture
   1335          
   1336          
   1337          //---------------------------------------------------------------------------------------------------------------------
   1338          /**
   1339           *  @brief      Count leading bits of a 32 bit signed input (MSB is not considered because it is for sign).
   1340           *  @details    The implemented algorithm uses the de Bruijn sequences and SWAR algorithm.
   1341           *
   1342           *  [Here](http://supertech.csail.mit.edu/papers/debruijn.pdf) and
   1343           *  [here](http://aggregate.org/MAGIC/#Most%20Significant%201%20Bit)
   1344           *  you can find the reference documentation for the overall algorithm.
   1345           *
   1346           *  The steps of the algorithm are the following:
   1347           *
   1348           *          1- check sign: if the input is negative, it is negate (the algorithm requires positive values)
   1349           *
   1350           *          2- build a sint32 value with a single 1 in the MSB position of input value (SWAR algorithm is used)
   1351           *
   1352           *          3- index the single 1 position of step 2
   1353           *
   1354           *          4- translate the index into number of leading bits using a conversion constant array
   1355           *
   1356           *  Respect to the original documentation, the proposed implementation is slightly different because of
   1357           *  the last step of the SWAR algorithm to build a sint32 value with a single 1 in the MSB position
   1358           *  of input value and because of the adopted De Bruijn sequence. This version is taken from this
   1359           *  [link](http://stackoverflow.com/questions/23856596/counting-leading-zeros-in-a-32-bit-unsigned-integer-with-best-algorithm-in-c-pro)
   1360           *
   1361           *  @param[in]  in  = input value
   1362           *  @return     number of leading bits (excluding the MSB because it is used for sign)
   1363           */
   1364          uint8 MathCalc__CountLeadingBitsOnSigned(sint32 in)
   1365          {
   1366              uint8 out;
   1367          
   1368              // check sign
   1369              if (in<0)
   1370              {
   1371                  if (in == MAX_32BIT_NEGATIVE)
   1372                  {
   1373                      in = MAX_32BIT_POSITIVE;
   1374                  }
   1375                  else
   1376                  {
   1377                      in = -in;
   1378                  }
   1379              }
   1380          
   1381          
   1382              // isolate a 1: build a sint32 with a single 1 in the MSB position of in
   1383              // SWAR algorithm is used
   1384              in |= in>>1;
   1385              in |= in>>2;
   1386              in |= in>>4;
   1387              in |= in>>8;
   1388              in |= in>>16;   // all ones from LSB to leftmost 1 position
   1389              in += 1;        // one in the (leftmost 1 position + 1) bit --> the conversion array takes it into account
   1390          
   1391              // Use de Bruijn sequences to efficiently find the position
   1392              in = ((in*DEBRUIJN_SEQ)>>27)&31;
   1393              out = debruijn_to_std_signed[in];
   1394          
   1395              return out;
   1396          }
   1397          
   1398          
   1399          
   1400          /**
   1401           *  @brief      Count leading bits of a 32 bit signed input.
   1402           *  @details    The implemented algorithm uses the de Bruijn sequences and SWAR algorithm.
   1403           *
   1404           *  [Here](http://supertech.csail.mit.edu/papers/debruijn.pdf) and
   1405           *  [here](http://aggregate.org/MAGIC/#Most%20Significant%201%20Bit)
   1406           *  you can find the reference documentation for the overall algorithm.
   1407           *
   1408           *  The steps of the algorithm are the following:
   1409           *
   1410           *          1- check for zero: if the input is zero, the result is directly 32
   1411           *
   1412           *          2- build a sint32 value with a single 1 in the MSB position of input value (SWAR algorithm is used)
   1413           *
   1414           *          3- index the single 1 position of step 2
   1415           *
   1416           *          4- translate the index into number of leading bits using a conversion constant array
   1417           *
   1418           *  Respect to the original documentation, the proposed implementation is slightly different because of
   1419           *  the last step of the SWAR algorithm to build a sint32 value with a single 1 in the MSB position
   1420           *  of input value and because of the adopted De Bruijn sequence. This version is taken from this
   1421           *  [link](http://stackoverflow.com/questions/23856596/counting-leading-zeros-in-a-32-bit-unsigned-integer-with-best-algorithm-in-c-pro)
   1422           *
   1423           *  @param[in]  in  = input value
   1424           *  @return     number of leading bits (excluding the MSB because it is used for sign)
   1425           */
   1426          uint8 MathCalc__CountLeadingBitsOnUnsigned(uint32 in)
   1427          {
   1428              uint8 out;
   1429              // check not zero
   1430              if (in == 0)
   1431              {
   1432                  out = 32;
   1433              }
   1434              else
   1435              {
   1436                  // isolate a 1: build a sint32 with a single 1 in the MSB position of in
   1437                  // SWAR algorithm is used
   1438                  in |= in>>1;
   1439                  in |= in>>2;
   1440                  in |= in>>4;
   1441                  in |= in>>8;
   1442                  in |= in>>16;   // all ones from LSB to leftmost 1 position
   1443                  in += 1;        // one in the (leftmost 1 position + 1) bit --> the conversion array takes it into account
   1444          
   1445                  // Use de Bruijn sequences to efficiently find the position
   1446                  in = ((in*DEBRUIJN_SEQ)>>27)&31;
   1447                  out = debruijn_to_std_unsigned[in];
   1448              }
   1449          
   1450              return out;
   1451          
   1452          }
   1453          
   1454          
   1455          #endif
   1456          
   1457          
   1458          //------------------------------- Floating Point Section ----------------------------------//
   1459          /**
   1460           * It calculates the linear interpolation between two points.
   1461           * The equation is as follow: deltaY/deltaX*(value - x0) + y0.
   1462           * @param y1 is Y coordinate of the point 1
   1463           * @param x1 is X coordinate of the point 1
   1464           * @param y0 is Y coordinate of the point 0
   1465           * @param x0 is X coordinate of the point 0
   1466           * @param value is the value to be interpolated within the x1 and x0
   1467           * @return
   1468           */

   \                                 In section .text, align 4, keep-with-next
   1469          float32 MathCalc__f_Interpolate(float32 y1, float32 x1, float32 y0, float32 x0, float32 value)
   1470          
   1471          {
   1472              float32 temp;
   1473          
   1474              temp = y1 - y0;
   1475              temp = temp*(value - x0);
   1476          
   1477              if( (x1 - x0) )
   \                     MathCalc__f_Interpolate: (+1)
   \   00000000   0xEE70 0x0AE1      VSUB.F32 S1,S1,S3
   \   00000004   0xEE30 0x0A41      VSUB.F32 S0,S0,S2
   \   00000008   0xEE32 0x2A61      VSUB.F32 S4,S4,S3
   \   0000000C   0xEEF5 0x0A40      VCMP.F32 S1,#0.0
   \   00000010   0xEE20 0x0A02      VMUL.F32 S0,S0,S4
   \   00000014   0xEEF1 0xFA10      FMSTAT   
   \   00000018   0xD004             BEQ.N    ??MathCalc__f_Interpolate_0
   1478              {
   1479                  temp = temp/(x1 - x0); // Q31/Q15 = Q15
   1480                  temp = temp + y0;          // Q15 + Q15 = Q15
   \   0000001A   0xEE80 0x0A20      VDIV.F32 S0,S0,S1
   \   0000001E   0xEE30 0x0A01      VADD.F32 S0,S0,S2
   \   00000022   0x4770             BX       LR
   1481              }
   1482              else
   1483              {
   1484                  temp = 0;                                   // To prevent any division by 0.
   \                     ??MathCalc__f_Interpolate_0: (+1)
   \   00000024   0xED9F 0x....      VLDR.W   S0,??DataTable16  ;; 0x0
   1485              }
   1486          
   1487              return(temp);
   \   00000028   0x4770             BX       LR               ;; return
   1488          }
   1489          

   \                                 In section .text, align 4, keep-with-next
   1490          void MathCalc__f_SinCos(float32 motTheta, SIN_COS_TYPE *parmPtr)
   1491          {
   \                     MathCalc__f_SinCos: (+1)
   \   00000000   0xB510             PUSH     {R4,LR}
   \   00000002   0xED2D 0x8B02      VPUSH    {D8}
   1492              parmPtr->Sin = (mc_sint32) sinf(F_PI * motTheta);
   \   00000006   0xEDDF 0x....      VLDR.W   S1,??DataTable16_1  ;; 0x40490fdb
   \   0000000A   0x4604             MOV      R4,R0
   \   0000000C   0xEE20 0x8A20      VMUL.F32 S16,S0,S1
   \   00000010   0x2000             MOVS     R0,#+0
   \   00000012   0xEEB0 0x0A48      VMOV.F32 S0,S16
   \   00000016   0x.... 0x....      BL       __iar_FSin
   \   0000001A   0xEEBD 0x0AC0      VCVT.S32.F32 S0,S0
   \   0000001E   0xED84 0x0A00      VSTR     S0,[R4, #0]
   1493              parmPtr->Cos = (mc_sint32) cosf(F_PI * motTheta);
   \   00000022   0x2001             MOVS     R0,#+1
   \   00000024   0xEEB0 0x0A48      VMOV.F32 S0,S16
   \   00000028   0x.... 0x....      BL       __iar_FSin
   \   0000002C   0xEEBD 0x0AC0      VCVT.S32.F32 S0,S0
   \   00000030   0xED84 0x0A01      VSTR     S0,[R4, #+4]
   1494          }
   \   00000034   0xECBD 0x8B02      VPOP     {D8}
   \   00000038   0xBD10             POP      {R4,PC}          ;; return
   1495          
   1496          
   1497          

   \                                 In section .text, align 2, keep-with-next
   1498          float32 MathCalc__GetInterpolationFastF(float32 value, MATHCALC_LUT_EXT_F_TYPE *lut_ext)
   1499          {
   1500              sint32 index;
   1501              float32 tmp1;
   1502              float32 tmp2;
   1503              float32 output;
   1504              // size of lut is the real size of the lut
   1505              sint32 last_available_index  = *(lut_ext->sizeof_lut)-2;
   \                     MathCalc__GetInterpolationFastF: (+1)
   \   00000000   0x6881             LDR      R1,[R0, #+8]
   1506          
   1507              float32 step_inv = *(lut_ext->step_inv);
   \   00000002   0x6842             LDR      R2,[R0, #+4]
   1508              MATHCALC_LUT_F_TYPE *lut = lut_ext->ptr_LUT;
   \   00000004   0x6800             LDR      R0,[R0, #+0]
   \   00000006   0xED92 0x1A00      VLDR     S2,[R2, #0]
   1509          
   1510          
   1511              // index calculation -- fast algorithm -- no division required
   1512              // step is already in absolute value
   1513              // input must be monotonically increasing -- abs is not required
   1514              tmp1 = (value-lut[0].input)*step_inv;
   \   0000000A   0xEDD0 0x0A00      VLDR     S1,[R0, #0]
   \   0000000E   0x6809             LDR      R1,[R1, #+0]
   \   00000010   0xEE70 0x0A60      VSUB.F32 S1,S0,S1
   \   00000014   0xEE60 0x0A81      VMUL.F32 S1,S1,S2
   \   00000018   0x1E89             SUBS     R1,R1,#+2
   1515          
   1516              if(tmp1 < 0.0f)
   \   0000001A   0xEEF5 0x0A40      VCMP.F32 S1,#0.0
   \   0000001E   0xEEF1 0xFA10      FMSTAT   
   \   00000022   0xBF4E             ITEE     MI 
   1517              {
   1518                  index = -1;
   \   00000024   0xF04F 0x32FF      MOVMI    R2,#-1
   1519              }
   1520              else
   1521              {
   1522                  index = (sint32)(tmp1);
   \   00000028   0xEEFD 0x0AE0      VCVTPL.S32.F32 S1,S1
   \   0000002C   0xEE10 0x2A90      VMOVPL   R2,S1
   1523              }
   1524          
   1525              // check index in range
   1526              if (index > last_available_index)
   \   00000030   0x4291             CMP      R1,R2
   \   00000032   0xDA06             BGE.N    ??MathCalc__GetInterpolationFastF_0
   1527              {
   1528                  output = lut[last_available_index+1].output;
   \   00000034   0xEB00 0x00C1      ADD      R0,R0,R1, LSL #+3
   \   00000038   0xEDD0 0x0A03      VLDR     S1,[R0, #+12]
   1529              }
   1530              else if (index < 0)
   1531              {
   1532                  output = lut[0].output;
   1533              }
   1534              else
   1535              {
   1536                  // index is in the correct range
   1537                  tmp1 = (value - lut[index].input)*step_inv;
   1538                  tmp2 = lut[index+1].output - lut[index].output;
   1539                  output = lut[index].output + (tmp1*tmp2);
   1540              }
   1541          
   1542              return(output);
   \   0000003C   0xEEB0 0x0A60      VMOV.F32 S0,S1
   \   00000040   0x4770             BX       LR
   \                     ??MathCalc__GetInterpolationFastF_0: (+1)
   \   00000042   0x2A00             CMP      R2,#+0
   \   00000044   0xBF48             IT       MI 
   \   00000046   0xEDD0 0x0A01      VLDRMI   S1,[R0, #+4]
   \   0000004A   0xD411             BMI.N    ??MathCalc__GetInterpolationFastF_1
   \   0000004C   0xEB00 0x01C2      ADD      R1,R0,R2, LSL #+3
   \   00000050   0xEB00 0x00C2      ADD      R0,R0,R2, LSL #+3
   \   00000054   0xEDD1 0x0A01      VLDR     S1,[R1, #+4]
   \   00000058   0xEDD0 0x1A00      VLDR     S3,[R0, #0]
   \   0000005C   0xEE30 0x0A61      VSUB.F32 S0,S0,S3
   \   00000060   0xEE20 0x0A01      VMUL.F32 S0,S0,S2
   \   00000064   0xED91 0x1A03      VLDR     S2,[R1, #+12]
   \   00000068   0xEE31 0x1A60      VSUB.F32 S2,S2,S1
   \   0000006C   0xEE40 0x0A01      VMLA.F32 S1,S0,S2
   \                     ??MathCalc__GetInterpolationFastF_1: (+1)
   \   00000070   0xEEB0 0x0A60      VMOV.F32 S0,S1
   \   00000074   0x4770             BX       LR               ;; return
   1543          }
   1544          
   1545          
   1546          
   1547          /**
   1548           *  @brief      Calculate \f$ sqrt(x) \f$
   1549           *  @details    This function calculates \f$ sqrt(x) \f$ using c-language math.h library.
   1550           *              These functions return the sqrt of x. The return value is in the range -1 to 1.
   1551           *  @param[in]    x in float
   1552           *  @return       \f$ sqrt(x) \f$ in float
   1553           */

   \                                 In section .text, align 4, keep-with-next
   1554          float32 MathCalc__SqrtF(float32 x)
   1555          {
   1556          
   1557          #if ((__ICCARM__ == 1) && (__CORE__ == __ARM7EM__))  //  ARM IAR Compiler && CortexM4
   1558          
   1559              float32 ret;
   1560          
   1561              arm_sqrt_f32(x,&ret);
   \                     MathCalc__SqrtF: (+1)
   \   00000000   0xEEB5 0x0A40      VCMP.F32 S0,#0.0
   \   00000004   0xEEF1 0xFA10      FMSTAT   
   \   00000008   0xDB02             BLT.N    ??MathCalc__SqrtF_0
   \   0000000A   0xEEB1 0x0AC0      VSQRT.F32 S0,S0
   \   0000000E   0x4770             BX       LR
   \                     ??MathCalc__SqrtF_0: (+1)
   \   00000010   0xED9F 0x....      VLDR.W   S0,??DataTable16  ;; 0x0
   1562          
   1563              return ret;
   \   00000014   0x4770             BX       LR               ;; return
   1564          
   1565          #else
   1566          
   1567              return (sqrtf(x));
   1568          
   1569          #endif
   1570          
   1571          }
   1572          
   1573          
   1574          
   1575          /**
   1576           *  @brief      This function computes the arc tangent of y/x, but the signs of both arguments are used to determine the
   1577           * quadrant of the result, and x is permitted to be zero. The return value is given in radians and is in the range -pi to
   1578           * pi, inclusive.
   1579           * If x and y are coordinates of a point in the plane, atan2 returns the signed angle between the line from the origin
   1580           * to that point and the x-axis. Thus, atan2 is useful for converting Cartesian coordinates to polar coordinates. (To
   1581           * compute the radial coordinate, use hypot; see Exponents and Logarithms.)
   1582           * If both x and y are zero, atan2 returns zero.
   1583           *
   1584           *  @param      x and y coordinates of the input vector. They are represent in float.
   1585           *  @return     angle in Q15 with PI as base.
   1586           */

   \                                 In section .text, align 2, keep-with-next
   1587          float32 MathCalc__Arctan2F(float32 x, float32 y)
   1588          {
   \                     MathCalc__Arctan2F: (+1)
   \   00000000   0xEEB0 0x1A40      VMOV.F32 S2,S0
   \   00000004   0xEEB0 0x0A60      VMOV.F32 S0,S1
   1589              return atan2f(y,x);
   \   00000008   0xEEF0 0x0A41      VMOV.F32 S1,S2
   \   0000000C   0x.... 0x....      B.W      atan2f
   1590          }
   1591          
   1592          
   1593          
   1594          /**
   1595           *  @brief      Calculate \f$ sin(\theta) \f$
   1596           *  @details    This function calculates \f$ sin(\theta) \f$ using based on CMSIS library.
   1597           *              These functions return the sine of x, where x is given in radiant. The return value is in the range -1 to 1.
   1598           *  @param[in]    x in float - angle in radiant
   1599           *  @return       \f$ sin(\pi \cdot x) \f$ in float32
   1600           */

   \                                 In section .text, align 4, keep-with-next
   1601          float32 MathCalc__SinF(float32 x)
   1602          {
   1603              float32 sinVal, fract, in;                           /* Temporary variables for input, output */
   1604              uint16 index;                                        /* Index variable */
   1605              float32 a, b;                                        /* Two nearest output values */
   1606              sint32 n;
   1607              float32 findex;
   1608          
   1609              /* input x is in radians */
   1610              /* Scale the input to [0 1] range from [0 2*PI] , divide input by 2*pi */
   1611              in = x * 0.159154943092f;
   \                     MathCalc__SinF: (+1)
   \   00000000   0xEDDF 0x....      VLDR.W   S1,??DataTable16_2  ;; 0x3e22f983
   \   00000004   0xEE20 0x0A20      VMUL.F32 S0,S0,S1
   1612          
   1613              /* Calculation of floor value of input */
   1614              n = (sint32) in;
   \   00000008   0xEEFD 0x0AC0      VCVT.S32.F32 S1,S0
   \   0000000C   0xEE10 0x0A90      VMOV     R0,S1
   1615          
   1616              /* Make negative values towards -infinity */
   1617              if(in < -EPSILON_FLOAT32)
   \   00000010   0xEDDF 0x....      VLDR.W   S1,??DataTable16_3  ;; 0xb4800000
   \   00000014   0xEEB4 0x0A60      VCMP.F32 S0,S1
   \   00000018   0xEEF1 0xFA10      FMSTAT   
   \   0000001C   0xBF48             IT       MI 
   1618              {
   1619                n--;
   \   0000001E   0x1E40             SUBMI    R0,R0,#+1
   1620              }
   1621          
   1622              /* Map input value to [0 1] */
   1623              in = in - (float32) n;
   1624          
   1625              /* Calculation of index of the table */
   1626              findex = (float32) FAST_MATH_TABLE_SIZE * in;
   \   00000020   0xEE00 0x0A90      VMOV     S1,R0
   \   00000024   0xEEF8 0x0AE0      VCVT.F32.S32 S1,S1
   \   00000028   0xEE30 0x0A60      VSUB.F32 S0,S0,S1
   \   0000002C   0xEDDF 0x....      VLDR.W   S1,??DataTable16_4  ;; 0x44000000
   \   00000030   0xEE20 0x0A20      VMUL.F32 S0,S0,S1
   1627              if (findex >= 512.0f) {
   \   00000034   0xEEB4 0x0A60      VCMP.F32 S0,S1
   \   00000038   0xEEF1 0xFA10      FMSTAT   
   \   0000003C   0xBFA4             ITT      GE 
   1628                findex -= 512.0f;
   \   0000003E   0xEDDF 0x....      VLDRGE.W S1,??DataTable16_5  ;; 0xc4000000
   \   00000042   0xEE30 0x0A20      VADDGE.F32 S0,S0,S1
   1629              }
   1630          
   1631              index = ((uint16)findex) & 0x1ff;
   \   00000046   0xEEFD 0x0AC0      VCVT.S32.F32 S1,S0
   \   0000004A   0xEE10 0x0A90      VMOV     R0,S1
   \   0000004E   0x05C0             LSLS     R0,R0,#+23
   \   00000050   0x0DC0             LSRS     R0,R0,#+23
   1632          
   1633              /* fractional value calculation */
   1634              fract = findex - (float32) index;
   \   00000052   0x4601             MOV      R1,R0
   \   00000054   0xEE00 0x1A90      VMOV     S1,R1
   \   00000058   0xEEF8 0x0A60      VCVT.F32.U32 S1,S1
   1635          
   1636              /* Read two nearest values of input value from the sin table */
   1637              a = sinTable_wp_f32[index];
   1638              b = sinTable_wp_f32[index+1];
   1639          
   1640              /* Linear interpolation process */
   1641              sinVal = (1.0f-fract)*a + fract*b;
   1642          
   1643              /* Return the output value */
   1644              return (sinVal);
   \   0000005C   0x.... 0x....      ADR.W    R1,sinTable_wp_f32
   \   00000060   0xEE70 0x0A60      VSUB.F32 S1,S0,S1
   \   00000064   0xEB01 0x0280      ADD      R2,R1,R0, LSL #+2
   \   00000068   0xEEB7 0x0A00      VMOV.F32 S0,#1.0
   \   0000006C   0xEE30 0x0A60      VSUB.F32 S0,S0,S1
   \   00000070   0xED92 0x1A00      VLDR     S2,[R2, #0]
   \   00000074   0xEB01 0x0080      ADD      R0,R1,R0, LSL #+2
   \   00000078   0xEE20 0x0A01      VMUL.F32 S0,S0,S2
   \   0000007C   0xED90 0x1A01      VLDR     S2,[R0, #+4]
   \   00000080   0xEE00 0x0A81      VMLA.F32 S0,S1,S2
   \   00000084   0x4770             BX       LR               ;; return
   1645          }
   1646          
   1647          
   1648          
   1649          /**
   1650           *  @brief      Calculate \f$ cos(\theta) \f$
   1651           *  @details    This function calculates \f$ cos(\theta) \f$ using c-language based on CMSIS library.
   1652           *              These functions return the cosine of x, where x is given in radiant. The return value is in the range -1 to 1.
   1653           *  @param[in]    x in float - angle in radiant
   1654           *  @return       \f$ sin(\pi \cdot x) \f$ in float
   1655           */

   \                                 In section .text, align 4, keep-with-next
   1656          float32 MathCalc__CosF(float32 x)
   1657          {
   1658              float32 cosVal, fract, in;                   /* Temporary variables for input, output */
   1659              uint16 index;                                /* Index variable */
   1660              float32 a, b;                                /* Two nearest output values */
   1661              sint32 n;
   1662              float32 findex;
   1663          
   1664              /* input x is in radians */
   1665              /* Scale the input to [0 1] range from [0 2*PI] , divide input by 2*pi, add 0.25 (pi/2) to read sine table */
   1666              in = x * 0.159154943092f + 0.25f;
   \                     MathCalc__CosF: (+1)
   \   00000000   0xED9F 0x....      VLDR.W   S2,??DataTable16_2  ;; 0x3e22f983
   \   00000004   0xEEF5 0x0A00      VMOV.F32 S1,#0.25
   \   00000008   0xEE40 0x0A01      VMLA.F32 S1,S0,S2
   1667          
   1668              /* Calculation of floor value of input */
   1669              n = (sint32) in;
   \   0000000C   0xEEBD 0x0AE0      VCVT.S32.F32 S0,S1
   \   00000010   0xEE10 0x0A10      VMOV     R0,S0
   1670          
   1671              /* Make negative values towards -infinity */
   1672              if(in < -EPSILON_FLOAT32)
   \   00000014   0xED9F 0x....      VLDR.W   S0,??DataTable16_3  ;; 0xb4800000
   \   00000018   0xEEF4 0x0A40      VCMP.F32 S1,S0
   \   0000001C   0xEEF1 0xFA10      FMSTAT   
   \   00000020   0xBF48             IT       MI 
   1673              {
   1674                n--;
   \   00000022   0x1E40             SUBMI    R0,R0,#+1
   1675              }
   1676          
   1677              /* Map input value to [0 1] */
   1678              in = in - (float32) n;
   1679          
   1680              /* Calculation of index of the table */
   1681              findex = (float32) FAST_MATH_TABLE_SIZE * in;
   \   00000024   0xEE00 0x0A10      VMOV     S0,R0
   \   00000028   0xEEB8 0x0AC0      VCVT.F32.S32 S0,S0
   \   0000002C   0xEE30 0x0AC0      VSUB.F32 S0,S1,S0
   \   00000030   0xEDDF 0x....      VLDR.W   S1,??DataTable16_4  ;; 0x44000000
   \   00000034   0xEE20 0x0A20      VMUL.F32 S0,S0,S1
   1682              index = ((uint16)findex) & 0x1ff;
   \   00000038   0xEEFD 0x0AC0      VCVT.S32.F32 S1,S0
   \   0000003C   0xEE10 0x0A90      VMOV     R0,S1
   \   00000040   0x05C0             LSLS     R0,R0,#+23
   \   00000042   0x0DC0             LSRS     R0,R0,#+23
   1683          
   1684              /* fractional value calculation */
   1685              fract = findex - (float32) index;
   \   00000044   0x4601             MOV      R1,R0
   \   00000046   0xEE00 0x1A90      VMOV     S1,R1
   \   0000004A   0xEEF8 0x0A60      VCVT.F32.U32 S1,S1
   1686          
   1687              /* Read two nearest values of input value from the cos table */
   1688              a = sinTable_wp_f32[index];
   1689              b = sinTable_wp_f32[index+1];
   1690          
   1691              /* Linear interpolation process */
   1692              cosVal = (1.0f-fract)*a + fract*b;
   1693          
   1694              /* Return the output value */
   1695              return (cosVal);
   \   0000004E   0x.... 0x....      ADR.W    R1,sinTable_wp_f32
   \   00000052   0xEE70 0x0A60      VSUB.F32 S1,S0,S1
   \   00000056   0xEB01 0x0280      ADD      R2,R1,R0, LSL #+2
   \   0000005A   0xEEB7 0x0A00      VMOV.F32 S0,#1.0
   \   0000005E   0xEE30 0x0A60      VSUB.F32 S0,S0,S1
   \   00000062   0xED92 0x1A00      VLDR     S2,[R2, #0]
   \   00000066   0xEB01 0x0080      ADD      R0,R1,R0, LSL #+2
   \   0000006A   0xEE20 0x0A01      VMUL.F32 S0,S0,S2
   \   0000006E   0xED90 0x1A01      VLDR     S2,[R0, #+4]
   \   00000072   0xEE00 0x0A81      VMLA.F32 S0,S1,S2
   \   00000076   0x4770             BX       LR               ;; return
   1696          }
   1697          
   1698          
   1699          
   1700          /**
   1701           *  @brief      Calculate \f$ sin(\theta) \f$ and \f$ cos(\theta) \f$.
   1702           *  @details    Only \f$ sin(\theta) \f$ is implemented.
   1703           *              \f$ cos(\theta) \f$ is c-language based on CMSIS library.
   1704           *              \f$ sin(\theta) \f$ is c-language based on CMSIS library.
   1705           *  @param[in]  theta = input angle in radiant
   1706           *  @param[out] sincos = structure containing sin(theta) and cos(theta) values
   1707           */

   \                                 In section .text, align 4, keep-with-next
   1708          void MathCalc__SinCosF(float32 theta,  SIN_COS_F_TYPE* sincos)
   1709          {
   1710              float32 fract, in;                             /* Temporary variables for input, output */
   1711              uint16 indexS, indexC;                         /* Index variable */
   1712              float32 f1, f2, d1, d2;                        /* Two nearest output values */
   1713              sint32 n;
   1714              float32 findex;
   1715          
   1716              /* input x is in degrees */
   1717              /* Scale the input, divide input by 2*pi, for cosine add 0.25 (pi/2) to read sine table */
   1718              in = theta * 0.159154943092f;
   \                     MathCalc__SinCosF: (+1)
   \   00000000   0xEDDF 0x....      VLDR.W   S1,??DataTable16_2  ;; 0x3e22f983
   \   00000004   0xEE20 0x0A20      VMUL.F32 S0,S0,S1
   1719          
   1720          
   1721              /* Calculation of floor value of input */
   1722              n = (sint32) in;
   \   00000008   0xEEFD 0x0AC0      VCVT.S32.F32 S1,S0
   \   0000000C   0xEE10 0x1A90      VMOV     R1,S1
   1723          
   1724              /* Make negative values towards -infinity */
   1725              if(in < -EPSILON_FLOAT32)
   \   00000010   0xEDDF 0x....      VLDR.W   S1,??DataTable16_3  ;; 0xb4800000
   \   00000014   0xEEB4 0x0A60      VCMP.F32 S0,S1
   \   00000018   0xEEF1 0xFA10      FMSTAT   
   \   0000001C   0xBF48             IT       MI 
   1726              {
   1727                n--;
   \   0000001E   0x1E49             SUBMI    R1,R1,#+1
   1728              }
   1729              /* Map input value to [0 1] */
   1730              in = in - (float32) n;
   1731          
   1732              /* Calculation of index of the table */
   1733              findex = (float32) FAST_MATH_TABLE_SIZE * in;
   \   00000020   0xEE00 0x1A90      VMOV     S1,R1
   \   00000024   0xEEF8 0x0AE0      VCVT.F32.S32 S1,S1
   \   00000028   0xEE30 0x0A60      VSUB.F32 S0,S0,S1
   \   0000002C   0xEDDF 0x....      VLDR.W   S1,??DataTable16_4  ;; 0x44000000
   \   00000030   0xEE20 0x0A20      VMUL.F32 S0,S0,S1
   1734              indexS = ((uint16)findex) & 0x1ff;
   \   00000034   0xEEFD 0x0AC0      VCVT.S32.F32 S1,S0
   \   00000038   0xEE10 0x1A90      VMOV     R1,S1
   \   0000003C   0x05C9             LSLS     R1,R1,#+23
   \   0000003E   0x0DC9             LSRS     R1,R1,#+23
   1735              indexC = (indexS + (FAST_MATH_TABLE_SIZE / 4)) & 0x1ff;
   1736          
   1737              /* fractional value calculation */
   1738              fract = findex - (float32) indexS;
   \   00000040   0x460B             MOV      R3,R1
   \   00000042   0xEE00 0x3A90      VMOV     S1,R3
   1739          
   1740              /* Read two nearest values of input value from the cos & sin tables */
   1741              f1 = sinTable_wp_f32[indexC];
   1742              f2 = sinTable_wp_f32[indexC+1];
   1743              d1 = sinTable_wp_f32[indexS];
   \   00000046   0x.... 0x....      ADR.W    R3,sinTable_wp_f32
   \   0000004A   0xF853 0xC021      LDR      R12,[R3, R1, LSL #+2]
   \   0000004E   0xF101 0x0280      ADD      R2,R1,#+128
   1744              d2 = sinTable_wp_f32[indexS+1];
   \   00000052   0xEB03 0x0181      ADD      R1,R3,R1, LSL #+2
   \   00000056   0x05D2             LSLS     R2,R2,#+23
   \   00000058   0x0DD2             LSRS     R2,R2,#+23
   \   0000005A   0xED91 0x1A01      VLDR     S2,[R1, #+4]
   \   0000005E   0xEEF8 0x0A60      VCVT.F32.U32 S1,S1
   1745          
   1746          
   1747              /* Calculation of cosine value */
   1748              sincos->Cos = (1.0f-fract)*f1 + fract*f2;
   \   00000062   0xEB03 0x0182      ADD      R1,R3,R2, LSL #+2
   \   00000066   0xEE30 0x0A60      VSUB.F32 S0,S0,S1
   \   0000006A   0xEEF7 0x1A00      VMOV.F32 S3,#1.0
   \   0000006E   0xEE71 0x1AC0      VSUB.F32 S3,S3,S0
   \   00000072   0xED91 0x2A00      VLDR     S4,[R1, #0]
   \   00000076   0xEDD1 0x2A01      VLDR     S5,[R1, #+4]
   \   0000007A   0xEE00 0xCA90      VMOV     S1,R12
   \   0000007E   0xEE21 0x2A82      VMUL.F32 S4,S3,S4
   \   00000082   0xEE00 0x2A22      VMLA.F32 S4,S0,S5
   1749          
   1750              /* Calculation of sine value */
   1751              sincos->Sin = (1.0f-fract)*d1 + fract*d2;
   \   00000086   0xEE61 0x0AA0      VMUL.F32 S1,S3,S1
   \   0000008A   0xED80 0x2A01      VSTR     S4,[R0, #+4]
   \   0000008E   0xEE40 0x0A01      VMLA.F32 S1,S0,S2
   \   00000092   0xEDC0 0x0A00      VSTR     S1,[R0, #0]
   1752          }
   \   00000096   0x4770             BX       LR               ;; return
   1753          
   1754          
   1755          
   1756          /**
   1757           *  @brief      Calculates the sine and cosine based on alpha, beta and modulus components.
   1758           *
   1759           *  @param      sin, beta and modulus
   1760           *  @return     sine and cosine
   1761           */

   \                                 In section .text, align 4, keep-with-next
   1762          void MathCalc__GetSinCosF(MATHCALC_MOD_SIN_COS_F_TYPE *data)
   1763          {
   1764              // ************ Sin and Cos calculations **********************
   1765              if(data->Beta > 0.0f)
   \                     MathCalc__GetSinCosF: (+1)
   \   00000000   0xED90 0x0A01      VLDR     S0,[R0, #+4]
   \   00000004   0xEEB5 0x0A40      VCMP.F32 S0,#0.0
   \   00000008   0xEEF1 0xFA10      FMSTAT   
   \   0000000C   0xDD0D             BLE.N    ??MathCalc__GetSinCosF_0
   1766              {
   1767                  data->Sin = 1.0f;
   1768                  if(data->Beta < data->Mod)
   \   0000000E   0xED90 0x1A02      VLDR     S2,[R0, #+8]
   \   00000012   0xEEB4 0x0A41      VCMP.F32 S0,S2
   \   00000016   0xEEF7 0x0A00      VMOV.F32 S1,#1.0
   \   0000001A   0xEEF1 0xFA10      FMSTAT   
   \   0000001E   0xD51B             BPL.N    ??MathCalc__GetSinCosF_1
   1769                  {
   1770                      data->Sin = data->Beta / (data->Mod);
   1771                  }
   1772              }
   1773              else if(data->Beta < 0.0f)
   1774              {
   1775                  data->Sin = -1.0f;
   1776                  if((-data->Beta) < data->Mod)
   1777                  {
   1778                      data->Sin = data->Beta / (data->Mod);
   \   00000020   0xEDD0 0x0A02      VLDR     S1,[R0, #+8]
   \   00000024   0xEEC0 0x0A20      VDIV.F32 S1,S0,S1
   \   00000028   0xE016             B.N      ??MathCalc__GetSinCosF_1
   \                     ??MathCalc__GetSinCosF_0: (+1)
   \   0000002A   0xEEB5 0x0A40      VCMP.F32 S0,#0.0
   \   0000002E   0xEEF1 0xFA10      FMSTAT   
   \   00000032   0xD50F             BPL.N    ??MathCalc__GetSinCosF_2
   \   00000034   0xEEB1 0x1A40      VNEG.F32 S2,S0
   \   00000038   0xEDD0 0x1A02      VLDR     S3,[R0, #+8]
   \   0000003C   0xEEB4 0x1A61      VCMP.F32 S2,S3
   \   00000040   0xEEFF 0x0A00      VMOV.F32 S1,#-1.0
   \   00000044   0xEEF1 0xFA10      FMSTAT   
   \   00000048   0xD506             BPL.N    ??MathCalc__GetSinCosF_1
   \   0000004A   0xEDD0 0x0A02      VLDR     S1,[R0, #+8]
   \   0000004E   0xEEC0 0x0A20      VDIV.F32 S1,S0,S1
   \   00000052   0xE001             B.N      ??MathCalc__GetSinCosF_1
   1779                  }
   1780              }
   1781              else
   1782              {
   1783                  data->Sin = 0.0f;
   \                     ??MathCalc__GetSinCosF_2: (+1)
   \   00000054   0xEDDF 0x....      VLDR.W   S1,??DataTable16  ;; 0x0
   \                     ??MathCalc__GetSinCosF_1: (+1)
   \   00000058   0xEDC0 0x0A03      VSTR     S1,[R0, #+12]
   1784              }
   1785          
   1786              if(data->Alpha > 0.0f)
   \   0000005C   0xED90 0x0A00      VLDR     S0,[R0, #0]
   \   00000060   0xEEB5 0x0A40      VCMP.F32 S0,#0.0
   \   00000064   0xEEF1 0xFA10      FMSTAT   
   \   00000068   0xDD0F             BLE.N    ??MathCalc__GetSinCosF_3
   1787              {
   1788                  data->Cos = 1.0f;
   1789                  if(data->Alpha < data->Mod)
   \   0000006A   0xED90 0x1A02      VLDR     S2,[R0, #+8]
   \   0000006E   0xEEB4 0x0A41      VCMP.F32 S0,S2
   \   00000072   0xEEF7 0x0A00      VMOV.F32 S1,#1.0
   \   00000076   0xEEF1 0xFA10      FMSTAT   
   \   0000007A   0xD51F             BPL.N    ??MathCalc__GetSinCosF_4
   1790                  {
   1791                      data->Cos = data->Alpha / (data->Mod);
   1792                  }
   1793              }
   1794              else if(data->Alpha < 0.0f)
   1795              {
   1796                  data->Cos = -1.0f;
   1797                  if((-data->Alpha) < data->Mod)
   1798                  {
   1799                      data->Cos = data->Alpha / (data->Mod);
   \   0000007C   0xEDD0 0x0A02      VLDR     S1,[R0, #+8]
   \   00000080   0xEEC0 0x0A20      VDIV.F32 S1,S0,S1
   \   00000084   0xEDC0 0x0A04      VSTR     S1,[R0, #+16]
   1800                  }
   1801              }
   1802              else
   1803              {
   1804                  data->Cos = 0.0f;
   1805              }
   1806          }
   \   00000088   0x4770             BX       LR
   \                     ??MathCalc__GetSinCosF_3: (+1)
   \   0000008A   0xEEB5 0x0A40      VCMP.F32 S0,#0.0
   \   0000008E   0xEEF1 0xFA10      FMSTAT   
   \   00000092   0xD511             BPL.N    ??MathCalc__GetSinCosF_5
   \   00000094   0xEEB1 0x1A40      VNEG.F32 S2,S0
   \   00000098   0xEDD0 0x1A02      VLDR     S3,[R0, #+8]
   \   0000009C   0xEEB4 0x1A61      VCMP.F32 S2,S3
   \   000000A0   0xEEFF 0x0A00      VMOV.F32 S1,#-1.0
   \   000000A4   0xEEF1 0xFA10      FMSTAT   
   \   000000A8   0xD508             BPL.N    ??MathCalc__GetSinCosF_4
   \   000000AA   0xEDD0 0x0A02      VLDR     S1,[R0, #+8]
   \   000000AE   0xEEC0 0x0A20      VDIV.F32 S1,S0,S1
   \   000000B2   0xEDC0 0x0A04      VSTR     S1,[R0, #+16]
   \   000000B6   0x4770             BX       LR
   \                     ??MathCalc__GetSinCosF_5: (+1)
   \   000000B8   0xEDDF 0x....      VLDR.W   S1,??DataTable16  ;; 0x0
   \                     ??MathCalc__GetSinCosF_4: (+1)
   \   000000BC   0xEDC0 0x0A04      VSTR     S1,[R0, #+16]
   \   000000C0   0x4770             BX       LR               ;; return

   \                                 In section .text, align 4, keep-with-next
   \                     ??DataTable16:
   \   00000000   0x00000000         DC32     0x0

   \                                 In section .text, align 4, keep-with-next
   \                     ??DataTable16_1:
   \   00000000   0x40490FDB         DC32     0x40490fdb

   \                                 In section .text, align 4, keep-with-next
   \                     ??DataTable16_2:
   \   00000000   0x3E22F983         DC32     0x3e22f983

   \                                 In section .text, align 4, keep-with-next
   \                     ??DataTable16_3:
   \   00000000   0xB4800000         DC32     0xb4800000

   \                                 In section .text, align 4, keep-with-next
   \                     ??DataTable16_4:
   \   00000000   0x44000000         DC32     0x44000000

   \                                 In section .text, align 4, keep-with-next
   \                     ??DataTable16_5:
   \   00000000   0xC4000000         DC32     0xc4000000

   \                                 In section .text, align 4, keep-with-next
   \                     ??DataTable16_6:
   \   00000000   0xFFFF8000         DC32     0xffff8000

   \                                 In section .text, align 4, keep-with-next
   \                     ??DataTable16_7:
   \   00000000   0xFFFFAD51         DC32     0xffffad51

   \                                 In section .text, align 4, keep-with-next
   \                     ??DataTable16_8:
   \   00000000   0xFFFFED1C         DC32     0xffffed1c

   \                                 In section .text, align 4, keep-with-next
   \                     ??DataTable16_9:
   \   00000000   0xFFFFC000         DC32     0xffffc000
   1807          
   1808          //=====================================================================================================================
   1809          //-------------------------------------- Private Functions ------------------------------------------------------------
   1810          //=====================================================================================================================
   1811          

   Maximum stack usage in bytes:

   .cstack Function
   ------- --------
      12   MathCalc__Arctan2
       0   MathCalc__Arctan2F
         0   -> atan2f
       0   MathCalc__Cos
       0   MathCalc__CosF
       0   MathCalc__CountLeadingBitsOnSigned
       0   MathCalc__CountLeadingBitsOnUnsigned
      12   MathCalc__GetInterpolation
      16   MathCalc__GetInterpolation2
       8   MathCalc__GetInterpolation2Fast
       8   MathCalc__GetInterpolationFast
       0   MathCalc__GetInterpolationFastF
       0   MathCalc__GetSinCos
       0   MathCalc__GetSinCosF
       4   MathCalc__Interpolate
       0   MathCalc__Sin
      12   MathCalc__SinCos
       0   MathCalc__SinCosF
      12   MathCalc__SinCosLut
       0   MathCalc__SinF
       0   MathCalc__SqrtF
       8   MathCalc__SqrtFloat
         8   -> sqrtf
       0   MathCalc__SqrtLut
       0   MathCalc__SqrtNwtRph
       0   MathCalc__f_Interpolate
      16   MathCalc__f_SinCos
        16   -> __iar_FSin


   Section sizes:

   Bytes  Function/Label
   -----  --------------
       4  ??DataTable16
       4  ??DataTable16_1
       4  ??DataTable16_2
       4  ??DataTable16_3
       4  ??DataTable16_4
       4  ??DataTable16_5
       4  ??DataTable16_6
       4  ??DataTable16_7
       4  ??DataTable16_8
       4  ??DataTable16_9
     262  MathCalc__Arctan2
      16  MathCalc__Arctan2F
      88  MathCalc__Cos
     120  MathCalc__CosF
      20  MathCalc__CountLeadingBitsOnSigned
       6  MathCalc__CountLeadingBitsOnUnsigned
      82  MathCalc__GetInterpolation
     136  MathCalc__GetInterpolation2
     122  MathCalc__GetInterpolation2Fast
      74  MathCalc__GetInterpolationFast
     118  MathCalc__GetInterpolationFastF
     116  MathCalc__GetSinCos
     194  MathCalc__GetSinCosF
      32  MathCalc__Interpolate
      82  MathCalc__Sin
     178  MathCalc__SinCos
     152  MathCalc__SinCosF
      84  MathCalc__SinCosLut
     134  MathCalc__SinF
      22  MathCalc__SqrtF
      28  MathCalc__SqrtFloat
      56  MathCalc__SqrtLut
      32  MathCalc__SqrtNwtRph
      42  MathCalc__f_Interpolate
      58  MathCalc__f_SinCos
     256  SquareRootTable
      32  debruijn_to_std_signed
      32  debruijn_to_std_unsigned
     512  sinTable
    2052  sinTable_wp_f32

 
    64 bytes in section .rodata
 5 114 bytes in section .text
 
 5 114 bytes of CODE  memory
    64 bytes of CONST memory

Errors: none
Warnings: none
