###############################################################################
#
# IAR ANSI C/C++ Compiler V7.20.5.7591/W32 for ARM        06/Aug/2024  13:42:16
# Copyright 1999-2014 IAR Systems AB.
#
#    Cpu mode     =  thumb
#    Endian       =  little
#    Source file  =  
#        C:\Data\Python\Self_Commissioning_Bpm\source\XCategory\Hbl\Mci\Mci.c
#    Command line =  
#        -I./ -I../cx/ -I../cx/inc/ -ICategory/ -ICategory/Application/
#        -ICategory/Application/ThermalModel/
#        -ICategory/Application/ThermalModel/ThermalModelCore_DD/
#        -ICategory/Application/ThermalModel/ThermalModelCore_sBPM/
#        -ICategory/Common/ -ICategory/Common/BoardDebugging/
#        -ICategory/Common/MasterCommander/
#        -ICategory/Common/MasterCommander/Source/
#        -ICategory/Common/MasterCommander/Source/HAL/
#        -ICategory/Common/SelfCommissioning/ -ICategory/Hbl/
#        -IProjectSpecific/ -IProjectSpecific/Application/
#        -IProjectSpecific/Application/API007App/
#        -IProjectSpecific/Application/ModeManagement/
#        -IProjectSpecific/Application/MotorSelector/
#        -IProjectSpecific/Application/ProductInfo/
#        -IProjectSpecific/Application/SRMcuSpeedMonitor/
#        -IProjectSpecific/Application/ThermalModel/
#        -IProjectSpecific/CommonCore/ -IProjectSpecific/Driver/
#        -IProjectSpecific/MasterCommander/ -IProjectSpecific/Mci/
#        -IProjectSpecific/Mci/Mcl/ -IProjectSpecific/Mci/Mcl/old_xls/
#        -IXCategory/ -IXCategory/Application/
#        -IXCategory/Application/MciParametersLoader/
#        -IXCategory/Application/Mode/ -IXCategory/Application/Reveal_APIs/
#        -IXCategory/Application/Reveal_APIs/API003Disc/
#        -IXCategory/Application/Reveal_APIs/API004Debug/
#        -IXCategory/Application/Reveal_APIs/API005LowLevel/
#        -IXCategory/Application/Reveal_APIs/API007Data/
#        -IXCategory/Application/Reveal_APIs/API009System/
#        -IXCategory/Application/Reveal_APIs/API010PollVar/
#        -IXCategory/Application/Reveal_APIs/API011AppCtr/
#        -IXCategory/Application/Reveal_APIs/API013RemoteFunction/
#        -IXCategory/Application/Reveal_APIs/API018Diagnostic/
#        -IXCategory/Application/Reveal_APIs/API019ProductInfo/
#        -IXCategory/Application/Reveal_APIs/API220MotorControl/
#        -IXCategory/Application/Reveal_APIs/API220MotorControl/API/
#        -IXCategory/Application/Reveal_APIs/API221MotionCtrl/
#        -IXCategory/Application/Reveal_APIs/SRAPI020Safety/
#        -IXCategory/Application/SFUpdater/ -IXCategory/Common/
#        -IXCategory/Common/Crc16/ -IXCategory/Common/Crc8/
#        -IXCategory/Common/Log/ -IXCategory/Common/Millis/
#        -IXCategory/Common/SettingFile/ -IXCategory/Common/SRClockMonitor/
#        -IXCategory/Common/SRData/ -IXCategory/Common/SRException/
#        -IXCategory/Common/SRFlow/ -IXCategory/Common/SRIsrMonitor/
#        -IXCategory/Common/SRMain/ -IXCategory/Common/SRMcuSpeedMonitor/
#        -IXCategory/Common/SRPowerMgr/ -IXCategory/Common/SRSignature/
#        -IXCategory/Common/SRSystemConfig/
#        -IXCategory/Common/SRTimerReference/ -IXCategory/Common/SystemConfig/
#        -IXCategory/Common/SystemTimers/ -IXCategory/Common/Utilities/
#        -IXCategory/Driver/ -IXCategory/Driver/API/
#        -IXCategory/Driver/API/Comparator/ -IXCategory/Driver/API/DataFlash/
#        -IXCategory/Driver/API/Dma/ -IXCategory/Driver/API/Flash/
#        -IXCategory/Driver/API/Gpio/ -IXCategory/Driver/API/Micro/
#        -IXCategory/Driver/API/Spi/ -IXCategory/Driver/API/SRMCAtod/
#        -IXCategory/Driver/API/SRMCInputCapture/
#        -IXCategory/Driver/API/SRMCPwm/ -IXCategory/Driver/API/TimerInterrupt/
#        -IXCategory/Driver/API/Uart/ -IXCategory/Driver/Comparator/
#        -IXCategory/Driver/DataFlash/ -IXCategory/Driver/Dma/
#        -IXCategory/Driver/Flash/ -IXCategory/Driver/Gpio/
#        -IXCategory/Driver/Micro/ -IXCategory/Driver/Spi/
#        -IXCategory/Driver/SRMCAtod/ -IXCategory/Driver/SRMCInputCapture/
#        -IXCategory/Driver/SRMCPwm/ -IXCategory/Driver/TimerInterrupt/
#        -IXCategory/Driver/Uart/ -IXCategory/Hbl/ -IXCategory/Hbl/Mci/
#        -IXCategory/Hbl/Mci/InverterTemp/ -IXCategory/Hbl/Mci/Mcl/
#        -IXCategory/Hbl/Mci/Mcl/Braking/ -IXCategory/Hbl/Mci/Mcl/MacroBlocks/
#        -IXCategory/Hbl/Mci/Mcl/MclFvt/ -IXCategory/Hbl/Mci/Mcl/MicroBlocks/
#        -IXCategory/Hbl/Mci/Mcl/MicroBlocks/ClrkPark/
#        -IXCategory/Hbl/Mci/Mcl/MicroBlocks/Filters/
#        -IXCategory/Hbl/Mci/Mcl/MicroBlocks/Math/
#        -IXCategory/Hbl/Mci/Mcl/MicroBlocks/ObserverPmsm/
#        -IXCategory/Hbl/Mci/Mcl/MicroBlocks/Pi/
#        -IXCategory/Hbl/Mci/Mcl/MicroBlocks/PwmModulation/
#        -IXCategory/Hbl/Mci/Mcl/ResistanceEstimation/
#        -IXCategory/Hbl/Mci/PowerModuleManager/
#        -IXCategory/Hbl/Mci/SpeedRefGen/ -IXCategory/Hbl/Mci/SurgeRelay/
#        -IXCategory/Hbl/SRMotorSafetyMgr/
#        -IXCategory/Hbl/SRMotorSafetyMgr/API/ -IXCategory/Service/
#        -IXCategory/Service/Reveal/ -IXCategory/Service/Win/ --remarks
#        --no_tbaa --debug --use_c++_inline --only_stdout --dlib_config
#        ..\cx\inc\DLib_Config_Normal.h -r -D
#        ENABLE_JUMP_TO_APPLICATION_WITHOUT_IAP_FIRMWARE -D
#        SET_FLASH_OPTION_CONFIGURATION -D ARM_MATH_CM4 -e --silent
#        --endian=little --cpu Cortex-M4 --fpu=VFPv4_sp -Ohs -o Mci.obj -l
#        ..\listings\Mci.lst
#        C:\Data\Python\Self_Commissioning_Bpm\source\XCategory\Hbl\Mci\Mci.c
#    List file    =  ..\listings\Mci.lst
#    Object file  =  Mci.obj
#
###############################################################################

C:\Data\Python\Self_Commissioning_Bpm\source\XCategory\Hbl\Mci\Mci.c
      1          /**
      2           *  @file       Mci.c
      3           *  @brief      Motor control interface
      4           *
      5           *  @details    Define the implementation of an API to control the motor, get its feedbacks, methods to set parameters.
      6           *              This is also a generic state machine enough to handle different motor control control techniques.
      7           *
      8              @startuml
      9          
     10              package "MCI2.0"  {
     11                  InverterTemp :
     12                  SpeedRefGen :
     13                  SurgeRelay :
     14                  Mathcalc :
     15                  C_Extensions :
     16          
     17                  package "Mcl" {
     18                  package "MacroBlocks" {
     19                          MclDqCtrl :
     20                          MclDqRef :
     21                          MclObserver :
     22                          MclPwm :
     23                          MclSpeedCtrl :
     24                      }
     25                  Mcl :
     26                  Mcl ..> MacroBlocks
     27                  }
     28              }
     29          
     30              InverterTemp -[hidden]- Mcl
     31              SpeedRefGen -[hidden]- Mcl
     32              SurgeRelay -[hidden]- Mcl
     33              Mathcalc -[hidden]- Mcl
     34              C_Extensions -[hidden]- Mcl
     35              @enduml
     36           *
     37           *
     38           *---------------------------------------------------------------------------------------------------------------------
     39           *------------------- Copyright 2017.  Whirlpool Corporation.  All rights reserved - CONFIDENTIAL ---------------------
     40           *---------------------------------------------------------------------------------------------------------------------
     41           */
     42          //-------------------------------------- Include Files ----------------------------------------------------------------
     43          #include "Mci.h"
     44          #include "MotorSafetyMgr.h"
     45          #include "Mcl.h"
     46          #include "SpeedRefGen.h"
     47          
     48          #if MCI_FVT_TESTS == ENABLED
     49              #include "MclFvt.h"
     50          #endif
     51          
     52          //!< Threshold to declare class B start up error in Seconds - If different, should be defined in a project specific file
     53          #ifndef MCI_CLASS_B_STARTUP_THRES_SEC
     54              #define MCI_CLASS_B_STARTUP_THRES_SEC  10.0f
     55          #endif
     56          
     57          //-------------------------------------- PRIVATE (Variables, Constants & Defines) -------------------------------------
     58          
     59          //!< Post scaler to check error
     60          #define MCI_CHECKERR_POSTSCALER     (uint8)(0.3f/0.005f)
     61          
     62          //!< Threshold to declare initialization/power up error
     63          #define MCI_INIT_ERROR_THRES        (uint16)(250.0f / 0.3f)
     64          
     65          //!< Threshold to declare class B start up error - MCI_CLASS_B_STARTUP_THRES_SEC seconds by ticks of 0.3f (refer to MCI_CHECKERR_POSTSCALER)
     66          #define MCI_CLASS_B_STARTUP_THRES   (uint16)(MCI_CLASS_B_STARTUP_THRES_SEC / 0.3f)
     67          
     68          #ifndef MIN_SINT32
     69              #define MIN_SINT32  -2147483648L
     70          #endif
     71          
     72          #ifndef MAX_UINT16
     73              #define MAX_UINT16  65535L
     74          #endif
     75          
     76          
     77          #ifndef MAX_UINT32
     78              #define MAX_UINT32  4294967295UL
     79          #endif
     80          
     81          
     82          
     83          //! Define the behavior and algorithm flow control
     84          typedef enum
     85          {
     86              MCI_FORCE_LOWERS_ON,                            //!<  0 - Enabled all lowers IGBTs
     87              MCI_ALL_DEVICES_OFF,                            //!<  1 - Disable all 6 IGBTs
     88              MCI_REQUESTED_STOP,                             //!<  2 - Requested to stop
     89              MCI_REQUESTED_START,                            //!<  3 - Requested to start
     90          
     91              MCI_REQUESTED_MANUAL_DC_VOLTAGE,                //!<  4 - Requested to manually control the output DC voltage
     92              MCI_REQUESTED_MANUAL_AC_VOLTAGE,                //!<  5 - Requested to manually control the output AC voltage
     93              MCI_REQUESTED_MANUAL_DC_CURRENT,                //!<  6 - Requested to manually control the output DC current
     94              MCI_REQUESTED_MANUAL_AC_CURRENT,                //!<  7 - Requested to manually control the output AC current
     95          
     96              MCI_REQUESTED_FVT_MODE,                         //!<  8 - Requested to execute functional verification test (FVT)
     97          } MCI_FLOWCONTROL_TYPE;
     98          
     99          
    100          static MCI_PARAMS_TYPE* Mci_Parameters;
    101          static BOOL_TYPE Mci_Parameters_Loaded;
    102          
    103          //! Define the flags used to request manual injection
    104          #define MCI_REQ_MANUAL_INJECTION_FLOW_FLAGS     ((MCI_FLOWCONTROL_TYPE)1<<MCI_REQUESTED_MANUAL_DC_VOLTAGE) +   \
    105                                                          ((MCI_FLOWCONTROL_TYPE)1<<MCI_REQUESTED_MANUAL_AC_VOLTAGE) +   \
    106                                                          ((MCI_FLOWCONTROL_TYPE)1<<MCI_REQUESTED_MANUAL_DC_CURRENT) +   \
    107                                                          ((MCI_FLOWCONTROL_TYPE)1<<MCI_REQUESTED_MANUAL_AC_CURRENT)
    108          
    109          
    110          MCI_CONTROL_STATE_TYPE Mci_Control_State;           //!< Define the states used in this controller
    111          
    112          uint32 Mci_Error;                                   //!< [MCI_ERROR_TYPE] define all flags used in the mci management, use uint32
    113                                                              //!<                  rather MCI_ERROR_TYPE to prevent lint warnings.
    114          uint32 Mci_Error_Holder;                            //!< [MCI_ERROR_TYPE] copy of the Mci_Error, use uint32 rather MCI_ERROR_TYPE
    115                                                              //!<                  to prevent lint warnings.
    116          uint32 Mci_Flow_Control;                            //!< [MCI_FLOWCONTROL_TYPE] define some actions to control the algorithm flow
    117          uint32 Mci_Status_Control;                          //!< [MCI_DI_TYPE] define some actions to control the algorithm state control
    118          uint16 Mci_GP_Timer;                                //!< [seconds / MCI_CHECKERR_POSTSCALER] General Purpose timer.
    119                                                              //!< Timer to start up after POR. This timer also helps to filter out
    120                                                              //!< the tachometer signal and to perform the timeout during start up
    121          
    122          //-------------------------------------- PRIVATE (Function Prototypes) ------------------------------------------------
    123          
    124          //! Converts a value into TRUE or FALSE; 0 is FALSE, TRUE otherwise.
    125          #ifndef GET_TRUE_FALSE
    126              #define GET_TRUE_FALSE(value)           (BOOL_TYPE)(((value) == 0) ? (FALSE) : (TRUE))
    127          #endif
    128          
    129          //! MCI_SET_ERROR sets the flags data and its holder
    130          #define MCI_SET_ERROR(mci_flags)                BIT_SET(Mci_Error_Holder, (mci_flags));                 \
    131                                                          BIT_SET(Mci_Error_Holder, MCI_ERROR_ANY_ERROR_FOUND);   \
    132                                                          BIT_SET(Mci_Error, (mci_flags))
    133          
    134          //! MCI_CLR_ERROR resets only the flags data and does not touch the holder
    135          #define MCI_CLR_ERROR(mci_flags)                BIT_CLR(Mci_Error, (mci_flags))
    136          
    137          //! MCI_FLOWCONTROL_TYPE controls the algorithm flow
    138          #define MCI_SET_FLOW_CTL(mci_flowcontrol)       BIT_SET(Mci_Flow_Control, (mci_flowcontrol))
    139          #define MCI_CLR_FLOW_CTL(mci_flowcontrol)       BIT_CLR(Mci_Flow_Control, (mci_flowcontrol))
    140          
    141          //! MCI_DI_TYPE controls the DI state of motor control
    142          #define MCI_SET_STATUS_CTL(mci_statuscontrol)   BIT_SET(Mci_Status_Control, (mci_statuscontrol))
    143          #define MCI_CLR_STATUS_CTL(mci_statuscontrol)   BIT_CLR(Mci_Status_Control, (mci_statuscontrol))
    144          
    145          
    146          #include "Mci_prv.h"                                //! This include is made here in order to make some #define above visible in the prv file
    147          
    148          //! Definition of some methods. They might be not defined in the Mci_prv.h file, however the macro is called here. So, define the macro as empty.
    149          #ifndef MCI_STARTING_ENTRY
    150              #define MCI_STARTING_ENTRY()
    151          #endif
    152          
    153          #ifndef MCI_STARTING_EXIT
    154              #define MCI_STARTING_EXIT()
    155          #endif
    156          
    157          #ifndef MCI_RUNNING_ENTRY
    158              #define MCI_RUNNING_ENTRY()
    159          #endif
    160          
    161          #ifndef MCI_RUNNING_EXIT
    162              #define MCI_RUNNING_EXIT()
    163          #endif
    164          
    165          #ifndef MCI_STOPPING_ENTRY
    166              #define MCI_STOPPING_ENTRY()
    167          #endif
    168          
    169          #ifndef MCI_STOPPING_EXIT
    170              #define MCI_STOPPING_EXIT()
    171          #endif
    172          
    173          #ifndef MCI_IDLE_PWM
    174              #define MCI_IDLE_PWM()
    175          #endif
    176          
    177          #ifndef MCI_IDLE_LEAVE
    178              #define MCI_IDLE_LEAVE()    TRUE
    179          #endif
    180          
    181          #ifndef MCI_IDLE_EXIT
    182              #define MCI_IDLE_EXIT()
    183          #endif
    184          
    185          #ifndef MCI_MANUAL_INJECTION_EXIT
    186              #define MCI_MANUAL_INJECTION_EXIT()
    187          #endif
    188          
    189          #ifndef MCI_FAILED_PWM
    190              #define MCI_FAILED_PWM()
    191          #endif
    192          
    193          #ifndef MCI_FAILED_EXIT
    194              #define MCI_FAILED_EXIT()
    195          #endif
    196          
    197          #ifndef MCL_SET_STOPPING_COAST_DOWN
    198              #define MCL_SET_STOPPING_COAST_DOWN()
    199          #endif
    200          
    201          #ifndef MCL_SET_STOPPING_LOWERS_ON
    202              #define MCL_SET_STOPPING_LOWERS_ON()
    203          #endif
    204          
    205          #ifndef MCL_SET_STOPPING_REQUEST
    206              #define MCL_SET_STOPPING_REQUEST()
    207          #endif
    208          
    209          #ifndef MCI_STARTING_PWM_STEP2
    210              #define MCI_STARTING_PWM_STEP2()
    211          #endif
    212          
    213          #ifndef MCI_FVT_ENTRY
    214              #define MCI_FVT_ENTRY()
    215          #endif
    216          
    217          #ifndef MCI_FVT_EXIT
    218              #define MCI_FVT_EXIT()
    219          #endif
    220          
    221          
    222          
    223          //! If the post scaler is required.
    224          #if (defined MCI_IDLE_2ND_PWM)             || \
    225              (defined MCI_STARTING_2ND_PWM)         || \
    226              (defined MCI_RUNNING_2ND_PWM)          || \
    227              (defined MCI_STOPPING_2ND_PWM)         || \
    228              (defined MCI_MANUAL_INJECTION_2ND_PWM) || \
    229              (defined MCI_FAILED_2ND_PWM)
    230          
    231              //! Define to use it.
    232              #define USE_HALF_PWM_FREQUENCY
    233          
    234          #endif
    235          
    236          
    237          /////////////////////// Callbacks; if they are not defined, they are declared as empty! - START
    238          // These callbacks are usually defined in the Mci_prm.h file.
    239          #ifndef MCI_INITIALIZE_CALLBACK
    240              #define MCI_INITIALIZE_CALLBACK()
    241          #endif
    242          
    243          #ifndef MCI_PWM_CALLBACK
    244              #define MCI_PWM_CALLBACK()
    245          #endif
    246          
    247          #ifndef MCI_END_PWM_CALLBACK
    248              #define MCI_END_PWM_CALLBACK()
    249          #endif
    250          
    251          #ifndef MCI_HALLS_CALLBACK
    252              #define MCI_HALLS_CALLBACK()
    253          #endif
    254          
    255          #ifndef MCI_250US_CALLBACK
    256              #define MCI_250US_CALLBACK()
    257          #endif
    258          
    259          #ifndef MCI_1MS_CALLBACK
    260              #define MCI_1MS_CALLBACK()
    261          #endif
    262          
    263          #ifndef MCI_5MS_CALLBACK
    264              #define MCI_5MS_CALLBACK()
    265          #endif
    266          
    267          #ifndef MCI_25MS_CALLBACK
    268              #define MCI_25MS_CALLBACK()
    269          #endif
    270          
    271          
    272          // Definition to connect surge relay module to the Mci.
    273          #ifdef SURGE_RELAY_USED
    274          
    275              #include "SurgeRelay.h"
    276          
    277              #define SURGE_RELAY_INITIALIZE()        SurgeRelay__Initialize()
    278              #define SURGE_RELAY_25MS_HANDLER()      SurgeRelay__25msHandler()
    279              #define SURGE_RELAY_READY()             SurgeRelay__IsBusReady()
    280          
    281          #else
    282          
    283              // Otherwise, declare the surge relay as empty module.
    284              #define SURGE_RELAY_INITIALIZE()
    285              #define SURGE_RELAY_25MS_HANDLER()
    286              #define SURGE_RELAY_READY()             TRUE
    287          
    288          #endif // SURGE_RELAY_USED
    289          
    290          
    291          // Definition to connect the inverter temperature module to the Mci.
    292          #if defined MCI_MEASURE_INVERTER_TEMP
    293          
    294              #include "InverterTemp.h"
    295          
    296              #define INVERTER_TEMP_INITIALIZE()              InverterTemp__Initialize()
    297              #define INVERTER_TEMP_25MS_HANDLER()            InverterTemp__Handler()
    298              #define INVERTER_TEMP_READ_TEMP()
    299          
    300              #define INVERTER_TEMP_GET_TEMP_S16()            InverterTemp__GetInverterTemp_s16()
    301              #define INVERTER_TEMP_GET_TEMP_RAW_DATA()       InverterTemp__GetInverterRawTemp()
    302          
    303          
    304              #ifndef INVERTER_TEMP_SETTINGFILE_SUPPORT
    305              #define INVERTER_TEMP_SETTINGFILE_SUPPORT DISABLED
    306              #endif
    307          
    308          #else
    309          
    310              // Otherwise, declare the inverter as empty module.
    311              #define INVERTER_TEMP_INITIALIZE()
    312              #define INVERTER_TEMP_25MS_HANDLER()
    313              #define INVERTER_TEMP_READ_TEMP()
    314              #define INVERTER_TEMP_SETTINGFILE_SUPPORT DISABLED
    315          #endif // MCI_MEASURE_INVERTER_TEMP
    316          
    317          #if (POWERMODULE_MANAGER_USED == ENABLED)
    318              #include "PowerModuleManager.h"
    319          
    320              #define POWERMODULEMANAGER__INITIALIZE()        PowerModuleManager__Initialize()
    321              #define POWERMODULEMANAGER__25MS_HANDLER()      PowerModuleManager__25msHandler()
    322          #else
    323              #define POWERMODULE_MANAGER_USED    DISABLED
    324              #define POWERMODULEMANAGER__INITIALIZE()
    325              #define POWERMODULEMANAGER__25MS_HANDLER()
    326          #endif // POWERMODULE_MANAGER_USED
    327          
    328          #ifdef ENABLE_API220_CALLBACKS
    329          
    330              #include "APIMotorControl.h"
    331          
    332              #define API220_PUBLISHDIGITAL_CALLBACK(motor, write_data, value, ret_val)   APIMotorControl__PublishSetDigital((motor), (write_data), (value), (ret_val))
    333              #define API220_PUBLISHANALOG_CALLBACK(motor, write_data, value, ret_val)    APIMotorControl__PublishSetAnalog((motor), (write_data), (value), (ret_val))
    334              #define API220_RUN_CALLBACK(motor, speed_rpm, ramp_rpm_per_s, response)     APIMotorControl__PublishRun((motor), (speed_rpm), (ramp_rpm_per_s), (response))
    335          	#define API220_MANUAL_INJECTION_CALLBACK(motor, 			\
    336          											method, 			\
    337          											level_x32, 			\
    338          											level_rate_x32, 	\
    339          											param_x32, 			\
    340          											param_rate_x32, 	\
    341          											response)							// todo Luigi needs to implement the API220 call back of manual injection
    342              #define API220_STOP_CALLBACK(motor, ramp_rpm_per_s, response)               APIMotorControl__PublishStop((motor), (ramp_rpm_per_s), (response))
    343          
    344          #else
    345          
    346              #define API220_PUBLISHDIGITAL_CALLBACK(motor, write_data, value, ret_val)
    347              #define API220_PUBLISHANALOG_CALLBACK(motor, write_data, value, ret_val)
    348              #define API220_RUN_CALLBACK(motor, speed_rpm, ramp_rpm_per_s, response)
    349          	#define API220_MANUAL_INJECTION_CALLBACK(motor, 			\
    350          											method, 			\
    351          											level_x32, 			\
    352          											level_rate_x32, 	\
    353          											param_x32, 			\
    354          											param_rate_x32, 	\
    355          											response)
    356          	#define API220_STOP_CALLBACK(motor, ramp_rpm_per_s, response)
    357          
    358          #endif
    359          
    360          
    361          #ifndef API220_DEBUG_MODE
    362              #define API220_DEBUG_MODE   DISABLED
    363          #endif
    364          
    365          
    366          #define MCI_PARAMS_LOADED_CHECKS (3 + INVERTER_TEMP_SETTINGFILE_SUPPORT + POWERMODULE_MANAGER_USED)
    367          
    368          /////////////////////// Callbacks; if they are not defined, they are declared as empty! - END
    369          
    370          
    371          //////////////////////////////////////////////////////////////////////////////////////
    372          // Floating point \ Fixed Point MCL management  -- usually defined in mci_prv.h     //
    373          //                      if not defined, consider Fixed point notation               //
    374          //////////////////////////////////////////////////////////////////////////////////////
    375          #ifndef MCL_SPEED_REF_GEN
    376              #define MCL_SPEED_REF_GEN()  (sint32)(SpeedRefGen__Generator() / BASE_SPEED_RADS * (float32)(1U<<IQ15))
    377          #endif
    378          
    379          #ifndef MCL_CURRENT
    380              #define MCL_CURRENT(arg)  (arg)
    381          #endif
    382          
    383          #ifndef MCL_VOLTAGE
    384              #define MCL_VOLTAGE(arg)  (arg)
    385          #endif
    386          
    387          #ifndef MCL_DUTY
    388              #define MCL_DUTY(arg) (arg)
    389          #endif
    390          
    391          #ifndef MCL_NOTATION_TYPE
    392              #define MCL_NOTATION_TYPE  sint32
    393          #endif
    394          
    395          #ifndef MCL__ABS
    396              #include "McMathCalc_macros.h"
    397              #define MCL__ABS(value)  MATHCALC__ABS(value)
    398          #endif
    399          
    400          //////////////////////////////////////////////////////////////////////////////////////
    401          
    402          
    403          
    404          
    405          static void Initialize_Current_DCBus_Voltage(void);
    406          static void Read_Current_DCBus_Voltage(sint32 ia_adc, sint32 ib_adc, sint32 ic_adc, sint32 dcbus_adc);
    407          static void Drive_The_Motor(void);
    408          static void Check_Errors_Pwm_Handler(void);
    409          static void Check_Errors_5ms_Handler(void);
    410          static void Update_Status(void);
    411          
    412          
    413          //=====================================================================================================================
    414          //-------------------------------------- Public Functions -------------------------------------------------------------
    415          //=====================================================================================================================
    416          
    417          
    418          
    419          //---------------------------------------------------------------------------------------------------------------------
    420          /**
    421           *  @brief      It Initializes the module Mci and its variables.
    422           *
    423           */

   \                                 In section .text, align 2, keep-with-next
    424          void Mci__Initialize(void)
    425          {
   \                     Mci__Initialize: (+1)
   \   00000000   0xB500             PUSH     {LR}
   \   00000002   0xB081             SUB      SP,SP,#+4
    426              MCI_INITIALIZE_CALLBACK();
   \   00000004   0x.... 0x....      BL       BoardDebugging__Initialize
   \   00000008   0x.... 0x....      BL       SelfCommissioning__Initialize
    427          
    428              SURGE_RELAY_INITIALIZE();
   \   0000000C   0x.... 0x....      BL       SurgeRelay__Initialize
    429              INVERTER_TEMP_INITIALIZE();
    430              POWERMODULEMANAGER__INITIALIZE();
    431          
    432              Initialize_Current_DCBus_Voltage();
   \   00000010   0x.... 0x....      LDR.W    R0,??DataTable12
   \   00000014   0x2100             MOVS     R1,#+0
   \   00000016   0x6041             STR      R1,[R0, #+4]
   \   00000018   0x6081             STR      R1,[R0, #+8]
   \   0000001A   0x60C1             STR      R1,[R0, #+12]
   \   0000001C   0x6001             STR      R1,[R0, #+0]
    433              Mcl__Initialize();
   \   0000001E   0x.... 0x....      BL       Mcl__Initialize
    434              SpeedRefGen__Initialize();
   \   00000022   0x.... 0x....      BL       SpeedRefGen__Initialize
    435          
    436              // Initialize the errors that initializing procedures handles;
    437              // Other error are declared may be either not used, or not defined, or not specified
    438              // or it will require the motor be started to be checked.
    439              Mci_Error = MCI_POWER_UP_ERROR_TO_TEST;
   \   00000026   0xF241 0x018C      MOVW     R1,#+4236
   \   0000002A   0x.... 0x....      LDR.W    R0,??DataTable13
   \   0000002E   0x60C1             STR      R1,[R0, #+12]
    440          
    441              // No error shall be reported while starting up the inverter
    442              Mci_Error_Holder = 0;
    443              Mci_Flow_Control = 0;
    444              Mci_Status_Control = 0;
    445              Mci_GP_Timer = 0;
    446          
    447              Mci_Control_State = MCI_INITIALIZING;
    448              Mci_Parameters_Loaded = FALSE;
    449          
    450          }
   \   00000030   0xB001             ADD      SP,SP,#+4
   \   00000032   0x2100             MOVS     R1,#+0
   \   00000034   0x6101             STR      R1,[R0, #+16]
   \   00000036   0x6141             STR      R1,[R0, #+20]
   \   00000038   0x6181             STR      R1,[R0, #+24]
   \   0000003A   0x8081             STRH     R1,[R0, #+4]
   \   0000003C   0x2102             MOVS     R1,#+2
   \   0000003E   0x7041             STRB     R1,[R0, #+1]
   \   00000040   0x2100             MOVS     R1,#+0
   \   00000042   0x7001             STRB     R1,[R0, #+0]
   \   00000044   0xBD00             POP      {PC}             ;; return
    451          
    452          
    453          
    454          
    455          //---------------------------------------------------------------------------------------------------------------------
    456          /**
    457           *  @brief      Handle Mci events every Pwm interrupt.
    458           *
    459              @startuml{MCI_Class_A_State_Machine.png}
    460          
    461                  title Motor Control Interface - Main state machine
    462          
    463                  [*] --> MCI_INITIALIZING
    464          
    465                  MCI_INITIALIZING : Waits until data are reliable \nfrom either Class A and Class B
    466                  MCI_INITIALIZING --> MCI_FAILED : [Initialization timer expired]
    467                  MCI_INITIALIZING --> MCI_IDLE   : [No error found] AND\n[Class B in IDLE]
    468          
    469          
    470                  MCI_IDLE : Motor is idling.
    471                  MCI_IDLE : Entry / MCI_IDLE_ENTRY()
    472                  MCI_IDLE : Do / MCI_IDLE_PWM() - MCI_IDLE_2ND_PWM()
    473                  MCI_IDLE : Exit / MCI_IDLE_EXIT()
    474                  MCI_IDLE --> MCI_CLASS_B_STARTING   : [User requested to run] OR\n[User requested to manual control]
    475                  MCI_IDLE --> MCI_FAILED : [Any error found in either Class A or Class B]
    476          
    477          
    478                  MCI_CLASS_B_STARTING : Waiting for Class B to be ready,\ne.g. perform plausibility check.
    479                  MCI_CLASS_B_STARTING --> MCI_CLASS_B_STOPPING   : [User requested to stop]
    480                  MCI_CLASS_B_STARTING --> MCI_MANUAL_CONTROL     : [User requested to manual control] AND\n[Class A granted access to PWM]
    481                  MCI_CLASS_B_STARTING --> MCI_STARTING           : [User requested to run] AND\n[Class A granted access to PWM]
    482                  MCI_CLASS_B_STARTING --> MCI_FAILED             : [Any error found in either Class A or Class B]
    483          
    484          
    485                  MCI_CLASS_B_STOPPING : Waiting for Class B to be finish its checks,\ne.g. perform plausibility check.
    486                  MCI_CLASS_B_STOPPING --> MCI_IDLE               : [Class B is IDLE]
    487                  MCI_CLASS_B_STOPPING --> MCI_FAILED             : [Any error found in either Class A or Class B]
    488          
    489          
    490                  MCI_FAILED : Fault found in either inverter or motor
    491                  MCI_FAILED : Check and recover from failure
    492                  MCI_FAILED --> MCI_IDLE   : [Class B in IDLE] AND\n[All errors are cleared]
    493          
    494          
    495                  MCI_STARTING : Motor is performing activities before running control technique
    496                  MCI_STARTING : Entry / MCI_STARTING_ENTRY()
    497                  MCI_STARTING : Do / MCI_STARTING_PWM() - MCI_STARTING_2ND_PWM()
    498                  MCI_STARTING : Exit / MCI_STARTING_EXIT()
    499                  MCI_STARTING --> MCI_CLASS_B_STOPPING   : [User requested to stop]
    500                  MCI_STARTING --> MCI_RUNNING            : [MCI_STARTING_GUARD_EXIT() == TRUE]
    501                  MCI_STARTING --> MCI_FAILED             : [Any error found in either Class A or Class B]
    502          
    503          
    504                  MCI_RUNNING : Motor is controlled by FOC/DTC, e.g. automatic control.
    505                  MCI_RUNNING : Entry / MCI_RUNNING_ENTRY()
    506                  MCI_RUNNING : Do / MCI_RUNNING_PWM() - MCI_RUNNING_2ND_PWM()
    507                  MCI_RUNNING : Exit / MCI_RUNNING_EXIT()
    508                  MCI_RUNNING --> MCI_STOPPING            : [MCI_RUNNING_GUARD_EXIT() == TRUE]
    509                  MCI_RUNNING --> MCI_FAILED              : [Any error found in either Class A or Class B]
    510          
    511          
    512                  MCI_MANUAL_CONTROL : Motor is under manual control.
    513                  MCI_MANUAL_CONTROL : Entry / MCI_MANUAL_INJECTION_ENTRY()
    514                  MCI_MANUAL_CONTROL : Do / MCI_MANUAL_INJECTION_PWM() - MCI_MANUAL_INJECTION_2ND_PWM()
    515                  MCI_MANUAL_CONTROL : Exit / MCI_MANUAL_INJECTION_EXIT()
    516                  MCI_MANUAL_CONTROL --> MCI_CLASS_B_STOPPING     : [User requested to stop]
    517                  MCI_MANUAL_CONTROL --> MCI_FAILED               : [Any error found in either Class A or Class B]
    518          
    519          
    520                  MCI_STOPPING : Motor is controlled by class A and it is stopping.
    521                  MCI_STOPPING : Entry / MCI_STOPPING_ENTRY()
    522                  MCI_STOPPING : Do / MCI_STOPPING_PWM() - MCI_STOPPING_2ND_PWM()
    523                  MCI_STOPPING : Exit / MCI_STOPPING_EXIT()
    524                  MCI_STOPPING --> MCI_CLASS_B_STOPPING   : [MCI_STOPPING_GUARD_EXIT() == TRUE]
    525                  MCI_STOPPING --> MCI_FAILED             : [Any error found in either Class A or Class B]
    526          
    527              @enduml
    528           */

   \                                 In section .text, align 4, keep-with-next
    529          void Mci__PwmHandler(sint32 ia_adc, sint32 ib_adc, sint32 ic_adc, sint32 dcbus_adc)
    530          {
   \                     Mci__PwmHandler: (+1)
   \   00000000   0xB570             PUSH     {R4-R6,LR}
    531          #ifdef USE_HALF_PWM_FREQUENCY
    532          
    533              static unsigned char pwm_post_scaler = 0;
    534          
    535              pwm_post_scaler++;
   \   00000002   0x.... 0x....      LDR.W    R4,??DataTable13
   \   00000006   0x78A5             LDRB     R5,[R4, #+2]
    536          
    537          #endif
    538          
    539              // Read and scales offseted values from class B
    540              Read_Current_DCBus_Voltage(ia_adc, ib_adc, ic_adc, dcbus_adc);
   \   00000008   0x4240             RSBS     R0,R0,#+0
   \   0000000A   0x0100             LSLS     R0,R0,#+4
   \   0000000C   0xEE00 0x0A90      VMOV     S1,R0
   \   00000010   0x1C6E             ADDS     R6,R5,#+1
   \   00000012   0xED9F 0x0A55      VLDR.W   S0,??Mci__PwmHandler_0  ;; 0x4103645a
   \   00000016   0xEEF8 0x0AE0      VCVT.F32.S32 S1,S1
   \   0000001A   0x.... 0x....      LDR.W    R5,??DataTable12
   \   0000001E   0xEE60 0x0A80      VMUL.F32 S1,S1,S0
   \   00000022   0xED9F 0x1A52      VLDR.W   S2,??Mci__PwmHandler_0+0x4  ;; 0x38000000
   \   00000026   0xEE60 0x0A81      VMUL.F32 S1,S1,S2
   \   0000002A   0x4248             RSBS     R0,R1,#+0
   \   0000002C   0xEDC5 0x0A01      VSTR     S1,[R5, #+4]
   \   00000030   0x0100             LSLS     R0,R0,#+4
   \   00000032   0xEE00 0x0A90      VMOV     S1,R0
   \   00000036   0xEEF8 0x0AE0      VCVT.F32.S32 S1,S1
   \   0000003A   0xEE60 0x0A80      VMUL.F32 S1,S1,S0
   \   0000003E   0xEE60 0x0A81      VMUL.F32 S1,S1,S2
   \   00000042   0x4250             RSBS     R0,R2,#+0
   \   00000044   0xEDC5 0x0A02      VSTR     S1,[R5, #+8]
   \   00000048   0x0100             LSLS     R0,R0,#+4
   \   0000004A   0xEE00 0x0A90      VMOV     S1,R0
   \   0000004E   0xEEF8 0x0AE0      VCVT.F32.S32 S1,S1
   \   00000052   0xEE20 0x0A80      VMUL.F32 S0,S1,S0
   \   00000056   0xEDDF 0x0A45      VLDR.W   S1,??Mci__PwmHandler_0+0x4  ;; 0x38000000
   \   0000005A   0xEE20 0x0A20      VMUL.F32 S0,S0,S1
   \   0000005E   0xED85 0x0A03      VSTR     S0,[R5, #+12]
   \   00000062   0x00D8             LSLS     R0,R3,#+3
   \   00000064   0xEE00 0x0A10      VMOV     S0,R0
   \   00000068   0xEEB8 0x0AC0      VCVT.F32.S32 S0,S0
   \   0000006C   0xEDDF 0x0A40      VLDR.W   S1,??Mci__PwmHandler_0+0x8  ;; 0x43df6666
   \   00000070   0xEE20 0x0A20      VMUL.F32 S0,S0,S1
   \   00000074   0xEDDF 0x0A3D      VLDR.W   S1,??Mci__PwmHandler_0+0x4  ;; 0x38000000
    541          
    542              // Callback running at pwm rate
    543              MCI_PWM_CALLBACK();
    544          
    545              // Check errors at pwm rate
    546              Check_Errors_Pwm_Handler();
   \   00000078   0x7860             LDRB     R0,[R4, #+1]
   \   0000007A   0x68E1             LDR      R1,[R4, #+12]
   \   0000007C   0x70A6             STRB     R6,[R4, #+2]
   \   0000007E   0xEE20 0x0A20      VMUL.F32 S0,S0,S1
   \   00000082   0xED85 0x0A00      VSTR     S0,[R5, #0]
   \   00000086   0x2807             CMP      R0,#+7
   \   00000088   0xDB26             BLT.N    ??Mci__PwmHandler_1
   \   0000008A   0x686A             LDR      R2,[R5, #+4]
   \   0000008C   0xF022 0x4200      BIC      R2,R2,#0x80000000
   \   00000090   0xEE00 0x2A10      VMOV     S0,R2
   \   00000094   0x68AA             LDR      R2,[R5, #+8]
   \   00000096   0xF022 0x4200      BIC      R2,R2,#0x80000000
   \   0000009A   0xEE00 0x2A90      VMOV     S1,R2
   \   0000009E   0x68EA             LDR      R2,[R5, #+12]
   \   000000A0   0xEDDF 0x1A34      VLDR.W   S3,??Mci__PwmHandler_0+0xC  ;; 0x4101999a
   \   000000A4   0xF022 0x4200      BIC      R2,R2,#0x80000000
   \   000000A8   0xEEB4 0x0A61      VCMP.F32 S0,S3
   \   000000AC   0xEE01 0x2A10      VMOV     S2,R2
   \   000000B0   0xEEF1 0xFA10      FMSTAT   
   \   000000B4   0xBFBF             ITTTT    LT 
   \   000000B6   0xEEF4 0x0A61      VCMPLT.F32 S1,S3
   \   000000BA   0xEEF1 0xFA10      FMSTATLT 
   \   000000BE   0xEEB4 0x1A61      VCMPLT.F32 S2,S3
   \   000000C2   0xEEF1 0xFA10      FMSTATLT 
   \   000000C6   0xDB07             BLT.N    ??Mci__PwmHandler_1
   \   000000C8   0x6922             LDR      R2,[R4, #+16]
   \   000000CA   0xF240 0x4301      MOVW     R3,#+1025
   \   000000CE   0x431A             ORRS     R2,R3,R2
   \   000000D0   0x6122             STR      R2,[R4, #+16]
   \   000000D2   0xF441 0x6180      ORR      R1,R1,#0x400
   \   000000D6   0xE001             B.N      ??Mci__PwmHandler_2
   \                     ??Mci__PwmHandler_1: (+1)
   \   000000D8   0xF421 0x6180      BIC      R1,R1,#0x400
   \                     ??Mci__PwmHandler_2: (+1)
   \   000000DC   0x60E1             STR      R1,[R4, #+12]
    547          
    548              ////////////////////////////////////////////////
    549              ////////////////////////////////////////////////
    550              ////////////////////////////////////////////////
    551              ////////////////////////////////////////////////
    552              // If any error is found...
    553              if(Mci_Error)
   \   000000DE   0xB329             CBZ.N    R1,??Mci__PwmHandler_3
    554              {
    555                  // then set the state machine to error
    556                  // if it is not under initialization.
    557                  if((Mci_Control_State > MCI_INITIALIZING)|| \
    558                     ((Mci_Control_State == MCI_INITIALIZING)&&(BIT_TEST(Mci_Error, MCI_ERROR_INITIALIZATION_FAILED))))
   \   000000E0   0x2803             CMP      R0,#+3
   \   000000E2   0xDA05             BGE.N    ??Mci__PwmHandler_4
   \   000000E4   0x2802             CMP      R0,#+2
   \   000000E6   0xF040 0x8101      BNE.W    ??Mci__PwmHandler_5
   \   000000EA   0xF3C1 0x0040      UBFX     R0,R1,#+1,#+1
   \   000000EE   0xB1C8             CBZ.N    R0,??Mci__PwmHandler_6
    559                  {
    560                      Mci_Control_State = MCI_FAILED;
   \                     ??Mci__PwmHandler_4: (+1)
   \   000000F0   0x2006             MOVS     R0,#+6
   \   000000F2   0x7060             STRB     R0,[R4, #+1]
    561          
    562                      MCI_DEFAULT_ERROR_REACTION();
   \   000000F4   0x6960             LDR      R0,[R4, #+20]
   \   000000F6   0xF040 0x0001      ORR      R0,R0,#0x1
   \   000000FA   0x6160             STR      R0,[R4, #+20]
    563                  }
    564              }
    565          
    566          
    567              ////////////////////////////////////////////////
    568              ////////////////////////////////////////////////
    569              ////////////////////////////////////////////////
    570              ////////////////////////////////////////////////
    571              if(Mci_Control_State == MCI_RUNNING)
    572              {
    573          
    574          #if (defined MCI_RUNNING_2ND_PWM)
    575          
    576                  if(pwm_post_scaler & 0x01)
    577                  {
    578                      MCI_RUNNING_PWM();
    579          
    580                      if(MCI_RUNNING_GUARD_EXIT() == TRUE)
    581                      {
    582                          MCI_RUNNING_EXIT();
    583                          MCI_STOPPING_ENTRY();
    584                          Mci_Control_State = MCI_STOPPING;
    585                      }
    586                  }
    587                  else
    588                  {
    589                      Mcl_IO.Speed_Rot_Ref = MCL_SPEED_REF_GEN();
    590          
    591                      MCI_RUNNING_2ND_PWM();
    592                  }
    593          
    594          #else
    595          
    596                  Mcl_IO.Speed_Rot_Ref = MCL_SPEED_REF_GEN();
    597          
    598                  MCI_RUNNING_PWM();
    599          
    600                  if(MCI_RUNNING_GUARD_EXIT() == TRUE)
    601                  {
    602                      MCI_RUNNING_EXIT();
    603                      MCI_STOPPING_ENTRY();
    604                      Mci_Control_State = MCI_STOPPING;
    605                  }
    606          
    607          #endif
    608          
    609                  Drive_The_Motor();
    610              }
    611          
    612          
    613          
    614              ////////////////////////////////////////////////
    615              ////////////////////////////////////////////////
    616              ////////////////////////////////////////////////
    617              ////////////////////////////////////////////////
    618              else if(Mci_Control_State == MCI_STARTING)
    619              {
    620          
    621          #if (defined MCI_STARTING_2ND_PWM)
    622          
    623                  if(pwm_post_scaler & 0x01)
    624                  {
    625                      MCI_STARTING_PWM();
    626                  }
    627                  else
    628                  {
    629                      MCI_STARTING_2ND_PWM();
    630                  }
    631          
    632          #else
    633          
    634                  MCI_STARTING_PWM();
    635          
    636          #endif
    637          
    638                  Drive_The_Motor();
    639          
    640                  if(BIT_TEST(Mci_Flow_Control, MCI_REQUESTED_STOP))
    641                  {
    642                      MCI_STARTING_EXIT();
    643                      Mci_Control_State = MCI_CLASS_B_STOPPING;
    644                  }
    645                  else if(MCI_STARTING_GUARD_EXIT() == TRUE)
    646                  {
    647                      MCI_STARTING_EXIT();
    648                      MCI_RUNNING_ENTRY();
    649                      Mci_Control_State = MCI_RUNNING;
    650                  }
    651          
    652                  // temporary fix - required to optimize "robust start"
    653                  // issue found: drive to update pwm is required due to slot overflow
    654                  if(MCI_STARTING_GUARD_EXIT() == FALSE)
    655                  {
    656                      MCI_STARTING_PWM_STEP2();
    657                  }
    658              }
    659          
    660          
    661          
    662              ////////////////////////////////////////////////
    663              ////////////////////////////////////////////////
    664              ////////////////////////////////////////////////
    665              ////////////////////////////////////////////////
    666              else if(Mci_Control_State == MCI_CLASS_B_STARTING)
    667              {
    668                  MotorSafetyMgr__Prepare2StartMotor();
    669          
    670                  if(BIT_TEST(Mci_Flow_Control, MCI_REQUESTED_STOP))
    671                  {
    672                      Mci_Control_State = MCI_CLASS_B_STOPPING;
    673                  }
    674                  else if(MotorSafetyMgr__DoesClassAHaveAccessToPwm() == TRUE)
    675                  {
    676                      if(Mci_Flow_Control & MCI_REQ_MANUAL_INJECTION_FLOW_FLAGS)
    677                      {
    678                          MCI_MANUAL_INJECTION_ENTRY();
    679                          Mci_Control_State = MCI_MANUAL_CONTROL;
    680                      }
    681                      else if(BIT_TEST(Mci_Flow_Control, MCI_REQUESTED_START))
    682                      {
    683                          SpeedRefGen__Reset();
    684                          MCI_STARTING_ENTRY();
    685                          Mci_Control_State = MCI_STARTING;
    686                      }
    687          #if defined MCI_FVT_PMW
    688                      else if(BIT_TEST(Mci_Flow_Control, MCI_REQUESTED_FVT_MODE))
    689                      {
    690                          MCI_FVT_ENTRY();
    691                          Mci_Control_State = MCI_FVT_MODE;
    692                      }
    693          #endif
    694          
    695                      MCI_CLR_FLOW_CTL(MCI_REQUESTED_START);
    696                  }
    697              }
    698          
    699          
    700          
    701              ////////////////////////////////////////////////
    702              ////////////////////////////////////////////////
    703              ////////////////////////////////////////////////
    704              ////////////////////////////////////////////////
    705              else if(Mci_Control_State == MCI_STOPPING)
    706              {
    707          
    708          #if defined MCI_STOPPING_2ND_PWM
    709          
    710                  if(pwm_post_scaler & 0x01)
    711                  {
    712                      MCI_STOPPING_PWM();
    713          
    714                      if(MCI_STOPPING_GUARD_EXIT())
    715                      {
    716                          MCI_STOPPING_EXIT();
    717                          Mci_Control_State = MCI_CLASS_B_STOPPING;
    718                      }
    719                  }
    720                  else
    721                  {
    722                       MCI_STOPPING_2ND_PWM();
    723                  }
    724          
    725          #else
    726          
    727                  MCI_STOPPING_PWM();
    728          
    729                  if(MCI_STOPPING_GUARD_EXIT())
    730                  {
    731                      MCI_STOPPING_EXIT();
    732                      Mci_Control_State = MCI_CLASS_B_STOPPING;
    733                  }
    734          
    735          #endif
    736          
    737                  Drive_The_Motor();
    738          
    739              }
    740          
    741          
    742          
    743          
    744              ////////////////////////////////////////////////
    745              ////////////////////////////////////////////////
    746              ////////////////////////////////////////////////
    747              ////////////////////////////////////////////////
    748              else if(Mci_Control_State == MCI_CLASS_B_STOPPING)
    749              {
    750                  MotorSafetyMgr__Prepare2StopMotor();
    751          
    752                  if(MotorSafetyMgr__IsInIdle() == TRUE)
    753                  {
    754                      SpeedRefGen__Initialize();
    755          
    756                      MCI_IDLE_ENTRY();
    757          
    758                      Mci_Control_State = MCI_IDLE;
    759                  }
    760              }
    761          
    762          
    763          
    764          
    765              ////////////////////////////////////////////////
    766              ////////////////////////////////////////////////
    767              ////////////////////////////////////////////////
    768              ////////////////////////////////////////////////
    769              else if(Mci_Control_State == MCI_INITIALIZING)
    770              {
    771          		// if no error found, then move to the next state
    772          		if(!Mci_Error)
    773          		{
    774          			if(MotorSafetyMgr__IsInIdle() == TRUE)
    775          			{
    776          				Mci_Error_Holder = 0;
    777          
    778          				MCI_IDLE_ENTRY();
    779          				Mci_Control_State = MCI_IDLE;
    780          			}
    781          		}
    782              }
    783          
    784              ////////////////////////////////////////////////
    785              ////////////////////////////////////////////////
    786              ////////////////////////////////////////////////
    787              ////////////////////////////////////////////////
    788              else if(Mci_Control_State == MCI_IDLE)
    789              {
    790                  Mcl_IO.Speed_Rot_Ref = 0;
    791          
    792                  MCI_CLR_FLOW_CTL(MCI_REQUESTED_STOP);
    793                  MCI_CLR_FLOW_CTL(MCI_ALL_DEVICES_OFF);
    794                  MCI_CLR_FLOW_CTL(MCI_FORCE_LOWERS_ON);
    795          
    796          #if defined MCI_IDLE_2ND_PWM
    797          
    798                  if(pwm_post_scaler & 0x01)
    799                  {
    800                      MCI_IDLE_PWM();
    801                  }
    802                  else
    803                  {
    804                      MCI_IDLE_2ND_PWM();
    805                  }
    806          
    807          #else
    808          
    809                  MCI_IDLE_PWM();
    810          
    811          #endif
    812          
    813                  if(((BIT_TEST(Mci_Flow_Control, MCI_REQUESTED_START))       ||
    814                      (BIT_TEST(Mci_Flow_Control, MCI_REQUESTED_FVT_MODE))    ||
    815                      (Mci_Flow_Control & MCI_REQ_MANUAL_INJECTION_FLOW_FLAGS) ) &&
    816                      (MCI_IDLE_LEAVE()))
    817                  {
    818                      MCI_IDLE_EXIT();
    819                      Mci_GP_Timer = 0;
    820                      Mci_Control_State = MCI_CLASS_B_STARTING;
    821                  }
    822              }
    823          
    824          
    825          
    826          
    827              ////////////////////////////////////////////////
    828              ////////////////////////////////////////////////
    829              ////////////////////////////////////////////////
    830              ////////////////////////////////////////////////
    831              else if(Mci_Control_State == MCI_DEBUGGING)
    832              {
    833          
    834              }
    835          
    836              ////////////////////////////////////////////////
    837              ////////////////////////////////////////////////
    838              ////////////////////////////////////////////////
    839              ////////////////////////////////////////////////
    840              else if(Mci_Control_State == MCI_MANUAL_CONTROL)
    841              {
    842          
    843          #if defined MCI_MANUAL_INJECTION_2ND_PWM
    844          
    845                  if(pwm_post_scaler & 0x01)
    846                  {
    847                      MCI_MANUAL_INJECTION_PWM();
    848                  }
    849                  else
    850                  {
    851                      MCI_MANUAL_INJECTION_2ND_PWM();
    852                  }
    853          
    854          #else
    855          
    856                  MCI_MANUAL_INJECTION_PWM();
    857          
    858          #endif
    859          
    860                  Drive_The_Motor();
    861          
    862                  if(BIT_TEST(Mci_Flow_Control, MCI_REQUESTED_STOP))
    863                  {
    864                      // Clear all requests.
    865                      MCI_CLR_FLOW_CTL(MCI_REQUESTED_MANUAL_DC_VOLTAGE);
    866                      MCI_CLR_FLOW_CTL(MCI_REQUESTED_MANUAL_AC_VOLTAGE);
    867                      MCI_CLR_FLOW_CTL(MCI_REQUESTED_MANUAL_DC_CURRENT);
    868                      MCI_CLR_FLOW_CTL(MCI_REQUESTED_MANUAL_AC_CURRENT);
    869          
    870                      MCI_MANUAL_INJECTION_EXIT();
    871                      Mci_Control_State = MCI_CLASS_B_STOPPING;
    872                  }
    873              }
    874          
    875              ////////////////////////////////////////////////
    876              ////////////////////////////////////////////////
    877              ////////////////////////////////////////////////
    878              ////////////////////////////////////////////////
    879          #if defined MCI_FVT_PMW
    880              else if(Mci_Control_State == MCI_FVT_MODE)
    881              {
    882          
    883                  #if defined MCI_FVT_2ND_PWM
    884          
    885                      if(pwm_post_scaler & 0x01)
    886                      {
    887                          MCI_FVT_PMW();
    888                      }
    889                      else
    890                      {
    891                          MCI_FVT_2ND_PWM();
    892                      }
    893          
    894                  #else
    895          
    896                          MCI_FVT_PMW();
    897          
    898                  #endif
    899          
    900                  Drive_The_Motor();
    901          
    902                  if( (MCI_FVT_GUARD_EXIT() == TRUE) ||
    903                      (BIT_TEST(Mci_Flow_Control, MCI_REQUESTED_STOP)))
    904                  {
    905                      if(!Mci_Error)
    906                      {
    907                          Mci_Error_Holder = 0;
    908          
    909                          MCI_CLR_FLOW_CTL(MCI_REQUESTED_FVT_MODE);
    910          
    911                          MCI_FVT_EXIT();
    912                          Mci_Control_State = MCI_CLASS_B_STOPPING;
    913                      }
    914                  }
    915              }
    916          
    917          #endif
    918          
    919              ////////////////////////////////////////////////
    920              ////////////////////////////////////////////////
    921              ////////////////////////////////////////////////
    922              ////////////////////////////////////////////////
    923              else // MCI_FAILED
    924              {
    925          #if defined MCI_FAILED_2ND_PWM
    926          
    927                  if(pwm_post_scaler & 0x01)
    928                  {
    929                      MotorSafetyMgr__Prepare2StopMotor();
    930          
    931                      MCI_FAILED_PWM();
    932                  }
    933                  else
    934                  {
    935                      MCI_FAILED_2ND_PWM();
    936                  }
    937          
    938          #else
    939          
    940                  MotorSafetyMgr__Prepare2StopMotor();
   \                     ??Mci__PwmHandler_7: (+1)
   \   000000FC   0x.... 0x....      BL       SRMotorSafetyMgr__Prepare2StopMotor
    941          
    942                  MCI_FAILED_PWM();
    943          
    944          #endif
    945          
    946                  if(MotorSafetyMgr__IsInIdle() == TRUE)
   \   00000100   0x.... 0x....      BL       SRMotorSafetyMgr__IsInIdle
   \   00000104   0x2801             CMP      R0,#+1
   \   00000106   0xD10D             BNE.N    ??Mci__PwmHandler_6
    947                  {
    948                  	// Ensure the initialization error flag will be reset
    949                  	// in a later call of Check_Errors_5ms_Handler()
    950                  	Mci_GP_Timer = 0;
   \   00000108   0x2000             MOVS     R0,#+0
   \   0000010A   0x80A0             STRH     R0,[R4, #+4]
    951          
    952                      SpeedRefGen__Initialize();
   \   0000010C   0x.... 0x....      BL       SpeedRefGen__Initialize
    953          
    954                      if(!Mci_Error)
   \   00000110   0x68E0             LDR      R0,[R4, #+12]
   \   00000112   0xB938             CBNZ.N   R0,??Mci__PwmHandler_6
    955                      {
    956                          MCI_CLR_FLOW_CTL(MCI_REQUESTED_START);
    957                          MCI_CLR_FLOW_CTL(MCI_ALL_DEVICES_OFF);
    958                          MCI_CLR_FLOW_CTL(MCI_REQUESTED_FVT_MODE);
    959                          MCI_CLR_FLOW_CTL(MCI_REQUESTED_MANUAL_DC_VOLTAGE);
    960                          MCI_CLR_FLOW_CTL(MCI_REQUESTED_MANUAL_AC_VOLTAGE);
    961                          MCI_CLR_FLOW_CTL(MCI_REQUESTED_MANUAL_DC_CURRENT);
    962                          MCI_CLR_FLOW_CTL(MCI_REQUESTED_MANUAL_AC_CURRENT);
   \   00000114   0x6960             LDR      R0,[R4, #+20]
   \   00000116   0xF420 0x70FD      BIC      R0,R0,#0x1FA
   \   0000011A   0x6160             STR      R0,[R4, #+20]
    963          
    964                          MCI_FAILED_EXIT();
    965                          MCI_IDLE_ENTRY();
   \                     ??Mci__PwmHandler_8: (+1)
   \   0000011C   0x.... 0x....      BL       Mcl__ResetAll
    966                          Mci_Control_State = MCI_IDLE;
   \   00000120   0x2003             MOVS     R0,#+3
   \                     ??Mci__PwmHandler_9: (+1)
   \   00000122   0x7060             STRB     R0,[R4, #+1]
    967                      }
    968                  }
    969              }
    970          
    971              // Callback running at pwm rate, executed at end of pwm call
    972              MCI_END_PWM_CALLBACK();
   \                     ??Mci__PwmHandler_6: (+1)
   \   00000124   0xE8BD 0x4070      POP      {R4-R6,LR}
   \   00000128   0x.... 0x....      B.W      BoardDebugging__PwmHandler
   \                     ??Mci__PwmHandler_3: (+1)
   \   0000012C   0x2808             CMP      R0,#+8
   \   0000012E   0xD14D             BNE.N    ??Mci__PwmHandler_10
   \   00000130   0x.... 0x....      BL       SpeedRefGen__Generator
   \   00000134   0x.... 0x....      LDR.W    R0,??DataTable15
   \   00000138   0xEDD0 0x0A3A      VLDR     S1,[R0, #+232]
   \   0000013C   0xEE30 0x0A20      VADD.F32 S0,S0,S1
   \   00000140   0xED85 0x0A04      VSTR     S0,[R5, #+16]
   \   00000144   0x.... 0x....      BL       SelfCommissioning__RunningHandler
   \   00000148   0x6960             LDR      R0,[R4, #+20]
   \   0000014A   0xF3C0 0x0180      UBFX     R1,R0,#+2,#+1
   \   0000014E   0xB109             CBZ.N    R1,??Mci__PwmHandler_11
   \   00000150   0x2109             MOVS     R1,#+9
   \   00000152   0x7061             STRB     R1,[R4, #+1]
   \                     ??Mci__PwmHandler_11: (+1)
   \   00000154   0x07C1             LSLS     R1,R0,#+31
   \   00000156   0xD437             BMI.N    ??Mci__PwmHandler_12
   \   00000158   0xF3C0 0x0040      UBFX     R0,R0,#+1,#+1
   \   0000015C   0xB160             CBZ.N    R0,??Mci__PwmHandler_13
   \                     ??Mci__PwmHandler_14: (+1)
   \   0000015E   0x2002             MOVS     R0,#+2
   \                     ??Mci__PwmHandler_15: (+1)
   \   00000160   0x.... 0x....      BL       SRMotorSafetyMgr__ConfigPwmPattern
   \   00000164   0xE7DE             B.N      ??Mci__PwmHandler_6
   \   00000166   0xBF00             Nop      
   \                     ??Mci__PwmHandler_0:
   \   00000168   0x4103645A         DC32     0x4103645a
   \   0000016C   0x38000000         DC32     0x38000000
   \   00000170   0x43DF6666         DC32     0x43df6666
   \   00000174   0x4101999A         DC32     0x4101999a
   \                     ??Mci__PwmHandler_13: (+1)
   \   00000178   0xF895 0x0049      LDRB     R0,[R5, #+73]
   \   0000017C   0xF895 0x1048      LDRB     R1,[R5, #+72]
   \   00000180   0xFA50 0xF281      UXTAB    R2,R0,R1
   \   00000184   0xB11A             CBZ.N    R2,??Mci__PwmHandler_16
   \   00000186   0xB9F9             CBNZ.N   R1,??Mci__PwmHandler_12
   \   00000188   0x2800             CMP      R0,#+0
   \   0000018A   0xD0CB             BEQ.N    ??Mci__PwmHandler_6
   \   0000018C   0xE7E7             B.N      ??Mci__PwmHandler_14
   \                     ??Mci__PwmHandler_16: (+1)
   \   0000018E   0xED9F 0x....      VLDR.W   S0,??DataTable1  ;; 0x47000000
   \   00000192   0xEDD5 0x0A0E      VLDR     S1,[R5, #+56]
   \   00000196   0xEE60 0x0A80      VMUL.F32 S1,S1,S0
   \   0000019A   0xEEFD 0x0AE0      VCVT.S32.F32 S1,S1
   \   0000019E   0xEE10 0x2A90      VMOV     R2,S1
   \   000001A2   0xEDD5 0x0A0D      VLDR     S1,[R5, #+52]
   \   000001A6   0xEE60 0x0A80      VMUL.F32 S1,S1,S0
   \   000001AA   0xEEFD 0x0AE0      VCVT.S32.F32 S1,S1
   \   000001AE   0xEE10 0x1A90      VMOV     R1,S1
   \   000001B2   0xEDD5 0x0A0C      VLDR     S1,[R5, #+48]
   \   000001B6   0xEE20 0x0A80      VMUL.F32 S0,S1,S0
   \   000001BA   0xEEBD 0x0AC0      VCVT.S32.F32 S0,S0
   \   000001BE   0xEE10 0x0A10      VMOV     R0,S0
   \   000001C2   0x.... 0x....      BL       SRMotorSafetyMgr__UpdatePwm
   \   000001C6   0xE7AD             B.N      ??Mci__PwmHandler_6
   \                     ??Mci__PwmHandler_12: (+1)
   \   000001C8   0x2001             MOVS     R0,#+1
   \   000001CA   0xE7C9             B.N      ??Mci__PwmHandler_15
   \                     ??Mci__PwmHandler_10: (+1)
   \   000001CC   0x2807             CMP      R0,#+7
   \   000001CE   0xD13A             BNE.N    ??Mci__PwmHandler_17
   \   000001D0   0x6960             LDR      R0,[R4, #+20]
   \   000001D2   0x07C1             LSLS     R1,R0,#+31
   \   000001D4   0xD42C             BMI.N    ??Mci__PwmHandler_18
   \   000001D6   0xF3C0 0x0040      UBFX     R0,R0,#+1,#+1
   \   000001DA   0xB108             CBZ.N    R0,??Mci__PwmHandler_19
   \   000001DC   0x2002             MOVS     R0,#+2
   \   000001DE   0xE028             B.N      ??Mci__PwmHandler_20
   \                     ??Mci__PwmHandler_19: (+1)
   \   000001E0   0xF895 0x0049      LDRB     R0,[R5, #+73]
   \   000001E4   0xF895 0x1048      LDRB     R1,[R5, #+72]
   \   000001E8   0xFA50 0xF281      UXTAB    R2,R0,R1
   \   000001EC   0xB11A             CBZ.N    R2,??Mci__PwmHandler_21
   \   000001EE   0xB9F9             CBNZ.N   R1,??Mci__PwmHandler_18
   \   000001F0   0xB308             CBZ.N    R0,??Mci__PwmHandler_22
   \   000001F2   0x2002             MOVS     R0,#+2
   \   000001F4   0xE01D             B.N      ??Mci__PwmHandler_20
   \                     ??Mci__PwmHandler_21: (+1)
   \   000001F6   0xED9F 0x....      VLDR.W   S0,??DataTable1  ;; 0x47000000
   \   000001FA   0xEDD5 0x0A0E      VLDR     S1,[R5, #+56]
   \   000001FE   0xEE60 0x0A80      VMUL.F32 S1,S1,S0
   \   00000202   0xEEFD 0x0AE0      VCVT.S32.F32 S1,S1
   \   00000206   0xEE10 0x2A90      VMOV     R2,S1
   \   0000020A   0xEDD5 0x0A0D      VLDR     S1,[R5, #+52]
   \   0000020E   0xEE60 0x0A80      VMUL.F32 S1,S1,S0
   \   00000212   0xEEFD 0x0AE0      VCVT.S32.F32 S1,S1
   \   00000216   0xEE10 0x1A90      VMOV     R1,S1
   \   0000021A   0xEDD5 0x0A0C      VLDR     S1,[R5, #+48]
   \   0000021E   0xEE20 0x0A80      VMUL.F32 S0,S1,S0
   \   00000222   0xEEBD 0x0AC0      VCVT.S32.F32 S0,S0
   \   00000226   0xEE10 0x0A10      VMOV     R0,S0
   \   0000022A   0x.... 0x....      BL       SRMotorSafetyMgr__UpdatePwm
   \   0000022E   0xE002             B.N      ??Mci__PwmHandler_22
   \                     ??Mci__PwmHandler_18: (+1)
   \   00000230   0x2001             MOVS     R0,#+1
   \                     ??Mci__PwmHandler_20: (+1)
   \   00000232   0x.... 0x....      BL       SRMotorSafetyMgr__ConfigPwmPattern
   \                     ??Mci__PwmHandler_22: (+1)
   \   00000236   0x6960             LDR      R0,[R4, #+20]
   \   00000238   0xF3C0 0x0080      UBFX     R0,R0,#+2,#+1
   \   0000023C   0x2800             CMP      R0,#+0
   \   0000023E   0xBF0C             ITE      EQ 
   \   00000240   0x2008             MOVEQ    R0,#+8
   \   00000242   0x2005             MOVNE    R0,#+5
   \   00000244   0xE76D             B.N      ??Mci__PwmHandler_9
   \                     ??Mci__PwmHandler_17: (+1)
   \   00000246   0x2804             CMP      R0,#+4
   \   00000248   0xD126             BNE.N    ??Mci__PwmHandler_23
   \   0000024A   0x.... 0x....      BL       SRMotorSafetyMgr__Prepare2StartMotor
   \   0000024E   0x6960             LDR      R0,[R4, #+20]
   \   00000250   0xF3C0 0x0080      UBFX     R0,R0,#+2,#+1
   \   00000254   0xB108             CBZ.N    R0,??Mci__PwmHandler_24
   \   00000256   0x2005             MOVS     R0,#+5
   \   00000258   0xE763             B.N      ??Mci__PwmHandler_9
   \                     ??Mci__PwmHandler_24: (+1)
   \   0000025A   0x2001             MOVS     R0,#+1
   \   0000025C   0x.... 0x....      BL       SRMotorSafetyMgr__GetFlag
   \   00000260   0x2801             CMP      R0,#+1
   \   00000262   0xF47F 0xAF5F      BNE.W    ??Mci__PwmHandler_6
   \   00000266   0x6960             LDR      R0,[R4, #+20]
   \   00000268   0xF010 0x0FF0      TST      R0,#0xF0
   \   0000026C   0xBF18             IT       NE 
   \   0000026E   0x200B             MOVNE    R0,#+11
   \   00000270   0xD10C             BNE.N    ??Mci__PwmHandler_25
   \   00000272   0xF3C0 0x01C0      UBFX     R1,R0,#+3,#+1
   \   00000276   0xB119             CBZ.N    R1,??Mci__PwmHandler_26
   \   00000278   0x.... 0x....      BL       SpeedRefGen__Reset
   \   0000027C   0x2007             MOVS     R0,#+7
   \   0000027E   0xE005             B.N      ??Mci__PwmHandler_25
   \                     ??Mci__PwmHandler_26: (+1)
   \   00000280   0xF3C0 0x2000      UBFX     R0,R0,#+8,#+1
   \   00000284   0xB118             CBZ.N    R0,??Mci__PwmHandler_27
   \   00000286   0x.... 0x....      BL       MclFvt__Entry
   \   0000028A   0x2001             MOVS     R0,#+1
   \                     ??Mci__PwmHandler_25: (+1)
   \   0000028C   0x7060             STRB     R0,[R4, #+1]
   \                     ??Mci__PwmHandler_27: (+1)
   \   0000028E   0x6960             LDR      R0,[R4, #+20]
   \   00000290   0xF020 0x0008      BIC      R0,R0,#0x8
   \   00000294   0x6160             STR      R0,[R4, #+20]
   \   00000296   0xE745             B.N      ??Mci__PwmHandler_6
   \                     ??Mci__PwmHandler_23: (+1)
   \   00000298   0x2809             CMP      R0,#+9
   \   0000029A   0xD11B             BNE.N    ??Mci__PwmHandler_28
   \   0000029C   0x07F0             LSLS     R0,R6,#+31
   \   0000029E   0xBF44             ITT      MI 
   \   000002A0   0x2005             MOVMI    R0,#+5
   \   000002A2   0x7060             STRBMI   R0,[R4, #+1]
   \   000002A4   0x6960             LDR      R0,[R4, #+20]
   \   000002A6   0x07C1             LSLS     R1,R0,#+31
   \   000002A8   0xD48E             BMI.N    ??Mci__PwmHandler_12
   \   000002AA   0xF3C0 0x0040      UBFX     R0,R0,#+1,#+1
   \   000002AE   0x2800             CMP      R0,#+0
   \   000002B0   0xF47F 0xAF55      BNE.W    ??Mci__PwmHandler_14
   \   000002B4   0xF895 0x0049      LDRB     R0,[R5, #+73]
   \   000002B8   0xF895 0x1048      LDRB     R1,[R5, #+72]
   \   000002BC   0xFA50 0xF281      UXTAB    R2,R0,R1
   \   000002C0   0x2A00             CMP      R2,#+0
   \   000002C2   0xF43F 0xAF64      BEQ.W    ??Mci__PwmHandler_16
   \   000002C6   0x2900             CMP      R1,#+0
   \   000002C8   0xF47F 0xAF7E      BNE.W    ??Mci__PwmHandler_12
   \   000002CC   0x2800             CMP      R0,#+0
   \   000002CE   0xF43F 0xAF29      BEQ.W    ??Mci__PwmHandler_6
   \   000002D2   0xE744             B.N      ??Mci__PwmHandler_14
   \                     ??Mci__PwmHandler_28: (+1)
   \   000002D4   0x2805             CMP      R0,#+5
   \   000002D6   0xD109             BNE.N    ??Mci__PwmHandler_5
   \   000002D8   0x.... 0x....      BL       SRMotorSafetyMgr__Prepare2StopMotor
   \   000002DC   0x.... 0x....      BL       SRMotorSafetyMgr__IsInIdle
   \   000002E0   0x2801             CMP      R0,#+1
   \   000002E2   0xF47F 0xAF1F      BNE.W    ??Mci__PwmHandler_6
   \   000002E6   0x.... 0x....      BL       SpeedRefGen__Initialize
   \   000002EA   0xE717             B.N      ??Mci__PwmHandler_8
   \                     ??Mci__PwmHandler_5: (+1)
   \   000002EC   0x2802             CMP      R0,#+2
   \   000002EE   0xD10A             BNE.N    ??Mci__PwmHandler_29
   \   000002F0   0x2900             CMP      R1,#+0
   \   000002F2   0xF47F 0xAF17      BNE.W    ??Mci__PwmHandler_6
   \   000002F6   0x.... 0x....      BL       SRMotorSafetyMgr__IsInIdle
   \   000002FA   0x2801             CMP      R0,#+1
   \   000002FC   0xF47F 0xAF12      BNE.W    ??Mci__PwmHandler_6
   \   00000300   0x2000             MOVS     R0,#+0
   \   00000302   0x6120             STR      R0,[R4, #+16]
   \   00000304   0xE70A             B.N      ??Mci__PwmHandler_8
   \                     ??Mci__PwmHandler_29: (+1)
   \   00000306   0x2803             CMP      R0,#+3
   \   00000308   0xD10D             BNE.N    ??Mci__PwmHandler_30
   \   0000030A   0x2000             MOVS     R0,#+0
   \   0000030C   0x6128             STR      R0,[R5, #+16]
   \   0000030E   0x6960             LDR      R0,[R4, #+20]
   \   00000310   0x08C0             LSRS     R0,R0,#+3
   \   00000312   0x00C0             LSLS     R0,R0,#+3
   \   00000314   0x6160             STR      R0,[R4, #+20]
   \   00000316   0xF410 0x7FFC      TST      R0,#0x1F8
   \   0000031A   0xF43F 0xAF03      BEQ.W    ??Mci__PwmHandler_6
   \   0000031E   0x2000             MOVS     R0,#+0
   \   00000320   0x80A0             STRH     R0,[R4, #+4]
   \   00000322   0x2004             MOVS     R0,#+4
   \   00000324   0xE6FD             B.N      ??Mci__PwmHandler_9
   \                     ??Mci__PwmHandler_30: (+1)
   \   00000326   0x280A             CMP      R0,#+10
   \   00000328   0xF43F 0xAEFC      BEQ.W    ??Mci__PwmHandler_6
   \   0000032C   0x280B             CMP      R0,#+11
   \   0000032E   0xD13D             BNE.N    ??Mci__PwmHandler_31
   \   00000330   0x6960             LDR      R0,[R4, #+20]
   \   00000332   0x07C1             LSLS     R1,R0,#+31
   \   00000334   0xD42C             BMI.N    ??Mci__PwmHandler_32
   \   00000336   0xF3C0 0x0040      UBFX     R0,R0,#+1,#+1
   \   0000033A   0xB108             CBZ.N    R0,??Mci__PwmHandler_33
   \   0000033C   0x2002             MOVS     R0,#+2
   \   0000033E   0xE028             B.N      ??Mci__PwmHandler_34
   \                     ??Mci__PwmHandler_33: (+1)
   \   00000340   0xF895 0x0049      LDRB     R0,[R5, #+73]
   \   00000344   0xF895 0x1048      LDRB     R1,[R5, #+72]
   \   00000348   0xFA50 0xF281      UXTAB    R2,R0,R1
   \   0000034C   0xB11A             CBZ.N    R2,??Mci__PwmHandler_35
   \   0000034E   0xB9F9             CBNZ.N   R1,??Mci__PwmHandler_32
   \   00000350   0xB308             CBZ.N    R0,??Mci__PwmHandler_36
   \   00000352   0x2002             MOVS     R0,#+2
   \   00000354   0xE01D             B.N      ??Mci__PwmHandler_34
   \                     ??Mci__PwmHandler_35: (+1)
   \   00000356   0xED9F 0x....      VLDR.W   S0,??DataTable1  ;; 0x47000000
   \   0000035A   0xEDD5 0x0A0E      VLDR     S1,[R5, #+56]
   \   0000035E   0xEE60 0x0A80      VMUL.F32 S1,S1,S0
   \   00000362   0xEEFD 0x0AE0      VCVT.S32.F32 S1,S1
   \   00000366   0xEE10 0x2A90      VMOV     R2,S1
   \   0000036A   0xEDD5 0x0A0D      VLDR     S1,[R5, #+52]
   \   0000036E   0xEE60 0x0A80      VMUL.F32 S1,S1,S0
   \   00000372   0xEEFD 0x0AE0      VCVT.S32.F32 S1,S1
   \   00000376   0xEE10 0x1A90      VMOV     R1,S1
   \   0000037A   0xEDD5 0x0A0C      VLDR     S1,[R5, #+48]
   \   0000037E   0xEE20 0x0A80      VMUL.F32 S0,S1,S0
   \   00000382   0xEEBD 0x0AC0      VCVT.S32.F32 S0,S0
   \   00000386   0xEE10 0x0A10      VMOV     R0,S0
   \   0000038A   0x.... 0x....      BL       SRMotorSafetyMgr__UpdatePwm
   \   0000038E   0xE002             B.N      ??Mci__PwmHandler_36
   \                     ??Mci__PwmHandler_32: (+1)
   \   00000390   0x2001             MOVS     R0,#+1
   \                     ??Mci__PwmHandler_34: (+1)
   \   00000392   0x.... 0x....      BL       SRMotorSafetyMgr__ConfigPwmPattern
   \                     ??Mci__PwmHandler_36: (+1)
   \   00000396   0x6960             LDR      R0,[R4, #+20]
   \   00000398   0xF3C0 0x0180      UBFX     R1,R0,#+2,#+1
   \   0000039C   0x2900             CMP      R1,#+0
   \   0000039E   0xF43F 0xAEC1      BEQ.W    ??Mci__PwmHandler_6
   \   000003A2   0xF020 0x00F0      BIC      R0,R0,#0xF0
   \   000003A6   0x6160             STR      R0,[R4, #+20]
   \   000003A8   0x2005             MOVS     R0,#+5
   \   000003AA   0xE6BA             B.N      ??Mci__PwmHandler_9
   \                     ??Mci__PwmHandler_31: (+1)
   \   000003AC   0x2801             CMP      R0,#+1
   \   000003AE   0xF47F 0xAEA5      BNE.W    ??Mci__PwmHandler_7
   \   000003B2   0x07F0             LSLS     R0,R6,#+31
   \   000003B4   0xBF48             IT       MI 
   \   000003B6   0x.... 0x....      BLMI     MclFvt__PwmHandler
   \   000003BA   0x6960             LDR      R0,[R4, #+20]
   \   000003BC   0x07C1             LSLS     R1,R0,#+31
   \   000003BE   0xD42C             BMI.N    ??Mci__PwmHandler_37
   \   000003C0   0xF3C0 0x0040      UBFX     R0,R0,#+1,#+1
   \   000003C4   0xB108             CBZ.N    R0,??Mci__PwmHandler_38
   \   000003C6   0x2002             MOVS     R0,#+2
   \   000003C8   0xE028             B.N      ??Mci__PwmHandler_39
   \                     ??Mci__PwmHandler_38: (+1)
   \   000003CA   0xF895 0x0049      LDRB     R0,[R5, #+73]
   \   000003CE   0xF895 0x1048      LDRB     R1,[R5, #+72]
   \   000003D2   0xFA50 0xF281      UXTAB    R2,R0,R1
   \   000003D6   0xB11A             CBZ.N    R2,??Mci__PwmHandler_40
   \   000003D8   0xB9F9             CBNZ.N   R1,??Mci__PwmHandler_37
   \   000003DA   0xB308             CBZ.N    R0,??Mci__PwmHandler_41
   \   000003DC   0x2002             MOVS     R0,#+2
   \   000003DE   0xE01D             B.N      ??Mci__PwmHandler_39
   \                     ??Mci__PwmHandler_40: (+1)
   \   000003E0   0xED9F 0x....      VLDR.W   S0,??DataTable1  ;; 0x47000000
   \   000003E4   0xEDD5 0x0A0E      VLDR     S1,[R5, #+56]
   \   000003E8   0xEE60 0x0A80      VMUL.F32 S1,S1,S0
   \   000003EC   0xEEFD 0x0AE0      VCVT.S32.F32 S1,S1
   \   000003F0   0xEE10 0x2A90      VMOV     R2,S1
   \   000003F4   0xEDD5 0x0A0D      VLDR     S1,[R5, #+52]
   \   000003F8   0xEE60 0x0A80      VMUL.F32 S1,S1,S0
   \   000003FC   0xEEFD 0x0AE0      VCVT.S32.F32 S1,S1
   \   00000400   0xEE10 0x1A90      VMOV     R1,S1
   \   00000404   0xEDD5 0x0A0C      VLDR     S1,[R5, #+48]
   \   00000408   0xEE20 0x0A80      VMUL.F32 S0,S1,S0
   \   0000040C   0xEEBD 0x0AC0      VCVT.S32.F32 S0,S0
   \   00000410   0xEE10 0x0A10      VMOV     R0,S0
   \   00000414   0x.... 0x....      BL       SRMotorSafetyMgr__UpdatePwm
   \   00000418   0xE002             B.N      ??Mci__PwmHandler_41
   \                     ??Mci__PwmHandler_37: (+1)
   \   0000041A   0x2001             MOVS     R0,#+1
   \                     ??Mci__PwmHandler_39: (+1)
   \   0000041C   0x.... 0x....      BL       SRMotorSafetyMgr__ConfigPwmPattern
   \                     ??Mci__PwmHandler_41: (+1)
   \   00000420   0x.... 0x....      BL       MclFvt__GuardCondition
   \   00000424   0x2801             CMP      R0,#+1
   \   00000426   0xD005             BEQ.N    ??Mci__PwmHandler_42
   \   00000428   0x6960             LDR      R0,[R4, #+20]
   \   0000042A   0xF3C0 0x0080      UBFX     R0,R0,#+2,#+1
   \   0000042E   0x2800             CMP      R0,#+0
   \   00000430   0xF43F 0xAE78      BEQ.W    ??Mci__PwmHandler_6
   \                     ??Mci__PwmHandler_42: (+1)
   \   00000434   0x68E0             LDR      R0,[R4, #+12]
   \   00000436   0x2800             CMP      R0,#+0
   \   00000438   0xF47F 0xAE74      BNE.W    ??Mci__PwmHandler_6
   \   0000043C   0x6120             STR      R0,[R4, #+16]
   \   0000043E   0x6960             LDR      R0,[R4, #+20]
   \   00000440   0xF420 0x7080      BIC      R0,R0,#0x100
   \   00000444   0x6160             STR      R0,[R4, #+20]
   \   00000446   0x.... 0x....      BL       MclFvt__Exit
   \   0000044A   0x2005             MOVS     R0,#+5
   \   0000044C   0xE669             B.N      ??Mci__PwmHandler_9
    973          }
    974          
    975          
    976          
    977          
    978          //---------------------------------------------------------------------------------------------------------------------
    979          /**
    980           *  @brief      Handle Mci events every Hall interrupt.
    981           *
    982           *  @param
    983           *  @return
    984           */

   \                                 In section .text, align 2, keep-with-next
    985          void Mci__HallHandler(void)
    986          {
    987              MCI_HALLS_CALLBACK();
    988          }
   \                     Mci__HallHandler: (+1)
   \   00000000   0x4770             BX       LR               ;; return
    989          
    990          
    991          
    992          
    993          //---------------------------------------------------------------------------------------------------------------------
    994          /**
    995           *  @brief      Handle Mci events of 250us.
    996           *
    997           *  @param
    998           *  @return
    999           */

   \                                 In section .text, align 2, keep-with-next
   1000          void Mci__250usHandler(void)
   1001          {
   \                     Mci__250usHandler: (+1)
   \   00000000   0xB500             PUSH     {LR}
   \   00000002   0xB081             SUB      SP,SP,#+4
   1002              MCI_250US_CALLBACK();
   \   00000004   0x.... 0x....      BL       BoardDebugging__250usHandler
   1003          
   1004              Mcl__250usHandler();
   \   00000008   0xB001             ADD      SP,SP,#+4
   \   0000000A   0xF85D 0xEB04      POP      {LR}
   \   0000000E   0x.... 0x....      B.W      Mcl__250usHandler
   1005          }
   1006          
   1007          
   1008          
   1009          
   1010          //---------------------------------------------------------------------------------------------------------------------
   1011          /**
   1012           *  @brief      Handle Mci events of 1ms.
   1013           *
   1014           *  @param      none
   1015           *  @return     none
   1016           */

   \                                 In section .text, align 2, keep-with-next
   1017          void Mci__1msHandler(void)
   1018          {
   1019              MCI_1MS_CALLBACK();
   1020          
   1021              Mcl__1msHandler();
   \                     Mci__1msHandler: (+1)
   \   00000000   0x.... 0x....      B.W      Mcl__1msHandler
   1022          }
   1023          
   1024          
   1025          
   1026          
   1027          //---------------------------------------------------------------------------------------------------------------------
   1028          /**
   1029           *  @brief      Handle Mci events of 5ms.
   1030           *
   1031           *  @param
   1032           *  @return
   1033           */

   \                                 In section .text, align 2, keep-with-next
   1034          void Mci__5msHandler(void)
   1035          {
   \                     Mci__5msHandler: (+1)
   \   00000000   0xB530             PUSH     {R4,R5,LR}
   \   00000002   0xB081             SUB      SP,SP,#+4
   1036              MCI_5MS_CALLBACK();
   1037          
   1038              Check_Errors_5ms_Handler();
   \   00000004   0x.... 0x....      BL       SurgeRelay__IsBusReady
   \   00000008   0x.... 0x....      LDR.W    R4,??DataTable13
   \   0000000C   0x68E1             LDR      R1,[R4, #+12]
   \   0000000E   0xB940             CBNZ.N   R0,??Mci__5msHandler_0
   \   00000010   0x6920             LDR      R0,[R4, #+16]
   \   00000012   0xF440 0x0080      ORR      R0,R0,#0x400000
   \   00000016   0xF040 0x0001      ORR      R0,R0,#0x1
   \   0000001A   0x6120             STR      R0,[R4, #+16]
   \   0000001C   0xF441 0x0080      ORR      R0,R1,#0x400000
   \   00000020   0xE001             B.N      ??Mci__5msHandler_1
   \                     ??Mci__5msHandler_0: (+1)
   \   00000022   0xF421 0x0080      BIC      R0,R1,#0x400000
   \                     ??Mci__5msHandler_1: (+1)
   \   00000026   0x60E0             STR      R0,[R4, #+12]
   \   00000028   0x2006             MOVS     R0,#+6
   \   0000002A   0x.... 0x....      BL       SRMotorSafetyMgr__GetFault
   \   0000002E   0x68E1             LDR      R1,[R4, #+12]
   \   00000030   0xB138             CBZ.N    R0,??Mci__5msHandler_2
   \   00000032   0x6920             LDR      R0,[R4, #+16]
   \   00000034   0xF640 0x0201      MOVW     R2,#+2049
   \   00000038   0x4310             ORRS     R0,R2,R0
   \   0000003A   0x6120             STR      R0,[R4, #+16]
   \   0000003C   0xF441 0x6000      ORR      R0,R1,#0x800
   \   00000040   0xE001             B.N      ??Mci__5msHandler_3
   \                     ??Mci__5msHandler_2: (+1)
   \   00000042   0xF421 0x6000      BIC      R0,R1,#0x800
   \                     ??Mci__5msHandler_3: (+1)
   \   00000046   0x60E0             STR      R0,[R4, #+12]
   \   00000048   0x78E0             LDRB     R0,[R4, #+3]
   \   0000004A   0xB110             CBZ.N    R0,??Mci__5msHandler_4
   \   0000004C   0x1E40             SUBS     R0,R0,#+1
   \   0000004E   0x70E0             STRB     R0,[R4, #+3]
   \   00000050   0xE0E2             B.N      ??Mci__5msHandler_5
   \                     ??Mci__5msHandler_4: (+1)
   \   00000052   0x203C             MOVS     R0,#+60
   \   00000054   0x70E0             STRB     R0,[R4, #+3]
   \   00000056   0x.... 0x....      BL       SRMotorSafetyMgr__AnyFaultFound
   \   0000005A   0x0005             MOVS     R5,R0
   \   0000005C   0xD067             BEQ.N    ??Mci__5msHandler_6
   \   0000005E   0x2000             MOVS     R0,#+0
   \   00000060   0x.... 0x....      BL       SRMotorSafetyMgr__GetFault
   \   00000064   0xB140             CBZ.N    R0,??Mci__5msHandler_7
   \   00000066   0xF240 0x1101      MOVW     R1,#+257
   \   0000006A   0x6920             LDR      R0,[R4, #+16]
   \   0000006C   0x4308             ORRS     R0,R1,R0
   \   0000006E   0x6120             STR      R0,[R4, #+16]
   \   00000070   0x68E0             LDR      R0,[R4, #+12]
   \   00000072   0xF440 0x7080      ORR      R0,R0,#0x100
   \   00000076   0x60E0             STR      R0,[R4, #+12]
   \                     ??Mci__5msHandler_7: (+1)
   \   00000078   0x2001             MOVS     R0,#+1
   \   0000007A   0x.... 0x....      BL       SRMotorSafetyMgr__GetFault
   \   0000007E   0xB140             CBZ.N    R0,??Mci__5msHandler_8
   \   00000080   0xF240 0x2101      MOVW     R1,#+513
   \   00000084   0x6920             LDR      R0,[R4, #+16]
   \   00000086   0x4308             ORRS     R0,R1,R0
   \   00000088   0x6120             STR      R0,[R4, #+16]
   \   0000008A   0x68E0             LDR      R0,[R4, #+12]
   \   0000008C   0xF440 0x7000      ORR      R0,R0,#0x200
   \   00000090   0x60E0             STR      R0,[R4, #+12]
   \                     ??Mci__5msHandler_8: (+1)
   \   00000092   0x2002             MOVS     R0,#+2
   \   00000094   0x.... 0x....      BL       SRMotorSafetyMgr__GetFault
   \   00000098   0xB148             CBZ.N    R0,??Mci__5msHandler_9
   \   0000009A   0x6920             LDR      R0,[R4, #+16]
   \   0000009C   0xF440 0x2000      ORR      R0,R0,#0x80000
   \   000000A0   0xF040 0x0001      ORR      R0,R0,#0x1
   \   000000A4   0x6120             STR      R0,[R4, #+16]
   \   000000A6   0x68E0             LDR      R0,[R4, #+12]
   \   000000A8   0xF440 0x2000      ORR      R0,R0,#0x80000
   \   000000AC   0x60E0             STR      R0,[R4, #+12]
   \                     ??Mci__5msHandler_9: (+1)
   \   000000AE   0x2007             MOVS     R0,#+7
   \   000000B0   0x.... 0x....      BL       SRMotorSafetyMgr__GetFault
   \   000000B4   0xB148             CBZ.N    R0,??Mci__5msHandler_10
   \   000000B6   0x6920             LDR      R0,[R4, #+16]
   \   000000B8   0xF440 0x5000      ORR      R0,R0,#0x2000
   \   000000BC   0xF040 0x0001      ORR      R0,R0,#0x1
   \   000000C0   0x6120             STR      R0,[R4, #+16]
   \   000000C2   0x68E0             LDR      R0,[R4, #+12]
   \   000000C4   0xF440 0x5000      ORR      R0,R0,#0x2000
   \   000000C8   0x60E0             STR      R0,[R4, #+12]
   \                     ??Mci__5msHandler_10: (+1)
   \   000000CA   0x2009             MOVS     R0,#+9
   \   000000CC   0x.... 0x....      BL       SRMotorSafetyMgr__GetFault
   \   000000D0   0xB138             CBZ.N    R0,??Mci__5msHandler_11
   \   000000D2   0x6920             LDR      R0,[R4, #+16]
   \   000000D4   0xF040 0x0009      ORR      R0,R0,#0x9
   \   000000D8   0x6120             STR      R0,[R4, #+16]
   \   000000DA   0x68E0             LDR      R0,[R4, #+12]
   \   000000DC   0xF040 0x0008      ORR      R0,R0,#0x8
   \   000000E0   0x60E0             STR      R0,[R4, #+12]
   \                     ??Mci__5msHandler_11: (+1)
   \   000000E2   0x200A             MOVS     R0,#+10
   \   000000E4   0x.... 0x....      BL       SRMotorSafetyMgr__GetFault
   \   000000E8   0xB138             CBZ.N    R0,??Mci__5msHandler_12
   \   000000EA   0x6920             LDR      R0,[R4, #+16]
   \   000000EC   0xF040 0x0005      ORR      R0,R0,#0x5
   \   000000F0   0x6120             STR      R0,[R4, #+16]
   \   000000F2   0x68E0             LDR      R0,[R4, #+12]
   \   000000F4   0xF040 0x0004      ORR      R0,R0,#0x4
   \   000000F8   0x60E0             STR      R0,[R4, #+12]
   \                     ??Mci__5msHandler_12: (+1)
   \   000000FA   0x2003             MOVS     R0,#+3
   \   000000FC   0x.... 0x....      BL       SRMotorSafetyMgr__GetFault
   \   00000100   0xB148             CBZ.N    R0,??Mci__5msHandler_13
   \   00000102   0x6920             LDR      R0,[R4, #+16]
   \   00000104   0xF440 0x5080      ORR      R0,R0,#0x1000
   \   00000108   0xF040 0x0001      ORR      R0,R0,#0x1
   \   0000010C   0x6120             STR      R0,[R4, #+16]
   \   0000010E   0x68E0             LDR      R0,[R4, #+12]
   \   00000110   0xF440 0x5080      ORR      R0,R0,#0x1000
   \   00000114   0x60E0             STR      R0,[R4, #+12]
   \                     ??Mci__5msHandler_13: (+1)
   \   00000116   0x2008             MOVS     R0,#+8
   \   00000118   0x.... 0x....      BL       SRMotorSafetyMgr__GetFault
   \   0000011C   0xB1F0             CBZ.N    R0,??Mci__5msHandler_14
   \   0000011E   0x6920             LDR      R0,[R4, #+16]
   \   00000120   0xF040 0x0081      ORR      R0,R0,#0x81
   \   00000124   0x6120             STR      R0,[R4, #+16]
   \   00000126   0x68E0             LDR      R0,[R4, #+12]
   \   00000128   0xF040 0x0080      ORR      R0,R0,#0x80
   \   0000012C   0xE015             B.N      ??Mci__5msHandler_15
   \                     ??Mci__5msHandler_6: (+1)
   \   0000012E   0x68E0             LDR      R0,[R4, #+12]
   \   00000130   0x.... 0x....      LDR.W    R1,??DataTable15_2  ;; 0xfff7ec73
   \   00000134   0x4008             ANDS     R0,R1,R0
   \   00000136   0x60E0             STR      R0,[R4, #+12]
   \   00000138   0x2006             MOVS     R0,#+6
   \   0000013A   0x.... 0x....      BL       Mcl__GetDigital
   \   0000013E   0xB148             CBZ.N    R0,??Mci__5msHandler_16
   \   00000140   0x6920             LDR      R0,[R4, #+16]
   \   00000142   0xF440 0x5000      ORR      R0,R0,#0x2000
   \   00000146   0xF040 0x0001      ORR      R0,R0,#0x1
   \   0000014A   0x6120             STR      R0,[R4, #+16]
   \   0000014C   0x68E0             LDR      R0,[R4, #+12]
   \   0000014E   0xF440 0x5000      ORR      R0,R0,#0x2000
   \   00000152   0xE002             B.N      ??Mci__5msHandler_15
   \                     ??Mci__5msHandler_16: (+1)
   \   00000154   0x68E0             LDR      R0,[R4, #+12]
   \   00000156   0xF420 0x5000      BIC      R0,R0,#0x2000
   \                     ??Mci__5msHandler_15: (+1)
   \   0000015A   0x60E0             STR      R0,[R4, #+12]
   \                     ??Mci__5msHandler_14: (+1)
   \   0000015C   0x7860             LDRB     R0,[R4, #+1]
   \   0000015E   0x2808             CMP      R0,#+8
   \   00000160   0xBF18             IT       NE 
   \   00000162   0x2807             CMPNE    R0,#+7
   \   00000164   0xD01C             BEQ.N    ??Mci__5msHandler_17
   \   00000166   0x2802             CMP      R0,#+2
   \   00000168   0xD10B             BNE.N    ??Mci__5msHandler_18
   \   0000016A   0x88A0             LDRH     R0,[R4, #+4]
   \   0000016C   0xF5B0 0x7F50      CMP      R0,#+832
   \   00000170   0xDD13             BLE.N    ??Mci__5msHandler_19
   \   00000172   0x6920             LDR      R0,[R4, #+16]
   \   00000174   0xF040 0x0003      ORR      R0,R0,#0x3
   \   00000178   0x6120             STR      R0,[R4, #+16]
   \   0000017A   0x68E0             LDR      R0,[R4, #+12]
   \   0000017C   0xF040 0x0002      ORR      R0,R0,#0x2
   \   00000180   0xE01C             B.N      ??Mci__5msHandler_20
   \                     ??Mci__5msHandler_18: (+1)
   \   00000182   0x2806             CMP      R0,#+6
   \   00000184   0xD104             BNE.N    ??Mci__5msHandler_21
   \   00000186   0x68E0             LDR      R0,[R4, #+12]
   \   00000188   0x.... 0x....      LDR.W    R1,??DataTable15_3  ;; 0xfffbfffd
   \   0000018C   0x4008             ANDS     R0,R1,R0
   \   0000018E   0xE015             B.N      ??Mci__5msHandler_20
   \                     ??Mci__5msHandler_21: (+1)
   \   00000190   0x2804             CMP      R0,#+4
   \   00000192   0xD114             BNE.N    ??Mci__5msHandler_22
   \   00000194   0x88A0             LDRH     R0,[R4, #+4]
   \   00000196   0x2821             CMP      R0,#+33
   \   00000198   0xDA07             BGE.N    ??Mci__5msHandler_23
   \                     ??Mci__5msHandler_19: (+1)
   \   0000019A   0x1C40             ADDS     R0,R0,#+1
   \   0000019C   0x80A0             STRH     R0,[R4, #+4]
   \   0000019E   0xE00E             B.N      ??Mci__5msHandler_22
   \                     ??Mci__5msHandler_17: (+1)
   \   000001A0   0x2001             MOVS     R0,#+1
   \   000001A2   0x.... 0x....      BL       SRMotorSafetyMgr__GetFlag
   \   000001A6   0x4328             ORRS     R0,R5,R0
   \   000001A8   0xD109             BNE.N    ??Mci__5msHandler_22
   \                     ??Mci__5msHandler_23: (+1)
   \   000001AA   0x6920             LDR      R0,[R4, #+16]
   \   000001AC   0xF440 0x2080      ORR      R0,R0,#0x40000
   \   000001B0   0xF040 0x0001      ORR      R0,R0,#0x1
   \   000001B4   0x6120             STR      R0,[R4, #+16]
   \   000001B6   0x68E0             LDR      R0,[R4, #+12]
   \   000001B8   0xF440 0x2080      ORR      R0,R0,#0x40000
   \                     ??Mci__5msHandler_20: (+1)
   \   000001BC   0x60E0             STR      R0,[R4, #+12]
   \                     ??Mci__5msHandler_22: (+1)
   \   000001BE   0x7860             LDRB     R0,[R4, #+1]
   \   000001C0   0x2807             CMP      R0,#+7
   \   000001C2   0xDB0A             BLT.N    ??Mci__5msHandler_24
   \   000001C4   0x7E20             LDRB     R0,[R4, #+24]
   \   000001C6   0x0680             LSLS     R0,R0,#+26
   \   000001C8   0xD407             BMI.N    ??Mci__5msHandler_24
   \   000001CA   0x6920             LDR      R0,[R4, #+16]
   \   000001CC   0xF040 0x0003      ORR      R0,R0,#0x3
   \   000001D0   0x6120             STR      R0,[R4, #+16]
   \   000001D2   0x68E0             LDR      R0,[R4, #+12]
   \   000001D4   0xF040 0x0002      ORR      R0,R0,#0x2
   \   000001D8   0x60E0             STR      R0,[R4, #+12]
   \                     ??Mci__5msHandler_24: (+1)
   \   000001DA   0x2004             MOVS     R0,#+4
   \   000001DC   0x.... 0x....      BL       Mcl__GetDigital
   \   000001E0   0x68E1             LDR      R1,[R4, #+12]
   \   000001E2   0xB130             CBZ.N    R0,??Mci__5msHandler_25
   \   000001E4   0x6920             LDR      R0,[R4, #+16]
   \   000001E6   0xF040 0x0021      ORR      R0,R0,#0x21
   \   000001EA   0x6120             STR      R0,[R4, #+16]
   \   000001EC   0xF041 0x0020      ORR      R0,R1,#0x20
   \   000001F0   0xE001             B.N      ??Mci__5msHandler_26
   \                     ??Mci__5msHandler_25: (+1)
   \   000001F2   0xF021 0x0020      BIC      R0,R1,#0x20
   \                     ??Mci__5msHandler_26: (+1)
   \   000001F6   0x60E0             STR      R0,[R4, #+12]
   \   000001F8   0x2005             MOVS     R0,#+5
   \   000001FA   0x.... 0x....      BL       Mcl__GetDigital
   \   000001FE   0xB138             CBZ.N    R0,??Mci__5msHandler_27
   \   00000200   0x6920             LDR      R0,[R4, #+16]
   \   00000202   0xF040 0x0041      ORR      R0,R0,#0x41
   \   00000206   0x6120             STR      R0,[R4, #+16]
   \   00000208   0x68E0             LDR      R0,[R4, #+12]
   \   0000020A   0xF040 0x0040      ORR      R0,R0,#0x40
   \   0000020E   0xE002             B.N      ??Mci__5msHandler_28
   \                     ??Mci__5msHandler_27: (+1)
   \   00000210   0x68E0             LDR      R0,[R4, #+12]
   \   00000212   0xF020 0x0040      BIC      R0,R0,#0x40
   \                     ??Mci__5msHandler_28: (+1)
   \   00000216   0x60E0             STR      R0,[R4, #+12]
   1039              Update_Status();
   \                     ??Mci__5msHandler_5: (+1)
   \   00000218   0x7861             LDRB     R1,[R4, #+1]
   \   0000021A   0x69A0             LDR      R0,[R4, #+24]
   \   0000021C   0x2903             CMP      R1,#+3
   \   0000021E   0xD103             BNE.N    ??Mci__5msHandler_29
   \   00000220   0x2105             MOVS     R1,#+5
   \   00000222   0xF361 0x0044      BFI      R0,R1,#+1,#+4
   \   00000226   0xE014             B.N      ??Mci__5msHandler_30
   \                     ??Mci__5msHandler_29: (+1)
   \   00000228   0xF020 0x000A      BIC      R0,R0,#0xA
   \   0000022C   0x2908             CMP      R1,#+8
   \   0000022E   0xD10E             BNE.N    ??Mci__5msHandler_31
   \   00000230   0xF040 0x0010      ORR      R0,R0,#0x10
   \   00000234   0x61A0             STR      R0,[R4, #+24]
   \   00000236   0x.... 0x....      BL       SpeedRefGen__GetStatus
   \   0000023A   0x2803             CMP      R0,#+3
   \   0000023C   0x69A1             LDR      R1,[R4, #+24]
   \   0000023E   0xBF0C             ITE      EQ 
   \   00000240   0xF041 0x0004      ORREQ    R0,R1,#0x4
   \   00000244   0xF021 0x0004      BICNE    R0,R1,#0x4
   \   00000248   0x0840             LSRS     R0,R0,#+1
   \   0000024A   0x0040             LSLS     R0,R0,#+1
   \   0000024C   0xE001             B.N      ??Mci__5msHandler_30
   \                     ??Mci__5msHandler_31: (+1)
   \   0000024E   0xF020 0x0004      BIC      R0,R0,#0x4
   \                     ??Mci__5msHandler_30: (+1)
   \   00000252   0x61A0             STR      R0,[R4, #+24]
   \   00000254   0x2009             MOVS     R0,#+9
   \   00000256   0x.... 0x....      BL       SRMotorSafetyMgr__GetFlag
   \   0000025A   0x.... 0x....      LDR.W    R2,??DataTable15_4
   \   0000025E   0x69A1             LDR      R1,[R4, #+24]
   \   00000260   0x7812             LDRB     R2,[R2, #+0]
   \   00000262   0xF002 0x0201      AND      R2,R2,#0x1
   \   00000266   0x1810             ADDS     R0,R2,R0
   \   00000268   0x7822             LDRB     R2,[R4, #+0]
   \   0000026A   0x1810             ADDS     R0,R2,R0
   \   0000026C   0xB2C0             UXTB     R0,R0
   \   0000026E   0x2803             CMP      R0,#+3
   \   00000270   0xBF0C             ITE      EQ 
   \   00000272   0xF041 0x0020      ORREQ    R0,R1,#0x20
   \   00000276   0xF021 0x0020      BICNE    R0,R1,#0x20
   \   0000027A   0x61A0             STR      R0,[R4, #+24]
   1040          
   1041              Mcl__5msHandler();
   \   0000027C   0xB001             ADD      SP,SP,#+4
   \   0000027E   0xE8BD 0x4030      POP      {R4,R5,LR}
   \   00000282   0x.... 0x....      B.W      Mcl__5msHandler
   1042          }
   1043          
   1044          
   1045          
   1046          
   1047          //---------------------------------------------------------------------------------------------------------------------
   1048          /**
   1049           *  @brief      Handle Mci events of 25ms.
   1050           *
   1051           *  @param      none
   1052           *  @return     none
   1053           */

   \                                 In section .text, align 2, keep-with-next
   1054          void Mci__25msHandler(void)
   1055          {
   \                     Mci__25msHandler: (+1)
   \   00000000   0xB500             PUSH     {LR}
   \   00000002   0xB081             SUB      SP,SP,#+4
   1056              MCI_25MS_CALLBACK();
   \   00000004   0x.... 0x....      BL       BoardDebugging__25msHandler
   \   00000008   0x.... 0x....      BL       SelfCommissioning__25msHandler
   1057          
   1058              SURGE_RELAY_25MS_HANDLER();
   \   0000000C   0x.... 0x....      BL       SurgeRelay__25msHandler
   1059              INVERTER_TEMP_25MS_HANDLER();
   1060              POWERMODULEMANAGER__25MS_HANDLER();
   1061          
   1062              Mcl__25msHandler();
   \   00000010   0xB001             ADD      SP,SP,#+4
   \   00000012   0xF85D 0xEB04      POP      {LR}
   \   00000016   0x.... 0x....      B.W      Mcl__25msHandler
   1063          }
   1064          
   1065          
   1066          
   1067          
   1068          /**
   1069           * Run the motor, this will start the motor to run from zero RPM until a given speed with a given RPM/s. And also,
   1070           * if the motor is already running, the speed can be changed using this method.
   1071           * @param motor selects which motor to be used (one motor application, uses only MOTOR0)
   1072           * @param target_rpm is the next required speed
   1073           * @param rpm_per_s is the acceleration to the next speed. This parameter is POSITIVE the Mci will take care of its
   1074           * sign if a negative speed or deceleration is needed.
   1075           * @return MCI_CMD_INDEX_OUT_RANGE     -7 - [T/F] - command was denied by Mci because selected motor does not exist
   1076           * @return MCI_CMD_STOP_REQUESTED      -6 - [T/F] - command was denied by Mci because motor is stopping by user request
   1077           * @return MCI_CMD_PARAM_NOT_LOADED    -5 - [T/F] - denied because parameters are not loaded
   1078           * @return MCI_CMD_TIMEOUT             -4 - [T/F] - timeout due to long feedback time
   1079           * @return MCI_CMD_RAMP_OUT_OF_RANGE   -3 - [T/F] - denied due to acceleration out of range
   1080           * @return MCI_CMD_SPEED_OUT_OF_RANGE  -2 - [T/F] - denied due to speed out of range
   1081           * @return MCI_CMD_DENIED              -1 - [T/F] - denied due reason not disclosed.
   1082           * @return MCI_CMD_ACCEPTED             0 - [T/F] - accepted
   1083           */

   \                                 In section .text, align 2, keep-with-next
   1084          MCI_CMD_RESPONSE_TYPE Mci__Run(MOTOR_ENUM_TYPE motor, sint32 speed_rpm, sint32 ramp_rpm_per_s)
   1085          {
   \                     Mci__Run: (+1)
   \   00000000   0xB5F0             PUSH     {R4-R7,LR}
   \   00000002   0x0003             MOVS     R3,R0
   \   00000004   0x4608             MOV      R0,R1
   \   00000006   0x4611             MOV      R1,R2
   \   00000008   0xB081             SUB      SP,SP,#+4
   1086              MCI_CMD_RESPONSE_TYPE response;
   1087              sint16 temp_s16;
   1088          
   1089              response = MCI_CMD_DENIED;
   \   0000000A   0xF04F 0x32FF      MOV      R2,#-1
   1090          
   1091          	#ifdef MAX_ACCELERATION_SAT
   1092              if(ramp_rpm_per_s > MAX_ACCELERATION_SAT)
   1093              {
   1094                  ramp_rpm_per_s = MAX_ACCELERATION_SAT;
   1095              }
   1096          	#endif
   1097          
   1098              if(motor == MOTOR0)
   \   0000000E   0xD143             BNE.N    ??Mci__Run_0
   1099              {
   1100                  if(BIT_TEST(Mci_Status_Control, MCI_DI_PARAMETERS_LOADED))
   \   00000010   0x.... 0x....      LDR.W    R3,??DataTable13
   \   00000014   0x699C             LDR      R4,[R3, #+24]
   \   00000016   0xF3C4 0x1440      UBFX     R4,R4,#+5,#+1
   \   0000001A   0xB3C4             CBZ.N    R4,??Mci__Run_1
   1101                  {
   1102                      if(!(BIT_TEST(Mci_Flow_Control, MCI_REQUESTED_STOP)))
   \   0000001C   0x695C             LDR      R4,[R3, #+20]
   \   0000001E   0xF3C4 0x0580      UBFX     R5,R4,#+2,#+1
   \   00000022   0xBB7D             CBNZ.N   R5,??Mci__Run_2
   1103                      {
   1104                          temp_s16 = MATHCALC__ABS(speed_rpm);
   \   00000024   0x2800             CMP      R0,#+0
   \   00000026   0xBF4C             ITE      MI 
   \   00000028   0x4245             RSBMI    R5,R0,#+0
   \   0000002A   0x4605             MOVPL    R5,R0
   1105          
   1106                          if( (temp_s16 <= Mci_Parameters->Max_Speed_Rpm) &&
   1107                              (temp_s16 >= Mci_Parameters->Min_Speed_Rpm) )
   \   0000002C   0x689E             LDR      R6,[R3, #+8]
   \   0000002E   0x6837             LDR      R7,[R6, #+0]
   \   00000030   0xB22D             SXTH     R5,R5
   \   00000032   0x42AF             CMP      R7,R5
   \   00000034   0xBFA4             ITT      GE 
   \   00000036   0x6877             LDRGE    R7,[R6, #+4]
   \   00000038   0x42BD             CMPGE    R5,R7
   \   0000003A   0xDB1E             BLT.N    ??Mci__Run_3
   1108                          {
   1109                              temp_s16 = MATHCALC__ABS(ramp_rpm_per_s);
   \   0000003C   0x2900             CMP      R1,#+0
   \   0000003E   0xBF4C             ITE      MI 
   \   00000040   0x424D             RSBMI    R5,R1,#+0
   \   00000042   0x460D             MOVPL    R5,R1
   1110          
   1111                              if( (temp_s16 <= Mci_Parameters->Max_Rpm_Per_Sec_Accel) &&
   1112                                  (temp_s16 >=  Mci_Parameters->Min_Rpm_Per_Sec_Accel) )
   \   00000044   0x68B7             LDR      R7,[R6, #+8]
   \   00000046   0xB22D             SXTH     R5,R5
   \   00000048   0x42AF             CMP      R7,R5
   \   0000004A   0xBFA4             ITT      GE 
   \   0000004C   0x6936             LDRGE    R6,[R6, #+16]
   \   0000004E   0x42B5             CMPGE    R5,R6
   \   00000050   0xDB0E             BLT.N    ??Mci__Run_4
   \   00000052   0x785D             LDRB     R5,[R3, #+1]
   \   00000054   0x2D03             CMP      R5,#+3
   \   00000056   0xD103             BNE.N    ??Mci__Run_5
   1113                              {
   1114                                  if(Mci_Control_State == MCI_IDLE)
   1115                                  {
   1116                                      MCI_SET_FLOW_CTL(MCI_REQUESTED_START);
   \   00000058   0xF044 0x0208      ORR      R2,R4,#0x8
   \   0000005C   0x615A             STR      R2,[R3, #+20]
   1117          
   1118                                      SpeedRefGen__SetNewSpeed(speed_rpm, ramp_rpm_per_s);
   \   0000005E   0xE001             B.N      ??Mci__Run_6
   1119          
   1120                                      response = MCI_CMD_ACCEPTED;
   1121                                  }
   1122                                  else if(Mci_Control_State == MCI_RUNNING)
   \                     ??Mci__Run_5: (+1)
   \   00000060   0x2D08             CMP      R5,#+8
   \   00000062   0xD11B             BNE.N    ??Mci__Run_7
   1123                                  {
   1124                                      SpeedRefGen__SetNewSpeed(speed_rpm, ramp_rpm_per_s);
   \                     ??Mci__Run_6: (+1)
   \   00000064   0x.... 0x....      BL       SpeedRefGen__SetNewSpeed
   1125          
   1126                                      response = MCI_CMD_ACCEPTED;
   \   00000068   0x2200             MOVS     R2,#+0
   1127                                  }
   1128                              }
   1129                          #if defined MCL_SET_RUNNING_COAST_DOWN
   1130                              else if(temp_s16 == 0)
   1131                              {
   1132                                  if(Mci_Control_State == MCI_RUNNING)
   1133                                  {
   1134                                      if(SpeedRefGen__SetNewSpeed(speed_rpm, 0) == SPEED_REF_NEG_STEP)
   1135                                      {
   1136                                          if(MCL_SET_RUNNING_COAST_DOWN(TRUE) == TRUE)
   1137                                          {
   1138                                              response = MCI_CMD_ACCEPTED;
   1139                                          }
   1140                                      }
   1141                                  }
   1142                              }
   1143                          #endif
   1144                              else
   1145                              {
   1146                                  response = MCI_CMD_RAMP_OUT_OF_RANGE;
   1147                              }
   1148                          }
   1149                          else
   1150                          {
   1151                              response = MCI_CMD_SPEED_OUT_OF_RANGE;
   1152                          }
   1153                      }
   1154                      else
   1155                      {
   1156                          response = MCI_CMD_STOP_REQUESTED;
   1157                      }
   1158                  }
   1159                  else
   1160                  {
   1161                      response = MCI_CMD_PARAM_NOT_LOADED;
   1162                  }
   1163              }
   1164              else
   1165              {
   1166          		response = MCI_CMD_INDEX_OUT_RANGE;
   1167              }
   1168          
   1169              API220_RUN_CALLBACK(motor, speed_rpm, ramp_rpm_per_s, response);
   1170          
   1171              return(response);
   \   0000006A   0x4610             MOV      R0,R2
   \   0000006C   0xB001             ADD      SP,SP,#+4
   \   0000006E   0xBDF0             POP      {R4-R7,PC}
   \                     ??Mci__Run_4: (+1)
   \   00000070   0xF06F 0x0202      MVN      R2,#+2
   \   00000074   0x4610             MOV      R0,R2
   \   00000076   0xB001             ADD      SP,SP,#+4
   \   00000078   0xBDF0             POP      {R4-R7,PC}
   \                     ??Mci__Run_3: (+1)
   \   0000007A   0xF06F 0x0201      MVN      R2,#+1
   \   0000007E   0x4610             MOV      R0,R2
   \   00000080   0xB001             ADD      SP,SP,#+4
   \   00000082   0xBDF0             POP      {R4-R7,PC}
   \                     ??Mci__Run_2: (+1)
   \   00000084   0xF06F 0x0205      MVN      R2,#+5
   \   00000088   0x4610             MOV      R0,R2
   \   0000008A   0xB001             ADD      SP,SP,#+4
   \   0000008C   0xBDF0             POP      {R4-R7,PC}
   \                     ??Mci__Run_1: (+1)
   \   0000008E   0xF06F 0x0204      MVN      R2,#+4
   \   00000092   0x4610             MOV      R0,R2
   \   00000094   0xB001             ADD      SP,SP,#+4
   \   00000096   0xBDF0             POP      {R4-R7,PC}
   \                     ??Mci__Run_0: (+1)
   \   00000098   0xF06F 0x0206      MVN      R2,#+6
   \                     ??Mci__Run_7: (+1)
   \   0000009C   0x4610             MOV      R0,R2
   \   0000009E   0xB001             ADD      SP,SP,#+4
   \   000000A0   0xBDF0             POP      {R4-R7,PC}       ;; return
   1172          }
   1173          
   1174          
   1175          
   1176          
   1177          //---------------------------------------------------------------------------------------------------------------------
   1178          /**
   1179           * Manual injection - used to control manually voltage or current injection in the motor.
   1180           *
   1181           * @param   motor - motor indexer. Select what motor will be manually controlled
   1182           * @param   method - select method to be controlled. Methods implemented are:
   1183           *                         MCI_MANUAL_INJECTION_DC_VOLTAGE - DC voltage, requires voltage level and position
   1184           *                         MCI_MANUAL_INJECTION_AC_VOLTAGE - AC voltage, requires voltage level and frequency
   1185           *                         MCI_MANUAL_INJECTION_DC_CURRENT - DC current, requires current level [A], current rate [A/s] and position [degree]
   1186           *                         MCI_MANUAL_INJECTION_AC_CURRENT - AC current, requires current level and frequency
   1187           *
   1188           * @param   level_x32 - targeted level x32;  [V] if selected method is voltage;
   1189           *                                           [A] if method is current
   1190           * @param   level_rate_x32 - level rate x32; [V/s] if selected method is voltage;
   1191           *                                           [A/s] if method is current
   1192           * @param   param_x32 - auxiliary parameter x32; [Hz] if selected method is AC voltage/current;
   1193           *                                               [degree] if method is DC voltage/current
   1194           * @param   param_rate_x32 - auxiliary parameter rate x32; [Hz/s] if selected method is AC voltage/current;
   1195           *                                                         not used if method is DC voltage/current
   1196           * @return MCI_CMD_INDEX_OUT_RANGE     -7 - [T/F] - command was denied by Mci because selected motor does not exist
   1197           * @return MCI_CMD_STOP_REQUESTED      -6 - [T/F] - command was denied by Mci because motor is stopping by user request
   1198           * @return MCI_CMD_PARAM_NOT_LOADED    -5 - [T/F] - denied because parameters are not loaded
   1199           * @return MCI_CMD_TIMEOUT             -4 - [T/F] - timeout due to long feedback time
   1200           * @return MCI_CMD_RAMP_OUT_OF_RANGE   -3 - [T/F] - denied due to acceleration out of range
   1201           * @return MCI_CMD_SPEED_OUT_OF_RANGE  -2 - [T/F] - denied due to speed out of range
   1202           * @return MCI_CMD_DENIED              -1 - [T/F] - denied due reason not disclosed.
   1203           * @return MCI_CMD_ACCEPTED             0 - [T/F] - accepted
   1204           *
   1205           */

   \                                 In section .text, align 4, keep-with-next
   1206          MCI_CMD_RESPONSE_TYPE Mci__Manual_Injection(MOTOR_ENUM_TYPE motor, MCI_INJECTION_TYPE method, sint32 level_x32, sint32 level_rate_x32, sint32 param_x32, sint32 param_rate_x32)
   1207          {
   \                     Mci__Manual_Injection: (+1)
   \   00000000   0xB530             PUSH     {R4,R5,LR}
   \   00000002   0x461C             MOV      R4,R3
   \   00000004   0xB081             SUB      SP,SP,#+4
   1208              MCI_CMD_RESPONSE_TYPE response;
   1209          
   1210              response = MCI_CMD_DENIED;
   \   00000006   0xF04F 0x33FF      MOV      R3,#-1
   1211          
   1212              if(motor == MOTOR0)
   \   0000000A   0x2800             CMP      R0,#+0
   \   0000000C   0xD171             BNE.N    ??Mci__Manual_Injection_1
   1213              {
   1214                  if(BIT_TEST(Mci_Status_Control, MCI_DI_PARAMETERS_LOADED))
   \   0000000E   0x.... 0x....      LDR.W    R5,??DataTable13
   \   00000012   0x69A8             LDR      R0,[R5, #+24]
   \   00000014   0xF3C0 0x1040      UBFX     R0,R0,#+5,#+1
   \   00000018   0x2800             CMP      R0,#+0
   \   0000001A   0xD065             BEQ.N    ??Mci__Manual_Injection_2
   1215                  {
   1216                      if(!(BIT_TEST(Mci_Flow_Control, MCI_REQUESTED_STOP)))
   \   0000001C   0x6968             LDR      R0,[R5, #+20]
   \   0000001E   0xF3C0 0x0080      UBFX     R0,R0,#+2,#+1
   \   00000022   0x2800             CMP      R0,#+0
   \   00000024   0xD15B             BNE.N    ??Mci__Manual_Injection_3
   \   00000026   0x7868             LDRB     R0,[R5, #+1]
   \   00000028   0x2803             CMP      R0,#+3
   \   0000002A   0xBF18             IT       NE 
   \   0000002C   0x280B             CMPNE    R0,#+11
   \   0000002E   0xD162             BNE.N    ??Mci__Manual_Injection_4
   1217                      {
   1218                          if((Mci_Control_State == MCI_IDLE)||(Mci_Control_State == MCI_MANUAL_CONTROL))
   1219                          {
   1220                              Mcl_IO.Manual_Injection_Level = MATHCALC__ABS(level_x32);
   \   00000030   0x2A00             CMP      R2,#+0
   \   00000032   0xBF48             IT       MI 
   \   00000034   0x4252             RSBMI    R2,R2,#+0
   \   00000036   0x.... 0x....      LDR.W    R0,??DataTable12
   \   0000003A   0x6142             STR      R2,[R0, #+20]
   1221                              Mcl_IO.Manual_Injection_Level_Rate = MATHCALC__ABS(level_rate_x32);
   \   0000003C   0x0022             MOVS     R2,R4
   \   0000003E   0xBF48             IT       MI 
   \   00000040   0x4252             RSBMI    R2,R2,#+0
   \   00000042   0x6182             STR      R2,[R0, #+24]
   1222          
   1223                              switch(method)
   \   00000044   0x2903             CMP      R1,#+3
   \   00000046   0x9A04             LDR      R2,[SP, #+16]
   \   00000048   0x9B05             LDR      R3,[SP, #+20]
   \   0000004A   0xD83F             BHI.N    ??Mci__Manual_Injection_5
   \   0000004C   0xE8DF 0xF001      TBB      [PC, R1]
   \                     ??Mci__Manual_Injection_0:
   \   00000050   0x02 0x10          DC8      0x2,0x10,0x20,0x2E
   \              0x20 0x2E    
   1224                              {
   1225                                  case MCI_MANUAL_INJECTION_DC_VOLTAGE:
   1226                                      Mcl_IO.Manual_Injection_Param = param_x32;
   \                     ??Mci__Manual_Injection_6: (+1)
   \   00000054   0x61C2             STR      R2,[R0, #+28]
   1227                                      Mcl_IO.Manual_Injection_Param_Rate = 0;
   \   00000056   0x2100             MOVS     R1,#+0
   \   00000058   0x6201             STR      R1,[R0, #+32]
   1228                                      Mcl__SetDigital(MCL_WRITE_INJECTION_DC_VOLTAGE);
   \   0000005A   0x2003             MOVS     R0,#+3
   \   0000005C   0x.... 0x....      BL       Mcl__SetDigital
   1229                                      MCI_SET_FLOW_CTL(MCI_REQUESTED_MANUAL_DC_VOLTAGE);
   \   00000060   0x6968             LDR      R0,[R5, #+20]
   \   00000062   0xF040 0x0010      ORR      R0,R0,#0x10
   \   00000066   0x6168             STR      R0,[R5, #+20]
   1230                                      break;
   1231          
   1232                                  case MCI_MANUAL_INJECTION_AC_VOLTAGE:
   1233                                      Mcl_IO.Manual_Injection_Param = param_x32;
   1234                                      Mcl_IO.Manual_Injection_Param_Rate = MATHCALC__ABS(param_rate_x32);
   1235                                      Mcl__SetDigital(MCL_WRITE_INJECTION_AC_VOLTAGE);
   1236                                      MCI_SET_FLOW_CTL(MCI_REQUESTED_MANUAL_AC_VOLTAGE);
   1237                                      break;
   1238          
   1239                                  case MCI_MANUAL_INJECTION_DC_CURRENT:
   1240                                      Mcl_IO.Manual_Injection_Param = param_x32;
   1241                                      Mcl_IO.Manual_Injection_Param_Rate = 0;
   1242                                      Mcl__SetDigital(MCL_WRITE_INJECTION_DC_CURRENT);
   1243                                      MCI_SET_FLOW_CTL(MCI_REQUESTED_MANUAL_DC_CURRENT);
   1244                                      break;
   1245          
   1246                                  case MCI_MANUAL_INJECTION_AC_CURRENT:
   1247                                      Mcl_IO.Manual_Injection_Param = param_x32;
   1248                                      Mcl_IO.Manual_Injection_Param_Rate = MATHCALC__ABS(param_rate_x32);
   1249                                      Mcl__SetDigital(MCL_WRITE_INJECTION_AC_CURRENT);
   1250                                      MCI_SET_FLOW_CTL(MCI_REQUESTED_MANUAL_AC_CURRENT);
   1251                                      break;
   1252          
   1253                                  default:
   1254                                      Mcl_IO.Manual_Injection_Level = 0;
   1255                                      Mcl_IO.Manual_Injection_Level_Rate = 0;
   1256                                      Mcl_IO.Manual_Injection_Param = 0;
   1257                                      Mcl_IO.Manual_Injection_Param_Rate = 0;
   1258                                      break;
   1259                              }
   1260                              response = MCI_CMD_ACCEPTED;
   \   00000068   0x2300             MOVS     R3,#+0
   1261                          }
   1262                      }
   1263                      else
   1264                      {
   1265                          response = MCI_CMD_STOP_REQUESTED;
   1266                      }
   1267                  }
   1268                  else
   1269                  {
   1270                      response = MCI_CMD_PARAM_NOT_LOADED;
   1271                  }
   1272              }
   1273              else
   1274              {
   1275          		response = MCI_CMD_INDEX_OUT_RANGE;
   1276              }
   1277              API220_MANUAL_INJECTION_CALLBACK(motor, method, level_x32, level_rate_x32, param_x32, param_rate_x32, response);
   1278          
   1279              return response;
   \   0000006A   0x4618             MOV      R0,R3
   \   0000006C   0xB001             ADD      SP,SP,#+4
   \   0000006E   0xBD30             POP      {R4,R5,PC}
   \                     ??Mci__Manual_Injection_7: (+1)
   \   00000070   0x61C2             STR      R2,[R0, #+28]
   \   00000072   0x0019             MOVS     R1,R3
   \   00000074   0xBF48             IT       MI 
   \   00000076   0x4249             RSBMI    R1,R1,#+0
   \   00000078   0x6201             STR      R1,[R0, #+32]
   \   0000007A   0x2004             MOVS     R0,#+4
   \   0000007C   0x.... 0x....      BL       Mcl__SetDigital
   \   00000080   0x6968             LDR      R0,[R5, #+20]
   \   00000082   0xF040 0x0020      ORR      R0,R0,#0x20
   \   00000086   0x6168             STR      R0,[R5, #+20]
   \   00000088   0x2300             MOVS     R3,#+0
   \   0000008A   0x4618             MOV      R0,R3
   \   0000008C   0xB001             ADD      SP,SP,#+4
   \   0000008E   0xBD30             POP      {R4,R5,PC}
   \                     ??Mci__Manual_Injection_8: (+1)
   \   00000090   0x2100             MOVS     R1,#+0
   \   00000092   0x61C2             STR      R2,[R0, #+28]
   \   00000094   0x6201             STR      R1,[R0, #+32]
   \   00000096   0x2005             MOVS     R0,#+5
   \   00000098   0x.... 0x....      BL       Mcl__SetDigital
   \   0000009C   0x6968             LDR      R0,[R5, #+20]
   \   0000009E   0xF040 0x0040      ORR      R0,R0,#0x40
   \   000000A2   0x6168             STR      R0,[R5, #+20]
   \   000000A4   0x2300             MOVS     R3,#+0
   \   000000A6   0x4618             MOV      R0,R3
   \   000000A8   0xB001             ADD      SP,SP,#+4
   \   000000AA   0xBD30             POP      {R4,R5,PC}
   \                     ??Mci__Manual_Injection_9: (+1)
   \   000000AC   0x61C2             STR      R2,[R0, #+28]
   \   000000AE   0x0019             MOVS     R1,R3
   \   000000B0   0xBF48             IT       MI 
   \   000000B2   0x4249             RSBMI    R1,R1,#+0
   \   000000B4   0x6201             STR      R1,[R0, #+32]
   \   000000B6   0x2006             MOVS     R0,#+6
   \   000000B8   0x.... 0x....      BL       Mcl__SetDigital
   \   000000BC   0x6968             LDR      R0,[R5, #+20]
   \   000000BE   0xF040 0x0080      ORR      R0,R0,#0x80
   \   000000C2   0x6168             STR      R0,[R5, #+20]
   \   000000C4   0x2300             MOVS     R3,#+0
   \   000000C6   0x4618             MOV      R0,R3
   \   000000C8   0xB001             ADD      SP,SP,#+4
   \   000000CA   0xBD30             POP      {R4,R5,PC}
   \                     ??Mci__Manual_Injection_5: (+1)
   \   000000CC   0x2100             MOVS     R1,#+0
   \   000000CE   0x6141             STR      R1,[R0, #+20]
   \   000000D0   0x6181             STR      R1,[R0, #+24]
   \   000000D2   0x61C1             STR      R1,[R0, #+28]
   \   000000D4   0x6201             STR      R1,[R0, #+32]
   \   000000D6   0x2300             MOVS     R3,#+0
   \   000000D8   0x4618             MOV      R0,R3
   \   000000DA   0xB001             ADD      SP,SP,#+4
   \   000000DC   0xBD30             POP      {R4,R5,PC}
   \                     ??Mci__Manual_Injection_3: (+1)
   \   000000DE   0xF06F 0x0305      MVN      R3,#+5
   \   000000E2   0x4618             MOV      R0,R3
   \   000000E4   0xB001             ADD      SP,SP,#+4
   \   000000E6   0xBD30             POP      {R4,R5,PC}
   \                     ??Mci__Manual_Injection_2: (+1)
   \   000000E8   0xF06F 0x0304      MVN      R3,#+4
   \   000000EC   0x4618             MOV      R0,R3
   \   000000EE   0xB001             ADD      SP,SP,#+4
   \   000000F0   0xBD30             POP      {R4,R5,PC}
   \                     ??Mci__Manual_Injection_1: (+1)
   \   000000F2   0xF06F 0x0306      MVN      R3,#+6
   \                     ??Mci__Manual_Injection_4: (+1)
   \   000000F6   0x4618             MOV      R0,R3
   \   000000F8   0xB001             ADD      SP,SP,#+4
   \   000000FA   0xBD30             POP      {R4,R5,PC}       ;; return
   1280          }
   1281          
   1282          
   1283          
   1284          
   1285          //---------------------------------------------------------------------------------------------------------------------
   1286          /**
   1287           * Stop the motor regardless its speed with a desired rate. This command
   1288           * is always accepted.
   1289           * @param rpm_per_s - ramp down in rpm/s that the motor shall deaccelerates
   1290           * @param ramp_rpm_per_s equal to zero means coasting stopping.
   1291           * @param ramp_rpm_per_s higher than  MAX_RPM_PER_SEC_DECEL means lowers on mode stopping.
   1292           * @param ramp_rpm_per_s lower than  MAX_RPM_PER_SEC_DECEL (but not zero) means all devices off stopping.
   1293           * @return MCI_CMD_ACCEPTED             0 - [T/F] - accepted - always accepted
   1294           */

   \                                 In section .text, align 2, keep-with-next
   1295          MCI_CMD_RESPONSE_TYPE Mci__Stop(MOTOR_ENUM_TYPE motor, sint32 ramp_rpm_per_s)
   1296          {
   \                     Mci__Stop: (+1)
   \   00000000   0xB530             PUSH     {R4,R5,LR}
   \   00000002   0xB081             SUB      SP,SP,#+4
   \   00000004   0x460C             MOV      R4,R1
   1297              if(motor == MOTOR0)
   \   00000006   0x2800             CMP      R0,#+0
   \   00000008   0xD13A             BNE.N    ??Mci__Stop_0
   1298              {
   1299                  MCI_CLR_FLOW_CTL(MCI_REQUESTED_START);
   \   0000000A   0x.... 0x....      LDR.W    R5,??DataTable13
   \   0000000E   0x6968             LDR      R0,[R5, #+20]
   1300          
   1301                  if(BIT_TEST(Mci_Status_Control, MCI_DI_PARAMETERS_LOADED))
   \   00000010   0x69A9             LDR      R1,[R5, #+24]
   \   00000012   0xF020 0x0008      BIC      R0,R0,#0x8
   \   00000016   0x6168             STR      R0,[R5, #+20]
   \   00000018   0xF3C1 0x1140      UBFX     R1,R1,#+5,#+1
   \   0000001C   0xB371             CBZ.N    R1,??Mci__Stop_1
   1302                  {
   1303                      if(!(BIT_TEST(Mci_Flow_Control, MCI_REQUESTED_STOP)))
   \   0000001E   0xF3C0 0x0080      UBFX     R0,R0,#+2,#+1
   \   00000022   0xBB68             CBNZ.N   R0,??Mci__Stop_0
   \   00000024   0x7868             LDRB     R0,[R5, #+1]
   \   00000026   0x2808             CMP      R0,#+8
   \   00000028   0xBF1C             ITT      NE 
   \   0000002A   0x2807             CMPNE    R0,#+7
   \   0000002C   0x2804             CMPNE    R0,#+4
   \   0000002E   0xD119             BNE.N    ??Mci__Stop_2
   1304                      {
   1305                          if( (Mci_Control_State == MCI_RUNNING)          ||
   1306                              (Mci_Control_State == MCI_STARTING)         ||
   1307                              (Mci_Control_State == MCI_CLASS_B_STARTING)  )
   1308                          {
   1309                              ramp_rpm_per_s = MATHCALC__ABS(ramp_rpm_per_s);
   \   00000030   0x2C00             CMP      R4,#+0
   \   00000032   0xBF48             IT       MI 
   \   00000034   0x4264             RSBMI    R4,R4,#+0
   1310          
   1311                              if(ramp_rpm_per_s == 0)
   \   00000036   0xB90C             CBNZ.N   R4,??Mci__Stop_3
   1312                              {
   1313                                  MCL_SET_STOPPING_COAST_DOWN();
   \   00000038   0x2000             MOVS     R0,#+0
   \   0000003A   0xE006             B.N      ??Mci__Stop_4
   1314                              }
   \                     ??Mci__Stop_3: (+1)
   \   0000003C   0x68A8             LDR      R0,[R5, #+8]
   \   0000003E   0x68C0             LDR      R0,[R0, #+12]
   \   00000040   0x42A0             CMP      R0,R4
   \   00000042   0xBFBA             ITTE     LT 
   1315                              else if(ramp_rpm_per_s > Mci_Parameters->Max_Rpm_Per_Sec_Decel)
   1316                              {
   1317                                  ramp_rpm_per_s = Mci_Parameters->Max_Rpm_Per_Sec_Decel;
   \   00000044   0x4604             MOVLT    R4,R0
   1318          
   1319                                  MCL_SET_STOPPING_LOWERS_ON();
   \   00000046   0x2001             MOVLT    R0,#+1
   1320                              }
   1321                              else
   1322                              {
   1323                                  MCL_SET_STOPPING_REQUEST();
   \   00000048   0x2002             MOVGE    R0,#+2
   \                     ??Mci__Stop_4: (+1)
   \   0000004A   0x.... 0x....      BL       Mcl__SetDigital
   1324                              }
   1325          
   1326                              MCI_SET_FLOW_CTL(MCI_REQUESTED_STOP);
   \   0000004E   0x6968             LDR      R0,[R5, #+20]
   \   00000050   0xF040 0x0004      ORR      R0,R0,#0x4
   \   00000054   0x6168             STR      R0,[R5, #+20]
   1327          
   1328                              SpeedRefGen__SetNewSpeed(0, ramp_rpm_per_s);
   \   00000056   0x4621             MOV      R1,R4
   \   00000058   0x2000             MOVS     R0,#+0
   \   0000005A   0x.... 0x....      BL       SpeedRefGen__SetNewSpeed
   1329                          }
   1330                          else if(Mci_Control_State == MCI_MANUAL_CONTROL)
   1331                          {
   1332                              Mcl__ResetDigital(MCL_WRITE_ALL_INJECTION_METHOD);
   1333                              MCI_SET_FLOW_CTL(MCI_REQUESTED_STOP);
   1334                          }
   1335                      }
   1336                  }
   1337                  else
   1338                  {
   1339                      MotorSafetyMgr__ForceStop();
   1340                  }
   1341              }
   1342          
   1343              API220_STOP_CALLBACK(motor, ramp_rpm_per_s, MCI_CMD_ACCEPTED);
   1344          
   1345              return(MCI_CMD_ACCEPTED);
   \   0000005E   0x2000             MOVS     R0,#+0
   \   00000060   0xB001             ADD      SP,SP,#+4
   \   00000062   0xBD30             POP      {R4,R5,PC}
   \                     ??Mci__Stop_2: (+1)
   \   00000064   0x280B             CMP      R0,#+11
   \   00000066   0xD10B             BNE.N    ??Mci__Stop_0
   \   00000068   0x2007             MOVS     R0,#+7
   \   0000006A   0x.... 0x....      BL       Mcl__ResetDigital
   \   0000006E   0x6968             LDR      R0,[R5, #+20]
   \   00000070   0xF040 0x0004      ORR      R0,R0,#0x4
   \   00000074   0x6168             STR      R0,[R5, #+20]
   \   00000076   0xB001             ADD      SP,SP,#+4
   \   00000078   0x2000             MOVS     R0,#+0
   \   0000007A   0xBD30             POP      {R4,R5,PC}
   \                     ??Mci__Stop_1: (+1)
   \   0000007C   0x.... 0x....      BL       SRMotorSafetyMgr__ForceStop
   \                     ??Mci__Stop_0: (+1)
   \   00000080   0x2000             MOVS     R0,#+0
   \   00000082   0xB001             ADD      SP,SP,#+4
   \   00000084   0xBD30             POP      {R4,R5,PC}       ;; return
   1346          }
   1347          
   1348          
   1349          
   1350          
   1351          //---------------------------------------------------------------------------------------------------------------------
   1352          /**
   1353           * Read any digital error from the MCI
   1354           * @param input is index of the parameter. See the Mci.h file
   1355           * @return TRUE/FALSE according to the type of the passed parameter. The default return is TRUE.
   1356           */

   \                                 In section .text, align 4, keep-with-next
   1357          uint8 Mci__GetError(MOTOR_ENUM_TYPE motor, MCI_ERROR_TYPE read_error)
   1358          {
   1359              uint8 ret_val;
   1360          
   1361              ret_val = FALSE;
   \                     Mci__GetError: (+1)
   \   00000000   0x2200             MOVS     R2,#+0
   1362          
   1363              if(motor == MOTOR0)
   \   00000002   0x2800             CMP      R0,#+0
   \   00000004   0xF040 0x80A3      BNE.W    ??Mci__GetError_1
   1364              {
   1365                  if(Mci_Control_State > MCI_INITIALIZING)
   \   00000008   0x.... 0x....      LDR.W    R0,??DataTable13
   \   0000000C   0x7843             LDRB     R3,[R0, #+1]
   \   0000000E   0x2B03             CMP      R3,#+3
   \   00000010   0xF2C0 0x809D      BLT.W    ??Mci__GetError_1
   1366                  {
   1367                      switch(read_error)
   \   00000014   0x2916             CMP      R1,#+22
   \   00000016   0xF200 0x8099      BHI.W    ??Mci__GetError_2
   \   0000001A   0xE8DF 0xF001      TBB      [PC, R1]
   \                     ??Mci__GetError_0:
   \   0000001E   0x0C 0x67          DC8      0xC,0x67,0x13,0x19
   \              0x13 0x19    
   \   00000022   0x1F 0x2B          DC8      0x1F,0x2B,0x31,0x43
   \              0x31 0x43    
   \   00000026   0x73 0x79          DC8      0x73,0x79,0x49,0x4F
   \              0x49 0x4F    
   \   0000002A   0x55 0x37          DC8      0x55,0x37,0x5B,0x61
   \              0x5B 0x61    
   \   0000002E   0x3D 0x25          DC8      0x3D,0x25,0x6D,0x7F
   \              0x6D 0x7F    
   \   00000032   0x85 0x8B          DC8      0x85,0x8B,0x91,0x0
   \              0x91 0x00    
   1368                     {
   1369                          case MCI_ERROR_ANY_ERROR_FOUND:                         // Any error found?
   1370                               ret_val = GET_TRUE_FALSE(Mci_Error_Holder);
   \                     ??Mci__GetError_3: (+1)
   \   00000036   0x6900             LDR      R0,[R0, #+16]
   \   00000038   0x1E42             SUBS     R2,R0,#+1
   \   0000003A   0x4192             SBCS     R2,R2,R2
   \   0000003C   0x43D2             MVNS     R2,R2
   \   0000003E   0x0FD2             LSRS     R2,R2,#+31
   1371                               break;
   1372          
   1373                          case MCI_ERROR_DCBUS_OVER_VOLTAGE:                      // DC bus link over voltage detected
   1374                              ret_val = GET_TRUE_FALSE(BIT_TEST(Mci_Error_Holder, MCI_ERROR_DCBUS_OVER_VOLTAGE));
   1375                              break;
   1376          
   1377                          case MCI_ERROR_DCBUS_UNDER_VOLTAGE:                     // DC bus link under voltage detected
   1378                              ret_val = GET_TRUE_FALSE(BIT_TEST(Mci_Error_Holder, MCI_ERROR_DCBUS_UNDER_VOLTAGE));
   1379                              break;
   1380          
   1381                          case MCI_ERROR_INVERTER_OVER_TEMP:                      // Module over temperature
   1382                              ret_val = GET_TRUE_FALSE(BIT_TEST(Mci_Error_Holder, MCI_ERROR_INVERTER_OVER_TEMP));
   1383                              break;
   1384          
   1385                          case MCI_ERROR_CLASS_A_MOTOR_OVER_TEMP:                 // Class-A thermal model temperature exceeded the limit
   1386                              ret_val = GET_TRUE_FALSE(BIT_TEST(Mci_Error_Holder, MCI_ERROR_CLASS_A_MOTOR_OVER_TEMP));
   1387                              break;
   1388          
   1389                          case MCI_ERROR_LOCKED_ROTOR_AT_STARTUP:                 // Rotor is locked by class A detection
   1390                              ret_val = GET_TRUE_FALSE(BIT_TEST(Mci_Error_Holder, MCI_ERROR_LOCKED_ROTOR_AT_STARTUP));
   1391                              break;
   1392          
   1393                          case MCI_ERROR_LOCKED_ROTOR_IN_RUNNING:                 // Rotor is locked by class B detection
   1394                              ret_val = GET_TRUE_FALSE(BIT_TEST(Mci_Error_Holder, MCI_ERROR_LOCKED_ROTOR_IN_RUNNING));
   1395                              break;
   1396          
   1397                          case MCI_ERROR_PHASE_LOST:                              // Phsae lost is detected.
   1398                              ret_val = GET_TRUE_FALSE(BIT_TEST(Mci_Error_Holder, MCI_ERROR_PHASE_LOST));
   1399                              break;
   1400          
   1401                          case MCI_ERROR_INT_DISABLED:                            // Interrupt is disabled
   1402                              ret_val = GET_TRUE_FALSE(BIT_TEST(Mci_Error_Holder, MCI_ERROR_INT_DISABLED));
   1403                              break;
   1404          
   1405                          case MCI_ERROR_OVER_LOAD:                               // Motor is overloaded!
   1406                              ret_val = GET_TRUE_FALSE(BIT_TEST(Mci_Error_Holder, MCI_ERROR_OVER_LOAD));
   1407                              break;
   1408          
   1409                          case MCI_ERROR_SW_OVER_CURRENT:                         // Motor over current detected by logic/software
   1410                              ret_val = GET_TRUE_FALSE(BIT_TEST(Mci_Error_Holder, MCI_ERROR_SW_OVER_CURRENT));
   1411                              break;
   1412          
   1413                          case MCI_ERROR_HW_OVER_CURRENT:                         // Motor over current detected by peripheral/hardware
   1414                              ret_val = GET_TRUE_FALSE(BIT_TEST(Mci_Error_Holder, MCI_ERROR_HW_OVER_CURRENT));
   1415                              break;
   1416          
   1417                          case MCI_ERROR_UNLOCK_DOOR_SPEED_FAILED:                // Speed check timeout
   1418                              ret_val = GET_TRUE_FALSE(BIT_TEST(Mci_Error_Holder, MCI_ERROR_UNLOCK_DOOR_SPEED_FAILED));
   1419                              break;
   1420          
   1421                          case MCI_ERROR_INPUTCAPTURE_PLAUSIBILITY_MIN_FAILED:    // Plausibility check for Input Capture failed
   1422                              ret_val = GET_TRUE_FALSE(BIT_TEST(Mci_Error_Holder, MCI_ERROR_INPUTCAPTURE_PLAUSIBILITY_MIN_FAILED));
   1423                              break;
   1424          
   1425                          case MCI_ERROR_INPUTCAPTURE_PLAUSIBILITY_MAX_FAILED:    // Plausibility check for Input Capture maximum speed change failed
   1426                              ret_val = GET_TRUE_FALSE(BIT_TEST(Mci_Error_Holder, MCI_ERROR_INPUTCAPTURE_PLAUSIBILITY_MAX_FAILED));
   1427                              break;
   1428          
   1429                          case MCI_ERROR_INITIALIZATION_FAILED:                   // Initialization is failed
   1430                              ret_val = GET_TRUE_FALSE(BIT_TEST(Mci_Error_Holder, MCI_ERROR_INITIALIZATION_FAILED));
   1431                              break;
   1432          
   1433                          case MCI_ERROR_CLASS_B_FORCE2STOP:                      // Class B was forced to stop
   1434                              ret_val = GET_TRUE_FALSE(BIT_TEST(Mci_Error_Holder, MCI_ERROR_CLASS_B_FORCE2STOP));
   1435                                  break;
   1436          
   1437                          case MCI_ERROR_CURRENT_SENSOR_FAILED:                   // Error found in at least one current sensor
   1438                              ret_val = GET_TRUE_FALSE(BIT_TEST(Mci_Error_Holder, MCI_ERROR_CURRENT_SENSOR_FAILED));
   1439                                  break;
   1440          
   1441                          case MCI_ERROR_VOLTAGE_SENSOR_FAILED:                   // Error found in voltage sensor
   1442                              ret_val = GET_TRUE_FALSE(BIT_TEST(Mci_Error_Holder, MCI_ERROR_VOLTAGE_SENSOR_FAILED));
   1443                                  break;
   1444          
   1445                          case MCI_ERROR_PWM_SHUTDOWN_FAILED:                		// Error found in the hardware shut down
   1446                              ret_val = GET_TRUE_FALSE(BIT_TEST(Mci_Error_Holder, MCI_ERROR_PWM_SHUTDOWN_FAILED));
   1447                                  break;
   1448          
   1449                          case MCI_ERROR_OBSERVER_FAILURE:                        // Observer failure - lost observability
   1450                              ret_val = GET_TRUE_FALSE(BIT_TEST(Mci_Error_Holder, MCI_ERROR_OBSERVER_FAILURE));
   1451                                  break;
   1452          
   1453                          case MCI_ERROR_NOT_USED:                                // MCI_ERROR_NOT_USED
   1454                              ret_val = GET_TRUE_FALSE(BIT_TEST(Mci_Error_Holder, MCI_ERROR_NOT_USED));
   1455                                  break;
   1456          
   1457                          case MCI_ERROR_SURGE_RELAY_OPEN:                        // Surge relay open error
   1458                              ret_val = GET_TRUE_FALSE(BIT_TEST(Mci_Error_Holder, MCI_ERROR_SURGE_RELAY_OPEN));
   1459                              break;
   1460          
   1461                          default:
   1462                              ret_val = TRUE;
   1463                              break;
   1464                      }
   1465                  }
   1466              }
   1467          
   1468          
   1469              return(ret_val);
   \   00000040   0x4610             MOV      R0,R2
   \   00000042   0x4770             BX       LR
   \                     ??Mci__GetError_4: (+1)
   \   00000044   0x6900             LDR      R0,[R0, #+16]
   \   00000046   0x0880             LSRS     R0,R0,#+2
   \   00000048   0xF000 0x0201      AND      R2,R0,#0x1
   \   0000004C   0x4610             MOV      R0,R2
   \   0000004E   0x4770             BX       LR
   \                     ??Mci__GetError_5: (+1)
   \   00000050   0x6900             LDR      R0,[R0, #+16]
   \   00000052   0x08C0             LSRS     R0,R0,#+3
   \   00000054   0xF000 0x0201      AND      R2,R0,#0x1
   \   00000058   0x4610             MOV      R0,R2
   \   0000005A   0x4770             BX       LR
   \                     ??Mci__GetError_6: (+1)
   \   0000005C   0x6900             LDR      R0,[R0, #+16]
   \   0000005E   0x0900             LSRS     R0,R0,#+4
   \   00000060   0xF000 0x0201      AND      R2,R0,#0x1
   \   00000064   0x4610             MOV      R0,R2
   \   00000066   0x4770             BX       LR
   \                     ??Mci__GetError_7: (+1)
   \   00000068   0x6900             LDR      R0,[R0, #+16]
   \   0000006A   0x0C40             LSRS     R0,R0,#+17
   \   0000006C   0xF000 0x0201      AND      R2,R0,#0x1
   \   00000070   0x4610             MOV      R0,R2
   \   00000072   0x4770             BX       LR
   \                     ??Mci__GetError_8: (+1)
   \   00000074   0x6900             LDR      R0,[R0, #+16]
   \   00000076   0x0940             LSRS     R0,R0,#+5
   \   00000078   0xF000 0x0201      AND      R2,R0,#0x1
   \   0000007C   0x4610             MOV      R0,R2
   \   0000007E   0x4770             BX       LR
   \                     ??Mci__GetError_9: (+1)
   \   00000080   0x6900             LDR      R0,[R0, #+16]
   \   00000082   0x0980             LSRS     R0,R0,#+6
   \   00000084   0xF000 0x0201      AND      R2,R0,#0x1
   \   00000088   0x4610             MOV      R0,R2
   \   0000008A   0x4770             BX       LR
   \                     ??Mci__GetError_10: (+1)
   \   0000008C   0x6900             LDR      R0,[R0, #+16]
   \   0000008E   0x0B40             LSRS     R0,R0,#+13
   \   00000090   0xF000 0x0201      AND      R2,R0,#0x1
   \   00000094   0x4610             MOV      R0,R2
   \   00000096   0x4770             BX       LR
   \                     ??Mci__GetError_11: (+1)
   \   00000098   0x6900             LDR      R0,[R0, #+16]
   \   0000009A   0x0C00             LSRS     R0,R0,#+16
   \   0000009C   0xF000 0x0201      AND      R2,R0,#0x1
   \   000000A0   0x4610             MOV      R0,R2
   \   000000A2   0x4770             BX       LR
   \                     ??Mci__GetError_12: (+1)
   \   000000A4   0x6900             LDR      R0,[R0, #+16]
   \   000000A6   0x09C0             LSRS     R0,R0,#+7
   \   000000A8   0xF000 0x0201      AND      R2,R0,#0x1
   \   000000AC   0x4610             MOV      R0,R2
   \   000000AE   0x4770             BX       LR
   \                     ??Mci__GetError_13: (+1)
   \   000000B0   0x6900             LDR      R0,[R0, #+16]
   \   000000B2   0x0A80             LSRS     R0,R0,#+10
   \   000000B4   0xF000 0x0201      AND      R2,R0,#0x1
   \   000000B8   0x4610             MOV      R0,R2
   \   000000BA   0x4770             BX       LR
   \                     ??Mci__GetError_14: (+1)
   \   000000BC   0x6900             LDR      R0,[R0, #+16]
   \   000000BE   0x0AC0             LSRS     R0,R0,#+11
   \   000000C0   0xF000 0x0201      AND      R2,R0,#0x1
   \   000000C4   0x4610             MOV      R0,R2
   \   000000C6   0x4770             BX       LR
   \                     ??Mci__GetError_15: (+1)
   \   000000C8   0x6900             LDR      R0,[R0, #+16]
   \   000000CA   0x0B00             LSRS     R0,R0,#+12
   \   000000CC   0xF000 0x0201      AND      R2,R0,#0x1
   \   000000D0   0x4610             MOV      R0,R2
   \   000000D2   0x4770             BX       LR
   \                     ??Mci__GetError_16: (+1)
   \   000000D4   0x6900             LDR      R0,[R0, #+16]
   \   000000D6   0x0B80             LSRS     R0,R0,#+14
   \   000000D8   0xF000 0x0201      AND      R2,R0,#0x1
   \   000000DC   0x4610             MOV      R0,R2
   \   000000DE   0x4770             BX       LR
   \                     ??Mci__GetError_17: (+1)
   \   000000E0   0x6900             LDR      R0,[R0, #+16]
   \   000000E2   0x0BC0             LSRS     R0,R0,#+15
   \   000000E4   0xF000 0x0201      AND      R2,R0,#0x1
   \   000000E8   0x4610             MOV      R0,R2
   \   000000EA   0x4770             BX       LR
   \                     ??Mci__GetError_18: (+1)
   \   000000EC   0x6900             LDR      R0,[R0, #+16]
   \   000000EE   0x0840             LSRS     R0,R0,#+1
   \   000000F0   0xF000 0x0201      AND      R2,R0,#0x1
   \   000000F4   0x4610             MOV      R0,R2
   \   000000F6   0x4770             BX       LR
   \                     ??Mci__GetError_19: (+1)
   \   000000F8   0x6900             LDR      R0,[R0, #+16]
   \   000000FA   0x0C80             LSRS     R0,R0,#+18
   \   000000FC   0xF000 0x0201      AND      R2,R0,#0x1
   \   00000100   0x4610             MOV      R0,R2
   \   00000102   0x4770             BX       LR
   \                     ??Mci__GetError_20: (+1)
   \   00000104   0x6900             LDR      R0,[R0, #+16]
   \   00000106   0x0A00             LSRS     R0,R0,#+8
   \   00000108   0xF000 0x0201      AND      R2,R0,#0x1
   \   0000010C   0x4610             MOV      R0,R2
   \   0000010E   0x4770             BX       LR
   \                     ??Mci__GetError_21: (+1)
   \   00000110   0x6900             LDR      R0,[R0, #+16]
   \   00000112   0x0A40             LSRS     R0,R0,#+9
   \   00000114   0xF000 0x0201      AND      R2,R0,#0x1
   \   00000118   0x4610             MOV      R0,R2
   \   0000011A   0x4770             BX       LR
   \                     ??Mci__GetError_22: (+1)
   \   0000011C   0x6900             LDR      R0,[R0, #+16]
   \   0000011E   0x0CC0             LSRS     R0,R0,#+19
   \   00000120   0xF000 0x0201      AND      R2,R0,#0x1
   \   00000124   0x4610             MOV      R0,R2
   \   00000126   0x4770             BX       LR
   \                     ??Mci__GetError_23: (+1)
   \   00000128   0x6900             LDR      R0,[R0, #+16]
   \   0000012A   0x0D00             LSRS     R0,R0,#+20
   \   0000012C   0xF000 0x0201      AND      R2,R0,#0x1
   \   00000130   0x4610             MOV      R0,R2
   \   00000132   0x4770             BX       LR
   \                     ??Mci__GetError_24: (+1)
   \   00000134   0x6900             LDR      R0,[R0, #+16]
   \   00000136   0x0D40             LSRS     R0,R0,#+21
   \   00000138   0xF000 0x0201      AND      R2,R0,#0x1
   \   0000013C   0x4610             MOV      R0,R2
   \   0000013E   0x4770             BX       LR
   \                     ??Mci__GetError_25: (+1)
   \   00000140   0x6900             LDR      R0,[R0, #+16]
   \   00000142   0x0D80             LSRS     R0,R0,#+22
   \   00000144   0xF000 0x0201      AND      R2,R0,#0x1
   \   00000148   0x4610             MOV      R0,R2
   \   0000014A   0x4770             BX       LR
   \                     ??Mci__GetError_2: (+1)
   \   0000014C   0x2201             MOVS     R2,#+1
   \                     ??Mci__GetError_1: (+1)
   \   0000014E   0x4610             MOV      R0,R2
   \   00000150   0x4770             BX       LR               ;; return
   1470          
   1471          }
   1472          
   1473          
   1474          
   1475          
   1476          //---------------------------------------------------------------------------------------------------------------------
   1477          /**
   1478           * Get the error structure
   1479           * @param motor =  index to the motor. See the Mci.h file
   1480           * @return ret_val = Mci error holder variable value.
   1481           */

   \                                 In section .text, align 2, keep-with-next
   1482          uint32 Mci__GetErrorList(MOTOR_ENUM_TYPE motor)
   1483          {
   1484              uint32 ret_val;
   1485              ret_val = 0;
   \                     Mci__GetErrorList: (+1)
   \   00000000   0x2100             MOVS     R1,#+0
   1486          
   1487              if(motor == MOTOR0)
   \   00000002   0xB920             CBNZ.N   R0,??Mci__GetErrorList_0
   1488              {
   1489                  if(Mci_Control_State > MCI_INITIALIZING)
   \   00000004   0x....             LDR.N    R0,??DataTable13
   \   00000006   0x7842             LDRB     R2,[R0, #+1]
   \   00000008   0x2A03             CMP      R2,#+3
   \   0000000A   0xBFA8             IT       GE 
   1490                  {
   1491                      ret_val = Mci_Error_Holder;
   \   0000000C   0x6901             LDRGE    R1,[R0, #+16]
   1492                  }
   1493              }
   1494          
   1495              return(ret_val);
   \                     ??Mci__GetErrorList_0: (+1)
   \   0000000E   0x4608             MOV      R0,R1
   \   00000010   0x4770             BX       LR               ;; return
   1496          }
   1497          
   1498          
   1499          
   1500          
   1501          //---------------------------------------------------------------------------------------------------------------------
   1502          /**
   1503           * Read any digital data from the MCI
   1504           * @param input is index of the parameter. See the Mci.h file
   1505           * @return TRUE/FALSE according to the type of the passed parameter. The default return is FALSE.
   1506           */

   \                                 In section .text, align 4, keep-with-next
   1507          uint8 Mci__GetDigital(MOTOR_ENUM_TYPE motor, MCI_DI_TYPE read_data)
   1508          {
   1509              uint8 ret_val;
   1510          
   1511              ret_val = FALSE;
   \                     Mci__GetDigital: (+1)
   \   00000000   0x2200             MOVS     R2,#+0
   1512          
   1513              if(motor == MOTOR0)
   \   00000002   0xB9E0             CBNZ.N   R0,??Mci__GetDigital_1
   1514              {
   1515                  if(Mci_Control_State > MCI_INITIALIZING)
   \   00000004   0x....             LDR.N    R0,??DataTable13
   \   00000006   0x7843             LDRB     R3,[R0, #+1]
   \   00000008   0x2B03             CMP      R3,#+3
   \   0000000A   0xDB18             BLT.N    ??Mci__GetDigital_1
   1516                  {
   1517                      switch(read_data)
   \   0000000C   0x2905             CMP      R1,#+5
   \   0000000E   0xD816             BHI.N    ??Mci__GetDigital_1
   \   00000010   0xE8DF 0xF001      TBB      [PC, R1]
   \                     ??Mci__GetDigital_0:
   \   00000014   0x03 0x05          DC8      0x3,0x5,0x8,0xB
   \              0x08 0x0B    
   \   00000018   0x0E 0x11          DC8      0xE,0x11
   1518                      {
   1519                          case MCI_DI_OVER_TORQUE:            //!<  0 - [T/F] Over torque detected
   1520                              ret_val = GET_TRUE_FALSE(BIT_TEST(Mci_Status_Control, MCI_DI_OVER_TORQUE));
   \                     ??Mci__GetDigital_2: (+1)
   \   0000001A   0x7E00             LDRB     R0,[R0, #+24]
   \   0000001C   0xE00D             B.N      ??Mci__GetDigital_3
   1521                              break;
   1522          
   1523                          case MCI_DI_MOTOR_STOP:             //!<  1 - [T/F] Is motor stopped?
   1524                              ret_val = GET_TRUE_FALSE(BIT_TEST(Mci_Status_Control, MCI_DI_MOTOR_STOP));
   \                     ??Mci__GetDigital_4: (+1)
   \   0000001E   0x6980             LDR      R0,[R0, #+24]
   \   00000020   0x0840             LSRS     R0,R0,#+1
   \   00000022   0xE00A             B.N      ??Mci__GetDigital_3
   1525                              break;
   1526          
   1527                          case MCI_DI_REACHED_TARGET_SPEED:   //!<  2 - [T/F] Target speed == reference speed
   1528                              ret_val = GET_TRUE_FALSE(BIT_TEST(Mci_Status_Control, MCI_DI_REACHED_TARGET_SPEED));
   \                     ??Mci__GetDigital_5: (+1)
   \   00000024   0x6980             LDR      R0,[R0, #+24]
   \   00000026   0x0880             LSRS     R0,R0,#+2
   \   00000028   0xE007             B.N      ??Mci__GetDigital_3
   1529                              break;
   1530          
   1531                          case MCI_DI_IDLE:                   //!<  3 - [T/F] Motor idle, if the speed is zero, no error found.
   1532                              ret_val = GET_TRUE_FALSE(BIT_TEST(Mci_Status_Control, MCI_DI_IDLE));
   \                     ??Mci__GetDigital_6: (+1)
   \   0000002A   0x6980             LDR      R0,[R0, #+24]
   \   0000002C   0x08C0             LSRS     R0,R0,#+3
   \   0000002E   0xE004             B.N      ??Mci__GetDigital_3
   1533                              break;
   1534          
   1535                          case MCI_DI_MOTOR_RUNNING:          //!<  4 - [T/F] Motor is running
   1536                              ret_val = GET_TRUE_FALSE(BIT_TEST(Mci_Status_Control, MCI_DI_MOTOR_RUNNING));
   \                     ??Mci__GetDigital_7: (+1)
   \   00000030   0x6980             LDR      R0,[R0, #+24]
   \   00000032   0x0900             LSRS     R0,R0,#+4
   \   00000034   0xE001             B.N      ??Mci__GetDigital_3
   1537                              break;
   1538          
   1539                          case MCI_DI_PARAMETERS_LOADED:      //!<  6 - [T/F] Read parameter loaded status
   1540                              ret_val = GET_TRUE_FALSE(BIT_TEST(Mci_Status_Control, MCI_DI_PARAMETERS_LOADED));
   \                     ??Mci__GetDigital_8: (+1)
   \   00000036   0x6980             LDR      R0,[R0, #+24]
   \   00000038   0x0940             LSRS     R0,R0,#+5
   \                     ??Mci__GetDigital_3: (+1)
   \   0000003A   0xF000 0x0201      AND      R2,R0,#0x1
   1541                              break;
   1542          
   1543                          default:
   1544                              //
   1545                              ret_val = FALSE;                // Return a non expected valued, just in case.
   1546                              break;
   1547                      }
   1548                  }
   1549              }
   1550          
   1551              return(ret_val);
   \                     ??Mci__GetDigital_1: (+1)
   \   0000003E   0x4610             MOV      R0,R2
   \   00000040   0x4770             BX       LR               ;; return
   1552          }
   1553          
   1554          
   1555          
   1556          
   1557          //---------------------------------------------------------------------------------------------------------------------
   1558          /**
   1559           * Get the digital structure
   1560           * @param motor =  index to the motor. See the Mci.h file
   1561           * @return ret_val = Mci status control variable value.
   1562           */

   \                                 In section .text, align 2, keep-with-next
   1563          uint32 Mci__GetDigitalList(MOTOR_ENUM_TYPE motor)
   1564          {
   1565              uint32 ret_val;
   1566              ret_val = 0;
   \                     Mci__GetDigitalList: (+1)
   \   00000000   0x2100             MOVS     R1,#+0
   1567          
   1568              if(motor == MOTOR0)
   \   00000002   0xB920             CBNZ.N   R0,??Mci__GetDigitalList_0
   1569              {
   1570                  if(Mci_Control_State > MCI_INITIALIZING)
   \   00000004   0x....             LDR.N    R0,??DataTable13
   \   00000006   0x7842             LDRB     R2,[R0, #+1]
   \   00000008   0x2A03             CMP      R2,#+3
   \   0000000A   0xBFA8             IT       GE 
   1571                  {
   1572                      ret_val = Mci_Status_Control;
   \   0000000C   0x6981             LDRGE    R1,[R0, #+24]
   1573                  }
   1574              }
   1575          
   1576              return(ret_val);
   \                     ??Mci__GetDigitalList_0: (+1)
   \   0000000E   0x4608             MOV      R0,R1
   \   00000010   0x4770             BX       LR               ;; return
   1577          }
   1578          
   1579          
   1580          
   1581          
   1582          //---------------------------------------------------------------------------------------------------------------------
   1583          /**
   1584           * Read analog data from the MCI
   1585           * @param read_data index to the parameter. See the Mci.h file
   1586           * @return the parameter value. The default return is zero. Not implemented functions returns -1
   1587           */

   \                                 In section .text, align 4, keep-with-next
   1588          sint32 Mci__GetAnalog(MOTOR_ENUM_TYPE motor, MCI_AI_TYPE read_data)
   1589          {
   \                     Mci__GetAnalog: (+1)
   \   00000000   0xB500             PUSH     {LR}
   \   00000002   0xB081             SUB      SP,SP,#+4
   1590              sint32 ret_val;
   1591          
   1592              ret_val = MIN_SINT32;
   \   00000004   0xF04F 0x4200      MOV      R2,#-2147483648
   1593          
   1594              if(motor == MOTOR0)
   \   00000008   0x2800             CMP      R0,#+0
   \   0000000A   0xF040 0x8085      BNE.W    ??Mci__GetAnalog_1
   1595              {
   1596                  switch(read_data)
   \   0000000E   0x2918             CMP      R1,#+24
   \   00000010   0xF200 0x8082      BHI.W    ??Mci__GetAnalog_1
   \   00000014   0xE8DF 0xF001      TBB      [PC, R1]
   \                     ??Mci__GetAnalog_0:
   \   00000018   0x0D 0x1A          DC8      0xD,0x1A,0x28,0x80
   \              0x28 0x80    
   \   0000001C   0x36 0x44          DC8      0x36,0x44,0x48,0x4C
   \              0x48 0x4C    
   \   00000020   0x80 0x50          DC8      0x80,0x50,0x54,0x80
   \              0x54 0x80    
   \   00000024   0x80 0x58          DC8      0x80,0x58,0x80,0x80
   \              0x80 0x80    
   \   00000028   0x5C 0x60          DC8      0x5C,0x60,0x64,0x80
   \              0x64 0x80    
   \   0000002C   0x68 0x6C          DC8      0x68,0x6C,0x70,0x74
   \              0x70 0x74    
   \   00000030   0x7E 0x00          DC8      0x7E,0x0
   1597                  {
   1598          
   1599          #if defined MCL_GET_TARGET_SPEED_RPM_S16
   1600                      case MCI_AI_TARGET_SPEED_RPM_S16:       //!<  0 - Target rotor shaft speed in RPM - x65536 - (1<<16)
   1601                          ret_val = MCL_GET_TARGET_SPEED_RPM_S16();
   \                     ??Mci__GetAnalog_2: (+1)
   \   00000032   0x.... 0x....      BL       SpeedRefGen__GetSpeedTarget
   \   00000036   0xEDDF 0x....      VLDR.W   S1,??DataTable15_1  ;; 0x4918c9eb
   \   0000003A   0xEE20 0x0A20      VMUL.F32 S0,S0,S1
   \   0000003E   0xEEBD 0x0AC0      VCVT.S32.F32 S0,S0
   \   00000042   0xEE10 0x2A10      VMOV     R2,S0
   1602                          break;
   1603          #endif
   1604          
   1605          #if defined MCL_GET_SPEED_REFERENCE_RPM_S16
   1606                      case MCI_AI_SPEED_REFERENCE_RPM_S16:    //!<  1 - Speed reference in RPM - x65536 - (1<<16)
   1607                          ret_val = MCL_GET_SPEED_REFERENCE_RPM_S16();
   1608                          break;
   1609          #endif
   1610          
   1611          #if defined MCL_GET_ACTUAL_SPEED_S16
   1612                      case MCI_AI_ACTUAL_SPEED_S16:           //!<  2 - Estimated rotor shaft speed in RPM - x65536 - (1<<16)
   1613                          ret_val = MCL_GET_ACTUAL_SPEED_S16();
   1614                          break;
   1615          #endif
   1616          
   1617          #if defined MCL_GET_SPEED_ERROR_RPM_S16
   1618                      case MCI_AI_SPEED_ERROR_RPM_S16:        //!<  3 - Difference between estimated and reference speeds in RPM - x65536 - (1<<16)
   1619                          ret_val = MCL_GET_SPEED_ERROR_RPM_S16();
   1620                          break;
   1621          #endif
   1622          
   1623          #if defined MCL_GET_MEAN_SPEED_S16
   1624                      case MCI_AI_MEAN_SPEED_S16:             //!<  4 - Mean rotor speed calculation - x65536 - (1<<16)
   1625                          ret_val = MCL_GET_MEAN_SPEED_S16();
   1626                          break;
   1627          #endif
   1628          
   1629          #if defined MCL_GET_RMS_MOTOR_CURRENT_S16
   1630                      case MCI_AI_RMS_MOTOR_CURRENT_S16:      //!<  5 - RMS Motor current - x65536 - (1<<16)
   1631                          ret_val = MCL_GET_RMS_MOTOR_CURRENT_S16();
   1632                          break;
   1633          #endif
   1634          
   1635          #if defined MCL_GET_ACTIVE_POWER_S16
   1636                      case MCI_AI_ACTIVE_POWER_S16:           //!<  6 - Measured active power in Watts - x65536 - (1<<16)
   1637                          ret_val = MCL_GET_ACTIVE_POWER_S16();
   1638                          break;
   1639          #endif
   1640          
   1641          #if defined MCL_GET_SHAFT_POWER_S16
   1642                      case MCI_AI_SHAFT_POWER_S16:            //!<  7 - Estimated shaft output power in Watts from estimated torque - x65536 - (1<<16)
   1643                          ret_val = MCL_GET_SHAFT_POWER_S16();
   1644                          break;
   1645          #endif
   1646          
   1647          #if defined MCL_GET_ROTOR_TEMP_S16
   1648                      case MCI_AI_ROTOR_TEMP_S16:             //!<  8 - Motor temperature in Celsius - x65536 - (1<<16)
   1649                          ret_val = MCL_GET_ROTOR_TEMP_S16();
   1650                          break;
   1651          #endif
   1652          
   1653          #if defined MCL_GET_STATOR_TEMP_S16
   1654                      case MCI_AI_STATOR_TEMP_S16:            //!< 9 - Stator temperature calculated by stator resistance - x65536 - (1<<16)
   1655                          ret_val = MCL_GET_STATOR_TEMP_S16();
   1656                          break;
   1657          #endif
   1658          
   1659          #if defined MCL_GET_LOAD_TORQUE_S16
   1660                      case MCI_AI_LOAD_TORQUE_S16:            //!< 10 - Read the load torque in Nm - x65536 - (1<<16)
   1661                          ret_val = MCL_GET_LOAD_TORQUE_S16();
   1662                          break;
   1663          #endif
   1664          
   1665          #if defined MCL_GET_SHAFT_POSITION_DEG_S16
   1666                      case MCI_AI_SHAFT_POSITION_DEG_S16:     //!< 11 - Estimated rotor position in deg - x65536 - (1<<16)
   1667                          ret_val = MCL_GET_SHAFT_POSITION_DEG_S16();
   1668                          break;
   1669          #endif
   1670          
   1671          #if defined MCL_GET_BUS_CURRENT_S16
   1672                      case MCI_AI_BUS_CURRENT_S16:            //!< 12 - Bus current in Amps - x65536 - (1<<16)
   1673                          ret_val = MCL_GET_BUS_CURRENT_S16();
   1674                          break;
   1675          #endif
   1676          
   1677          #if defined MCL_GET_BUS_VOLTAGE_S16
   1678                      case MCI_AI_BUS_VOLTAGE_S16:            //!< 13 - Bus voltage in Volts - x65536 - (1<<16)
   1679                          ret_val = MCL_GET_BUS_VOLTAGE_S16();
   1680                          break;
   1681          #endif
   1682          
   1683          #if defined INVERTER_TEMP_GET_TEMP_S16
   1684                      case MCI_AI_INVERTER_TEMP_S16:          //!< 14 - Inverter temperature in Celsius - x65536 - (1<<16)
   1685                          ret_val = INVERTER_TEMP_GET_TEMP_S16();
   1686                          break;
   1687          #endif
   1688          
   1689          #if defined INVERTER_TEMP_GET_TEMP_RAW_DATA
   1690                      case MCI_AI_INVERTER_TEMP_RAW_DATA:     //!< 15 - Inverter temperature in raw data [ADC counts]
   1691                          ret_val = INVERTER_TEMP_GET_TEMP_RAW_DATA();
   1692                          break;
   1693          #endif
   1694          
   1695          #if defined MCL_GET_VOLTAGE_PHASE_A_S16
   1696                      case MCI_AI_VOLTAGE_PHASE_A_S16:        //!< 16 - Motor phase A voltage in Volts - x65536 - (1<<16)
   1697                          ret_val = MCL_GET_VOLTAGE_PHASE_A_S16();
   1698                          break;
   1699          #endif
   1700          
   1701          #if defined MCL_GET_VOLTAGE_PHASE_B_S16
   1702                      case MCI_AI_VOLTAGE_PHASE_B_S16:        //!< 17 - Motor phase B voltage in Volts - x65536 - (1<<16)
   1703                          ret_val = MCL_GET_VOLTAGE_PHASE_B_S16();
   1704                          break;
   1705          #endif
   1706          
   1707          #if defined MCL_GET_VOLTAGE_PHASE_C_S16
   1708                      case MCI_AI_VOLTAGE_PHASE_C_S16:        //!< 18 - Motor phase C voltage in Volts - x65536 - (1<<16)
   1709                          ret_val = MCL_GET_VOLTAGE_PHASE_C_S16();
   1710                          break;
   1711          #endif
   1712          
   1713          #if defined MCL_GET_SPEED_LOOP_GAIN_TABLE_INDEX
   1714                      case MCI_AI_SPEED_LOOP_GAIN_TABLE_INDEX://!< 19 - Select index of speed loop gain table
   1715                          ret_val = MCL_GET_SPEED_LOOP_GAIN_TABLE_INDEX();
   1716                          break;
   1717          #endif
   1718          
   1719          #if defined MCL_GET_CURR_PHASE_A_S16
   1720                      case MCI_AI_CURR_PHASE_A_S16:           //!< 20 - Phase current A in A - x65536 - (1<<16)
   1721                          ret_val = MCL_GET_CURR_PHASE_A_S16();
   1722                          break;
   1723          #endif
   1724          
   1725          #if defined MCL_GET_CURR_PHASE_B_S16
   1726                      case MCI_AI_CURR_PHASE_B_S16:           //!< 21 - Phase current B in A - x65536 - (1<<16)
   1727                          ret_val = MCL_GET_CURR_PHASE_B_S16();
   1728                          break;
   1729          #endif
   1730          
   1731          #if defined MCL_GET_CURR_PHASE_C_S16
   1732                      case MCI_AI_CURR_PHASE_C_S16:           //!< 22 - Phase current C in A - x65536 - (1<<16)
   1733                          ret_val = MCL_GET_CURR_PHASE_C_S16();
   1734                          break;
   1735          #endif
   1736          
   1737          #if defined MCL_GET_STATOR_RESISTANCE_S16
   1738                      case MCI_AI_STATOR_RESISTANCE_S16:      //!< 23 - Stator resistance in Ohm - x65536 - (1<<16)
   1739                          ret_val = MCL_GET_STATOR_RESISTANCE_S16();
   1740                          break;
   1741          #endif
   1742          
   1743                      case MCI_AI_INTERNAL_MCI_STATE:         //!< 24 - Returns the internal Mci state
   1744                          ret_val = Mci_Control_State;
   1745                          break;
   1746          
   1747                      default:
   1748                          ret_val = MIN_SINT32;               //!< Return a non expected valued, just in case.
   1749                          break;
   1750                  };
   1751              }
   1752          
   1753              return(ret_val);
   \   00000046   0x4610             MOV      R0,R2
   \   00000048   0xB001             ADD      SP,SP,#+4
   \   0000004A   0xBD00             POP      {PC}
   \                     ??Mci__GetAnalog_3: (+1)
   \   0000004C   0x....             LDR.N    R0,??DataTable12
   \   0000004E   0xED90 0x0A04      VLDR     S0,[R0, #+16]
   \   00000052   0xEDDF 0x....      VLDR.W   S1,??DataTable15_1  ;; 0x4918c9eb
   \   00000056   0xEE20 0x0A20      VMUL.F32 S0,S0,S1
   \   0000005A   0xEEBD 0x0AC0      VCVT.S32.F32 S0,S0
   \   0000005E   0xEE10 0x2A10      VMOV     R2,S0
   \   00000062   0x4610             MOV      R0,R2
   \   00000064   0xB001             ADD      SP,SP,#+4
   \   00000066   0xBD00             POP      {PC}
   \                     ??Mci__GetAnalog_4: (+1)
   \   00000068   0x....             LDR.N    R0,??DataTable15
   \   0000006A   0xED90 0x0A1E      VLDR     S0,[R0, #+120]
   \   0000006E   0xEDDF 0x....      VLDR.W   S1,??DataTable15_1  ;; 0x4918c9eb
   \   00000072   0xEE20 0x0A20      VMUL.F32 S0,S0,S1
   \   00000076   0xEEBD 0x0AC0      VCVT.S32.F32 S0,S0
   \   0000007A   0xEE10 0x2A10      VMOV     R2,S0
   \   0000007E   0x4610             MOV      R0,R2
   \   00000080   0xB001             ADD      SP,SP,#+4
   \   00000082   0xBD00             POP      {PC}
   \                     ??Mci__GetAnalog_5: (+1)
   \   00000084   0x....             LDR.N    R0,??DataTable15
   \   00000086   0xED90 0x0A32      VLDR     S0,[R0, #+200]
   \   0000008A   0xEDDF 0x....      VLDR.W   S1,??DataTable15_1  ;; 0x4918c9eb
   \   0000008E   0xEE20 0x0A20      VMUL.F32 S0,S0,S1
   \   00000092   0xEEBD 0x0AC0      VCVT.S32.F32 S0,S0
   \   00000096   0xEE10 0x2A10      VMOV     R2,S0
   \   0000009A   0x4610             MOV      R0,R2
   \   0000009C   0xB001             ADD      SP,SP,#+4
   \   0000009E   0xBD00             POP      {PC}
   \                     ??Mci__GetAnalog_6: (+1)
   \   000000A0   0x....             LDR.N    R0,??DataTable15
   \   000000A2   0xED90 0x0A33      VLDR     S0,[R0, #+204]
   \   000000A6   0xE02E             B.N      ??Mci__GetAnalog_7
   \                     ??Mci__GetAnalog_8: (+1)
   \   000000A8   0x....             LDR.N    R0,??DataTable15
   \   000000AA   0xED90 0x0A36      VLDR     S0,[R0, #+216]
   \   000000AE   0xE02A             B.N      ??Mci__GetAnalog_7
   \                     ??Mci__GetAnalog_9: (+1)
   \   000000B0   0x....             LDR.N    R0,??DataTable15
   \   000000B2   0xED90 0x0A37      VLDR     S0,[R0, #+220]
   \   000000B6   0xE026             B.N      ??Mci__GetAnalog_7
   \                     ??Mci__GetAnalog_10: (+1)
   \   000000B8   0x....             LDR.N    R0,??DataTable15
   \   000000BA   0xED90 0x0A1A      VLDR     S0,[R0, #+104]
   \   000000BE   0xE022             B.N      ??Mci__GetAnalog_7
   \                     ??Mci__GetAnalog_11: (+1)
   \   000000C0   0x....             LDR.N    R0,??DataTable15
   \   000000C2   0xED90 0x0A38      VLDR     S0,[R0, #+224]
   \   000000C6   0xE01E             B.N      ??Mci__GetAnalog_7
   \                     ??Mci__GetAnalog_12: (+1)
   \   000000C8   0x....             LDR.N    R0,??DataTable12
   \   000000CA   0xED90 0x0A00      VLDR     S0,[R0, #0]
   \   000000CE   0xE01A             B.N      ??Mci__GetAnalog_7
   \                     ??Mci__GetAnalog_13: (+1)
   \   000000D0   0x....             LDR.N    R0,??DataTable15
   \   000000D2   0xED90 0x0A0E      VLDR     S0,[R0, #+56]
   \   000000D6   0xE016             B.N      ??Mci__GetAnalog_7
   \                     ??Mci__GetAnalog_14: (+1)
   \   000000D8   0x....             LDR.N    R0,??DataTable15
   \   000000DA   0xED90 0x0A0F      VLDR     S0,[R0, #+60]
   \   000000DE   0xE012             B.N      ??Mci__GetAnalog_7
   \                     ??Mci__GetAnalog_15: (+1)
   \   000000E0   0x....             LDR.N    R0,??DataTable15
   \   000000E2   0xED90 0x0A10      VLDR     S0,[R0, #+64]
   \   000000E6   0xE00E             B.N      ??Mci__GetAnalog_7
   \                     ??Mci__GetAnalog_16: (+1)
   \   000000E8   0x....             LDR.N    R0,??DataTable12
   \   000000EA   0xED90 0x0A01      VLDR     S0,[R0, #+4]
   \   000000EE   0xE00A             B.N      ??Mci__GetAnalog_7
   \                     ??Mci__GetAnalog_17: (+1)
   \   000000F0   0x....             LDR.N    R0,??DataTable12
   \   000000F2   0xED90 0x0A02      VLDR     S0,[R0, #+8]
   \   000000F6   0xE006             B.N      ??Mci__GetAnalog_7
   \                     ??Mci__GetAnalog_18: (+1)
   \   000000F8   0x....             LDR.N    R0,??DataTable12
   \   000000FA   0xED90 0x0A03      VLDR     S0,[R0, #+12]
   \   000000FE   0xE002             B.N      ??Mci__GetAnalog_7
   \                     ??Mci__GetAnalog_19: (+1)
   \   00000100   0x....             LDR.N    R0,??DataTable15
   \   00000102   0xED90 0x0A34      VLDR     S0,[R0, #+208]
   \                     ??Mci__GetAnalog_7: (+1)
   \   00000106   0xEEBE 0x0AC8      VCVT.S32.F32 S0,S0,#+16
   \   0000010A   0xEE10 0x2A10      VMOV     R2,S0
   \   0000010E   0x4610             MOV      R0,R2
   \   00000110   0xB001             ADD      SP,SP,#+4
   \   00000112   0xBD00             POP      {PC}
   \                     ??Mci__GetAnalog_20: (+1)
   \   00000114   0x....             LDR.N    R0,??DataTable13
   \   00000116   0x7842             LDRB     R2,[R0, #+1]
   \                     ??Mci__GetAnalog_1: (+1)
   \   00000118   0x4610             MOV      R0,R2
   \   0000011A   0xB001             ADD      SP,SP,#+4
   \   0000011C   0xBD00             POP      {PC}             ;; return
   1754          }
   1755          
   1756          
   1757          
   1758          
   1759          //---------------------------------------------------------------------------------------------------------------------
   1760          /**
   1761           * Read parameters from the MCI
   1762           * @param read_data index to the parameter. See the Mci.h file
   1763           * @return the parameter value. The default return is zero. Not implemented functions returns -1
   1764           */

   \                                 In section .text, align 4, keep-with-next
   1765          sint32 Mci__GetParams(MOTOR_ENUM_TYPE motor, MCI_GET_PARAMETERS_TYPE read_data)
   1766          {
   1767              sint32 ret_val;
   1768          
   1769              ret_val = MIN_SINT32;
   \                     Mci__GetParams: (+1)
   \   00000000   0xF04F 0x4200      MOV      R2,#-2147483648
   1770          
   1771              if((motor == MOTOR0)&&(Mci_Parameters_Loaded == TRUE))
   \   00000004   0x2800             CMP      R0,#+0
   \   00000006   0xBF02             ITTT     EQ 
   \   00000008   0x....             LDREQ.N  R0,??DataTable13
   \   0000000A   0x7803             LDRBEQ   R3,[R0, #+0]
   \   0000000C   0x2B01             CMPEQ    R3,#+1
   \   0000000E   0xD11C             BNE.N    ??Mci__GetParams_1
   1772              {
   1773                  switch(read_data)
   \   00000010   0x2905             CMP      R1,#+5
   \   00000012   0xD81A             BHI.N    ??Mci__GetParams_1
   \   00000014   0xE8DF 0xF001      TBB      [PC, R1]
   \                     ??Mci__GetParams_0:
   \   00000018   0x03 0x07          DC8      0x3,0x7,0xB,0xF
   \              0x0B 0x0F    
   \   0000001C   0x13 0x17          DC8      0x13,0x17
   1774                  {
   1775                      case MCI_PARAMS_MAX_SPEED_RPM:              //!< 0 - Return the maximum allowed speed
   1776                          ret_val = Mci_Parameters->Max_Speed_Rpm;
   \                     ??Mci__GetParams_2: (+1)
   \   0000001E   0x6880             LDR      R0,[R0, #+8]
   \   00000020   0x6802             LDR      R2,[R0, #+0]
   1777                          break;
   1778          
   1779                      case MCI_PARAMS_MIN_SPEED_RPM:              //!< 1 - Returns the minimum allowed speed
   1780                          ret_val = Mci_Parameters->Min_Speed_Rpm;
   1781                          break;
   1782          
   1783                      case MCI_PARAMS_MAX_RPM_PER_SEC_ACCEL:      //!< 2 - Returns the maximum allowed acceleration
   1784                          ret_val = Mci_Parameters->Max_Rpm_Per_Sec_Accel;
   1785                          break;
   1786          
   1787                      case MCI_PARAMS_MAX_RPM_PER_SEC_DECEL:      //!< 3 - Returns the maximum allowed deceleration
   1788                          ret_val = Mci_Parameters->Max_Rpm_Per_Sec_Decel;
   1789                          break;
   1790          
   1791                      case MCI_PARAMS_MIN_RPM_PER_SEC_ACCEL:      //!< 4 - Returns the minimum allowed acceleration
   1792                          ret_val = Mci_Parameters->Min_Rpm_Per_Sec_Accel;
   1793                          break;
   1794          
   1795                      case MCI_PARAMS_MIN_RPM_PER_SEC_DECEL:      //!< 5 - Returns the minimum allowed deceleration
   1796                          ret_val = Mci_Parameters->Min_Rpm_Per_Sec_Decel;
   1797                          break;
   1798          
   1799                      default:
   1800                          ret_val = MIN_SINT32;                   //!< Return a non expected valued, just in case.
   1801                          break;
   1802                  };
   1803              }
   1804          
   1805              return(ret_val);
   \   00000022   0x4610             MOV      R0,R2
   \   00000024   0x4770             BX       LR
   \                     ??Mci__GetParams_3: (+1)
   \   00000026   0x6880             LDR      R0,[R0, #+8]
   \   00000028   0x6842             LDR      R2,[R0, #+4]
   \   0000002A   0x4610             MOV      R0,R2
   \   0000002C   0x4770             BX       LR
   \                     ??Mci__GetParams_4: (+1)
   \   0000002E   0x6880             LDR      R0,[R0, #+8]
   \   00000030   0x6882             LDR      R2,[R0, #+8]
   \   00000032   0x4610             MOV      R0,R2
   \   00000034   0x4770             BX       LR
   \                     ??Mci__GetParams_5: (+1)
   \   00000036   0x6880             LDR      R0,[R0, #+8]
   \   00000038   0x68C2             LDR      R2,[R0, #+12]
   \   0000003A   0x4610             MOV      R0,R2
   \   0000003C   0x4770             BX       LR
   \                     ??Mci__GetParams_6: (+1)
   \   0000003E   0x6880             LDR      R0,[R0, #+8]
   \   00000040   0x6902             LDR      R2,[R0, #+16]
   \   00000042   0x4610             MOV      R0,R2
   \   00000044   0x4770             BX       LR
   \                     ??Mci__GetParams_7: (+1)
   \   00000046   0x6880             LDR      R0,[R0, #+8]
   \   00000048   0x6942             LDR      R2,[R0, #+20]
   \                     ??Mci__GetParams_1: (+1)
   \   0000004A   0x4610             MOV      R0,R2
   \   0000004C   0x4770             BX       LR               ;; return
   1806          }
   1807          
   1808          
   1809          
   1810          
   1811          //---------------------------------------------------------------------------------------------------------------------
   1812          /**
   1813           * Clear the error holder
   1814           * @param motor =  index to the motor. See the Mci.h file
   1815           * @return TRUE = All errors are clear.
   1816           * @return FALSE = mci error state.
   1817           */

   \                                 In section .text, align 2, keep-with-next
   1818          uint8 Mci__ClearError(MOTOR_ENUM_TYPE motor)
   1819          {
   1820              uint32 ret_val;
   1821              uint32 temp_error;
   1822          
   1823              ret_val = FALSE;
   1824          
   1825              if(motor == MOTOR0)
   \                     Mci__ClearError: (+1)
   \   00000000   0x....             LDR.N    R2,??DataTable13
   \   00000002   0x6913             LDR      R3,[R2, #+16]
   \   00000004   0x2100             MOVS     R1,#+0
   \   00000006   0xB930             CBNZ.N   R0,??Mci__ClearError_0
   1826              {
   1827                  // Check if the internal flag is already clear
   1828                  // before reseting the mirror one, prevent glitch on the bits
   1829                  temp_error = Mci_Error;                     // Use stack variable to prevent timings/glitch
   \   00000008   0x68D0             LDR      R0,[R2, #+12]
   1830                  Mci_Error_Holder &= temp_error;
   \   0000000A   0x4003             ANDS     R3,R0,R3
   1831          
   1832                  if(temp_error)
   \   0000000C   0x2800             CMP      R0,#+0
   \   0000000E   0xBF14             ITE      NE 
   1833                  {
   1834                      BIT_SET(Mci_Error_Holder, MCI_ERROR_ANY_ERROR_FOUND);
   \   00000010   0xF043 0x0301      ORRNE    R3,R3,#0x1
   1835                  }
   1836                  else
   1837                  {
   1838                      ret_val = TRUE;
   \   00000014   0x2101             MOVEQ    R1,#+1
   \                     ??Mci__ClearError_0: (+1)
   \   00000016   0x6113             STR      R3,[R2, #+16]
   1839                  }
   1840              }
   1841          
   1842              return(ret_val);
   \   00000018   0x4608             MOV      R0,R1
   \   0000001A   0x4770             BX       LR               ;; return
   1843          }
   1844          
   1845          
   1846          
   1847          
   1848          //---------------------------------------------------------------------------------------------------------------------
   1849          /**
   1850           * Write a digital data to the MCI.
   1851           * @param write_data is the index to the data. See the Mci.h file.
   1852           * @param value TRUE/FALSE according to the selected data
   1853           * @return  TRUE - value accepted
   1854           *          FALSE - value denied - default answer.
   1855           */

   \                                 In section .text, align 2, keep-with-next
   1856          uint8 Mci__SetDigital(MOTOR_ENUM_TYPE motor, MCI_DO_TYPE write_data, uint8 value)
                                                                                            ^
Remark[Pe826]: parameter "value" was never referenced
   1857          {
   1858              uint8 ret_val;
   1859          
   1860              ret_val = FALSE;
   1861          
   1862              if(motor == MOTOR0)
   1863              {
   1864                  switch(write_data)
   1865                  {
   1866          
   1867          #if defined MCL_VA_WASH_STATE
   1868                      case MCI_DO_VA_WASH_STATE:   //!< 3 - [T/F] - TRUE = Agi / FALSE = Spin
   1869                          ret_val = MCL_VA_WASH_STATE(value);
   1870                          break;
   1871          #endif
   1872          
   1873                      default:
   1874                          ret_val = FALSE;
   1875                          break;
   1876                  }
   1877              }
   1878          
   1879              API220_PUBLISHDIGITAL_CALLBACK(motor, write_data, value, ret_val);
   1880          
   1881              return(ret_val);
   \                     Mci__SetDigital: (+1)
   \   00000000   0x2000             MOVS     R0,#+0
   \   00000002   0x4770             BX       LR               ;; return
   1882          }
   1883          
   1884          
   1885          
   1886          
   1887          //---------------------------------------------------------------------------------------------------------------------
   1888          /**
   1889           * Write an analog data to the MCI.
   1890           * @param write_data is the index to the data. See Mci.h file
   1891           * @param value is the value to the data
   1892           * @return  TRUE - value accepted
   1893           *          FALSE - value denied - default answer.
   1894           */

   \                                 In section .text, align 2, keep-with-next
   1895          uint8 Mci__SetAnalog(MOTOR_ENUM_TYPE motor, MCI_AO_TYPE write_data, sint32 value)
   1896          {
   \                     Mci__SetAnalog: (+1)
   \   00000000   0x4603             MOV      R3,R0
   1897              uint8 ret_val = FALSE;
   \   00000002   0x2000             MOVS     R0,#+0
   1898          
   1899              if(motor == MOTOR0)
   \   00000004   0xB983             CBNZ.N   R3,??Mci__SetAnalog_0
   1900              {
   1901                  switch(write_data)
   \   00000006   0x2902             CMP      R1,#+2
   \   00000008   0xD004             BEQ.N    ??Mci__SetAnalog_1
   \   0000000A   0x2905             CMP      R1,#+5
   \   0000000C   0xD005             BEQ.N    ??Mci__SetAnalog_2
   \   0000000E   0x2907             CMP      R1,#+7
   \   00000010   0xD006             BEQ.N    ??Mci__SetAnalog_3
   \   00000012   0x4770             BX       LR
   1902                  {
   1903          
   1904          #if defined MCL_SET_SPEED_LOOP_PROP_GAIN_S16
   1905                      case MCI_AO_SPEED_LOOP_PROP_GAIN_S16:   //!<  0 - Proportional speed loop gain - x128 (1<<7)
   1906                          ret_val = MCL_SET_SPEED_LOOP_PROP_GAIN_S16(value);
   1907                          break;
   1908          #endif
   1909          
   1910          #if defined MCL_SET_SPEED_LOOP_INT_GAIN_S16
   1911                      case MCI_AO_SPEED_LOOP_INT_GAIN_S16:    //!<  1 - Integral speed loop gain - x128 (1<<7)
   1912                          ret_val = MCL_SET_SPEED_LOOP_INT_GAIN_S16(value);
   1913                          break;
   1914          #endif
   1915          
   1916          #if defined MCL_SET_SPEED_LOOP_GAIN_TABLE_INDEX
   1917                      case MCI_AO_SPEED_LOOP_GAIN_TABLE_INDEX://!<  2 - Select index of speed loop gain table
   1918                          ret_val = MCL_SET_SPEED_LOOP_GAIN_TABLE_INDEX(value);
   \                     ??Mci__SetAnalog_1: (+1)
   \   00000014   0x4611             MOV      R1,R2
   \   00000016   0x2002             MOVS     R0,#+2
   \   00000018   0xE004             B.N      ??Mci__SetAnalog_4
   1919                          break;
   1920          #endif
   1921          
   1922          #if defined MCL_SET_SPEED_FIR_TAPS_TABLE_INDEX
   1923                      case MCI_AO_SPEED_FIR_TAPS_TABLE_INDEX: //!<  3 - Select index of speed fir taps
   1924                          ret_val = MCL_SET_SPEED_FIR_TAPS_TABLE_INDEX(value);
   1925                          break;
   1926          #endif
   1927          
   1928          #if defined MCL_SET_SOFTSTART_COUNTER_INDEX
   1929                      case MCI_AO_SOFTSTART_COUNTER_INDEX:    //!<  4 - Select index of soft start counter
   1930                          ret_val = MCL_SET_SOFTSTART_COUNTER_INDEX(value);
   1931                          break;
   1932          #endif
   1933          
   1934          #if defined MCL_SET_SPEED_LIMIT_INDEX
   1935                      case MCI_AO_SPEED_LIMIT_INDEX:          //!<  5 - Select index of speed controller limit
   1936                          ret_val = MCL_SET_SPEED_LIMIT_INDEX(value);
   \                     ??Mci__SetAnalog_2: (+1)
   \   0000001A   0x4611             MOV      R1,R2
   \   0000001C   0x2005             MOVS     R0,#+5
   \   0000001E   0xE001             B.N      ??Mci__SetAnalog_4
   1937                          break;
   1938          #endif
   1939          
   1940          #if defined MCL_SET_ADD_DELTA_SPEED_REF_S16
   1941                      case MCI_AO_ADD_DELTA_SPEED_REF_S16:    //!<  7 - Add (force) a delta speed on the speed reference - x65536 (1<<16)
   1942                          ret_val = MCL_SET_ADD_DELTA_SPEED_REF_S16(value);
   \                     ??Mci__SetAnalog_3: (+1)
   \   00000020   0x4611             MOV      R1,R2
   \   00000022   0x2007             MOVS     R0,#+7
   \                     ??Mci__SetAnalog_4: (+1)
   \   00000024   0x.... 0x....      B.W      Mcl__SetAnalog
   1943                          break;
   1944          #endif
   1945          
   1946          
   1947                      default:
   1948                          ret_val = FALSE;
   1949                          break;
   1950                  }
   1951              }
   1952          
   1953          //    API220_PUBLISHANALOG_CALLBACK(motor, write_data, value, ret_val);
   1954          
   1955              return(ret_val);
   \                     ??Mci__SetAnalog_0: (+1)
   \   00000028   0x4770             BX       LR               ;; return
   1956          }
   1957          
   1958          //---------------------------------------------------------------------------------------------------------------------
   1959          /**
   1960           *  @brief      Write the addresses of Mcl parameters.
   1961           *  @details
   1962           *
   1963           * @return  TRUE - value accepted
   1964           *          FALSE - value denied - default answer.
   1965           */
   1966          

   \                                 In section .text, align 2, keep-with-next
   1967          uint8 Mci__SetParams(void*  params_address)
   1968          {
   1969              uint8 ret_val;
   1970          
   1971              Mci_Parameters = (MCI_PARAMS_TYPE*)(*((addr_t*)params_address + MCI_PARAMETERS_OFFSET));
   \                     Mci__SetParams: (+1)
   \   00000000   0x....             LDR.N    R1,??DataTable13
   \   00000002   0x69C2             LDR      R2,[R0, #+28]
   \   00000004   0x608A             STR      R2,[R1, #+8]
   1972              Mci_Parameters_Loaded = TRUE;
   \   00000006   0x2201             MOVS     R2,#+1
   \   00000008   0x700A             STRB     R2,[R1, #+0]
   1973          
   1974          #if defined MCL_SET_MCL_PARAMETERS_ADDRESS
   1975              ret_val = MCL_SET_MCL_PARAMETERS_ADDRESS(params_address);
   1976          #else
   1977              ret_val = FALSE;
   1978          #endif
   1979              return(ret_val);
   \   0000000A   0x.... 0x....      B.W      Mcl__SetParams
   1980          }
   1981          
   1982          
   1983          
   1984          
   1985          #if MCI_FVT_TESTS == ENABLED
   1986          
   1987          //---------------------------------------------------------------------------------------------------------------------
   1988          /**
   1989           * Start FVT tests
   1990           * @param  motor - directs the test to a specific motor or inverter
   1991           * @return MCI_CMD_ACCEPTED             0 - [T/F] - accepted - always accepted
   1992           */

   \                                 In section .text, align 2, keep-with-next
   1993          MCI_CMD_RESPONSE_TYPE Mci__FvtStart(MOTOR_ENUM_TYPE motor)
   1994          {
   \                     Mci__FvtStart: (+1)
   \   00000000   0xB530             PUSH     {R4,R5,LR}
   \   00000002   0xB081             SUB      SP,SP,#+4
   1995              MCI_CMD_RESPONSE_TYPE response;
   1996          
   1997              response = MCI_CMD_DENIED;
   \   00000004   0xF04F 0x35FF      MOV      R5,#-1
   1998          
   1999              if(motor == MOTOR0)
   \   00000008   0xB9F8             CBNZ.N   R0,??Mci__FvtStart_0
   2000              {
   2001                  if(BIT_TEST(Mci_Status_Control, MCI_DI_PARAMETERS_LOADED))
   \   0000000A   0x....             LDR.N    R4,??DataTable15_5
   \   0000000C   0x69A0             LDR      R0,[R4, #+24]
   \   0000000E   0xF3C0 0x1040      UBFX     R0,R0,#+5,#+1
   \   00000012   0xB1A8             CBZ.N    R0,??Mci__FvtStart_1
   2002                  {
   2003                      if(!(BIT_TEST(Mci_Flow_Control, MCI_REQUESTED_STOP)))
   \   00000014   0x6960             LDR      R0,[R4, #+20]
   \   00000016   0xF3C0 0x0080      UBFX     R0,R0,#+2,#+1
   \   0000001A   0xB960             CBNZ.N   R0,??Mci__FvtStart_2
   2004                      {
   2005                          if(Mci_Control_State == MCI_IDLE)
   \   0000001C   0x7860             LDRB     R0,[R4, #+1]
   \   0000001E   0x2803             CMP      R0,#+3
   \   00000020   0xD115             BNE.N    ??Mci__FvtStart_3
   2006                          {
   2007                              response = MCI_CMD_ACCEPTED;
   \   00000022   0x2500             MOVS     R5,#+0
   2008          
   2009                              MCI_FVT_ENTRY();
   \   00000024   0x.... 0x....      BL       MclFvt__Entry
   2010                              MCI_SET_FLOW_CTL(MCI_REQUESTED_FVT_MODE);
   \   00000028   0x6960             LDR      R0,[R4, #+20]
   \   0000002A   0xF440 0x7080      ORR      R0,R0,#0x100
   \   0000002E   0x6160             STR      R0,[R4, #+20]
   2011                          }
   2012                      }
   2013                      else
   2014                      {
   2015                          response = MCI_CMD_STOP_REQUESTED;
   2016                      }
   2017                  }
   2018                  else
   2019                  {
   2020                      response = MCI_CMD_PARAM_NOT_LOADED;
   2021                  }
   2022              }
   2023              else
   2024              {
   2025                  response = MCI_CMD_INDEX_OUT_RANGE;
   2026              }
   2027          
   2028          //    API220_MANUAL_INJECTION_CALLBACK(motor, method, level_x32, level_rate_x32, param_x32, param_rate_x32, response);
   2029          
   2030              return(response);
   \   00000030   0xB001             ADD      SP,SP,#+4
   \   00000032   0x4628             MOV      R0,R5
   \   00000034   0xBD30             POP      {R4,R5,PC}
   \                     ??Mci__FvtStart_2: (+1)
   \   00000036   0xF06F 0x0505      MVN      R5,#+5
   \   0000003A   0x4628             MOV      R0,R5
   \   0000003C   0xB001             ADD      SP,SP,#+4
   \   0000003E   0xBD30             POP      {R4,R5,PC}
   \                     ??Mci__FvtStart_1: (+1)
   \   00000040   0xF06F 0x0504      MVN      R5,#+4
   \   00000044   0x4628             MOV      R0,R5
   \   00000046   0xB001             ADD      SP,SP,#+4
   \   00000048   0xBD30             POP      {R4,R5,PC}
   \                     ??Mci__FvtStart_0: (+1)
   \   0000004A   0xF06F 0x0506      MVN      R5,#+6
   \                     ??Mci__FvtStart_3: (+1)
   \   0000004E   0x4628             MOV      R0,R5
   \   00000050   0xB001             ADD      SP,SP,#+4
   \   00000052   0xBD30             POP      {R4,R5,PC}       ;; return
   2031          }
   2032          
   2033          
   2034          
   2035          
   2036          
   2037          
   2038          
   2039          
   2040          
   2041          
   2042          //---------------------------------------------------------------------------------------------------------------------
   2043          /**
   2044           * Stop the FVT tests
   2045           * @param  motor - directs the test to a specific motor or inverter
   2046           * @return MCI_CMD_ACCEPTED             0 - [T/F] - accepted - always accepted
   2047           */

   \                                 In section .text, align 2, keep-with-next
   2048          MCI_CMD_RESPONSE_TYPE Mci__FvtStop(MOTOR_ENUM_TYPE motor)
   2049          {
   \                     Mci__FvtStop: (+1)
   \   00000000   0xB500             PUSH     {LR}
   \   00000002   0xB081             SUB      SP,SP,#+4
   2050              if(motor == MOTOR0)
   \   00000004   0xB9A8             CBNZ.N   R0,??Mci__FvtStop_0
   2051              {
   2052                  if(BIT_TEST(Mci_Status_Control, MCI_DI_PARAMETERS_LOADED))
   \   00000006   0x....             LDR.N    R0,??DataTable15_5
   \   00000008   0x6981             LDR      R1,[R0, #+24]
   \   0000000A   0xF3C1 0x1140      UBFX     R1,R1,#+5,#+1
   \   0000000E   0xB171             CBZ.N    R1,??Mci__FvtStop_1
   \   00000010   0x7841             LDRB     R1,[R0, #+1]
   \   00000012   0x2901             CMP      R1,#+1
   \   00000014   0xBF1C             ITT      NE 
   \   00000016   0x2907             CMPNE    R1,#+7
   \   00000018   0x2904             CMPNE    R1,#+4
   \   0000001A   0xD10A             BNE.N    ??Mci__FvtStop_0
   2053                  {
   2054                      if( (Mci_Control_State == MCI_FVT_MODE)         ||
   2055                          (Mci_Control_State == MCI_STARTING)         ||
   2056                          (Mci_Control_State == MCI_CLASS_B_STARTING)  )
   2057                      {
   2058                          MCI_CLR_FLOW_CTL(MCI_REQUESTED_START);
   2059                          MCI_CLR_FLOW_CTL(MCI_REQUESTED_FVT_MODE);
   2060                          MCI_SET_FLOW_CTL(MCI_REQUESTED_STOP);
   \   0000001C   0x6941             LDR      R1,[R0, #+20]
   \   0000001E   0xF421 0x7184      BIC      R1,R1,#0x108
   \   00000022   0xF041 0x0104      ORR      R1,R1,#0x4
   \   00000026   0x6141             STR      R1,[R0, #+20]
   2061                      }
   2062                  }
   2063                  else
   2064                  {
   2065                      MotorSafetyMgr__ForceStop();
   2066                  }
   2067              }
   2068          
   2069          //    API220_STOP_CALLBACK(motor, ramp_rpm_per_s, MCI_CMD_ACCEPTED);
   2070          
   2071              return(MCI_CMD_ACCEPTED);
   \   00000028   0x2000             MOVS     R0,#+0
   \   0000002A   0xB001             ADD      SP,SP,#+4
   \   0000002C   0xBD00             POP      {PC}
   \                     ??Mci__FvtStop_1: (+1)
   \   0000002E   0x.... 0x....      BL       SRMotorSafetyMgr__ForceStop
   \                     ??Mci__FvtStop_0: (+1)
   \   00000032   0x2000             MOVS     R0,#+0
   \   00000034   0xB001             ADD      SP,SP,#+4
   \   00000036   0xBD00             POP      {PC}             ;; return
   2072          }
   2073          
   2074          
   2075          
   2076          
   2077          //---------------------------------------------------------------------------------------------------------------------
   2078          /**
   2079           * Get FVT tests status
   2080           * @param  motor - directs the test to a specific motor or inverter
   2081           * @param  MCI_FVT_STATUS_TYPE             0 - [T/F] - MCI_FVT_STATUS_STARTED
   2082           * @param  MCI_FVT_STATUS_TYPE             1 - [T/F] - MCI_FVT_STATUS_FINISHED
   2083           * @return status                          [T/F] - refer to the requested status
   2084           */

   \                                 In section .text, align 2, keep-with-next
   2085          uint8 Mci__FvtGetStatus(MOTOR_ENUM_TYPE motor, MCI_FVT_STATUS_TYPE this_status)
   2086          {
   \                     Mci__FvtGetStatus: (+1)
   \   00000000   0x4602             MOV      R2,R0
   2087              uint8 ret_val;
   2088          
   2089              ret_val = FALSE;
   \   00000002   0x2000             MOVS     R0,#+0
   2090          
   2091              if(motor == MOTOR0)
   \   00000004   0xB922             CBNZ.N   R2,??Mci__FvtGetStatus_0
   2092              {
   2093                  if(this_status < MCI_FVT_STATUS_TOTAL)
   \   00000006   0x2902             CMP      R1,#+2
   \   00000008   0xBFBC             ITT      LT 
   2094                  {
   2095                      ret_val = MCI_FVT_GET_STATUS(this_status);
   \   0000000A   0x4608             MOVLT    R0,R1
   \   0000000C   0x.... 0x....      BLT.W    MclFvt__GetStatus
   2096                  }
   2097              }
   2098          
   2099              return(ret_val);
   \                     ??Mci__FvtGetStatus_0: (+1)
   \   00000010   0x4770             BX       LR               ;; return
   2100          }
   2101          
   2102          
   2103          
   2104          
   2105          //---------------------------------------------------------------------------------------------------------------------
   2106          /**
   2107           * Get FVT results
   2108           * @param  motor - request result of the test to a specific motor or inverter
   2109           * @param  MCI_FVT_TEST_RESULT_TYPE - *fvt_data_result pointer to the data
   2110           */

   \                                 In section .text, align 2, keep-with-next
   2111          void Mci__FvtGetResult(MOTOR_ENUM_TYPE motor, MCI_FVT_TEST_RESULT_TYPE *fvt_data_result)
   2112          {
   2113              if(motor == MOTOR0)
   \                     Mci__FvtGetResult: (+1)
   \   00000000   0x2800             CMP      R0,#+0
   \   00000002   0xBF04             ITT      EQ 
   2114              {
   2115                  MCI_FVT_GET_RESULT(fvt_data_result);
   \   00000004   0x4608             MOVEQ    R0,R1
   \   00000006   0x.... 0x....      BEQ.W    MclFvt__GetResult
   2116              }
   2117          }
   \   0000000A   0x4770             BX       LR               ;; return

   \                                 In section .bss, align 4
   \                     Mci_Parameters_Loaded:
   \   00000000                      DS8 1
   \                     Mci_Control_State:
   \   00000001                      DS8 1
   \   00000002                      DS8 1
   \   00000003                      DS8 1
   \                     Mci_GP_Timer:
   \   00000004                      DS8 2
   \   00000006                      DS8 2
   \   00000008                      DS8 4
   \                     Mci_Error:
   \   0000000C                      DS8 4
   \                     Mci_Error_Holder:
   \   00000010                      DS8 4
   \                     Mci_Flow_Control:
   \   00000014                      DS8 4
   \                     Mci_Status_Control:
   \   00000018                      DS8 4

   \                                 In section .text, align 4, keep-with-next
   \                     ??DataTable1:
   \   00000000   0x47000000         DC32     0x47000000

   \                                 In section .text, align 4, keep-with-next
   \                     ??DataTable12:
   \   00000000   0x........         DC32     Mcl_IO

   \                                 In section .text, align 4, keep-with-next
   \                     ??DataTable13:
   \   00000000   0x........         DC32     Mci_Parameters_Loaded

   \                                 In section .text, align 4, keep-with-next
   \                     ??DataTable15:
   \   00000000   0x........         DC32     Mcl_Quantities

   \                                 In section .text, align 4, keep-with-next
   \                     ??DataTable15_1:
   \   00000000   0x4918C9EB         DC32     0x4918c9eb

   \                                 In section .text, align 4, keep-with-next
   \                     ??DataTable15_2:
   \   00000000   0xFFF7EC73         DC32     0xfff7ec73

   \                                 In section .text, align 4, keep-with-next
   \                     ??DataTable15_3:
   \   00000000   0xFFFBFFFD         DC32     0xfffbfffd

   \                                 In section .text, align 4, keep-with-next
   \                     ??DataTable15_4:
   \   00000000   0x........         DC32     Mcl_Cs

   \                                 In section .text, align 4, keep-with-next
   \                     ??DataTable15_5:
   \   00000000   0x........         DC32     Mci_Parameters_Loaded
   2118          #endif
   2119          
   2120          
   2121          //=====================================================================================================================
   2122          //-------------------------------------- Private Functions ------------------------------------------------------------
   2123          //=====================================================================================================================
   2124          
   2125          
   2126          //---------------------------------------------------------------------------------------------------------------------
   2127          /**
   2128           *  @brief  Updates the pwm output according to the required pattern.
   2129           */
   2130          #ifdef __IAR_SYSTEMS_ICC__
   2131          #pragma inline = forced
   2132          #endif
   2133          void Drive_The_Motor(void)
   2134          {
   2135              sint32 dutyA;
   2136              sint32 dutyB;
   2137              sint32 dutyC;
   2138          
   2139              // LowersOn should have higher priority than All Devices Off
   2140              if(BIT_TEST(Mci_Flow_Control, MCI_FORCE_LOWERS_ON))
   2141              {
   2142                  MotorSafetyMgr__ConfigPwmPattern(OUTPUT_PATTERN_LOWERS_ON);
   2143              }
   2144              else if(BIT_TEST(Mci_Flow_Control, MCI_ALL_DEVICES_OFF))
   2145              {
   2146                  MotorSafetyMgr__ConfigPwmPattern(OUTPUT_PATTERN_ALL_DEV_OFF);
   2147              }
   2148              else
   2149              {
   2150                  // Check if there is any lower on or all device off commands
   2151                  if(Mcl_IO.Lowers_On + Mcl_IO.All_Devices_Off)
   2152                  {
   2153                      if(Mcl_IO.Lowers_On)
   2154                      {
   2155                          MotorSafetyMgr__ConfigPwmPattern(OUTPUT_PATTERN_LOWERS_ON);
   2156                      }
   2157                      else if(Mcl_IO.All_Devices_Off)
   2158                      {
   2159                          MotorSafetyMgr__ConfigPwmPattern(OUTPUT_PATTERN_ALL_DEV_OFF);
   2160                      }
   2161                  }
   2162                  else
   2163                  {
   2164                      dutyA = MCL_DUTY(Mcl_IO.Duty.A);
   2165                      dutyB = MCL_DUTY(Mcl_IO.Duty.B);
   2166                      dutyC = MCL_DUTY(Mcl_IO.Duty.C);
   2167                      MotorSafetyMgr__UpdatePwm(dutyA, dutyB, dutyC);
   2168                  }
   2169              }
   2170          }
   2171          
   2172          
   2173          
   2174          
   2175          //---------------------------------------------------------------------------------------------------------------------
   2176          /**
   2177           * @brief   Check for all error used in the control. Hardware and peripheral may
   2178           *          support to decrease the error polling rate.
   2179           */
   2180          #ifdef __IAR_SYSTEMS_ICC__
   2181          #pragma inline = forced
   2182          #endif
   2183          void Check_Errors_Pwm_Handler(void)
   2184          {
   2185              MCL_NOTATION_TYPE ia_abs;
   2186              MCL_NOTATION_TYPE ib_abs;
   2187              MCL_NOTATION_TYPE ic_abs;
   2188          
   2189              if(Mci_Control_State >= MCI_STARTING)
   2190              {
   2191                  ia_abs = MCL__ABS(Mcl_IO.Is_ABC.A);
   2192                  ib_abs = MCL__ABS(Mcl_IO.Is_ABC.B);
   2193                  ic_abs = MCL__ABS(Mcl_IO.Is_ABC.C);
   2194          
   2195                  if( (ia_abs >= MCI_MAXIMAL_MOTOR_CURRENT_ALLOWED)   ||
   2196                      (ib_abs >= MCI_MAXIMAL_MOTOR_CURRENT_ALLOWED)   ||
   2197                      (ic_abs >= MCI_MAXIMAL_MOTOR_CURRENT_ALLOWED) )
   2198                  {
   2199                      MCI_SET_ERROR(MCI_ERROR_SW_OVER_CURRENT);
   2200                  }
   2201                  else
   2202                  {
   2203                      MCI_CLR_ERROR(MCI_ERROR_SW_OVER_CURRENT);
   2204                  }
   2205              }
   2206              else
   2207              {
   2208                  MCI_CLR_ERROR(MCI_ERROR_SW_OVER_CURRENT);
   2209              }
   2210          }
   2211          
   2212          
   2213          
   2214          
   2215          //---------------------------------------------------------------------------------------------------------------------
   2216          /**
   2217           * @brief   Check for all error used in the control. Hardware and peripheral may
   2218           *          support to decrease the error polling rate.
   2219           */
   2220          #ifdef __IAR_SYSTEMS_ICC__
   2221          #pragma inline = forced
   2222          #endif
   2223          void Check_Errors_5ms_Handler(void)
   2224          {
   2225          	uint8 any_class_B_error_found;
   2226              uint8 temp_u8;
   2227              static uint8 time_postscaler = 0;
   2228          
   2229              //////////////////////////////////////////////////////////////////////////////////////////
   2230              //// DC Bus voltage monitor
   2231              if(!SURGE_RELAY_READY())
   2232              {
   2233                  MCI_SET_ERROR(MCI_ERROR_SURGE_RELAY_OPEN);
   2234              }
   2235              else
   2236              {
   2237                  MCI_CLR_ERROR(MCI_ERROR_SURGE_RELAY_OPEN);
   2238              }
   2239          
   2240              //////////////////////////////////////////////////////////////////////////////////////////
   2241              // DC Bus (over) current monitor
   2242              temp_u8 = MotorSafetyMgr__GetFault(SR_FAULT_OVER_CURRENT);
   2243          
   2244              if(temp_u8)
   2245              {
   2246                  MCI_SET_ERROR(MCI_ERROR_HW_OVER_CURRENT);
   2247              }
   2248              else
   2249              {
   2250                  MCI_CLR_ERROR(MCI_ERROR_HW_OVER_CURRENT);
   2251              }
   2252          
   2253              // Time post scaler, reduce from 5 ms to MCI_CHECKERR_POSTSCALER
   2254              if(time_postscaler)
   2255              {
   2256                  time_postscaler--;
   2257              }
   2258              else
   2259              {
   2260                  time_postscaler = MCI_CHECKERR_POSTSCALER;
   2261          
   2262                  // Any error found
   2263                  any_class_B_error_found = MotorSafetyMgr__AnyFaultFound();
   2264                  if(any_class_B_error_found)
   2265                  {
   2266                      // Look for electronics failure, OR wise operation across the flags below
   2267                      temp_u8  = MotorSafetyMgr__GetFault(SR_FAULT_CURRENT_SENSOR_FAILED);
   2268                      if(temp_u8)
   2269                      {
   2270                          MCI_SET_ERROR(MCI_ERROR_CURRENT_SENSOR_FAILED);
   2271                      }
   2272          
   2273                      temp_u8 = MotorSafetyMgr__GetFault(SR_FAULT_VOLTAGE_SENSOR_FAILED);
   2274                      if(temp_u8)
   2275                      {
   2276                          MCI_SET_ERROR(MCI_ERROR_VOLTAGE_SENSOR_FAILED);
   2277                      }
   2278          
   2279                      temp_u8 = MotorSafetyMgr__GetFault(SR_FAULT_PWM_SHUTDOWN_FAILED);
   2280                      if(temp_u8)
   2281                      {
   2282                          MCI_SET_ERROR(MCI_ERROR_PWM_SHUTDOWN_FAILED);
   2283                      }
   2284          
   2285          
   2286                      // Look for phase lost detection
   2287                      temp_u8  = MotorSafetyMgr__GetFault(SR_FAULT_PHASE_LOST);
   2288                      if(temp_u8)
   2289                      {
   2290                          MCI_SET_ERROR(MCI_ERROR_PHASE_LOST);
   2291                      }
   2292          
   2293                      //////////////////////////////////////////////////////////////////////////////////////////
   2294                      //// Class B check
   2295                      // Voltage is under the range from Class B
   2296                      temp_u8  = MotorSafetyMgr__GetFault(SR_FAULT_DCBUS_UNDER_VOLTAGE);
   2297                      if(temp_u8)
   2298                      {
   2299                          MCI_SET_ERROR(MCI_ERROR_DCBUS_UNDER_VOLTAGE);
   2300                      }
   2301          
   2302          
   2303                      // Voltage is over the range from Class B
   2304                      temp_u8  = MotorSafetyMgr__GetFault(SR_FAULT_DCBUS_OVER_VOLTAGE);
   2305                      if(temp_u8)
   2306                      {
   2307                          MCI_SET_ERROR(MCI_ERROR_DCBUS_OVER_VOLTAGE);
   2308                      }
   2309          
   2310          
   2311                      //// Check unlock door speed failed
   2312                      temp_u8 = MotorSafetyMgr__GetFault(SR_FAULT_UNLOCK_DOOR_SPEED_FAILED);
   2313                      if(temp_u8)
   2314                      {
   2315                          MCI_SET_ERROR(MCI_ERROR_UNLOCK_DOOR_SPEED_FAILED);
   2316                      }
   2317          
   2318          
   2319                      //// Check input capture plausibility faults
   2320                      #if defined MCL_GET_FAULT_INPUTCAPTURE_PLAUSIBILITY_MIN_FAILED
   2321                          // Min Tach Fault
   2322                          temp_u8 = MCL_GET_FAULT_INPUTCAPTURE_PLAUSIBILITY_MIN_FAILED();
   2323                          if(temp_u8)
   2324                          {
   2325                          	MCI_SET_ERROR(MCI_ERROR_INPUTCAPTURE_PLAUSIBILITY_MIN_FAILED);
   2326                          }
   2327                      #endif
   2328          
   2329                      #if defined MCL_GET_FAULT_INPUTCAPTURE_PLAUSIBILITY_MAX_FAILED
   2330                          // Max Speed change Fault
   2331                          temp_u8 = MCL_GET_FAULT_INPUTCAPTURE_PLAUSIBILITY_MAX_FAILED();
   2332                          if(temp_u8)
   2333                          {
   2334                          	MCI_SET_ERROR(MCI_ERROR_INPUTCAPTURE_PLAUSIBILITY_MAX_FAILED);
   2335                          }
   2336                      #endif
   2337          
   2338                      // Check for motor over heating
   2339                      temp_u8 = MotorSafetyMgr__GetFault(SR_FAULT_OVER_LOAD);
   2340                      if(temp_u8)
   2341                      {
   2342                         MCI_SET_ERROR(MCI_ERROR_OVER_LOAD);
   2343                      }
   2344                  }
   2345                  else
   2346                  {
   2347                      MCI_CLR_ERROR(MCI_ERROR_CURRENT_SENSOR_FAILED);
   2348                      MCI_CLR_ERROR(MCI_ERROR_VOLTAGE_SENSOR_FAILED);
   2349                      MCI_CLR_ERROR(MCI_ERROR_PWM_SHUTDOWN_FAILED);
   2350                      MCI_CLR_ERROR(MCI_ERROR_DCBUS_OVER_VOLTAGE);
   2351                      MCI_CLR_ERROR(MCI_ERROR_DCBUS_UNDER_VOLTAGE);
   2352                      MCI_CLR_ERROR(MCI_ERROR_UNLOCK_DOOR_SPEED_FAILED);
   2353          
   2354                      //// Check input capture plausibility faults
   2355                      #if defined MCL_GET_FAULT_INPUTCAPTURE_PLAUSIBILITY_MIN_FAILED
   2356                          MCI_CLR_ERROR(MCI_ERROR_INPUTCAPTURE_PLAUSIBILITY_MIN_FAILED);
   2357                      #endif
   2358          
   2359                      #if defined MCL_GET_FAULT_INPUTCAPTURE_PLAUSIBILITY_MAX_FAILED
   2360                          MCI_CLR_ERROR(MCI_ERROR_INPUTCAPTURE_PLAUSIBILITY_MAX_FAILED);
   2361                      #endif
   2362          
   2363                      MCI_CLR_ERROR(MCI_ERROR_OVER_LOAD);
   2364          
   2365                      // Look for phase lost detection
   2366          #if defined MCL_GET_MOTOR_DISCONNECTED
   2367                      // Motor disconnection check
   2368                      temp_u8 = MCL_GET_MOTOR_DISCONNECTED();
   2369          #endif
   2370                      if(temp_u8)
   2371                      {
   2372                          MCI_SET_ERROR(MCI_ERROR_PHASE_LOST);
   2373                      }
   2374                      else
   2375                      {
   2376                          MCI_CLR_ERROR(MCI_ERROR_PHASE_LOST);
   2377                      }
   2378                  }
   2379          
   2380          
   2381                  //////////////////////////////////////////
   2382                  ////// MCI_RUNNING
   2383                  if(Mci_Control_State == MCI_RUNNING)
   2384                  {
   2385                      temp_u8 = MotorSafetyMgr__DoesClassAHaveAccessToPwm();
   2386                      if(temp_u8 == FALSE)
   2387                      {
   2388                      	if(!any_class_B_error_found)
   2389                      	{
   2390                      		MCI_SET_ERROR(MCI_ERROR_CLASS_B_FORCE2STOP);
   2391                      	}
   2392                      }
   2393                  }
   2394                  //////////////////////////////////////////
   2395                  ////// MCI_STARTING
   2396                  else if(Mci_Control_State == MCI_STARTING)
   2397                  {
   2398                      temp_u8 = MotorSafetyMgr__DoesClassAHaveAccessToPwm();
   2399                      if(temp_u8 == FALSE)
   2400                      {
   2401                      	if(!any_class_B_error_found)
   2402                      	{
   2403                      		MCI_SET_ERROR(MCI_ERROR_CLASS_B_FORCE2STOP);
   2404                      	}
   2405                      }
   2406                  }
   2407                  //////////////////////////////////////////
   2408                  ////// MCI_INITIALIZING
   2409                  else if(Mci_Control_State == MCI_INITIALIZING)
   2410                  {
   2411                      if(Mci_GP_Timer < MCI_INIT_ERROR_THRES)
   2412                      {
   2413                          Mci_GP_Timer++;
   2414                      }
   2415                      else
   2416                      {
   2417                          MCI_SET_ERROR(MCI_ERROR_INITIALIZATION_FAILED);
   2418                      }
   2419                  }
   2420                  //////////////////////////////////////////
   2421                  ////// MCI_FAILED
   2422                  else if(Mci_Control_State == MCI_FAILED)
   2423                  {
   2424                      MCI_CLR_ERROR(MCI_ERROR_INITIALIZATION_FAILED);
   2425                      MCI_CLR_ERROR(MCI_ERROR_CLASS_B_FORCE2STOP);
   2426                  }
   2427                  //////////////////////////////////////////
   2428                  ////// MCI_CLASS_B_STARTING
   2429                  else if(Mci_Control_State == MCI_CLASS_B_STARTING)
   2430                  {
   2431                      if(Mci_GP_Timer < MCI_CLASS_B_STARTUP_THRES)
   2432                      {
   2433                          Mci_GP_Timer++;
   2434                      }
   2435                      else
   2436                      {
   2437                      	MCI_SET_ERROR(MCI_ERROR_CLASS_B_FORCE2STOP);
   2438                      }
   2439                  }
   2440          
   2441                  // Check if pwm is accessible by class A, then
   2442                  if(Mci_Control_State >= MCI_STARTING)
   2443                  {
   2444                      temp_u8 = BIT_TEST(Mci_Status_Control, MCI_DI_PARAMETERS_LOADED);
   2445                      if(!temp_u8)
   2446                      {
   2447                          MCI_SET_ERROR(MCI_ERROR_INITIALIZATION_FAILED);
   2448                      }
   2449                  }
   2450          
   2451          #if defined MCI_MEASURE_INVERTER_TEMP
   2452          
   2453                  if(InverterTemp__AboveThreshold_s16((MODULE_TEMP_TO_STOP<<16)) == TRUE)
   2454                  {
   2455                      MCI_SET_ERROR(MCI_ERROR_INVERTER_OVER_TEMP);
   2456                  }
   2457                  if(InverterTemp__AboveThreshold_s16((MODULE_TEMP_TO_START<<16)) == FALSE)
   2458                  {
   2459                      MCI_CLR_ERROR(MCI_ERROR_INVERTER_OVER_TEMP);
   2460                  }
   2461          
   2462          #endif
   2463          
   2464          
   2465          #if defined MCL_GET_LOCKED_ROTOR_AT_STARTUP
   2466          
   2467                 // Locked rotor by algorithm - startup phase
   2468                 temp_u8 = MCL_GET_LOCKED_ROTOR_AT_STARTUP();
   2469                 if(temp_u8)
   2470                 {
   2471                     MCI_SET_ERROR(MCI_ERROR_LOCKED_ROTOR_AT_STARTUP);
   2472                 }
   2473                 else
   2474                 {
   2475                     MCI_CLR_ERROR(MCI_ERROR_LOCKED_ROTOR_AT_STARTUP);
   2476                 }
   2477          
   2478          #endif
   2479          
   2480          
   2481          #if defined MCL_GET_LOCKED_ROTOR_IN_RUNNING
   2482          
   2483                 // Locked rotor by algorithm - motor running
   2484                 temp_u8 = MCL_GET_LOCKED_ROTOR_IN_RUNNING();
   2485                 if(temp_u8)
   2486                 {
   2487                     MCI_SET_ERROR(MCI_ERROR_LOCKED_ROTOR_IN_RUNNING);
   2488                 }
   2489                 else
   2490                 {
   2491                     MCI_CLR_ERROR(MCI_ERROR_LOCKED_ROTOR_IN_RUNNING);
   2492                 }
   2493          
   2494          #endif
   2495          
   2496          
   2497          #if defined MCL_GET_OBSERVER_FAILURE
   2498          
   2499                 // Observer failure found
   2500                 temp_u8 = MCL_GET_OBSERVER_FAILURE();
   2501                 if(temp_u8)
   2502                 {
   2503                     MCI_SET_ERROR(MCI_ERROR_OBSERVER_FAILURE);
   2504                 }
   2505                 else
   2506                 {
   2507                     MCI_CLR_ERROR(MCI_ERROR_OBSERVER_FAILURE);
   2508                 }
   2509          
   2510          #endif
   2511          
   2512          
   2513          #if defined MCL_CLASS_A_MOTOR_OVER_TEMP
   2514          
   2515                 // Motor over temperature
   2516                 temp_u8 = MCL_CLASS_A_MOTOR_OVER_TEMP();
   2517                 if(temp_u8)
   2518                 {
   2519                     MCI_SET_ERROR(MCI_ERROR_CLASS_A_MOTOR_OVER_TEMP);
   2520                 }
   2521                 else
   2522                 {
   2523                     MCI_CLR_ERROR(MCI_ERROR_CLASS_A_MOTOR_OVER_TEMP);
   2524                 }
   2525          
   2526          #endif
   2527          
   2528          
   2529          #if defined MCL_GET_INT_DISABLED
   2530          
   2531                 // Motor over temperature
   2532                 temp_u8 = MCL_GET_INT_DISABLED();
   2533                 if(temp_u8)
   2534                 {
   2535                     MCI_SET_ERROR(MCI_ERROR_INT_DISABLED);
   2536                 }
   2537                 else
   2538                 {
   2539                     MCI_CLR_ERROR(MCI_ERROR_INT_DISABLED);
   2540                 }
   2541          
   2542          #endif
   2543              }
   2544          }
   2545          
   2546          
   2547          
   2548          
   2549          //---------------------------------------------------------------------------------------------------------------------
   2550          /**
   2551           * @brief   Check for all flow control that the algorithm uses.
   2552           */
   2553          #ifdef __IAR_SYSTEMS_ICC__
   2554          #pragma inline = forced
   2555          #endif
   2556          void Update_Status(void)
   2557          {
   2558              uint8 temp_u8;
   2559          
   2560              //////////////////////////////////////////////////////////////////////////////////////////
   2561              //// Check the flag MCI_IS_MOTOR_STOPPED & MCI_MOTOR_IDLE
   2562              // If the state is in IDLE
   2563              if(Mci_Control_State == MCI_IDLE)
   2564              {
   2565                  // Motor state is idle
   2566                  MCI_SET_STATUS_CTL(MCI_DI_IDLE);
   2567          
   2568                  // Motor state is in IDLE, therefore the motor shall not be being drive anymore
   2569                  MCI_CLR_STATUS_CTL(MCI_DI_MOTOR_RUNNING);
   2570          
   2571                  MCI_SET_STATUS_CTL(MCI_DI_MOTOR_STOP);
   2572          
   2573                  MCI_CLR_STATUS_CTL(MCI_DI_REACHED_TARGET_SPEED);
   2574              }
   2575              else // otherwise
   2576              {
   2577                  // the motor is not stopped
   2578                  MCI_CLR_STATUS_CTL(MCI_DI_MOTOR_STOP);
   2579          
   2580                  // Motor state not idle
   2581                  MCI_CLR_STATUS_CTL(MCI_DI_IDLE);
   2582          
   2583                  // If the main state is running
   2584                  if(Mci_Control_State == MCI_RUNNING)
   2585                  {
   2586                      // Set the motor running flag
   2587                      MCI_SET_STATUS_CTL(MCI_DI_MOTOR_RUNNING);
   2588          
   2589                      if(SpeedRefGen__GetStatus() == SPEED_REF_AT_PLATEAU)
   2590                      {
   2591                          MCI_SET_STATUS_CTL(MCI_DI_REACHED_TARGET_SPEED);
   2592                      }
   2593                      else
   2594                      {
   2595                          MCI_CLR_STATUS_CTL(MCI_DI_REACHED_TARGET_SPEED);
   2596                      }
   2597          
   2598          #if defined MCL_GET_OVER_TORQUE
   2599          
   2600                      temp_u8 = MCL_GET_OVER_TORQUE();
   2601                      if(temp_u8)
   2602                      {
   2603                          MCI_SET_STATUS_CTL(MCI_DI_OVER_TORQUE);
   2604                      }
   2605                      else
   2606                      {
   2607                          MCI_CLR_STATUS_CTL(MCI_DI_OVER_TORQUE);
   2608                      }
   2609          
   2610          #else
   2611          
   2612                      MCI_CLR_STATUS_CTL(MCI_DI_OVER_TORQUE);
   2613          
   2614          #endif
   2615                  }
   2616                  else
   2617                  {
   2618                          MCI_CLR_STATUS_CTL(MCI_DI_REACHED_TARGET_SPEED);
   2619                  }
   2620              }
   2621          
   2622          
   2623              // Check if parameters are loaded
   2624              temp_u8  = MotorSafetyMgr__GetFlag(SR_FLAG_MC_PARAMETERS_LOADED);
   2625              temp_u8 += MCL_GET_PARAMETERS_LOADED();
   2626              temp_u8 += (uint8)Mci_Parameters_Loaded;
   2627          #if (INVERTER_TEMP_SETTINGFILE_SUPPORT == ENABLED)
   2628              temp_u8 += (uint8) InverterTemp__GetParameterLoaded();
   2629          #endif
   2630          #if (POWERMODULE_MANAGER_USED == ENABLED)
   2631              temp_u8 += (uint8) PowerModuleManager__GetParameterLoaded();
   2632          #endif
   2633              if(temp_u8 == MCI_PARAMS_LOADED_CHECKS)
   2634              {
   2635                  MCI_SET_STATUS_CTL(MCI_DI_PARAMETERS_LOADED);
   2636              }
   2637              else
   2638              {
   2639                  MCI_CLR_STATUS_CTL(MCI_DI_PARAMETERS_LOADED);
   2640              }
   2641          
   2642          
   2643          }
   2644          
   2645          
   2646          
   2647          
   2648          //---------------------------------------------------------------------------------------------------------------------
   2649          /**
   2650           * @brief   Initialize the analog interface variables
   2651           */
   2652          
   2653          #ifdef __IAR_SYSTEMS_ICC__
   2654          #pragma inline = forced
   2655          #endif
   2656          void Initialize_Current_DCBus_Voltage(void)
   2657          {
   2658              Mcl_IO.Is_ABC.A = (MCL_NOTATION_TYPE)0;
   2659              Mcl_IO.Is_ABC.B = (MCL_NOTATION_TYPE)0;
   2660              Mcl_IO.Is_ABC.C = (MCL_NOTATION_TYPE)0;
   2661              Mcl_IO.Vdc      = (MCL_NOTATION_TYPE)0;
   2662          }
   2663          
   2664          
   2665          
   2666          
   2667          //---------------------------------------------------------------------------------------------------------------------
   2668          /**
   2669           * @brief   Convert data from peripherals into requested to the motor control
   2670           */
   2671          #ifdef __IAR_SYSTEMS_ICC__
   2672          #pragma inline = forced
   2673          #endif
   2674          void Read_Current_DCBus_Voltage(sint32 ia_adc, sint32 ib_adc, sint32 ic_adc, sint32 dcbus_adc)
   2675          {
   2676          #ifndef MCI_CURRENT_SENSOR_GAIN_POSITIVE
   2677          
   2678              // Mcl interface Update
   2679              Mcl_IO.Is_ABC.A = MCL_CURRENT(((-ia_adc) << 4));
   2680              Mcl_IO.Is_ABC.B = MCL_CURRENT(((-ib_adc) << 4));
   2681              Mcl_IO.Is_ABC.C = MCL_CURRENT(((-ic_adc) << 4));
   2682          
   2683          #else
   2684          
   2685              // Mcl interface Update
   2686              Mcl_IO.Is_ABC.A = MCL_CURRENT(((ia_adc) << 4));
   2687              Mcl_IO.Is_ABC.B = MCL_CURRENT(((ib_adc) << 4));
   2688              Mcl_IO.Is_ABC.C = MCL_CURRENT(((ic_adc) << 4));
   2689          
   2690          #endif
   2691          
   2692              Mcl_IO.Vdc = MCL_VOLTAGE((dcbus_adc << 3));
   2693          }
   2694          
   2695          
   2696          
   2697          #if(API220_DEBUG_MODE == ENABLED)
   2698          /*
   2699           * @brief   Force error to emulate mci reaction. Used for debugging purposes
   2700           *          of high level application, like cycle manager and other modules.
   2701           * @param   emulate_this_error [MCI_ERROR_TYPE] - error index.
   2702           */
   2703          void Mci__Emulate_Error(uint8 emulate_this_error)
   2704          {
   2705          
   2706              switch(emulate_this_error)
   2707              {
   2708                  case MCI_ERROR_INITIALIZATION_FAILED:
   2709                      MCI_SET_ERROR(MCI_ERROR_INITIALIZATION_FAILED);
   2710                      break;
   2711          
   2712                  case MCI_ERROR_DCBUS_OVER_VOLTAGE:
   2713                      MCI_SET_ERROR(MCI_ERROR_DCBUS_OVER_VOLTAGE);
   2714                      break;
   2715          
   2716                  case MCI_ERROR_DCBUS_UNDER_VOLTAGE:
   2717                      MCI_SET_ERROR(MCI_ERROR_DCBUS_UNDER_VOLTAGE);
   2718                      break;
   2719          
   2720          #if defined MCI_MEASURE_INVERTER_TEMP
   2721          
   2722                  case MCI_ERROR_INVERTER_OVER_TEMP:
   2723                      MCI_SET_ERROR(MCI_ERROR_INVERTER_OVER_TEMP);
   2724                      break;
   2725          
   2726          #endif
   2727          
   2728          #if defined MCL_GET_LOCKED_ROTOR_AT_STARTUP
   2729          
   2730                  case MCI_ERROR_LOCKED_ROTOR_AT_STARTUP:
   2731                      MCI_SET_ERROR(MCI_ERROR_LOCKED_ROTOR_AT_STARTUP);
   2732                      break;
   2733          
   2734          #endif
   2735          
   2736          #if defined MCL_GET_LOCKED_ROTOR_IN_RUNNING
   2737          
   2738                  case MCI_ERROR_LOCKED_ROTOR_IN_RUNNING:
   2739                      MCI_SET_ERROR(MCI_ERROR_LOCKED_ROTOR_IN_RUNNING);
   2740                      break;
   2741          
   2742          #endif
   2743          
   2744                  case MCI_ERROR_OVER_LOAD:
   2745                      MCI_SET_ERROR(MCI_ERROR_OVER_LOAD);
   2746                      break;
   2747          
   2748                  case MCI_ERROR_CURRENT_SENSOR_FAILED:
   2749                      MCI_SET_ERROR(MCI_ERROR_CURRENT_SENSOR_FAILED);
   2750                      break;
   2751          
   2752                  case MCI_ERROR_VOLTAGE_SENSOR_FAILED:
   2753                      MCI_SET_ERROR(MCI_ERROR_VOLTAGE_SENSOR_FAILED);
   2754                      break;
   2755          
   2756                  case MCI_ERROR_SW_OVER_CURRENT:
   2757                      MCI_SET_ERROR(MCI_ERROR_SW_OVER_CURRENT);
   2758                      break;
   2759          
   2760                  case MCI_ERROR_HW_OVER_CURRENT:
   2761                      MCI_SET_ERROR(MCI_ERROR_HW_OVER_CURRENT);
   2762                      break;
   2763          
   2764                  case MCI_ERROR_UNLOCK_DOOR_SPEED_FAILED:
   2765                      MCI_SET_ERROR(MCI_ERROR_UNLOCK_DOOR_SPEED_FAILED);
   2766                      break;
   2767          
   2768                  case MCI_ERROR_PHASE_LOST:
   2769                      MCI_SET_ERROR(MCI_ERROR_PHASE_LOST);
   2770                      break;
   2771          
   2772          #if defined MCL_GET_FAULT_INPUTCAPTURE_PLAUSIBILITY_MIN_FAILED
   2773          
   2774                  case MCI_ERROR_INPUTCAPTURE_PLAUSIBILITY_MIN_FAILED:
   2775                      MCI_SET_ERROR(MCI_ERROR_INPUTCAPTURE_PLAUSIBILITY_MIN_FAILED);
   2776                      break;
   2777          
   2778          #endif
   2779          
   2780          #if defined MCL_GET_FAULT_INPUTCAPTURE_PLAUSIBILITY_MAX_FAILED
   2781          
   2782                  case MCI_ERROR_INPUTCAPTURE_PLAUSIBILITY_MAX_FAILED:
   2783                      MCI_SET_ERROR(MCI_ERROR_INPUTCAPTURE_PLAUSIBILITY_MAX_FAILED);
   2784                      break;
   2785          
   2786          #endif
   2787          
   2788          #if defined MCL_GET_INT_DISABLED
   2789          
   2790                  case MCI_ERROR_INT_DISABLED:
   2791                      MCI_SET_ERROR(MCI_ERROR_INT_DISABLED);
   2792                      break;
   2793          
   2794          #endif
   2795          
   2796          #if defined MCL_GET_STATOR_OVER_TEMP
   2797          
   2798                  case MCI_ERROR_CLASS_A_MOTOR_OVER_TEMP:
   2799                      MCI_SET_ERROR(MCI_ERROR_CLASS_A_MOTOR_OVER_TEMP);
   2800                      break;
   2801          
   2802          #endif
   2803          
   2804                  case MCI_ERROR_CLASS_B_FORCE2STOP:
   2805                      MCI_SET_ERROR(MCI_ERROR_CLASS_B_FORCE2STOP);
   2806                      break;
   2807          
   2808                  case MCI_ERROR_PWM_SHUTDOWN_FAILED:
   2809                      MCI_SET_ERROR(MCI_ERROR_PWM_SHUTDOWN_FAILED);
   2810                      break;
   2811          
   2812          #if defined MCL_GET_OBSERVER_FAILURE
   2813          
   2814                  case MCI_ERROR_OBSERVER_FAILURE:
   2815                      MCI_SET_ERROR(MCI_ERROR_OBSERVER_FAILURE);
   2816                      break;
   2817          
   2818          #endif
   2819          
   2820                  case MCI_ERROR_DCBUS_OUT_OF_RANGE:
   2821                      MCI_SET_ERROR(MCI_ERROR_DCBUS_OUT_OF_RANGE);
   2822                      break;
   2823          
   2824                  case MCI_ERROR_SURGE_RELAY_OPEN:
   2825                  	MCI_SET_ERROR(MCI_ERROR_SURGE_RELAY_OPEN);
   2826                  	break;
   2827          
   2828                  default:
   2829                      //
   2830                      break;
   2831              }
   2832          
   2833          
   2834          }
   2835          #endif

   Maximum stack usage in bytes:

   .cstack Function
   ------- --------
       0   Mci__1msHandler
         0   -> Mcl__1msHandler
       8   Mci__250usHandler
         8   -> BoardDebugging__250usHandler
         0   -> Mcl__250usHandler
       8   Mci__25msHandler
         8   -> BoardDebugging__25msHandler
         0   -> Mcl__25msHandler
         8   -> SelfCommissioning__25msHandler
         8   -> SurgeRelay__25msHandler
      16   Mci__5msHandler
         0   -> Mcl__5msHandler
        16   -> Mcl__GetDigital
        16   -> SRMotorSafetyMgr__AnyFaultFound
        16   -> SRMotorSafetyMgr__GetFault
        16   -> SRMotorSafetyMgr__GetFlag
        16   -> SpeedRefGen__GetStatus
        16   -> SurgeRelay__IsBusReady
       0   Mci__ClearError
       0   Mci__FvtGetResult
         0   -> MclFvt__GetResult
       0   Mci__FvtGetStatus
         0   -> MclFvt__GetStatus
      16   Mci__FvtStart
        16   -> MclFvt__Entry
       8   Mci__FvtStop
         8   -> SRMotorSafetyMgr__ForceStop
       8   Mci__GetAnalog
         8   -> SpeedRefGen__GetSpeedTarget
       0   Mci__GetDigital
       0   Mci__GetDigitalList
       0   Mci__GetError
       0   Mci__GetErrorList
       0   Mci__GetParams
       0   Mci__HallHandler
       8   Mci__Initialize
         8   -> BoardDebugging__Initialize
         8   -> Mcl__Initialize
         8   -> SelfCommissioning__Initialize
         8   -> SpeedRefGen__Initialize
         8   -> SurgeRelay__Initialize
      16   Mci__Manual_Injection
        16   -> Mcl__SetDigital
      16   Mci__PwmHandler
         0   -> BoardDebugging__PwmHandler
        16   -> MclFvt__Entry
        16   -> MclFvt__Exit
        16   -> MclFvt__GuardCondition
        16   -> MclFvt__PwmHandler
        16   -> Mcl__ResetAll
        16   -> SRMotorSafetyMgr__ConfigPwmPattern
        16   -> SRMotorSafetyMgr__GetFlag
        16   -> SRMotorSafetyMgr__IsInIdle
        16   -> SRMotorSafetyMgr__Prepare2StartMotor
        16   -> SRMotorSafetyMgr__Prepare2StopMotor
        16   -> SRMotorSafetyMgr__UpdatePwm
        16   -> SelfCommissioning__RunningHandler
        16   -> SpeedRefGen__Generator
        16   -> SpeedRefGen__Initialize
        16   -> SpeedRefGen__Reset
      24   Mci__Run
        24   -> SpeedRefGen__SetNewSpeed
       0   Mci__SetAnalog
         0   -> Mcl__SetAnalog
       0   Mci__SetDigital
       0   Mci__SetParams
         0   -> Mcl__SetParams
      16   Mci__Stop
        16   -> Mcl__ResetDigital
        16   -> Mcl__SetDigital
        16   -> SRMotorSafetyMgr__ForceStop
        16   -> SpeedRefGen__SetNewSpeed


   Section sizes:

   Bytes  Function/Label
   -----  --------------
       4  ??DataTable1
       4  ??DataTable12
       4  ??DataTable13
       4  ??DataTable15
       4  ??DataTable15_1
       4  ??DataTable15_2
       4  ??DataTable15_3
       4  ??DataTable15_4
       4  ??DataTable15_5
      28  Mci_Parameters_Loaded
          Mci_Control_State
          pwm_post_scaler
          time_postscaler
          Mci_GP_Timer
          Mci_Parameters
          Mci_Error
          Mci_Error_Holder
          Mci_Flow_Control
          Mci_Status_Control
       4  Mci__1msHandler
      18  Mci__250usHandler
      26  Mci__25msHandler
     646  Mci__5msHandler
      28  Mci__ClearError
      12  Mci__FvtGetResult
      18  Mci__FvtGetStatus
      84  Mci__FvtStart
      56  Mci__FvtStop
     286  Mci__GetAnalog
      66  Mci__GetDigital
      18  Mci__GetDigitalList
     338  Mci__GetError
      18  Mci__GetErrorList
      78  Mci__GetParams
       2  Mci__HallHandler
      70  Mci__Initialize
     252  Mci__Manual_Injection
    1102  Mci__PwmHandler
     162  Mci__Run
      42  Mci__SetAnalog
       4  Mci__SetDigital
      14  Mci__SetParams
     134  Mci__Stop

 
    28 bytes in section .bss
 3 514 bytes in section .text
 
 3 514 bytes of CODE memory
    28 bytes of DATA memory

Errors: none
Warnings: none
