###############################################################################
#
# IAR ANSI C/C++ Compiler V7.20.5.7591/W32 for ARM        06/Aug/2024  13:42:17
# Copyright 1999-2014 IAR Systems AB.
#
#    Cpu mode     =  thumb
#    Endian       =  little
#    Source file  =  
#        C:\Data\Python\Self_Commissioning_Bpm\source\XCategory\Hbl\Mci\Mcl\Mcl.c
#    Command line =  
#        -I./ -I../cx/ -I../cx/inc/ -ICategory/ -ICategory/Application/
#        -ICategory/Application/ThermalModel/
#        -ICategory/Application/ThermalModel/ThermalModelCore_DD/
#        -ICategory/Application/ThermalModel/ThermalModelCore_sBPM/
#        -ICategory/Common/ -ICategory/Common/BoardDebugging/
#        -ICategory/Common/MasterCommander/
#        -ICategory/Common/MasterCommander/Source/
#        -ICategory/Common/MasterCommander/Source/HAL/
#        -ICategory/Common/SelfCommissioning/ -ICategory/Hbl/
#        -IProjectSpecific/ -IProjectSpecific/Application/
#        -IProjectSpecific/Application/API007App/
#        -IProjectSpecific/Application/ModeManagement/
#        -IProjectSpecific/Application/MotorSelector/
#        -IProjectSpecific/Application/ProductInfo/
#        -IProjectSpecific/Application/SRMcuSpeedMonitor/
#        -IProjectSpecific/Application/ThermalModel/
#        -IProjectSpecific/CommonCore/ -IProjectSpecific/Driver/
#        -IProjectSpecific/MasterCommander/ -IProjectSpecific/Mci/
#        -IProjectSpecific/Mci/Mcl/ -IProjectSpecific/Mci/Mcl/old_xls/
#        -IXCategory/ -IXCategory/Application/
#        -IXCategory/Application/MciParametersLoader/
#        -IXCategory/Application/Mode/ -IXCategory/Application/Reveal_APIs/
#        -IXCategory/Application/Reveal_APIs/API003Disc/
#        -IXCategory/Application/Reveal_APIs/API004Debug/
#        -IXCategory/Application/Reveal_APIs/API005LowLevel/
#        -IXCategory/Application/Reveal_APIs/API007Data/
#        -IXCategory/Application/Reveal_APIs/API009System/
#        -IXCategory/Application/Reveal_APIs/API010PollVar/
#        -IXCategory/Application/Reveal_APIs/API011AppCtr/
#        -IXCategory/Application/Reveal_APIs/API013RemoteFunction/
#        -IXCategory/Application/Reveal_APIs/API018Diagnostic/
#        -IXCategory/Application/Reveal_APIs/API019ProductInfo/
#        -IXCategory/Application/Reveal_APIs/API220MotorControl/
#        -IXCategory/Application/Reveal_APIs/API220MotorControl/API/
#        -IXCategory/Application/Reveal_APIs/API221MotionCtrl/
#        -IXCategory/Application/Reveal_APIs/SRAPI020Safety/
#        -IXCategory/Application/SFUpdater/ -IXCategory/Common/
#        -IXCategory/Common/Crc16/ -IXCategory/Common/Crc8/
#        -IXCategory/Common/Log/ -IXCategory/Common/Millis/
#        -IXCategory/Common/SettingFile/ -IXCategory/Common/SRClockMonitor/
#        -IXCategory/Common/SRData/ -IXCategory/Common/SRException/
#        -IXCategory/Common/SRFlow/ -IXCategory/Common/SRIsrMonitor/
#        -IXCategory/Common/SRMain/ -IXCategory/Common/SRMcuSpeedMonitor/
#        -IXCategory/Common/SRPowerMgr/ -IXCategory/Common/SRSignature/
#        -IXCategory/Common/SRSystemConfig/
#        -IXCategory/Common/SRTimerReference/ -IXCategory/Common/SystemConfig/
#        -IXCategory/Common/SystemTimers/ -IXCategory/Common/Utilities/
#        -IXCategory/Driver/ -IXCategory/Driver/API/
#        -IXCategory/Driver/API/Comparator/ -IXCategory/Driver/API/DataFlash/
#        -IXCategory/Driver/API/Dma/ -IXCategory/Driver/API/Flash/
#        -IXCategory/Driver/API/Gpio/ -IXCategory/Driver/API/Micro/
#        -IXCategory/Driver/API/Spi/ -IXCategory/Driver/API/SRMCAtod/
#        -IXCategory/Driver/API/SRMCInputCapture/
#        -IXCategory/Driver/API/SRMCPwm/ -IXCategory/Driver/API/TimerInterrupt/
#        -IXCategory/Driver/API/Uart/ -IXCategory/Driver/Comparator/
#        -IXCategory/Driver/DataFlash/ -IXCategory/Driver/Dma/
#        -IXCategory/Driver/Flash/ -IXCategory/Driver/Gpio/
#        -IXCategory/Driver/Micro/ -IXCategory/Driver/Spi/
#        -IXCategory/Driver/SRMCAtod/ -IXCategory/Driver/SRMCInputCapture/
#        -IXCategory/Driver/SRMCPwm/ -IXCategory/Driver/TimerInterrupt/
#        -IXCategory/Driver/Uart/ -IXCategory/Hbl/ -IXCategory/Hbl/Mci/
#        -IXCategory/Hbl/Mci/InverterTemp/ -IXCategory/Hbl/Mci/Mcl/
#        -IXCategory/Hbl/Mci/Mcl/Braking/ -IXCategory/Hbl/Mci/Mcl/MacroBlocks/
#        -IXCategory/Hbl/Mci/Mcl/MclFvt/ -IXCategory/Hbl/Mci/Mcl/MicroBlocks/
#        -IXCategory/Hbl/Mci/Mcl/MicroBlocks/ClrkPark/
#        -IXCategory/Hbl/Mci/Mcl/MicroBlocks/Filters/
#        -IXCategory/Hbl/Mci/Mcl/MicroBlocks/Math/
#        -IXCategory/Hbl/Mci/Mcl/MicroBlocks/ObserverPmsm/
#        -IXCategory/Hbl/Mci/Mcl/MicroBlocks/Pi/
#        -IXCategory/Hbl/Mci/Mcl/MicroBlocks/PwmModulation/
#        -IXCategory/Hbl/Mci/Mcl/ResistanceEstimation/
#        -IXCategory/Hbl/Mci/PowerModuleManager/
#        -IXCategory/Hbl/Mci/SpeedRefGen/ -IXCategory/Hbl/Mci/SurgeRelay/
#        -IXCategory/Hbl/SRMotorSafetyMgr/
#        -IXCategory/Hbl/SRMotorSafetyMgr/API/ -IXCategory/Service/
#        -IXCategory/Service/Reveal/ -IXCategory/Service/Win/ --remarks
#        --no_tbaa --debug --use_c++_inline --only_stdout --dlib_config
#        ..\cx\inc\DLib_Config_Normal.h -r -D
#        ENABLE_JUMP_TO_APPLICATION_WITHOUT_IAP_FIRMWARE -D
#        SET_FLASH_OPTION_CONFIGURATION -D ARM_MATH_CM4 -e --silent
#        --endian=little --cpu Cortex-M4 --fpu=VFPv4_sp -Ohs -o Mcl.obj -l
#        ..\listings\Mcl.lst
#        C:\Data\Python\Self_Commissioning_Bpm\source\XCategory\Hbl\Mci\Mcl\Mcl.c
#    List file    =  ..\listings\Mcl.lst
#    Object file  =  Mcl.obj
#
###############################################################################

C:\Data\Python\Self_Commissioning_Bpm\source\XCategory\Hbl\Mci\Mcl\Mcl.c
      1          /**
      2           *  @file       Mcl.c
      3           *  @brief      Motor Control Loop 3-phase motors
      4           *  @details    This module implements the motor oriented control loop for 3-phase motors (DD, BPM, CIM).
      5           *  @author     alessio.beato/luigi.fagnano
      6           *  $Header:
      7           *  @copyright  Copyright 2020-$Date$. Whirlpool Corporation. All rights reserved - CONFIDENTIAL
      8          */
      9          //---------------------------------------------------------------------------------------------------------------------
     10          //---------------------------------------------------------------------------------------------------------------------
     11          
     12          
     13          //-------------------------------------- Include Files ----------------------------------------------------------------
     14          //MCL macro-block inclusion
     15          #include "Mcl.h"
     16          #include "McMathCalc_macros.h"
     17          #include "Filters.h"
     18          #include "ClrkPark.h"
     19          #include "Mci_prm.h"
     20          #include "MotorSafetyMgr.h"
     21          
     22          #if (THERMAL_MODEL_EXE == ENABLED)
     23          #include "ThermalModel.h"
     24          #endif
     25          //-------------------------------------- PUBLIC (Variables) -----------------------------------------------------------
     26          
     27          //-------------------------------------- PRIVATE (Variables, Constants & Defines) -------------------------------------
     28          #ifndef RPM_TO_RADS
     29              #define RPM_TO_RADS                 0.10471975511965977461542144610932f
     30          #endif
     31          
     32          #ifndef STOP_RAMP_DURING_INVERSION
     33              #define STOP_RAMP_DURING_INVERSION  DISABLED
     34          #endif
     35          
     36          #ifndef MAX_U16
     37              #define MAX_U16                     65535
     38          #endif
     39          
     40          #ifndef MAX_UINT32
     41              #define MAX_UINT32                  (uint32)((1ULL<<32)-1)
     42          #endif
     43          
     44          #define INV_3                           (float32)(1.0f/3.0f)
     45          #define INV_10                          (float32)(1.0f/10.0f)
     46          #define TWO_PI			                (float32)(6.283185307179586476925286766559f)
     47          
     48          
     49          typedef enum
     50          {
     51              STOP_COAST_DOWN_REQUESTED = 0,                      //!< 0 - Stop by coasting down requested
     52              STOP_REQUESTED,                                     //!< 1 - Stop with braking is requested
     53              STOP_LOWERS_ON_REQUESTED,                           //!< 2 - Stop with lowers on is requested
     54              RUNNING_MIN_SPEED_STOP_REACHED,                     //!< 3 - Stop requested and minimum speed was reached
     55          
     56              MANUAL_DC_VOLT_INJECTION,                           //!< 4 - inject DC voltage manually
     57              MANUAL_AC_VOLT_INJECTION,                           //!< 5 - inject AC voltage manually
     58              MANUAL_DC_CURRENT_INJECTION,                        //!< 6 - inject DC current manually
     59              MANUAL_AC_CURRENT_INJECTION,                        //!< 7 - inject AC current manually
     60          } MCL_FLOW_MANAGER_TYPE;
     61          
     62          
     63          
     64          typedef enum
     65          {
     66              MCL_STARTING_NOT_DEFINED = 0,
     67              MCL_RESISTANCE_ESTIMATION,
     68              MCL_BUILD_MOTOR_FLUX,
     69              MCL_STARTING_FINISHED
     70          } MCL_STARTING_STATE_TYPE;
     71          
     72          
     73          MCL_CS_TYPE Mcl_Cs;                                         //!< MCL control specific variables
     74          
     75          //Input Output Structures declarations ------ begin
     76          MCL_IO_TYPE Mcl_IO; //!< MCL IO
     77          
     78          //Input Processing IO
     79          MCL_INPUT_PROC_IO_F_TYPE Mcl_Input_Proc_IO;
     80          
     81          //Observer IO
     82          static MCL_OBSERVER_IO_F_TYPE Mcl_Observer_IO;
     83          
     84          //Speed Controller IO
     85          static MCL_SPEED_CTRL_IO_F_TYPE Mcl_Speed_Ctrl_IO;
     86          
     87          //DQ Reference Generator Controller IO
     88          static MCL_DQ_REF_IO_F_TYPE Mcl_DQ_Ref_IO;
     89          
     90          //DQ Controllers IO
     91          MCL_DQ_CTRL_IO_F_TYPE Mcl_DQ_Ctrl_IO;
     92          
     93          //Pwm IO
     94          MCL_PWM_IO_F_TYPE Mcl_Pwm_IO;
     95          ////Input Output Structures declarations ------ end
     96          
     97          MCL_PARAMS_DISPL1_TYPE*  Mcl_Params_Displ1;                 //!< MCL parameters displacement 1
     98          static MCL_PARAMS_DISPL3_TYPE*  Mcl_Params_Displ3;                 //!< MCL parameters displacement 3
     99          static MCL_PARAMS_DISPL4_TYPE*  Mcl_Params_Displ4;                 //!< MCL parameters displacement 4
    100          static MCL_PARAMS_DISPL9_TYPE*  Mcl_Params_Displ9;                 //!< MCL parameters displacement 9
    101          static MCL_PARAMS_DISPL10_TYPE* Mcl_Params_Displ10;                //!< MCL parameters displacement 10
    102          static MCL_PARAMS_DISPL11_TYPE* Mcl_Params_Displ11;                //!< MCL parameters displacement 11
    103          static MCL_PARAMS_DISPL13_TYPE* Mcl_Params_Displ13;                //!< MCL parameters displacement 11
    104          
    105          /* additional structures of parameters */
    106          MCL_INPUT_PROC_JOINT_PARAMS_TYPE MclInput_Params;
    107          static MCLOBSERVER_JOINT_PARAMS_TYPE    MclObserver_Params;
    108          static MCLSPEEDCTRL_JOINT_PARAMS_TYPE   MclSpeedCtrl_Params;
    109          static MCLDQREF_JOINT_PARAMS_TYPE       MclDqRef_Params;
    110          MCLPWM_JOINT_PARAMS_TYPE        MclPwm_Params;
    111          
    112          MCL_QUANTITIES_TYPE Mcl_Quantities;                         //!< MCL quantities
    113          
    114          static RES_EST_IO_TYPE Res_Est_IO;
    115          
    116          static MCL_STARTING_STATE_TYPE Mcl_Starting_State;
    117          
    118          static volatile MCL_FLOW_MANAGER_TYPE Mcl_Flow_Manager;
    119          
    120          static float32 Manual_Inject_Level;                         //!< [A or V]- define the level used in the manual injection
    121          static float32 Manual_Inject_Param;                         //!< [rad or Hz]- define the position of frequency of a given method
    122          static float32 Manual_Pos_Reference;                        //!< [rad] - angle to calculate direct/inverse transformation
    123          
    124          static float32 I1_Rms_Sum;
    125          static float32 I2_Rms_Sum;
    126          static float32 I3_Rms_Sum;
    127          static float32 Mean_Speed_Sum;
    128          static uint16 N_Samples;
    129          static float32 N_Samples_inv;
    130          
    131          
    132          static uint16 Over_Torque_Time_Counter;                    //!< [5ms ticks] time when the torque is too high
    133          //! MCL_FLOW_MANAGER_TYPE controls the algorithm flow
    134          #define MCL_SET_FLOW_MANAGER(mcl_flowcontrol)   BIT_SET(Mcl_Flow_Manager, (mcl_flowcontrol))
    135          #define MCL_CLR_FLOW_MANAGER(mcl_flowcontrol)   BIT_CLR(Mcl_Flow_Manager, (mcl_flowcontrol))
    136          
    137          //! Define multiples test cases in one shot because the compiler is optimizing and ignoring the BIT_TEST macro
    138          #define MANUAL_VOLTAGE_INJECTION_FLAGS  (((MCL_FLOW_MANAGER_TYPE)1<<(MANUAL_DC_VOLT_INJECTION)) + ((MCL_FLOW_MANAGER_TYPE)1<<(MANUAL_AC_VOLT_INJECTION)))
    139          #define MANUAL_CURRENT_INJECTION_FLAGS  (((MCL_FLOW_MANAGER_TYPE)1<<(MANUAL_DC_CURRENT_INJECTION)) + (((MCL_FLOW_MANAGER_TYPE)1<<(MANUAL_AC_CURRENT_INJECTION))))
    140          
    141          
    142          //! Define the flags used to declare running finished.
    143          #define RUNNING_FINISHED_FLOW_FLAGS     ((MCL_FLOW_MANAGER_TYPE)1<<STOP_LOWERS_ON_REQUESTED)  +   \
    144                                                  ((MCL_FLOW_MANAGER_TYPE)1<<STOP_COAST_DOWN_REQUESTED) +   \
    145                                                  ((MCL_FLOW_MANAGER_TYPE)1<<STOP_REQUESTED)
    146          
    147          
    148          //-------------------------------------- PRIVATE (Function Prototypes) ------------------------------------------------
    149          static BOOL_TYPE Estimate_Stator_Resistance(void);
    150          static void Calc_MeanSpeed_CurrentRMS(void);
    151          static float32 Calc_Temperature_By_Resistance(void);
    152          static float32 Calc_Resistance_By_Temperature(void);
    153          #if (MCL__ELECTRICAL_POWER == ENABLED)
    154          static void Calc_ElectricalPower(void);
    155          #endif
    156          #if (MCL__SHAFT_POWER == ENABLED)
    157          static void Calc_ShaftPower(void);
    158          #endif
    159          static void Calc_TorqueForApplication(void);
    160          static void TimeHandler(void);
    161          static void Flags_Management(void);
    162          
    163          //=====================================================================================================================
    164          //-------------------------------------- Public Functions -------------------------------------------------------------
    165          //=====================================================================================================================
    166          
    167          
    168          //---------------------------------------------------------------------------------------------------------------------
    169          /**
    170           *  @brief      Motor Control Loop initialization.
    171           *  @details    In this routine are called all initialization functions.
    172           *
    173           *
    174           *  @param[in]     
    175           *  @param[out]     
    176           *  @param[in]      
    177           *  @return        
    178           */

   \                                 In section .text, align 2, keep-with-next
    179          void Mcl__Initialize(void)
    180          {
   \                     Mcl__Initialize: (+1)
   \   00000000   0xB510             PUSH     {R4,LR}
    181              Mcl_Cs.flags.all                        = 0;
   \   00000002   0x.... 0x....      LDR.W    R4,??DataTable16
   \   00000006   0x2000             MOVS     R0,#+0
   \   00000008   0xF8C4 0x00F4      STR      R0,[R4, #+244]
    182              Mcl_Cs.All_Devices_Off                  = &Mcl_IO.All_Devices_Off;
    183              Mcl_Cs.Lowers_On                        = &Mcl_IO.Lowers_On;
    184              Mcl_Cs.Speed_Rot_Ref_Abs                = &Mcl_Quantities.Speed_Rot_Ref_Abs;
    185              Mcl_Cs.Speed_Rotor_Observed             = &Mcl_Quantities.Speed_Rot;
    186              Mcl_Cs.Speed_Rotor_Observed_Mech        = &Mcl_Quantities.Speed_Rot_Mech;
    187              Mcl_Cs.Speed_Rotor_Observed_Mech_Abs    = &Mcl_Quantities.Speed_Rot_Mech_Abs;
    188              Mcl_Cs.Elapsed_Time_After_Starting      = &Mcl_Quantities.Elapsed_Time_After_Starting;
    189              Mcl_Cs.Id_stator_current                = &Mcl_Quantities.Id_stator_current;
    190              Mcl_Cs.Iq_stator_current                = &Mcl_Quantities.Iq_stator_current;
    191              Mcl_Cs.Id_Rotor_Current                 = &Mcl_Quantities.Id_rotor_current;
    192              Mcl_Cs.Torque                           = &Mcl_Quantities.Torque;
    193              Mcl_Cs.Stator_Resistance                = &Mcl_Quantities.Stator_Resistance;
    194              Mcl_Cs.Vs_Flux                          = &Mcl_Quantities.Vs_Flux;
    195              Mcl_Cs.Flux_Ref                         = &Mcl_Quantities.Flux_Ref;
    196              Mcl_Cs.Flux_Limit_By_Speed              = &Mcl_Quantities.Flux_Limit_By_Speed;
    197              Mcl_Cs.Stator_Flux_Mag                  = &Mcl_Quantities.Stator_Flux_Mag;
    198              Mcl_Cs.Load_Angle_Sin_Cos               = &Mcl_Quantities.Load_Angle_Sin_Cos;
    199              Mcl_Cs.Ldq_Ind                          = &Mcl_Quantities.Ldq_Ind;
    200              Mcl_Cs.Ldq_Cross_Ind                    = &Mcl_Quantities.Ldq_Cross_Ind;
    201              Mcl_Cs.Lqd_Cross_Ind                    = &Mcl_Quantities.Lqd_Cross_Ind;
    202              Mcl_Cs.Is_Abs                           = &Mcl_Quantities.Is_Abs;
    203              Mcl_Cs.DcInjection_Angle                = &Mcl_Quantities.DcInjection_Angle;
    204              Mcl_Cs.Rotor_Flux                       = &Mcl_Quantities.Rotor_Flux;
    205              Mcl_Cs.Delta_Speed_Rot_Ref              = &Mcl_Quantities.Delta_Speed_Rot_Ref;
    206          
    207              //////////////////////////////////////////////////////////////
    208          	//----------- Input Processing Interface Set ------------------
    209          	Mcl_Input_Proc_IO.Is_ABC                = &Mcl_IO.Is_ABC;
    210          	Mcl_Input_Proc_IO.Vdc                   = &Mcl_IO.Vdc;
    211          	Mcl_Input_Proc_IO.Duty                  = &Mcl_IO.Duty_bc;
    212          	Mcl_Input_Proc_IO.Is_Alpha_Beta         = &Mcl_Quantities.Is_Alpha_Beta;
   \   0000000C   0xF8C4 0x4244      STR      R4,[R4, #+580]
   \   00000010   0xF204 0x10A1      ADDW     R0,R4,#+417
   \   00000014   0xF8C4 0x0154      STR      R0,[R4, #+340]
    213          	Mcl_Input_Proc_IO.Vs_Max_Filt           = &Mcl_Quantities.Vs_Max_Filt;
    214          	Mcl_Input_Proc_IO.Vs_Alpha_Beta_Rec     = &Mcl_Quantities.Vs_Alpha_Beta_Rec;
    215          	Mcl_Input_Proc_IO.Vabc_Rec              = &Mcl_Quantities.Vabc_Rec;
    216          
    217          	Mcl_Input_Proc_IO.Ctrl_Specific         = &Mcl_Cs;
    218          	//-----------------------------------------------------------
    219          
    220          
    221          
    222          
    223          	//////////////////////////////////////////////////////////////
    224          	//------------------ Observer Interface Set -----------------
    225              Mcl_Observer_IO.Is_Alpha_Beta           = &Mcl_Quantities.Is_Alpha_Beta;
   \   00000018   0xF8C4 0x4214      STR      R4,[R4, #+532]
   \   0000001C   0xF504 0x70D0      ADD      R0,R4,#+416
   \   00000020   0xF8C4 0x0150      STR      R0,[R4, #+336]
   \   00000024   0xF104 0x006C      ADD      R0,R4,#+108
   \   00000028   0xF8C4 0x00F8      STR      R0,[R4, #+248]
   \   0000002C   0xF104 0x0070      ADD      R0,R4,#+112
   \   00000030   0xF8C4 0x00FC      STR      R0,[R4, #+252]
   \   00000034   0xF104 0x0078      ADD      R0,R4,#+120
   \   00000038   0xF8C4 0x0100      STR      R0,[R4, #+256]
   \   0000003C   0xF104 0x0074      ADD      R0,R4,#+116
   \   00000040   0xF8C4 0x0104      STR      R0,[R4, #+260]
   \   00000044   0xF104 0x00B8      ADD      R0,R4,#+184
   \   00000048   0xF8C4 0x0108      STR      R0,[R4, #+264]
   \   0000004C   0xF104 0x00A0      ADD      R0,R4,#+160
   \   00000050   0xF8C4 0x0110      STR      R0,[R4, #+272]
   \   00000054   0xF104 0x00A4      ADD      R0,R4,#+164
   \   00000058   0xF8C4 0x0114      STR      R0,[R4, #+276]
   \   0000005C   0xF104 0x009C      ADD      R0,R4,#+156
   \   00000060   0xF8C4 0x0118      STR      R0,[R4, #+280]
   \   00000064   0xF104 0x00AC      ADD      R0,R4,#+172
   \   00000068   0xF8C4 0x011C      STR      R0,[R4, #+284]
   \   0000006C   0xF104 0x00D0      ADD      R0,R4,#+208
   \   00000070   0xF8C4 0x010C      STR      R0,[R4, #+268]
   \   00000074   0xF104 0x00C0      ADD      R0,R4,#+192
   \   00000078   0xF8C4 0x0120      STR      R0,[R4, #+288]
   \   0000007C   0xF104 0x00B0      ADD      R0,R4,#+176
   \   00000080   0xF8C4 0x0124      STR      R0,[R4, #+292]
   \   00000084   0xF104 0x00B4      ADD      R0,R4,#+180
   \   00000088   0xF8C4 0x0128      STR      R0,[R4, #+296]
   \   0000008C   0xF104 0x0058      ADD      R0,R4,#+88
   \   00000090   0xF8C4 0x012C      STR      R0,[R4, #+300]
   \   00000094   0xF104 0x0060      ADD      R0,R4,#+96
   \   00000098   0xF8C4 0x0134      STR      R0,[R4, #+308]
   \   0000009C   0xF104 0x0044      ADD      R0,R4,#+68
   \   000000A0   0xF8C4 0x0138      STR      R0,[R4, #+312]
   \   000000A4   0xF104 0x0050      ADD      R0,R4,#+80
   \   000000A8   0xF8C4 0x013C      STR      R0,[R4, #+316]
   \   000000AC   0xF104 0x0054      ADD      R0,R4,#+84
   \   000000B0   0xF8C4 0x0140      STR      R0,[R4, #+320]
   \   000000B4   0xF104 0x0024      ADD      R0,R4,#+36
   \   000000B8   0xF8C4 0x0144      STR      R0,[R4, #+324]
   \   000000BC   0xF104 0x00D4      ADD      R0,R4,#+212
   \   000000C0   0xF8C4 0x0130      STR      R0,[R4, #+304]
   \   000000C4   0xF104 0x00E4      ADD      R0,R4,#+228
   \   000000C8   0xF8C4 0x0148      STR      R0,[R4, #+328]
   \   000000CC   0xF104 0x00E8      ADD      R0,R4,#+232
   \   000000D0   0xF8C4 0x014C      STR      R0,[R4, #+332]
   \   000000D4   0xF504 0x70AE      ADD      R0,R4,#+348
   \   000000D8   0xF8C4 0x0240      STR      R0,[R4, #+576]
   \   000000DC   0xF504 0x70AC      ADD      R0,R4,#+344
   \   000000E0   0xF8C4 0x0238      STR      R0,[R4, #+568]
   \   000000E4   0xF504 0x70CA      ADD      R0,R4,#+404
   \   000000E8   0xF8C4 0x023C      STR      R0,[R4, #+572]
   \   000000EC   0xF104 0x0028      ADD      R0,R4,#+40
   \   000000F0   0xF8C4 0x0250      STR      R0,[R4, #+592]
   \   000000F4   0xF104 0x002C      ADD      R0,R4,#+44
   \   000000F8   0xF8C4 0x0248      STR      R0,[R4, #+584]
   \   000000FC   0xF104 0x0038      ADD      R0,R4,#+56
   \   00000100   0xF8C4 0x024C      STR      R0,[R4, #+588]
   \   00000104   0xF104 0x00F4      ADD      R0,R4,#+244
   \   00000108   0xF8C4 0x0254      STR      R0,[R4, #+596]
    226              Mcl_Observer_IO.Vs_Alpha_Beta           = &Mcl_Quantities.Vs_Alpha_Beta_Rec;
   \   0000010C   0xF104 0x002C      ADD      R0,R4,#+44
   \   00000110   0xF8C4 0x0218      STR      R0,[R4, #+536]
    227              Mcl_Observer_IO.Sin_Cos_Position_Flux   = &Mcl_Quantities.Sin_Cos_Position_Flux;
   \   00000114   0xF104 0x0088      ADD      R0,R4,#+136
   \   00000118   0xF8C4 0x0224      STR      R0,[R4, #+548]
    228              Mcl_Observer_IO.Load_Angle              = &Mcl_Quantities.Load_Angle;
   \   0000011C   0xF104 0x005C      ADD      R0,R4,#+92
   \   00000120   0xF8C4 0x0230      STR      R0,[R4, #+560]
    229              Mcl_Observer_IO.Speed_Rotor_Observed    = &Mcl_Quantities.Speed_Rot;
   \   00000124   0xF104 0x0070      ADD      R0,R4,#+112
   \   00000128   0xF8C4 0x0228      STR      R0,[R4, #+552]
    230              Mcl_Observer_IO.Vdc                     = &Mcl_IO.Vdc;
   \   0000012C   0xF504 0x70AC      ADD      R0,R4,#+344
   \   00000130   0xF8C4 0x0220      STR      R0,[R4, #+544]
    231              Mcl_Observer_IO.Rotor_Position          = &Mcl_Quantities.Rotor_Position;
   \   00000134   0xF104 0x00C4      ADD      R0,R4,#+196
   \   00000138   0xF8C4 0x022C      STR      R0,[R4, #+556]
    232              Mcl_Observer_IO.Is_ABC                  = &Mcl_IO.Is_ABC;
   \   0000013C   0xF504 0x70AE      ADD      R0,R4,#+348
   \   00000140   0xF8C4 0x021C      STR      R0,[R4, #+540]
    233          
    234              Mcl_Observer_IO.Ctrl_Specific           = &Mcl_Cs;
   \   00000144   0xF104 0x00F4      ADD      R0,R4,#+244
   \   00000148   0xF8C4 0x0234      STR      R0,[R4, #+564]
    235          	//------------------------------------------------------------
    236          
    237          
    238          
    239          
    240          	//////////////////////////////////////////////////////////////
    241          	//------- Speed Controller Interface Set ---------------------
    242          	Mcl_Speed_Ctrl_IO.Speed_Rot_Ref         = &Mcl_IO.Speed_Rot_Ref;
   \   0000014C   0xF504 0x70B4      ADD      R0,R4,#+360
   \   00000150   0xF8C4 0x02B4      STR      R0,[R4, #+692]
    243          	Mcl_Speed_Ctrl_IO.Speed_Rot             = &Mcl_Quantities.Speed_Rot_Mech;
   \   00000154   0xF104 0x0078      ADD      R0,R4,#+120
   \   00000158   0xF8C4 0x02B8      STR      R0,[R4, #+696]
    244          	Mcl_Speed_Ctrl_IO.Torque_Ref            = &Mcl_Quantities.Torque_Ref;
   \   0000015C   0xF104 0x0090      ADD      R0,R4,#+144
   \   00000160   0xF8C4 0x02BC      STR      R0,[R4, #+700]
    245          
    246          	Mcl_Speed_Ctrl_IO.Ctrl_Specific         = &Mcl_Cs;
   \   00000164   0xF104 0x00F4      ADD      R0,R4,#+244
   \   00000168   0xF8C4 0x02C0      STR      R0,[R4, #+704]
    247          	//------------------------------------------------------------
    248          
    249          
    250          
    251          
    252          	//////////////////////////////////////////////////////////////
    253          	//-------- DQ Reference Generator Interface set --------------
    254          
    255          	Mcl_DQ_Ref_IO.Torque_Ref    = &Mcl_Quantities.Torque_Ref;
   \   0000016C   0xF104 0x0090      ADD      R0,R4,#+144
   \   00000170   0xF8C4 0x0258      STR      R0,[R4, #+600]
    256              Mcl_DQ_Ref_IO.Force_D_Ref   = &Mcl_Quantities.Force_Stator_Flux_Ref;
   \   00000174   0xF104 0x00BC      ADD      R0,R4,#+188
   \   00000178   0xF8C4 0x0260      STR      R0,[R4, #+608]
    257              Mcl_DQ_Ref_IO.Force_Q_Ref   = &Mcl_Quantities.Force_Torque_Ref;
   \   0000017C   0xF104 0x0094      ADD      R0,R4,#+148
   \   00000180   0xF8C4 0x025C      STR      R0,[R4, #+604]
    258              Mcl_DQ_Ref_IO.Vdc           = &Mcl_IO.Vdc;
   \   00000184   0xF504 0x70AC      ADD      R0,R4,#+344
   \   00000188   0xF8C4 0x0264      STR      R0,[R4, #+612]
    259          	Mcl_DQ_Ref_IO.Q_Ref         = &Mcl_Quantities.Q_Torque_Ref;
   \   0000018C   0xF104 0x0098      ADD      R0,R4,#+152
   \   00000190   0xF8C4 0x0268      STR      R0,[R4, #+616]
    260          	Mcl_DQ_Ref_IO.D_Ref         = &Mcl_Quantities.Flux_Ref;
   \   00000194   0xF104 0x00B0      ADD      R0,R4,#+176
   \   00000198   0xF8C4 0x026C      STR      R0,[R4, #+620]
    261          
    262          	Mcl_DQ_Ref_IO.Ctrl_Specific = &Mcl_Cs;
   \   0000019C   0xF104 0x00F4      ADD      R0,R4,#+244
   \   000001A0   0xF8C4 0x0270      STR      R0,[R4, #+624]
    263          	//------------------------------------------------------------
    264          
    265          
    266          
    267          
    268              //////////////////////////////////////////////////////////////
    269              //----------------- DQ controllers Interface set  ------------
    270              Mcl_DQ_Ctrl_IO.Q_Ref            = &Mcl_Quantities.Q_Torque_Ref;
   \   000001A4   0xF104 0x0098      ADD      R0,R4,#+152
   \   000001A8   0xF8C4 0x01F0      STR      R0,[R4, #+496]
    271              Mcl_DQ_Ctrl_IO.Q_Est            = &Mcl_Quantities.Torque;
   \   000001AC   0xF104 0x00AC      ADD      R0,R4,#+172
   \   000001B0   0xF8C4 0x01F4      STR      R0,[R4, #+500]
    272              Mcl_DQ_Ctrl_IO.Vdc              = &Mcl_IO.Vdc;
   \   000001B4   0xF504 0x70AC      ADD      R0,R4,#+344
   \   000001B8   0xF8C4 0x0204      STR      R0,[R4, #+516]
    273              Mcl_DQ_Ctrl_IO.D_Ref            = &Mcl_Quantities.Flux_Ref;
   \   000001BC   0xF104 0x00B0      ADD      R0,R4,#+176
   \   000001C0   0xF8C4 0x01E8      STR      R0,[R4, #+488]
    274              Mcl_DQ_Ctrl_IO.D_Est            = &Mcl_Quantities.Stator_Flux_Mag;
   \   000001C4   0xF104 0x0058      ADD      R0,R4,#+88
   \   000001C8   0xF8C4 0x01EC      STR      R0,[R4, #+492]
    275              Mcl_DQ_Ctrl_IO.Vs_DQ            = &Mcl_Quantities.Vs_DQ;
   \   000001CC   0xF104 0x0018      ADD      R0,R4,#+24
   \   000001D0   0xF8C4 0x0208      STR      R0,[R4, #+520]
    276              Mcl_DQ_Ctrl_IO.Vs_Alpha_Beta    = &Mcl_Quantities.Vs_Alpha_Beta;
   \   000001D4   0xF104 0x000C      ADD      R0,R4,#+12
   \   000001D8   0xF8C4 0x020C      STR      R0,[R4, #+524]
    277              Mcl_DQ_Ctrl_IO.Sin_Cos          = &Mcl_Quantities.Sin_Cos_Position_Flux;
   \   000001DC   0xF104 0x0088      ADD      R0,R4,#+136
   \   000001E0   0xF8C4 0x01F8      STR      R0,[R4, #+504]
    278              Mcl_DQ_Ctrl_IO.Force_Out_Volt   = &Mcl_Quantities.Force_Out_Volt;
   \   000001E4   0xF104 0x007C      ADD      R0,R4,#+124
   \   000001E8   0xF8C4 0x01FC      STR      R0,[R4, #+508]
    279          
    280              Mcl_DQ_Ctrl_IO.Ctrl_Specific    = &Mcl_Cs;
   \   000001EC   0xF104 0x00F4      ADD      R0,R4,#+244
   \   000001F0   0xF8C4 0x0210      STR      R0,[R4, #+528]
    281              //------------------------------------------------------------
    282          
    283          
    284          
    285          
    286              //////////////////////////////////////////////////////////////
    287              //-------- Pwm Interface Set -----------------------
    288              Mcl_Pwm_IO.Vs_Alpha_Beta        = &Mcl_Quantities.Vs_Alpha_Beta;
   \   000001F4   0xF104 0x000C      ADD      R0,R4,#+12
   \   000001F8   0xF8C4 0x0278      STR      R0,[R4, #+632]
    289              Mcl_Pwm_IO.Duty                 = &Mcl_IO.Duty;
   \   000001FC   0xF504 0x70C4      ADD      R0,R4,#+392
   \   00000200   0xF8C4 0x0284      STR      R0,[R4, #+644]
    290              Mcl_Pwm_IO.Duty_bc              = &Mcl_IO.Duty_bc;
   \   00000204   0xF504 0x70CA      ADD      R0,R4,#+404
   \   00000208   0xF8C4 0x0280      STR      R0,[R4, #+640]
    291              Mcl_Pwm_IO.Vdc                  = &Mcl_IO.Vdc;
   \   0000020C   0xF504 0x70AC      ADD      R0,R4,#+344
   \   00000210   0xF8C4 0x0274      STR      R0,[R4, #+628]
    292              Mcl_Pwm_IO.Is_ABC               = &Mcl_IO.Is_ABC;
   \   00000214   0xF504 0x70AE      ADD      R0,R4,#+348
   \   00000218   0xF8C4 0x027C      STR      R0,[R4, #+636]
    293          
    294              Mcl_Pwm_IO.Ctrl_Specific        = &Mcl_Cs;
   \   0000021C   0xF104 0x00F4      ADD      R0,R4,#+244
   \   00000220   0xF8C4 0x0288      STR      R0,[R4, #+648]
    295              //------------------------------------------------------------
    296          
    297          
    298          
    299          
    300              //////////////////////////////////////////////////////////////
    301              //-------- Estimation Parameters Interface Set -----------------------
    302              Res_Est_IO.Ctrl_Specific        = &Mcl_Cs;
   \   00000224   0xF8C4 0x02CC      STR      R0,[R4, #+716]
    303              Res_Est_IO.level_injection_out  = &Mcl_Quantities.Level_Injection;
   \   00000228   0xF104 0x00F0      ADD      R0,R4,#+240
   \   0000022C   0xF8C4 0x02C8      STR      R0,[R4, #+712]
    304              Res_Est_IO.vs_voltage_abs       = &Mcl_Quantities.Vs_Voltage;
   \   00000230   0xF104 0x00EC      ADD      R0,R4,#+236
   \   00000234   0xF8C4 0x02C4      STR      R0,[R4, #+708]
    305              //------------------------------------------------------------
    306          
    307          
    308          
    309          	// Initialize and reset some variables
    310          	Mcl__RunningReset();
   \   00000238   0x.... 0x....      BL       Mcl__RunningReset
    311          
    312          	Mcl_Flow_Manager = (MCL_FLOW_MANAGER_TYPE)0;
   \   0000023C   0x2000             MOVS     R0,#+0
   \   0000023E   0xF884 0x02D9      STRB     R0,[R4, #+729]
    313          
    314          #if (THERMAL_MODEL_EXE == ENABLED)
    315          	ThermalModel__Initialize();
   \   00000242   0xE8BD 0x4010      POP      {R4,LR}
   \   00000246   0x.... 0x....      B.W      ThermalModel__Initialize
    316          #endif
    317          }
    318          
    319          
    320          
    321          //---------------------------------------------------------------------------------------------------------------------
    322          /**
    323           *  @brief      Mcl Paramaterer Initialization.
    324           *
    325           *  @param      none
    326           *  @return     none
    327           */

   \                                 In section .text, align 2, keep-with-next
    328          void Mcl__ParamsInitialize(void)
    329          {
   \                     Mcl__ParamsInitialize: (+1)
   \   00000000   0xB510             PUSH     {R4,LR}
    330          
    331              if(Mcl_Cs.flags.bit.params_ready == 1)
   \   00000002   0x.... 0x....      LDR.W    R4,??DataTable16
   \   00000006   0xF8D4 0x00F4      LDR      R0,[R4, #+244]
   \   0000000A   0xF3C0 0x0040      UBFX     R0,R0,#+1,#+1
   \   0000000E   0x2800             CMP      R0,#+0
   \   00000010   0xF000 0x80A5      BEQ.W    ??Mcl__ParamsInitialize_0
    332              {
    333          
    334                  /* Prepare structures of joint parameters */
    335                  MclInput_Params.InputProcPrm            = &Mcl_Params_Displ1->InputProcPrm;
   \   00000014   0xF8D4 0x02E4      LDR      R0,[R4, #+740]
    336                  MclInput_Params.InputProcAddPrm         = &Mcl_Params_Displ13->InputProcAddPrm;
   \   00000018   0xF8D4 0x12FC      LDR      R1,[R4, #+764]
   \   0000001C   0xF8C4 0x02D0      STR      R0,[R4, #+720]
    337          
    338                  MclObserver_Params.ObsPrm               = &Mcl_Params_Displ1->ObserverPrm;
   \   00000020   0x1D02             ADDS     R2,R0,#+4
   \   00000022   0xF8C4 0x21B0      STR      R2,[R4, #+432]
   \   00000026   0xF8C4 0x12D4      STR      R1,[R4, #+724]
    339                  MclObserver_Params.ObsAddPrm            = &Mcl_Params_Displ13->ObserverAddPrm;
   \   0000002A   0xF101 0x0218      ADD      R2,R1,#+24
   \   0000002E   0xF8C4 0x21B4      STR      R2,[R4, #+436]
    340                  MclObserver_Params.Ld_lut.ptr_LUT       = Mcl_Params_Displ3->Ld_Lut;
   \   00000032   0xF8D4 0x22E8      LDR      R2,[R4, #+744]
    341                  MclObserver_Params.Ld_lut.sizeof_lut    = &Mcl_Params_Displ3->sizeof_Ld_Lq_Lut;
   \   00000036   0xF8C4 0x21C0      STR      R2,[R4, #+448]
   \   0000003A   0xF102 0x0308      ADD      R3,R2,#+8
   \   0000003E   0xF8C4 0x31B8      STR      R3,[R4, #+440]
    342                  MclObserver_Params.Ld_lut.step_inv      = &Mcl_Params_Displ3->step_inv_L_Lut;
    343          
    344                  MclObserver_Params.Lq_lut.ptr_LUT       = Mcl_Params_Displ3->Lq_Lut;
    345                  MclObserver_Params.Lq_lut.sizeof_lut    = &Mcl_Params_Displ3->sizeof_Ld_Lq_Lut;
   \   00000042   0xF8C4 0x21CC      STR      R2,[R4, #+460]
   \   00000046   0x1D13             ADDS     R3,R2,#+4
   \   00000048   0xF8C4 0x31BC      STR      R3,[R4, #+444]
    346                  MclObserver_Params.Lq_lut.step_inv      = &Mcl_Params_Displ3->step_inv_L_Lut;
    347          
    348                  MclObserver_Params.Ldq_lut.ptr_LUT      = Mcl_Params_Displ3->Ldq_Lut;
    349                  MclObserver_Params.Ldq_lut.sizeof_lut   = &Mcl_Params_Displ3->sizeof_Ld_Lq_Lut;
   \   0000004C   0xF8C4 0x21D8      STR      R2,[R4, #+472]
   \   00000050   0xF102 0x0348      ADD      R3,R2,#+72
   \   00000054   0xF8C4 0x31C4      STR      R3,[R4, #+452]
   \   00000058   0x1D13             ADDS     R3,R2,#+4
   \   0000005A   0xF8C4 0x31C8      STR      R3,[R4, #+456]
   \   0000005E   0xF102 0x0388      ADD      R3,R2,#+136
    350                  MclObserver_Params.Ldq_lut.step_inv     = &Mcl_Params_Displ3->step_inv_L_Lut;
   \   00000062   0x1D12             ADDS     R2,R2,#+4
   \   00000064   0xF8C4 0x21D4      STR      R2,[R4, #+468]
   \   00000068   0xF8C4 0x31D0      STR      R3,[R4, #+464]
    351          
    352                  if (Mcl_Params_Displ11 != NULL)
   \   0000006C   0xF8D4 0x22F8      LDR      R2,[R4, #+760]
   \   00000070   0xB14A             CBZ.N    R2,??Mcl__ParamsInitialize_1
    353                  {
    354                      MclObserver_Params.Rotor_Flux_lut.ptr_LUT    = Mcl_Params_Displ11->Flux_Lut;
    355                      MclObserver_Params.Rotor_Flux_lut.sizeof_lut = &Mcl_Params_Displ11->sizeof_Flux_Lut;
   \   00000072   0xF8C4 0x21E4      STR      R2,[R4, #+484]
   \   00000076   0xF102 0x0308      ADD      R3,R2,#+8
    356                      MclObserver_Params.Rotor_Flux_lut.step_inv   = &Mcl_Params_Displ11->step_inv_Flux_Lut;
   \   0000007A   0x1D12             ADDS     R2,R2,#+4
   \   0000007C   0xF8C4 0x31DC      STR      R3,[R4, #+476]
   \   00000080   0xF8C4 0x21E0      STR      R2,[R4, #+480]
   \   00000084   0xE001             B.N      ??Mcl__ParamsInitialize_2
    357                  }
    358                  else
    359                  {
    360                      MclObserver_Params.Rotor_Flux_lut.ptr_LUT = NULL; // the rotor flux lut is disabled
   \                     ??Mcl__ParamsInitialize_1: (+1)
   \   00000086   0xF8C4 0x21DC      STR      R2,[R4, #+476]
    361                  }
    362          
    363                  MclSpeedCtrl_Params.SpeedCtrlPrm        = &Mcl_Params_Displ4->SpeedCtrlPrm;
   \                     ??Mcl__ParamsInitialize_2: (+1)
   \   0000008A   0xF8D4 0x22EC      LDR      R2,[R4, #+748]
   \   0000008E   0xF8C4 0x228C      STR      R2,[R4, #+652]
    364                  MclSpeedCtrl_Params.SpeedCtrlAddPrm     = &Mcl_Params_Displ13->SpeedCtrlAddPrm;
   \   00000092   0xF101 0x023C      ADD      R2,R1,#+60
   \   00000096   0xF8C4 0x2290      STR      R2,[R4, #+656]
    365                  MclSpeedCtrl_Params.MTPVPrm.ptr_LUT     = Mcl_Params_Displ10->Tq_Limit_Lut;
    366                  MclSpeedCtrl_Params.MTPVPrm.sizeof_lut  = &Mcl_Params_Displ10->sizeof_mtpv;
    367                  MclSpeedCtrl_Params.MTPVPrm.step_inv    = &Mcl_Params_Displ10->step_inv_mtpv;
    368          
    369                  MclDqRef_Params.DqRefPrm                = &Mcl_Params_Displ1->DQRefPrm;
    370                  MclDqRef_Params.DqRefAddPrm             = &Mcl_Params_Displ13->DQRefAddPrm;
   \   0000009A   0x3160             ADDS     R1,R1,#+96
   \   0000009C   0xF8D4 0x22F4      LDR      R2,[R4, #+756]
   \   000000A0   0xF8C4 0x229C      STR      R2,[R4, #+668]
   \   000000A4   0xF102 0x0308      ADD      R3,R2,#+8
   \   000000A8   0x1D12             ADDS     R2,R2,#+4
   \   000000AA   0xF8C4 0x2298      STR      R2,[R4, #+664]
   \   000000AE   0xF8C4 0x12A4      STR      R1,[R4, #+676]
   \   000000B2   0xF100 0x029C      ADD      R2,R0,#+156
    371                  MclDqRef_Params.MTPAPrm.ptr_LUT         = Mcl_Params_Displ9->Mtpa_Lut;
   \   000000B6   0xF8D4 0x12F0      LDR      R1,[R4, #+752]
   \   000000BA   0xF8C4 0x22A0      STR      R2,[R4, #+672]
    372                  MclDqRef_Params.MTPAPrm.sizeof_lut      = &Mcl_Params_Displ9->sizeof_mtpa_lut;
   \   000000BE   0xF8C4 0x12B0      STR      R1,[R4, #+688]
   \   000000C2   0xF101 0x0208      ADD      R2,R1,#+8
    373                  MclDqRef_Params.MTPAPrm.step_inv        = &Mcl_Params_Displ9->step_inv_mtpa;
   \   000000C6   0x1D09             ADDS     R1,R1,#+4
   \   000000C8   0xF8C4 0x12AC      STR      R1,[R4, #+684]
   \   000000CC   0xF8C4 0x3294      STR      R3,[R4, #+660]
    374          
    375                  MclPwm_Params.PwmPrm                    = &Mcl_Params_Displ1->PwmPrm;
   \   000000D0   0xF500 0x71D8      ADD      R1,R0,#+432
   \   000000D4   0xF8C4 0x1300      STR      R1,[R4, #+768]
   \   000000D8   0xF8C4 0x22A8      STR      R2,[R4, #+680]
    376          
    377                  Mcl_Quantities.Stator_Resistance        = Mcl_Params_Displ1->ObserverPrm.Stator_Resistance;
   \   000000DC   0x6841             LDR      R1,[R0, #+4]
   \   000000DE   0xF8C4 0x10D0      STR      R1,[R4, #+208]
    378          
    379                  // Init DC Injection Angle
    380                  Mcl_Quantities.DcInjection_Angle = 0.0f;
    381          
    382          
    383                  ResistanceEstimation__Initialize(&Mcl_Params_Displ1->Res_Est_Param);
   \   000000E2   0x30E4             ADDS     R0,R0,#+228
   \   000000E4   0x2100             MOVS     R1,#+0
   \   000000E6   0xF8C4 0x10D4      STR      R1,[R4, #+212]
   \   000000EA   0x.... 0x....      BL       ResistanceEstimation__Initialize
    384                  SpeedRefGen__SetSpeedParams(Mcl_Params_Displ1->Mcl_SpeedRef_Params.SpeedRef_Default_Accel);
   \   000000EE   0xF8D4 0x02E4      LDR      R0,[R4, #+740]
   \   000000F2   0xED90 0x0A54      VLDR     S0,[R0, #+336]
   \   000000F6   0x.... 0x....      BL       SpeedRefGen__SetSpeedParams
    385          
    386                  //Input Processing Initialization
    387                  MclInputProc__Initialize(&MclInput_Params);
   \   000000FA   0xF504 0x7034      ADD      R0,R4,#+720
   \   000000FE   0x.... 0x....      BL       MclInputProc__Initialize
    388          
    389                  //Observer Initialization
    390                  MclObserver__Initialize(&Mcl_Observer_IO, &MclObserver_Params);
   \   00000102   0xF504 0x71D8      ADD      R1,R4,#+432
   \   00000106   0xF504 0x7005      ADD      R0,R4,#+532
   \   0000010A   0x.... 0x....      BL       MclObserver__Initialize
    391          
    392                  //Speed Controller Initialization
    393                  MclSpeedCtrl__Initialize(&Mcl_Speed_Ctrl_IO,&MclSpeedCtrl_Params);
   \   0000010E   0xF504 0x7123      ADD      R1,R4,#+652
   \   00000112   0xF504 0x702D      ADD      R0,R4,#+692
   \   00000116   0x.... 0x....      BL       MclSpeedCtrl__Initialize
    394          
    395                  //Dq reference generation Initialization
    396                  MclDqRef__Initialize();
   \   0000011A   0x.... 0x....      BL       MclDqRef__Initialize
    397          
    398                  //Dq controllers Initialization
    399                  MclDqCtrl__Initialize(&Mcl_DQ_Ctrl_IO, &Mcl_Params_Displ1->DQCtrlPrm);
   \   0000011E   0xF8D4 0x02E4      LDR      R0,[R4, #+740]
   \   00000122   0xF100 0x0144      ADD      R1,R0,#+68
   \   00000126   0xF504 0x70F4      ADD      R0,R4,#+488
   \   0000012A   0x.... 0x....      BL       MclDqCtrl__Initialize
    400          
    401                  //Pwm Initialization
    402                  MclPwm__Initialize(&Mcl_Pwm_IO, &MclPwm_Params);
   \   0000012E   0xF504 0x7140      ADD      R1,R4,#+768
   \   00000132   0xF504 0x701D      ADD      R0,R4,#+628
   \   00000136   0x.... 0x....      BL       MclPwm__Initialize
    403          
    404          
    405                  // Mean Irms and speed
    406                  N_Samples_inv = 1.0f / (float32) Mcl_Params_Displ1->ResTempCalc.Samples_Number;
   \   0000013A   0xF8D4 0x02E4      LDR      R0,[R4, #+740]
   \   0000013E   0xED90 0x0A53      VLDR     S0,[R0, #+332]
    407          
    408                  Mcl_Cs.flags.bit.params_loaded = 1;
   \   00000142   0xF8D4 0x00F4      LDR      R0,[R4, #+244]
   \   00000146   0xEEB8 0x0AC0      VCVT.F32.S32 S0,S0
   \   0000014A   0xEEF7 0x0A00      VMOV.F32 S1,#1.0
   \   0000014E   0xEE80 0x0A80      VDIV.F32 S0,S1,S0
   \   00000152   0xF040 0x0001      ORR      R0,R0,#0x1
   \   00000156   0xED84 0x0ACE      VSTR     S0,[R4, #+824]
   \   0000015A   0xF8C4 0x00F4      STR      R0,[R4, #+244]
    409          
    410              }
    411          }
   \                     ??Mcl__ParamsInitialize_0: (+1)
   \   0000015E   0xBD10             POP      {R4,PC}          ;; return
    412          
    413          
    414          
    415          //---------------------------------------------------------------------------------------------------------------------
    416          /**
    417           *  @brief      Handle Mcl events of 250us.
    418           *
    419           *  @param      none
    420           *  @return     none
    421           */

   \                                 In section .text, align 4, keep-with-next
    422          void Mcl__250usHandler(void)
    423          {
   \                     Mcl__250usHandler: (+1)
   \   00000000   0xB510             PUSH     {R4,LR}
    424              if(Mcl_Cs.flags.bit.params_loaded == 1)
   \   00000002   0x.... 0x....      LDR.W    R4,??DataTable16
   \   00000006   0xED2D 0x8B02      VPUSH    {D8}
   \   0000000A   0xF894 0x00F4      LDRB     R0,[R4, #+244]
   \   0000000E   0x07C0             LSLS     R0,R0,#+31
   \   00000010   0xF140 0x8084      BPL.W    ??Mcl__250usHandler_0
    425              {
    426                  Calc_MeanSpeed_CurrentRMS();
   \   00000014   0xED94 0x0A57      VLDR     S0,[R4, #+348]
   \   00000018   0xEDD4 0x0ACA      VLDR     S1,[R4, #+808]
   \   0000001C   0xED94 0x1ACB      VLDR     S2,[R4, #+812]
   \   00000020   0xEDD4 0x1ACC      VLDR     S3,[R4, #+816]
   \   00000024   0xED94 0x2A1D      VLDR     S4,[R4, #+116]
   \   00000028   0xF8B4 0x02DC      LDRH     R0,[R4, #+732]
   \   0000002C   0xF8D4 0x12E4      LDR      R1,[R4, #+740]
   \   00000030   0xEE40 0x0A00      VMLA.F32 S1,S0,S0
   \   00000034   0xED94 0x0A58      VLDR     S0,[R4, #+352]
   \   00000038   0xEDC4 0x0ACA      VSTR     S1,[R4, #+808]
   \   0000003C   0xEE00 0x1A00      VMLA.F32 S2,S0,S0
   \   00000040   0xED94 0x0A59      VLDR     S0,[R4, #+356]
   \   00000044   0xED84 0x1ACB      VSTR     S2,[R4, #+812]
   \   00000048   0xEE40 0x1A00      VMLA.F32 S3,S0,S0
   \   0000004C   0xED94 0x0ACD      VLDR     S0,[R4, #+820]
   \   00000050   0xEE30 0x0A02      VADD.F32 S0,S0,S4
   \   00000054   0x1C40             ADDS     R0,R0,#+1
   \   00000056   0xEDC4 0x1ACC      VSTR     S3,[R4, #+816]
   \   0000005A   0xED84 0x0ACD      VSTR     S0,[R4, #+820]
   \   0000005E   0xF8A4 0x02DC      STRH     R0,[R4, #+732]
   \   00000062   0xB280             UXTH     R0,R0
   \   00000064   0xF8D1 0x114C      LDR      R1,[R1, #+332]
   \   00000068   0x4288             CMP      R0,R1
   \   0000006A   0xDB22             BLT.N    ??Mcl__250usHandler_1
   \   0000006C   0xEE30 0x0A81      VADD.F32 S0,S1,S2
   \   00000070   0xEE30 0x0A21      VADD.F32 S0,S0,S3
   \   00000074   0xEDDF 0x....      VLDR.W   S1,??DataTable7  ;; 0x3eaaaaab
   \   00000078   0xEE20 0x0A20      VMUL.F32 S0,S0,S1
   \   0000007C   0xEDD4 0x0ACE      VLDR     S1,[R4, #+824]
   \   00000080   0xEE20 0x0A20      VMUL.F32 S0,S0,S1
   \   00000084   0x.... 0x....      BL       MathCalc__SqrtF
   \   00000088   0xED84 0x0A33      VSTR     S0,[R4, #+204]
   \   0000008C   0xED94 0x0ACD      VLDR     S0,[R4, #+820]
   \   00000090   0xEDD4 0x0ACE      VLDR     S1,[R4, #+824]
   \   00000094   0xEE20 0x0A20      VMUL.F32 S0,S0,S1
   \   00000098   0x2000             MOVS     R0,#+0
   \   0000009A   0xED84 0x0A32      VSTR     S0,[R4, #+200]
   \   0000009E   0xF8A4 0x02DC      STRH     R0,[R4, #+732]
   \   000000A2   0xF8C4 0x0328      STR      R0,[R4, #+808]
   \   000000A6   0xF8C4 0x032C      STR      R0,[R4, #+812]
   \   000000AA   0xF8C4 0x0330      STR      R0,[R4, #+816]
   \   000000AE   0xF8C4 0x0334      STR      R0,[R4, #+820]
    427          #if (MCL__ELECTRICAL_POWER == ENABLED)
    428                  Calc_ElectricalPower();
   \                     ??Mcl__250usHandler_1: (+1)
   \   000000B2   0xED94 0x0A0C      VLDR     S0,[R4, #+48]
   \   000000B6   0xEDD4 0x0A01      VLDR     S1,[R4, #+4]
   \   000000BA   0xED94 0x1A02      VLDR     S2,[R4, #+8]
   \   000000BE   0xF894 0x01A1      LDRB     R0,[R4, #+417]
   \   000000C2   0xEE20 0x0A20      VMUL.F32 S0,S0,S1
   \   000000C6   0xEDD4 0x0A0D      VLDR     S1,[R4, #+52]
   \   000000CA   0xEE00 0x0A81      VMLA.F32 S0,S1,S2
   \   000000CE   0xEEF7 0x0A08      VMOV.F32 S1,#1.5
   \   000000D2   0xEE20 0x8A20      VMUL.F32 S16,S0,S1
   \   000000D6   0xB988             CBNZ.N   R0,??Mcl__250usHandler_2
   \   000000D8   0x2001             MOVS     R0,#+1
   \   000000DA   0x.... 0x....      BL       SRMotorSafetyMgr__GetFlag
   \   000000DE   0x2801             CMP      R0,#+1
   \   000000E0   0xD10C             BNE.N    ??Mcl__250usHandler_2
   \   000000E2   0xED94 0x0A36      VLDR     S0,[R4, #+216]
   \   000000E6   0xEDDF 0x....      VLDR.W   S1,??DataTable7_1  ;; 0x3f7ae148
   \   000000EA   0xEE20 0x0A20      VMUL.F32 S0,S0,S1
   \   000000EE   0xEDDF 0x....      VLDR.W   S1,??DataTable8  ;; 0x3ca3d70a
   \   000000F2   0xEE08 0x0A20      VMLA.F32 S0,S16,S1
   \   000000F6   0xED84 0x0A36      VSTR     S0,[R4, #+216]
   \   000000FA   0xE002             B.N      ??Mcl__250usHandler_3
   \                     ??Mcl__250usHandler_2: (+1)
   \   000000FC   0x2000             MOVS     R0,#+0
   \   000000FE   0xF8C4 0x00D8      STR      R0,[R4, #+216]
    429          #endif
    430                  Calc_TorqueForApplication();
   \                     ??Mcl__250usHandler_3: (+1)
   \   00000102   0xEDD4 0x0A5A      VLDR     S1,[R4, #+360]
   \   00000106   0xED94 0x0A2B      VLDR     S0,[R4, #+172]
   \   0000010A   0xEEF5 0x0A40      VCMP.F32 S1,#0.0
   \   0000010E   0xEEF1 0xFA10      FMSTAT   
   \   00000112   0xBF48             IT       MI 
   \   00000114   0xEEB1 0x0A40      VNEGMI.F32 S0,S0
   \   00000118   0xED84 0x0A38      VSTR     S0,[R4, #+224]
    431              }
    432          }
   \                     ??Mcl__250usHandler_0: (+1)
   \   0000011C   0xECBD 0x8B02      VPOP     {D8}
   \   00000120   0xBD10             POP      {R4,PC}          ;; return
    433          
    434          
    435          
    436          //---------------------------------------------------------------------------------------------------------------------
    437          /**
    438           *  @brief      Handle Mcl events of 1ms.
    439           *
    440           *  @param      none
    441           *  @return     none
    442           */

   \                                 In section .text, align 2, keep-with-next
    443          void Mcl__1msHandler(void)
    444          {
   \                     Mcl__1msHandler: (+1)
   \   00000000   0xB510             PUSH     {R4,LR}
    445              if(Mcl_Cs.flags.bit.params_loaded == 1)
   \   00000002   0x.... 0x....      LDR.W    R4,??DataTable16
   \   00000006   0xF894 0x00F4      LDRB     R0,[R4, #+244]
   \   0000000A   0x07C0             LSLS     R0,R0,#+31
   \   0000000C   0xD52C             BPL.N    ??Mcl__1msHandler_0
    446              {
    447                  // update elapsed time after start
    448                  TimeHandler();
   \   0000000E   0xF8D4 0x00B8      LDR      R0,[R4, #+184]
   \   00000012   0xF110 0x0F01      CMN      R0,#+1
   \   00000016   0xBF1C             ITT      NE 
   \   00000018   0x1C40             ADDNE    R0,R0,#+1
   \   0000001A   0xF8C4 0x00B8      STRNE    R0,[R4, #+184]
    449          
    450                  // Calculate the absolute value of the speed reference
    451                  Mcl_Quantities.Speed_Rot_Ref_Abs = MATHCALC__ABS(Mcl_IO.Speed_Rot_Ref);
   \   0000001E   0xED94 0x0A5A      VLDR     S0,[R4, #+360]
   \   00000022   0xEEB5 0x0A40      VCMP.F32 S0,#0.0
   \   00000026   0xEEF1 0xFA10      FMSTAT   
   \   0000002A   0xBF48             IT       MI 
   \   0000002C   0xEEB1 0x0A40      VNEGMI.F32 S0,S0
   \   00000030   0xED84 0x0A1B      VSTR     S0,[R4, #+108]
    452              	// Input Processing Handler
    453              	MclInputProc__1msHandler(&Mcl_Input_Proc_IO, &MclInput_Params);
   \   00000034   0xF504 0x7134      ADD      R1,R4,#+720
   \   00000038   0xF504 0x700E      ADD      R0,R4,#+568
   \   0000003C   0x.... 0x....      BL       MclInputProc__1msHandler
    454              	// Observer Handler
    455                  MclObserver__1msHandler(&Mcl_Observer_IO, &MclObserver_Params);
   \   00000040   0xF504 0x71D8      ADD      R1,R4,#+432
   \   00000044   0xF504 0x7005      ADD      R0,R4,#+532
   \   00000048   0x.... 0x....      BL       MclObserver__1msHandler
    456                  MclSpeedCtrl__1msHandler(&Mcl_Speed_Ctrl_IO, &MclSpeedCtrl_Params);
   \   0000004C   0xF504 0x7123      ADD      R1,R4,#+652
   \   00000050   0xF504 0x702D      ADD      R0,R4,#+692
   \   00000054   0x.... 0x....      BL       MclSpeedCtrl__1msHandler
    457                  MclDqRef__1msHandler(&Mcl_DQ_Ref_IO, &MclDqRef_Params);
   \   00000058   0xF504 0x7128      ADD      R1,R4,#+672
   \   0000005C   0xF504 0x7016      ADD      R0,R4,#+600
   \   00000060   0xE8BD 0x4010      POP      {R4,LR}
   \   00000064   0x.... 0x....      B.W      MclDqRef__1msHandler
    458              }
    459          }
   \                     ??Mcl__1msHandler_0: (+1)
   \   00000068   0xBD10             POP      {R4,PC}          ;; return
    460          
    461          
    462          
    463          
    464          //---------------------------------------------------------------------------------------------------------------------
    465          /**
    466           *  @brief      Handle Mcl events of 5ms.
    467           *
    468           *  @param      none
    469           *  @return     none
    470           */

   \                                 In section .text, align 2, keep-with-next
    471          void Mcl__5msHandler(void)
    472          {
   \                     Mcl__5msHandler: (+1)
   \   00000000   0xB510             PUSH     {R4,LR}
    473              static uint16 local_debouncer;
    474              float32 temp;
    475          
    476              if(Mcl_Cs.flags.bit.params_loaded == 1)
   \   00000002   0x.... 0x....      LDR.W    R4,??DataTable16
   \   00000006   0xF894 0x00F4      LDRB     R0,[R4, #+244]
   \   0000000A   0x07C0             LSLS     R0,R0,#+31
   \   0000000C   0xF140 0x808F      BPL.W    ??Mcl__5msHandler_0
    477              {
    478                  // If requested to stop and the minimum speed is already reached...
    479                  if(Mcl_Flow_Manager & RUNNING_FINISHED_FLOW_FLAGS)
   \   00000010   0xF894 0x12D9      LDRB     R1,[R4, #+729]
   \   00000014   0xF8B4 0x02E0      LDRH     R0,[R4, #+736]
   \   00000018   0x2207             MOVS     R2,#+7
   \   0000001A   0x4211             TST      R1,R2
   \   0000001C   0xD04F             BEQ.N    ??Mcl__5msHandler_1
    480                  {
    481                      if(Mcl_Flow_Manager & ((MCL_FLOW_MANAGER_TYPE)1<<STOP_REQUESTED))
   \   0000001E   0xF894 0x12D9      LDRB     R1,[R4, #+729]
   \   00000022   0x0789             LSLS     R1,R1,#+30
   \   00000024   0xD424             BMI.N    ??Mcl__5msHandler_2
    482                      {
    483                          if(Mcl_Quantities.Speed_Rot_Mech_Abs < Mcl_Params_Displ1->Running.Min_Speed_Before_Stopping)
    484                          {
    485                              if(local_debouncer)
    486                              {
    487                                  local_debouncer--;
    488                              }
    489                              else
    490                              {
    491                                  MCL_CLR_FLOW_MANAGER(STOP_LOWERS_ON_REQUESTED);
    492                                  MCL_CLR_FLOW_MANAGER(STOP_COAST_DOWN_REQUESTED);
    493                                  MCL_CLR_FLOW_MANAGER(STOP_REQUESTED);
    494          
    495                                  MCL_SET_FLOW_MANAGER(RUNNING_MIN_SPEED_STOP_REACHED);
    496                              }
    497                          }
    498                          else
    499                          {
    500                              local_debouncer = Mcl_Params_Displ1->Running.Debounce_Off_Running_Finished;
    501                          }
    502                      }
    503                      else if(Mcl_Flow_Manager & ((MCL_FLOW_MANAGER_TYPE)1<<STOP_COAST_DOWN_REQUESTED))
   \   00000026   0xF894 0x12D9      LDRB     R1,[R4, #+729]
   \   0000002A   0x07C9             LSLS     R1,R1,#+31
   \   0000002C   0xD51D             BPL.N    ??Mcl__5msHandler_3
    504                      {
    505                          if( Mcl_IO.All_Devices_Off == FALSE )
   \   0000002E   0xF894 0x11A1      LDRB     R1,[R4, #+417]
   \   00000032   0xBB41             CBNZ.N   R1,??Mcl__5msHandler_4
    506                          {
    507                              if(Mcl_Quantities.Speed_Rot_Mech_Abs < Mcl_Params_Displ1->Running.Min_Speed_Before_All_Devices_Off)
   \   00000034   0xF8D4 0x12E4      LDR      R1,[R4, #+740]
   \   00000038   0xED94 0x0A1D      VLDR     S0,[R4, #+116]
   \   0000003C   0xEDD1 0x0A31      VLDR     S1,[R1, #+196]
   \   00000040   0xEEB4 0x0A60      VCMP.F32 S0,S1
   \   00000044   0xEEF1 0xFA10      FMSTAT   
   \   00000048   0xD509             BPL.N    ??Mcl__5msHandler_5
    508                              {
    509                                  if(local_debouncer)
   \   0000004A   0xB9E8             CBNZ.N   R0,??Mcl__5msHandler_6
    510                                  {
    511                                      local_debouncer--;
    512                                  }
    513                                  else
    514                                  {
    515                                      local_debouncer = Mcl_Params_Displ1->Running.Time_All_Dev_Below_Min_Speed;
   \   0000004C   0xF8D1 0x00D0      LDR      R0,[R1, #+208]
    516          
    517                                      Mcl_IO.All_Devices_Off = TRUE;
   \   00000050   0x2101             MOVS     R1,#+1
   \   00000052   0xF884 0x11A1      STRB     R1,[R4, #+417]
    518                                      Mcl_IO.Lowers_On = FALSE;
   \   00000056   0x2100             MOVS     R1,#+0
   \   00000058   0xF884 0x11A0      STRB     R1,[R4, #+416]
   \   0000005C   0xE033             B.N      ??Mcl__5msHandler_7
    519                                  }
    520                              }
    521                              else
    522                              {
    523                                  Mcl_IO.Lowers_On = TRUE;
   \                     ??Mcl__5msHandler_5: (+1)
   \   0000005E   0x2001             MOVS     R0,#+1
   \   00000060   0xF884 0x01A0      STRB     R0,[R4, #+416]
    524          
    525                                  local_debouncer = Mcl_Params_Displ1->Running.Debounce_Off_Running_Finished;
   \   00000064   0xF8D1 0x00CC      LDR      R0,[R1, #+204]
   \   00000068   0xE02D             B.N      ??Mcl__5msHandler_7
    526                              }
    527                          }
    528                          else
    529                          {
    530                              if(local_debouncer)
    531                              {
    532                                  local_debouncer--;
    533                              }
    534                              else
    535                              {
    536          
    537                                  MCL_CLR_FLOW_MANAGER(STOP_LOWERS_ON_REQUESTED);
    538                                  MCL_CLR_FLOW_MANAGER(STOP_COAST_DOWN_REQUESTED);
    539                                  MCL_CLR_FLOW_MANAGER(STOP_REQUESTED);
    540                                  MCL_SET_FLOW_MANAGER(RUNNING_MIN_SPEED_STOP_REACHED);
    541          
    542                              }
    543                          }
    544                      }
    545                      else // default --> if(Mcl_Flow_Manager & ((MCL_FLOW_MANAGER_TYPE)1<<STOP_LOWERS_ON_REQUESTED))
    546                      {
    547                          Mcl_IO.Lowers_On = TRUE;
   \                     ??Mcl__5msHandler_3: (+1)
   \   0000006A   0x2101             MOVS     R1,#+1
   \   0000006C   0xF884 0x11A0      STRB     R1,[R4, #+416]
    548          
    549                          if(Mcl_Quantities.Speed_Rot_Mech_Abs < Mcl_Params_Displ1->Running.Min_Speed_Before_Stopping)
   \                     ??Mcl__5msHandler_2: (+1)
   \   00000070   0xF8D4 0x12E4      LDR      R1,[R4, #+740]
   \   00000074   0xED94 0x0A1D      VLDR     S0,[R4, #+116]
   \   00000078   0xEDD1 0x0A32      VLDR     S1,[R1, #+200]
   \   0000007C   0xEEB4 0x0A60      VCMP.F32 S0,S1
   \   00000080   0xEEF1 0xFA10      FMSTAT   
   \   00000084   0xD51B             BPL.N    ??Mcl__5msHandler_1
    550                          {
    551                              if(local_debouncer)
   \                     ??Mcl__5msHandler_4: (+1)
   \   00000086   0xB108             CBZ.N    R0,??Mcl__5msHandler_8
    552                              {
    553                                  local_debouncer--;
   \                     ??Mcl__5msHandler_6: (+1)
   \   00000088   0x1E40             SUBS     R0,R0,#+1
   \   0000008A   0xE01C             B.N      ??Mcl__5msHandler_7
    554                              }
    555                              else
    556                              {
    557                                  MCL_CLR_FLOW_MANAGER(STOP_LOWERS_ON_REQUESTED);
   \                     ??Mcl__5msHandler_8: (+1)
   \   0000008C   0xF894 0x12D9      LDRB     R1,[R4, #+729]
   \   00000090   0xF001 0x01FB      AND      R1,R1,#0xFB
   \   00000094   0xF884 0x12D9      STRB     R1,[R4, #+729]
    558                                  MCL_CLR_FLOW_MANAGER(STOP_COAST_DOWN_REQUESTED);
   \   00000098   0xF894 0x12D9      LDRB     R1,[R4, #+729]
   \   0000009C   0xF001 0x01FE      AND      R1,R1,#0xFE
   \   000000A0   0xF884 0x12D9      STRB     R1,[R4, #+729]
    559                                  MCL_CLR_FLOW_MANAGER(STOP_REQUESTED);
   \   000000A4   0xF894 0x12D9      LDRB     R1,[R4, #+729]
   \   000000A8   0xF001 0x01FD      AND      R1,R1,#0xFD
   \   000000AC   0xF884 0x12D9      STRB     R1,[R4, #+729]
    560                                  MCL_SET_FLOW_MANAGER(RUNNING_MIN_SPEED_STOP_REACHED);
   \   000000B0   0xF894 0x12D9      LDRB     R1,[R4, #+729]
   \   000000B4   0xF041 0x0108      ORR      R1,R1,#0x8
   \   000000B8   0xF884 0x12D9      STRB     R1,[R4, #+729]
   \   000000BC   0xE003             B.N      ??Mcl__5msHandler_7
    561                              }
    562                          }
    563                          else
    564                          {
    565                              local_debouncer = Mcl_Params_Displ1->Running.Debounce_Off_Running_Finished;
    566                          }
    567                      }
    568                  }
    569                  else
    570                  {
    571                      local_debouncer = Mcl_Params_Displ1->Running.Debounce_Off_Running_Finished;
   \                     ??Mcl__5msHandler_1: (+1)
   \   000000BE   0xF8D4 0x02E4      LDR      R0,[R4, #+740]
   \   000000C2   0xF8D0 0x00CC      LDR      R0,[R0, #+204]
   \                     ??Mcl__5msHandler_7: (+1)
   \   000000C6   0xF8A4 0x02E0      STRH     R0,[R4, #+736]
    572                  }
    573          
    574          
    575          
    576                  ////////////////////////////////////////////////////////////////////////////////////////
    577                  ////////////////////////////////////////////////////////////////////////////////////////
    578                  ////////////////////////////////////////////////////////////////////////////////////////
    579                  // Over torque detection
    580          
    581                  // If motor is started...
    582                  if((Mcl_Quantities.Elapsed_Time_After_Starting) && (MotorSafetyMgr__DoesClassAHaveAccessToPwm() == TRUE))
   \   000000CA   0xF8D4 0x00B8      LDR      R0,[R4, #+184]
   \   000000CE   0xB358             CBZ.N    R0,??Mcl__5msHandler_9
   \   000000D0   0x2001             MOVS     R0,#+1
   \   000000D2   0x.... 0x....      BL       SRMotorSafetyMgr__GetFlag
   \   000000D6   0x2801             CMP      R0,#+1
   \   000000D8   0xD126             BNE.N    ??Mcl__5msHandler_9
    583                  {
    584                      temp  = Mcl_IO.Is_ABC.A*Mcl_IO.Is_ABC.A;
    585                      temp += Mcl_IO.Is_ABC.B*Mcl_IO.Is_ABC.B;
    586                      temp += Mcl_IO.Is_ABC.C*Mcl_IO.Is_ABC.C;
    587          
    588                      // If observed torque hit limit...
    589                      if((temp > Mcl_Params_Displ1->Running.Locked_Rotor_Current_Threshold) || (Mcl_Cs.flags.bit.wait_pll_engagement == 1))
   \   000000DA   0xED94 0x1A57      VLDR     S2,[R4, #+348]
   \   000000DE   0xEDD4 0x0A58      VLDR     S1,[R4, #+352]
   \   000000E2   0xF8D4 0x02E4      LDR      R0,[R4, #+740]
   \   000000E6   0xED94 0x0A59      VLDR     S0,[R4, #+356]
   \   000000EA   0xEE21 0x1A01      VMUL.F32 S2,S2,S2
   \   000000EE   0xEE00 0x1AA0      VMLA.F32 S2,S1,S1
   \   000000F2   0xEE00 0x1A00      VMLA.F32 S2,S0,S0
   \   000000F6   0xED90 0x0A38      VLDR     S0,[R0, #+224]
   \   000000FA   0xEEB4 0x0A41      VCMP.F32 S0,S2
   \   000000FE   0xEEF1 0xFA10      FMSTAT   
   \   00000102   0xD404             BMI.N    ??Mcl__5msHandler_10
   \   00000104   0xF8D4 0x00F4      LDR      R0,[R4, #+244]
   \   00000108   0xF3C0 0x1000      UBFX     R0,R0,#+4,#+1
   \   0000010C   0xB138             CBZ.N    R0,??Mcl__5msHandler_11
    590                      {
    591                          if(Over_Torque_Time_Counter < MAX_U16)
   \                     ??Mcl__5msHandler_10: (+1)
   \   0000010E   0xF8B4 0x02DE      LDRH     R0,[R4, #+734]
   \   00000112   0xF64F 0x71FF      MOVW     R1,#+65535
   \   00000116   0x4288             CMP      R0,R1
   \   00000118   0xD009             BEQ.N    ??Mcl__5msHandler_0
    592                          {
    593                              Over_Torque_Time_Counter++;         // increment counter
   \   0000011A   0x1C40             ADDS     R0,R0,#+1
   \   0000011C   0xE005             B.N      ??Mcl__5msHandler_12
    594                          }
    595                      }
    596                      else
    597                      {
    598                          if(Over_Torque_Time_Counter)
   \                     ??Mcl__5msHandler_11: (+1)
   \   0000011E   0xF8B4 0x02DE      LDRH     R0,[R4, #+734]
   \   00000122   0xB120             CBZ.N    R0,??Mcl__5msHandler_0
    599                          {
    600                              Over_Torque_Time_Counter--;         // decrement counter
   \   00000124   0x1E40             SUBS     R0,R0,#+1
   \   00000126   0xE000             B.N      ??Mcl__5msHandler_12
    601                          }
    602                      }
    603                  }
    604                  else // else motor is stop
    605                  {
    606                      Over_Torque_Time_Counter = 0;               // reset counter
   \                     ??Mcl__5msHandler_9: (+1)
   \   00000128   0x2000             MOVS     R0,#+0
   \                     ??Mcl__5msHandler_12: (+1)
   \   0000012A   0xF8A4 0x02DE      STRH     R0,[R4, #+734]
    607                  }
    608              }
    609          }
   \                     ??Mcl__5msHandler_0: (+1)
   \   0000012E   0xBD10             POP      {R4,PC}          ;; return
    610          
    611          
    612          
    613          
    614          //---------------------------------------------------------------------------------------------------------------------
    615          /**
    616           *  @brief      Handle Mcl events of 25ms.
    617           *
    618           *  @param      none
    619           *  @return     none
    620           */

   \                                 In section .text, align 4, keep-with-next
    621          void Mcl__25msHandler(void)
    622          {
   \                     Mcl__25msHandler: (+1)
   \   00000000   0xB510             PUSH     {R4,LR}
    623              float32 temp;
    624          
    625          #if (THERMAL_MODEL_EXE == ENABLED)
    626              ThermalModel__Handler25ms();
   \   00000002   0x.... 0x....      BL       ThermalModel__Handler25ms
    627          #endif
    628          
    629              if(Mcl_Cs.flags.bit.params_loaded == 1)
   \   00000006   0x.... 0x....      LDR.W    R4,??DataTable16
   \   0000000A   0xF894 0x00F4      LDRB     R0,[R4, #+244]
   \   0000000E   0x07C0             LSLS     R0,R0,#+31
   \   00000010   0xD545             BPL.N    ??Mcl__25msHandler_0
    630              {
    631          #if (THERMAL_MODEL_EXE == ENABLED)
    632                  Mcl_Quantities.Stator_Temperature = ThermalModel__GetStatorTemperature();
   \   00000012   0x.... 0x....      BL       ThermalModel__GetStatorTemperature
    633          #ifndef DISABLE_RESISTANCE_UPDATE  // Thermal model in open-loop if defined
    634                  Mcl_Quantities.Stator_Resistance  = Calc_Resistance_By_Temperature();
   \   00000016   0xF8D4 0x02E4      LDR      R0,[R4, #+740]
   \   0000001A   0xED84 0x0A1A      VSTR     S0,[R4, #+104]
   \   0000001E   0xEEB7 0x1A00      VMOV.F32 S2,#1.0
   \   00000022   0xEDD0 0x0A52      VLDR     S1,[R0, #+328]
   \   00000026   0xEE30 0x0A60      VSUB.F32 S0,S0,S1
   \   0000002A   0xEDD0 0x0A51      VLDR     S1,[R0, #+324]
   \   0000002E   0xEE00 0x1A20      VMLA.F32 S2,S0,S1
   \   00000032   0xED90 0x0A4E      VLDR     S0,[R0, #+312]
   \   00000036   0xEE21 0x0A00      VMUL.F32 S0,S2,S0
   \   0000003A   0xED84 0x0A34      VSTR     S0,[R4, #+208]
    635          #endif
    636          #endif
    637                  ResistanceEstimation__Handler25ms(&Mcl_Params_Displ1->Res_Est_Param);
   \   0000003E   0x30E4             ADDS     R0,R0,#+228
   \   00000040   0x.... 0x....      BL       ResistanceEstimation__Handler25ms
    638          
    639                  MclSpeedCtrl__25msHandler(&Mcl_Speed_Ctrl_IO, &MclSpeedCtrl_Params);
   \   00000044   0xF504 0x7123      ADD      R1,R4,#+652
   \   00000048   0xF504 0x702D      ADD      R0,R4,#+692
   \   0000004C   0x.... 0x....      BL       MclSpeedCtrl__25msHandler
    640                  MclDqCtrl__25msHandler(&Mcl_DQ_Ctrl_IO, &Mcl_Params_Displ1->DQCtrlPrm);
   \   00000050   0xF8D4 0x02E4      LDR      R0,[R4, #+740]
   \   00000054   0xF100 0x0144      ADD      R1,R0,#+68
   \   00000058   0xF504 0x70F4      ADD      R0,R4,#+488
   \   0000005C   0x.... 0x....      BL       MclDqCtrl__25msHandler
    641                  MclPwm__25msHandler(&Mcl_Pwm_IO);
   \   00000060   0xF504 0x701D      ADD      R0,R4,#+628
   \   00000064   0x.... 0x....      BL       MclPwm__25msHandler
    642          
    643                  temp = Mcl_Params_Displ1->Mcl_SpeedRef_Params.SpeedRef_Min_Speed_Default_Accel * RPM_TO_RADS;
   \   00000068   0xF8D4 0x02E4      LDR      R0,[R4, #+740]
   \   0000006C   0xED90 0x0A55      VLDR     S0,[R0, #+340]
   \   00000070   0xEDDF 0x....      VLDR.W   S1,??DataTable12  ;; 0x3dd67750
   \   00000074   0xEE20 0x0A20      VMUL.F32 S0,S0,S1
    644                  if( (Mcl_Quantities.Speed_Rot_Ref_Abs >= temp) &&
    645                      (Mcl_Quantities.Speed_Rot_Mech_Abs >= temp))
   \   00000078   0xEDD4 0x0A1B      VLDR     S1,[R4, #+108]
   \   0000007C   0xEEF4 0x0A40      VCMP.F32 S1,S0
   \   00000080   0xEEF1 0xFA10      FMSTAT   
   \   00000084   0xBFA2             ITTT     GE 
   \   00000086   0xEDD4 0x0A1D      VLDRGE   S1,[R4, #+116]
   \   0000008A   0xEEF4 0x0A40      VCMPGE.F32 S1,S0
   \   0000008E   0xEEF1 0xFA10      FMSTATGE 
   \   00000092   0xDB04             BLT.N    ??Mcl__25msHandler_0
    646                  {
    647                      SpeedRefGen__ApplyDefaultAccel(FALSE);
   \   00000094   0xE8BD 0x4010      POP      {R4,LR}
   \   00000098   0x2000             MOVS     R0,#+0
   \   0000009A   0x.... 0x....      B.W      SpeedRefGen__ApplyDefaultAccel
    648                  }
    649          
    650              }
    651          }
   \                     ??Mcl__25msHandler_0: (+1)
   \   0000009E   0xBD10             POP      {R4,PC}          ;; return
    652          
    653          
    654          
    655          //---------------------------------------------------------------------------------------------------------------------
    656          /**
    657           *  @brief      Starting Reset
    658           *
    659           *  @param      none
    660           *  @return     none
    661           */

   \                                 In section .text, align 2, keep-with-next
    662          void Mcl__StartingReset(void)
    663          {
   \                     Mcl__StartingReset: (+1)
   \   00000000   0xB510             PUSH     {R4,LR}
    664              MclPwm__ResetState(&Mcl_Pwm_IO, &MclPwm_Params);
   \   00000002   0x.... 0x....      LDR.W    R4,??DataTable16
   \   00000006   0xF504 0x7140      ADD      R1,R4,#+768
   \   0000000A   0xF504 0x701D      ADD      R0,R4,#+628
   \   0000000E   0x.... 0x....      BL       MclPwm__ResetState
    665          
    666              if(ResistanceEstimation__Requested())
   \   00000012   0x.... 0x....      BL       ResistanceEstimation__Requested
   \   00000016   0xB130             CBZ.N    R0,??Mcl__StartingReset_0
    667              {
    668                  ResistanceEstimation__Start(&Mcl_Params_Displ1->Res_Est_Param);
   \   00000018   0xF8D4 0x02E4      LDR      R0,[R4, #+740]
   \   0000001C   0x30E4             ADDS     R0,R0,#+228
   \   0000001E   0x.... 0x....      BL       ResistanceEstimation__Start
    669          
    670                  Mcl_Starting_State = MCL_RESISTANCE_ESTIMATION;
   \   00000022   0x2001             MOVS     R0,#+1
   \   00000024   0xE000             B.N      ??Mcl__StartingReset_1
    671              }
    672              else
    673              {
    674                  Mcl_Starting_State = MCL_STARTING_FINISHED;
   \                     ??Mcl__StartingReset_0: (+1)
   \   00000026   0x2003             MOVS     R0,#+3
   \                     ??Mcl__StartingReset_1: (+1)
   \   00000028   0xF884 0x02D8      STRB     R0,[R4, #+728]
    675              }
    676          
    677          
    678              MCL_CLR_FLOW_MANAGER(RUNNING_MIN_SPEED_STOP_REACHED);
   \   0000002C   0xF894 0x02D9      LDRB     R0,[R4, #+729]
   \   00000030   0xF000 0x00F7      AND      R0,R0,#0xF7
   \   00000034   0xF884 0x02D9      STRB     R0,[R4, #+729]
    679          }
   \   00000038   0xBD10             POP      {R4,PC}          ;; return
    680          
    681          
    682          
    683          
    684          //---------------------------------------------------------------------------------------------------------------------
    685          /**
    686           *  @brief      Starting Handler
    687           *
    688           *  @param      none
    689           *  @return     none
    690           */

   \                                 In section .text, align 2, keep-with-next
    691          void Mcl__StartingHandler(void)
    692          {
   \                     Mcl__StartingHandler: (+1)
   \   00000000   0xB510             PUSH     {R4,LR}
    693              ////////////////////////////////////////////////
    694              // just two states:
    695              // - MCL_RESISTANCE_ESTIMATION
    696              // - MCL_STARTING_FINISHED
    697              ////////////////////////////////////////////////
    698              if(Mcl_Starting_State == MCL_RESISTANCE_ESTIMATION)
   \   00000002   0x.... 0x....      LDR.W    R4,??DataTable16
   \   00000006   0xF894 0x02D8      LDRB     R0,[R4, #+728]
   \   0000000A   0x2801             CMP      R0,#+1
   \   0000000C   0xD105             BNE.N    ??Mcl__StartingHandler_0
    699              {
    700                  if(Estimate_Stator_Resistance())
   \   0000000E   0x.... 0x....      BL       Estimate_Stator_Resistance
   \   00000012   0xB110             CBZ.N    R0,??Mcl__StartingHandler_0
    701                  {
    702                      Mcl_Starting_State = MCL_STARTING_FINISHED;
   \   00000014   0x2003             MOVS     R0,#+3
   \   00000016   0xF884 0x02D8      STRB     R0,[R4, #+728]
    703                  }
    704              }
    705          }
   \                     ??Mcl__StartingHandler_0: (+1)
   \   0000001A   0xBD10             POP      {R4,PC}          ;; return
    706          
    707          
    708          
    709          
    710          
    711          //---------------------------------------------------------------------------------------------------------------------
    712          /**
    713           *  @brief      Reset all Mcl quantities.
    714           *  @details    This routine reset all Mcl quantities, it has to be called at every time the pwm is switched off (motor stop or free down ramp).
    715           *
    716           *
    717           *  @param[in]
    718           *  @param[out]
    719           *  @return
    720           */

   \                                 In section .text, align 2, keep-with-next
    721          void Mcl__RunningReset(void)
    722          {
   \                     Mcl__RunningReset: (+1)
   \   00000000   0xB510             PUSH     {R4,LR}
    723              Mcl_Quantities.Elapsed_Time_After_Starting = 0;
   \   00000002   0x.... 0x....      LDR.W    R4,??DataTable16
   \   00000006   0x2000             MOVS     R0,#+0
   \   00000008   0xF8C4 0x00B8      STR      R0,[R4, #+184]
    724          
    725              Mcl_IO.All_Devices_Off = FALSE;
   \   0000000C   0xF884 0x01A1      STRB     R0,[R4, #+417]
    726              Mcl_IO.Lowers_On = FALSE;
   \   00000010   0xF884 0x01A0      STRB     R0,[R4, #+416]
    727          
    728              Mcl_Cs.flags.bit.wrong_speed_direction = 0;
    729              Mcl_Cs.flags.bit.stopped_ramp = 0;
   \   00000014   0xF8D4 0x00F4      LDR      R0,[R4, #+244]
   \   00000018   0xF420 0x7001      BIC      R0,R0,#0x204
   \   0000001C   0xF8C4 0x00F4      STR      R0,[R4, #+244]
    730          
    731          
    732              if (Mcl_Cs.flags.bit.params_loaded == 1)
   \   00000020   0x07C0             LSLS     R0,R0,#+31
   \   00000022   0xD528             BPL.N    ??Mcl__RunningReset_0
    733              {
    734                  SpeedRefGen__SetSpeedParams(Mcl_Params_Displ1->Mcl_SpeedRef_Params.SpeedRef_Default_Accel);
   \   00000024   0xF8D4 0x02E4      LDR      R0,[R4, #+740]
   \   00000028   0xED90 0x0A54      VLDR     S0,[R0, #+336]
   \   0000002C   0x.... 0x....      BL       SpeedRefGen__SetSpeedParams
    735                  SpeedRefGen__ApplyDefaultAccel(TRUE);
   \   00000030   0x2001             MOVS     R0,#+1
   \   00000032   0x.... 0x....      BL       SpeedRefGen__ApplyDefaultAccel
    736          
    737                  // reset all macro-blocks
    738                  MclInputProc__ResetState();
   \   00000036   0x.... 0x....      BL       MclInputProc__ResetState
    739                  MclObserver__ResetState(&Mcl_Observer_IO, &MclObserver_Params);
   \   0000003A   0xF504 0x71D8      ADD      R1,R4,#+432
   \   0000003E   0xF504 0x7005      ADD      R0,R4,#+532
   \   00000042   0x.... 0x....      BL       MclObserver__ResetState
    740                  MclSpeedCtrl__ResetState(&Mcl_Speed_Ctrl_IO,&MclSpeedCtrl_Params);
   \   00000046   0xF504 0x7123      ADD      R1,R4,#+652
   \   0000004A   0xF504 0x702D      ADD      R0,R4,#+692
   \   0000004E   0x.... 0x....      BL       MclSpeedCtrl__ResetState
    741                  MclDqRef__ResetState(&MclDqRef_Params);
   \   00000052   0xF504 0x7028      ADD      R0,R4,#+672
   \   00000056   0x.... 0x....      BL       MclDqRef__ResetState
    742                  MclDqCtrl__ResetState(&Mcl_DQ_Ctrl_IO, &Mcl_Params_Displ1->DQCtrlPrm);
   \   0000005A   0xF8D4 0x02E4      LDR      R0,[R4, #+740]
   \   0000005E   0xF100 0x0144      ADD      R1,R0,#+68
   \   00000062   0xF504 0x70F4      ADD      R0,R4,#+488
   \   00000066   0x.... 0x....      BL       MclDqCtrl__ResetState
    743                  MclPwm__ResetState(&Mcl_Pwm_IO, &MclPwm_Params);
   \   0000006A   0xF504 0x7140      ADD      R1,R4,#+768
   \   0000006E   0xF504 0x701D      ADD      R0,R4,#+628
   \   00000072   0x.... 0x....      BL       MclPwm__ResetState
    744              }
    745          
    746              Mcl_DQ_Ctrl_IO.Force_Out_Volt->D = 0.0f;
   \                     ??Mcl__RunningReset_0: (+1)
   \   00000076   0xF8D4 0x01FC      LDR      R0,[R4, #+508]
   \   0000007A   0x2100             MOVS     R1,#+0
   \   0000007C   0x6041             STR      R1,[R0, #+4]
    747              Mcl_DQ_Ctrl_IO.Force_Out_Volt->Q = 0.0f;
   \   0000007E   0xF8D4 0x01FC      LDR      R0,[R4, #+508]
   \   00000082   0x6081             STR      R1,[R0, #+8]
    748          }
   \   00000084   0xBD10             POP      {R4,PC}          ;; return
    749          
    750          
    751          
    752          
    753          
    754          //---------------------------------------------------------------------------------------------------------------------
    755          /**
    756           *  @brief     Motor Control Loop for 3-Phase motors (DD,BPM,CIM).
    757           *  @details   Motor control loop routine for 3-Phase motors :
    758           *             - d axis: rotor flux position
    759           *             - q axis: rotor flux quadrature axis
    760           *
    761           *             This routine is composed by six parts:
    762           *             - Input processing: tachometer signal processing
    763           *                                 motor speed reference absolute value
    764           *                                 motor phase currents swapping in order to work with a positive speed reference.
    765           *                                 dc voltage filtering
    766           *
    767           *             - Observer:		   rotor flux speed estimation
    768           *             					   flux position estimation (FOC: rotor flux, DTC: stator flux)
    769           *
    770           *             - Speed Controller: speed PI execution
    771           *								   torque reference generation
    772           *
    773           *             - Dq Reference Gen: Mtpa
    774           *                                 Flux Weaking
    775           *             					   d-reference generation (FOC: current Id, DTC: flux reference)
    776           *             					   q reference generation (FOC: current Id, DTC: torque reference)
    777           *								   torque reference generation
    778           *
    779           *             - Dq Controller:   DQ PI execution (FOC: current PI, DTC: flux/torque PI)
    780           *								  alpha-beta voltage reference generation
    781           *
    782           *             - Pwm:   		  DC voltage compensation
    783           *             					  Deadtime compensation
    784           *             					  PWM Duties generation
    785           *  @param[in]     
    786           *  @param[out]     
    787           *  @param[in]
    788           *  @return        
    789           */

   \                                 In section .text, align 4, keep-with-next
    790          void Mcl__RunningHandler(void)
    791          {
   \                     Mcl__RunningHandler: (+1)
   \   00000000   0xB510             PUSH     {R4,LR}
    792          
    793              Flags_Management();
   \   00000002   0x.... 0x....      BL       SpeedRefGen__GetSpeedTarget
   \   00000006   0x.... 0x....      LDR.W    R4,??DataTable16
   \   0000000A   0xEDD4 0x0A1C      VLDR     S1,[R4, #+112]
   \   0000000E   0xF8D4 0x00F4      LDR      R0,[R4, #+244]
   \   00000012   0xEE20 0x0A20      VMUL.F32 S0,S0,S1
   \   00000016   0xEEB5 0x0A40      VCMP.F32 S0,#0.0
   \   0000001A   0xEEF1 0xFA10      FMSTAT   
   \   0000001E   0xBF4C             ITE      MI 
   \   00000020   0xF040 0x0004      ORRMI    R0,R0,#0x4
   \   00000024   0xF020 0x0004      BICPL    R0,R0,#0x4
   \   00000028   0xF8C4 0x00F4      STR      R0,[R4, #+244]
   \   0000002C   0xF8D4 0x00F4      LDR      R0,[R4, #+244]
   \   00000030   0xF3C0 0x11C0      UBFX     R1,R0,#+7,#+1
   \   00000034   0xB179             CBZ.N    R1,??Mcl__RunningHandler_0
   \   00000036   0x.... 0x....      BL       SpeedRefGen__GetStatus
   \   0000003A   0x2801             CMP      R0,#+1
   \   0000003C   0xD12E             BNE.N    ??Mcl__RunningHandler_1
   \   0000003E   0xED9F 0x....      VLDR.W   S0,??DataTable12_1  ;; 0x0
   \   00000042   0x.... 0x....      BL       SpeedRefGen__SetSpeedParams
   \   00000046   0x2001             MOVS     R0,#+1
   \   00000048   0x.... 0x....      BL       SpeedRefGen__ApplyDefaultAccel
   \   0000004C   0xF8D4 0x00F4      LDR      R0,[R4, #+244]
   \   00000050   0xF440 0x7000      ORR      R0,R0,#0x200
   \   00000054   0xE020             B.N      ??Mcl__RunningHandler_2
   \                     ??Mcl__RunningHandler_0: (+1)
   \   00000056   0xF3C0 0x2040      UBFX     R0,R0,#+9,#+1
   \   0000005A   0xB140             CBZ.N    R0,??Mcl__RunningHandler_3
   \   0000005C   0x2000             MOVS     R0,#+0
   \   0000005E   0x.... 0x....      BL       SpeedRefGen__ApplyDefaultAccel
   \   00000062   0xF8D4 0x00F4      LDR      R0,[R4, #+244]
   \   00000066   0xF420 0x7000      BIC      R0,R0,#0x200
   \   0000006A   0xF8C4 0x00F4      STR      R0,[R4, #+244]
   \                     ??Mcl__RunningHandler_3: (+1)
   \   0000006E   0xED94 0x0A5A      VLDR     S0,[R4, #+360]
   \   00000072   0xEEB5 0x0A40      VCMP.F32 S0,#0.0
   \   00000076   0xEEF1 0xFA10      FMSTAT   
   \   0000007A   0xDD04             BLE.N    ??Mcl__RunningHandler_4
   \   0000007C   0xF8D4 0x00F4      LDR      R0,[R4, #+244]
   \   00000080   0xF440 0x7080      ORR      R0,R0,#0x100
   \   00000084   0xE008             B.N      ??Mcl__RunningHandler_2
   \                     ??Mcl__RunningHandler_4: (+1)
   \   00000086   0xEEB5 0x0A40      VCMP.F32 S0,#0.0
   \   0000008A   0xEEF1 0xFA10      FMSTAT   
   \   0000008E   0xD505             BPL.N    ??Mcl__RunningHandler_1
   \   00000090   0xF8D4 0x00F4      LDR      R0,[R4, #+244]
   \   00000094   0xF420 0x7080      BIC      R0,R0,#0x100
   \                     ??Mcl__RunningHandler_2: (+1)
   \   00000098   0xF8C4 0x00F4      STR      R0,[R4, #+244]
    794          
    795              // Input Processing Handler
    796          	MclInputProc__RunningHandler(&Mcl_Input_Proc_IO,&MclInput_Params);
   \                     ??Mcl__RunningHandler_1: (+1)
   \   0000009C   0xF504 0x7134      ADD      R1,R4,#+720
   \   000000A0   0xF504 0x700E      ADD      R0,R4,#+568
   \   000000A4   0x.... 0x....      BL       MclInputProc__RunningHandler
    797          
    798          	// Observer Handler
    799          	MclObserver__RunningHandler(&Mcl_Observer_IO, &MclObserver_Params);
   \   000000A8   0xF504 0x71D8      ADD      R1,R4,#+432
   \   000000AC   0xF504 0x7005      ADD      R0,R4,#+532
   \   000000B0   0x.... 0x....      BL       MclObserver__RunningHandler
    800          
    801          	// Speed Controller Handler
    802          	MclSpeedCtrl__RunningHandler(&Mcl_Speed_Ctrl_IO, &MclSpeedCtrl_Params);
   \   000000B4   0xF504 0x7123      ADD      R1,R4,#+652
   \   000000B8   0xF504 0x702D      ADD      R0,R4,#+692
   \   000000BC   0x.... 0x....      BL       MclSpeedCtrl__RunningHandler
    803          
    804          	// Dq reference generation Handler
    805          	MclDqRef__RunningHandler(&Mcl_DQ_Ref_IO, &MclDqRef_Params);
   \   000000C0   0xF504 0x7128      ADD      R1,R4,#+672
   \   000000C4   0xF504 0x7016      ADD      R0,R4,#+600
   \   000000C8   0x.... 0x....      BL       MclDqRef__RunningHandler
    806          
    807          	// Dq controllers Handler
    808          	MclDqCtrl__RunningHandler(&Mcl_DQ_Ctrl_IO, &Mcl_Params_Displ1->DQCtrlPrm);
   \   000000CC   0xF8D4 0x02E4      LDR      R0,[R4, #+740]
   \   000000D0   0xF100 0x0144      ADD      R1,R0,#+68
   \   000000D4   0xF504 0x70F4      ADD      R0,R4,#+488
   \   000000D8   0x.... 0x....      BL       MclDqCtrl__RunningHandler
    809          
    810          	// Pwm Handler
    811          	MclPwm__RunningHandler(&Mcl_Pwm_IO, &MclPwm_Params);
   \   000000DC   0xF504 0x7140      ADD      R1,R4,#+768
   \   000000E0   0xF504 0x701D      ADD      R0,R4,#+628
   \   000000E4   0xE8BD 0x4010      POP      {R4,LR}
   \   000000E8   0x.... 0x....      B.W      MclPwm__RunningHandler
    812          }
    813          #ifdef PWM_DOUBLE_SLOT
    814          void Mcl__2ndRunningHandler(void)
    815          {
    816              // Dq controllers Handler
    817              MclDqCtrl__2ndRunningHandler(&Mcl_DQ_Ctrl_IO, &Mcl_Params_Displ1->DQCtrlPrm);
    818          
    819              // Pwm Handler
    820              MclPwm__RunningHandler(&Mcl_Pwm_IO, &MclPwm_Params);
    821          }
    822          #endif
    823          
    824          
    825          //---------------------------------------------------------------------------------------------------------------------
    826          /**
    827           *  @brief      Stopping Reset
    828           *
    829           *  @param      none
    830           *  @return     none
    831           */

   \                                 In section .text, align 2, keep-with-next
    832          void Mcl__StoppingReset(void)
    833          {
   \                     Mcl__StoppingReset: (+1)
   \   00000000   0xB510             PUSH     {R4,LR}
    834              if (Mcl_Cs.flags.bit.params_loaded == 1)
   \   00000002   0x.... 0x....      LDR.W    R4,??DataTable20_1
   \   00000006   0xF894 0x00F4      LDRB     R0,[R4, #+244]
   \   0000000A   0x07C0             LSLS     R0,R0,#+31
   \   0000000C   0xD50D             BPL.N    ??Mcl__StoppingReset_0
    835              {
    836                  MclSpeedCtrl__ResetState(&Mcl_Speed_Ctrl_IO,&MclSpeedCtrl_Params);
   \   0000000E   0xF504 0x7123      ADD      R1,R4,#+652
   \   00000012   0xF504 0x702D      ADD      R0,R4,#+692
   \   00000016   0x.... 0x....      BL       MclSpeedCtrl__ResetState
    837                  MclObserver__ResetState(&Mcl_Observer_IO, &MclObserver_Params);
   \   0000001A   0xF504 0x71D8      ADD      R1,R4,#+432
   \   0000001E   0xF504 0x7005      ADD      R0,R4,#+532
   \   00000022   0xE8BD 0x4010      POP      {R4,LR}
   \   00000026   0x.... 0x....      B.W      MclObserver__ResetState
    838              }
    839          }
   \                     ??Mcl__StoppingReset_0: (+1)
   \   0000002A   0xBD10             POP      {R4,PC}          ;; return
    840          
    841          
    842          
    843          //---------------------------------------------------------------------------------------------------------------------
    844          /**
    845           *  @brief      Stopping Handler
    846           *
    847           *  @param      none
    848           *  @return     none
    849           */

   \                                 In section .text, align 2, keep-with-next
    850          void Mcl__StoppingHandler(void)
    851          {
    852          
    853              Mcl_Cs.flags.bit.braking_active = 0;
   \                     Mcl__StoppingHandler: (+1)
   \   00000000   0x.... 0x....      LDR.W    R0,??DataTable20_1
   \   00000004   0xF8D0 0x10F4      LDR      R1,[R0, #+244]
   \   00000008   0xF021 0x0180      BIC      R1,R1,#0x80
   \   0000000C   0xF8C0 0x10F4      STR      R1,[R0, #+244]
    854              Mcl_Quantities.Speed_Rot = 0.0f;
   \   00000010   0x2100             MOVS     R1,#+0
   \   00000012   0x6701             STR      R1,[R0, #+112]
    855              Mcl_Quantities.Speed_Rot_Mech = 0.0f;
   \   00000014   0x6781             STR      R1,[R0, #+120]
    856              Mcl_Quantities.Torque = 0.0f;
   \   00000016   0xF8C0 0x10AC      STR      R1,[R0, #+172]
    857              Mcl_Quantities.Torque_Ref = 0.0f;
   \   0000001A   0xF8C0 0x1090      STR      R1,[R0, #+144]
    858              Mcl_Quantities.Speed_Rot_Ref_Abs = 0.0f;
   \   0000001E   0x66C1             STR      R1,[R0, #+108]
    859              Mcl_Quantities.Speed_Rot_Mech_Abs = 0.0f;
   \   00000020   0x6741             STR      R1,[R0, #+116]
    860              Mcl_IO.Speed_Rot_Ref = 0.0f;
   \   00000022   0xF8C0 0x1168      STR      R1,[R0, #+360]
    861          
    862              Mcl_Cs.flags.bit.wait_pll_engagement = 0;
   \   00000026   0xF8D0 0x10F4      LDR      R1,[R0, #+244]
   \   0000002A   0xF021 0x0110      BIC      R1,R1,#0x10
   \   0000002E   0xF8C0 0x10F4      STR      R1,[R0, #+244]
    863          }
   \   00000032   0x4770             BX       LR               ;; return
    864          
    865          
    866          
    867          //---------------------------------------------------------------------------------------------------------------------
    868          /**
    869           *  @brief      Manual Reset
    870           *
    871           *  @param      none
    872           *  @return     none
    873           */

   \                                 In section .text, align 2, keep-with-next
    874          void Mcl__ManualReset(void)
    875          {
   \                     Mcl__ManualReset: (+1)
   \   00000000   0xB510             PUSH     {R4,LR}
    876              if (Mcl_Cs.flags.bit.params_loaded == 1)
   \   00000002   0x.... 0x....      LDR.W    R4,??DataTable20_1
   \   00000006   0xF894 0x00F4      LDRB     R0,[R4, #+244]
   \   0000000A   0x07C0             LSLS     R0,R0,#+31
   \   0000000C   0xD507             BPL.N    ??Mcl__ManualReset_0
    877              {
    878                  MclDqCtrl__ResetState(&Mcl_DQ_Ctrl_IO, &Mcl_Params_Displ1->Manual_Injection);
   \   0000000E   0xF8D4 0x02E4      LDR      R0,[R4, #+740]
   \   00000012   0xF500 0x71AC      ADD      R1,R0,#+344
   \   00000016   0xF504 0x70F4      ADD      R0,R4,#+488
   \   0000001A   0x.... 0x....      BL       MclDqCtrl__ResetState
    879              }
    880          
    881              Manual_Inject_Level = 0;
   \                     ??Mcl__ManualReset_0: (+1)
   \   0000001E   0x2000             MOVS     R0,#+0
   \   00000020   0xF8C4 0x031C      STR      R0,[R4, #+796]
    882              Manual_Inject_Param = 0;
   \   00000024   0xF8C4 0x0320      STR      R0,[R4, #+800]
    883              Manual_Pos_Reference = 0;
   \   00000028   0xF8C4 0x0324      STR      R0,[R4, #+804]
    884          }
   \   0000002C   0xBD10             POP      {R4,PC}          ;; return
    885          
    886          
    887          
    888          //---------------------------------------------------------------------------------------------------------------------
    889          /**
    890           *  @brief      Manual Handler
    891           *
    892           *  @param      none
    893           *  @return     none
    894           */

   \                                 In section .text, align 4, keep-with-next
    895          void Mcl__ManualHandler(void)
    896          {
   \                     Mcl__ManualHandler: (+1)
   \   00000000   0xB510             PUSH     {R4,LR}
    897              float32 temp_level_target;
    898              float32 temp_level_rate;
    899              float32 temp_param_target;
    900              float32 temp_param_rate;
    901              DQ_COOR_SYST_F_TYPE manual_dq;
    902          
    903              Mcl_Quantities.Elapsed_Time_After_Starting = 0;
   \   00000002   0x.... 0x....      LDR.W    R4,??DataTable16
   \   00000006   0xED2D 0x8B02      VPUSH    {D8}
   \   0000000A   0x2000             MOVS     R0,#+0
   \   0000000C   0xF8C4 0x00B8      STR      R0,[R4, #+184]
   \   00000010   0xB084             SUB      SP,SP,#+16
    904          
    905              // Input Processing Handler
    906              MclInputProc__RunningHandler(&Mcl_Input_Proc_IO,&MclInput_Params);
   \   00000012   0xF504 0x7134      ADD      R1,R4,#+720
   \   00000016   0xF504 0x700E      ADD      R0,R4,#+568
   \   0000001A   0x.... 0x....      BL       MclInputProc__RunningHandler
    907          
    908              // Observer Handler
    909              MclObserver__RunningHandler(&Mcl_Observer_IO, &MclObserver_Params);
   \   0000001E   0xF504 0x71D8      ADD      R1,R4,#+432
   \   00000022   0xF504 0x7005      ADD      R0,R4,#+532
   \   00000026   0x.... 0x....      BL       MclObserver__RunningHandler
    910          
    911              // Check if AC or DC voltage was selected
    912              if(Mcl_Flow_Manager & MANUAL_VOLTAGE_INJECTION_FLAGS)
   \   0000002A   0xF894 0x02D9      LDRB     R0,[R4, #+729]
   \   0000002E   0x2130             MOVS     R1,#+48
   \   00000030   0x4208             TST      R0,R1
   \   00000032   0xF000 0x8084      BEQ.W    ??Mcl__ManualHandler_0
    913              {
    914          
    915                  // Variables and its meaning in MANUAL_AC_VOLT_INJECTION
    916                  // Mcl_IO.Manual_Injection_Level            - define the voltage
    917                  // Mcl_IO.Manual_Injection_Level_Rate       - define the voltage rate in volts/s
    918                  // Mcl_IO.Manual_Injection_Param            - define the frequency
    919                  // Mcl_IO.Manual_Injection_Param_Rate       - define the frequency rate in Hz/s
    920          
    921                  // Variables and its meaning in MANUAL_DC_VOLT_INJECTION
    922                  // Mcl_IO.Manual_Injection_Level            - define the voltage
    923                  // Mcl_IO.Manual_Injection_Level_Rate       - define the voltage rate in volts/s
    924                  // Mcl_IO.Manual_Injection_Param            - define position of the voltage vector in degrees
    925                  // Mcl_IO.Manual_Injection_Param_Rate       - not used
    926          
    927                  temp_level_target = Mcl_IO.Manual_Injection_Level/(32.0f);
   \   00000036   0xEDD4 0x0A5B      VLDR     S1,[R4, #+364]
   \   0000003A   0xED9F 0x....      VLDR.W   S0,??DataTable14  ;; 0x3d000000
   \   0000003E   0xEEF8 0x0AE0      VCVT.F32.S32 S1,S1
   \   00000042   0xEE60 0x0A80      VMUL.F32 S1,S1,S0
    928                  temp_level_rate  = Mcl_IO.Manual_Injection_Level_Rate/(32.0f);
    929          
    930          
    931                  // Handle the voltage target increase
    932                  if(Manual_Inject_Level < temp_level_target)
   \   00000046   0xED94 0x1AC7      VLDR     S2,[R4, #+796]
   \   0000004A   0xEEB4 0x1A60      VCMP.F32 S2,S1
   \   0000004E   0xEEF1 0xFA10      FMSTAT   
   \   00000052   0xD509             BPL.N    ??Mcl__ManualHandler_1
    933                  {
    934                      Manual_Inject_Level += (TSW*temp_level_rate);
   \   00000054   0xEDD4 0x0A5C      VLDR     S1,[R4, #+368]
   \   00000058   0xEEF8 0x1AE0      VCVT.F32.S32 S3,S1
   \   0000005C   0xED9F 0x....      VLDR.W   S4,??DataTable14_1  ;; 0x3683126f
   \   00000060   0xEEF0 0x0A41      VMOV.F32 S1,S2
   \   00000064   0xEE41 0x0A82      VMLA.F32 S1,S3,S4
    935                  }
    936                  else
    937                  {
    938                      Manual_Inject_Level = temp_level_target;
   \                     ??Mcl__ManualHandler_1: (+1)
   \   00000068   0xEDC4 0x0AC7      VSTR     S1,[R4, #+796]
    939                  }
    940          
    941                  temp_level_target = Manual_Inject_Level;
   \   0000006C   0xED94 0x8AC7      VLDR     S16,[R4, #+796]
    942          
    943                  if(Mcl_Flow_Manager & ((MCL_FLOW_MANAGER_TYPE)1<<MANUAL_AC_VOLT_INJECTION))
   \   00000070   0xF894 0x02D9      LDRB     R0,[R4, #+729]
   \   00000074   0xED94 0x1A5D      VLDR     S2,[R4, #+372]
   \   00000078   0xEDD4 0x0AC8      VLDR     S1,[R4, #+800]
   \   0000007C   0xEEB8 0x1AC1      VCVT.F32.S32 S2,S2
   \   00000080   0x0680             LSLS     R0,R0,#+26
   \   00000082   0xD540             BPL.N    ??Mcl__ManualHandler_2
    944                  {
    945                      // Handle the frequency
    946                      temp_param_target = Mcl_IO.Manual_Injection_Param/32.0f;      // temp_param_target = (Mcl_IO.Manual_Injection_Param << 15)/(sint32)(32.0);
    947                      temp_param_rate  = Mcl_IO.Manual_Injection_Param_Rate/32.0f;      // temp_param_rate  = (Mcl_IO.Manual_Injection_Param_Rate)/(sint32)(32.0);
   \   00000084   0xEDD4 0x1A5E      VLDR     S3,[R4, #+376]
   \   00000088   0xEE21 0x1A00      VMUL.F32 S2,S2,S0
   \   0000008C   0xEEF8 0x1AE1      VCVT.F32.S32 S3,S3
    948          
    949                      if(MATHCALC__ABS(Manual_Inject_Param) < MATHCALC__ABS(temp_param_target))
   \   00000090   0xEEF5 0x0A40      VCMP.F32 S1,#0.0
   \   00000094   0xEE21 0x0A80      VMUL.F32 S0,S3,S0
   \   00000098   0xEEF1 0xFA10      FMSTAT   
   \   0000009C   0xBF4C             ITE      MI 
   \   0000009E   0xEEF1 0x1A60      VNEGMI.F32 S3,S1
   \   000000A2   0xEEF0 0x1A60      VMOVPL.F32 S3,S1
   \   000000A6   0xEEB5 0x1A40      VCMP.F32 S2,#0.0
   \   000000AA   0xEEF1 0xFA10      FMSTAT   
   \   000000AE   0xBF4C             ITE      MI 
   \   000000B0   0xEEB1 0x2A41      VNEGMI.F32 S4,S2
   \   000000B4   0xEEB0 0x2A41      VMOVPL.F32 S4,S2
   \   000000B8   0xEEF4 0x1A42      VCMP.F32 S3,S4
   \   000000BC   0xEEF1 0xFA10      FMSTAT   
   \   000000C0   0xD50D             BPL.N    ??Mcl__ManualHandler_3
    950                      {
    951                          if(temp_param_target > 0)
   \   000000C2   0xEDDF 0x....      VLDR.W   S3,??DataTable14_2  ;; 0x3903126f
   \   000000C6   0xEEB5 0x1A40      VCMP.F32 S2,#0.0
   \   000000CA   0xEE20 0x0A21      VMUL.F32 S0,S0,S3
   \   000000CE   0xEEF1 0xFA10      FMSTAT   
   \   000000D2   0xBFD4             ITE      LE 
    952                          {
    953                              Manual_Inject_Param += TSW*temp_param_rate;
    954                          }
    955                          else
    956                          {
    957                              Manual_Inject_Param -= TSW*temp_param_rate;
   \   000000D4   0xEE70 0x0AC0      VSUBLE.F32 S1,S1,S0
    958                          }
   \   000000D8   0xEE70 0x0A20      VADDGT.F32 S1,S0,S1
   \   000000DC   0xE001             B.N      ??Mcl__ManualHandler_4
    959                      }
    960                      else
    961                      {
    962                          Manual_Inject_Param = temp_param_target;
   \                     ??Mcl__ManualHandler_3: (+1)
   \   000000DE   0xEEF0 0x0A41      VMOV.F32 S1,S2
    963                      }
    964          
    965                      Manual_Pos_Reference += TSW*TWO_PI * Manual_Inject_Param;
   \                     ??Mcl__ManualHandler_4: (+1)
   \   000000E2   0xED9F 0x....      VLDR.W   S2,??DataTable15  ;; 0x3a4de32f
   \   000000E6   0xED94 0x0AC9      VLDR     S0,[R4, #+804]
   \   000000EA   0xEE00 0x0A81      VMLA.F32 S0,S1,S2
    966                      if(Manual_Pos_Reference > TWO_PI)
   \   000000EE   0xED9F 0x....      VLDR.W   S2,??DataTable15_1  ;; 0x40c90fdc
   \   000000F2   0xEEB4 0x0A41      VCMP.F32 S0,S2
   \   000000F6   0xEEF1 0xFA10      FMSTAT   
   \   000000FA   0xDB08             BLT.N    ??Mcl__ManualHandler_5
    967                      {
    968                          Manual_Pos_Reference = Manual_Pos_Reference - TWO_PI;
   \   000000FC   0xED9F 0x....      VLDR.W   S2,??DataTable15_2  ;; 0xc0c90fdb
   \   00000100   0xEE30 0x0A01      VADD.F32 S0,S0,S2
   \   00000104   0xE003             B.N      ??Mcl__ManualHandler_5
    969                      }
    970                  }
    971                  else // MANUAL_DC_VOLT_INJECTION
    972                  {
    973                      Manual_Pos_Reference = (float32)(Mcl_IO.Manual_Injection_Param ) * (TWO_PI / (32.0f *360.0f));
   \                     ??Mcl__ManualHandler_2: (+1)
   \   00000106   0xED9F 0x....      VLDR.W   S0,??DataTable15_3  ;; 0x3a0efa35
   \   0000010A   0xEE21 0x0A00      VMUL.F32 S0,S2,S0
    974                  }
    975          
    976          
    977                  // Set proper voltage
    978                  if(!temp_level_target)
   \                     ??Mcl__ManualHandler_5: (+1)
   \   0000010E   0xEEB5 0x8A40      VCMP.F32 S16,#0.0
   \   00000112   0xED84 0x0AC9      VSTR     S0,[R4, #+804]
   \   00000116   0xEDC4 0x0AC8      VSTR     S1,[R4, #+800]
   \   0000011A   0xEEF1 0xFA10      FMSTAT   
   \   0000011E   0xBF08             IT       EQ 
    979                  {
    980                      temp_level_target = 1;
   \   00000120   0xEEB7 0x8A00      VMOVEQ.F32 S16,#1.0
    981                  }
    982          
    983                  MathCalc__SinCosF(Manual_Pos_Reference, Mcl_DQ_Ctrl_IO.Sin_Cos);
   \   00000124   0xF8D4 0x01F8      LDR      R0,[R4, #+504]
   \   00000128   0x.... 0x....      BL       MathCalc__SinCosF
    984          
    985                  Mcl_DQ_Ctrl_IO.Force_Out_Volt->D = temp_level_target;
   \   0000012C   0xF8D4 0x01FC      LDR      R0,[R4, #+508]
   \   00000130   0xED80 0x8A01      VSTR     S16,[R0, #+4]
    986                  Mcl_DQ_Ctrl_IO.Force_Out_Volt->Q = 0.0f;
   \   00000134   0x2100             MOVS     R1,#+0
   \   00000136   0xF8D4 0x01FC      LDR      R0,[R4, #+508]
   \   0000013A   0x6081             STR      R1,[R0, #+8]
   \   0000013C   0xE09A             B.N      ??Mcl__ManualHandler_6
    987          
    988              }
    989              else if(Mcl_Flow_Manager & MANUAL_CURRENT_INJECTION_FLAGS)
   \                     ??Mcl__ManualHandler_0: (+1)
   \   0000013E   0x21C0             MOVS     R1,#+192
   \   00000140   0xF894 0x02D9      LDRB     R0,[R4, #+729]
   \   00000144   0x4208             TST      R0,R1
   \   00000146   0xF000 0x8095      BEQ.W    ??Mcl__ManualHandler_6
    990              {
    991          
    992                  // Variables and its meaning in MANUAL_AC_CURRENT_INJECTION
    993                  // Mcl_IO.Manual_Injection_Level            - define the current level
    994                  // Mcl_IO.Manual_Injection_Level_Rate       - define the current rate in volts/s
    995                  // Mcl_IO.Manual_Injection_Param            - define the frequency
    996                  // Mcl_IO.Manual_Injection_Param_Rate       - define the frequency rate in Hz/s
    997          
    998                  // Variables and its meaning in MANUAL_DC_CURRENT_INJECTION
    999                  // Mcl_IO.Manual_Injection_Level            - define the current level
   1000                  // Mcl_IO.Manual_Injection_Level_Rate       - define the current rate in volts/s
   1001                  // Mcl_IO.Manual_Injection_Param            - define position of the voltage vector in degrees
   1002                  // Mcl_IO.Manual_Injection_Param_Rate       - not used
   1003          
   1004          
   1005                  // Zero the forced voltage, this allows the controller to proper
   1006                  // generate the voltage references
   1007                  Mcl_DQ_Ctrl_IO.Force_Out_Volt->D = 0.0f;
   \   0000014A   0xF8D4 0x01FC      LDR      R0,[R4, #+508]
   \   0000014E   0x2100             MOVS     R1,#+0
   \   00000150   0x6041             STR      R1,[R0, #+4]
   1008                  Mcl_DQ_Ctrl_IO.Force_Out_Volt->Q = 0.0f;
   1009          
   1010          
   1011                  temp_level_target = Mcl_IO.Manual_Injection_Level/(32.0f);
   \   00000152   0xED9F 0x....      VLDR.W   S0,??DataTable14  ;; 0x3d000000
   \   00000156   0xF8D4 0x01FC      LDR      R0,[R4, #+508]
   \   0000015A   0x6081             STR      R1,[R0, #+8]
   \   0000015C   0xEDD4 0x0A5B      VLDR     S1,[R4, #+364]
   1012                  temp_level_rate  = Mcl_IO.Manual_Injection_Level_Rate/(32.0f);
   1013          
   1014          
   1015                  // Handle the voltage target increase
   1016                  if(Manual_Inject_Level < temp_level_target)
   \   00000160   0xED94 0x1AC7      VLDR     S2,[R4, #+796]
   \   00000164   0xEEF8 0x0AE0      VCVT.F32.S32 S1,S1
   \   00000168   0xEE60 0x0A80      VMUL.F32 S1,S1,S0
   \   0000016C   0xEEB4 0x1A60      VCMP.F32 S2,S1
   \   00000170   0xEEF1 0xFA10      FMSTAT   
   \   00000174   0xD508             BPL.N    ??Mcl__ManualHandler_7
   1017                  {
   1018                      Manual_Inject_Level += TSW*temp_level_rate;
   \   00000176   0xEDD4 0x0A5C      VLDR     S1,[R4, #+368]
   \   0000017A   0xEEF8 0x0AE0      VCVT.F32.S32 S1,S1
   \   0000017E   0xEDDF 0x....      VLDR.W   S3,??DataTable14_1  ;; 0x3683126f
   \   00000182   0xEE00 0x1AA1      VMLA.F32 S2,S1,S3
   \   00000186   0xE001             B.N      ??Mcl__ManualHandler_8
   1019                  }
   1020                  else
   1021                  {
   1022                      Manual_Inject_Level = temp_level_target;
   \                     ??Mcl__ManualHandler_7: (+1)
   \   00000188   0xEEB0 0x1A60      VMOV.F32 S2,S1
   \                     ??Mcl__ManualHandler_8: (+1)
   \   0000018C   0xED84 0x1AC7      VSTR     S2,[R4, #+796]
   1023                  }
   1024          
   1025          
   1026                  temp_level_target = Manual_Inject_Level;
   \   00000190   0xED94 0x8AC7      VLDR     S16,[R4, #+796]
   1027          
   1028                  if(Mcl_Flow_Manager & ((MCL_FLOW_MANAGER_TYPE)1<<MANUAL_AC_CURRENT_INJECTION))
   \   00000194   0xF894 0x02D9      LDRB     R0,[R4, #+729]
   \   00000198   0xED94 0x1A5D      VLDR     S2,[R4, #+372]
   \   0000019C   0xEDD4 0x0AC8      VLDR     S1,[R4, #+800]
   \   000001A0   0xEEB8 0x1AC1      VCVT.F32.S32 S2,S2
   \   000001A4   0x0600             LSLS     R0,R0,#+24
   \   000001A6   0xD540             BPL.N    ??Mcl__ManualHandler_9
   1029                  {
   1030          
   1031                      // Handle the frequency
   1032                      temp_param_target = Mcl_IO.Manual_Injection_Param/32.0f;      // temp_param_target = (Mcl_IO.Manual_Injection_Param << 15)/(sint32)(32.0);
   1033                      temp_param_rate  = Mcl_IO.Manual_Injection_Param_Rate/32.0f;      // temp_param_rate  = (Mcl_IO.Manual_Injection_Param_Rate)/(sint32)(32.0);
   \   000001A8   0xEDD4 0x1A5E      VLDR     S3,[R4, #+376]
   \   000001AC   0xEE21 0x1A00      VMUL.F32 S2,S2,S0
   \   000001B0   0xEEF8 0x1AE1      VCVT.F32.S32 S3,S3
   1034          
   1035                      if(MATHCALC__ABS(Manual_Inject_Param) < MATHCALC__ABS(temp_param_target))
   \   000001B4   0xEEF5 0x0A40      VCMP.F32 S1,#0.0
   \   000001B8   0xEE21 0x0A80      VMUL.F32 S0,S3,S0
   \   000001BC   0xEEF1 0xFA10      FMSTAT   
   \   000001C0   0xBF4C             ITE      MI 
   \   000001C2   0xEEF1 0x1A60      VNEGMI.F32 S3,S1
   \   000001C6   0xEEF0 0x1A60      VMOVPL.F32 S3,S1
   \   000001CA   0xEEB5 0x1A40      VCMP.F32 S2,#0.0
   \   000001CE   0xEEF1 0xFA10      FMSTAT   
   \   000001D2   0xBF4C             ITE      MI 
   \   000001D4   0xEEB1 0x2A41      VNEGMI.F32 S4,S2
   \   000001D8   0xEEB0 0x2A41      VMOVPL.F32 S4,S2
   \   000001DC   0xEEF4 0x1A42      VCMP.F32 S3,S4
   \   000001E0   0xEEF1 0xFA10      FMSTAT   
   \   000001E4   0xD50D             BPL.N    ??Mcl__ManualHandler_10
   1036                      {
   1037                          if(temp_param_target > 0)
   \   000001E6   0xEDDF 0x....      VLDR.W   S3,??DataTable14_2  ;; 0x3903126f
   \   000001EA   0xEEB5 0x1A40      VCMP.F32 S2,#0.0
   \   000001EE   0xEE20 0x0A21      VMUL.F32 S0,S0,S3
   \   000001F2   0xEEF1 0xFA10      FMSTAT   
   \   000001F6   0xBFD4             ITE      LE 
   1038                          {
   1039                              Manual_Inject_Param += TSW*temp_param_rate;
   1040                          }
   1041                          else
   1042                          {
   1043                              Manual_Inject_Param -= TSW*temp_param_rate;
   \   000001F8   0xEE70 0x0AC0      VSUBLE.F32 S1,S1,S0
   1044                          }
   \   000001FC   0xEE70 0x0A20      VADDGT.F32 S1,S0,S1
   \   00000200   0xE001             B.N      ??Mcl__ManualHandler_11
   1045                      }
   1046                      else
   1047                      {
   1048                          Manual_Inject_Param = temp_param_target;
   \                     ??Mcl__ManualHandler_10: (+1)
   \   00000202   0xEEF0 0x0A41      VMOV.F32 S1,S2
   1049                      }
   1050          
   1051                      Manual_Pos_Reference += TSW*TWO_PI*Manual_Inject_Param;
   \                     ??Mcl__ManualHandler_11: (+1)
   \   00000206   0xED9F 0x....      VLDR.W   S2,??DataTable15  ;; 0x3a4de32f
   \   0000020A   0xED94 0x0AC9      VLDR     S0,[R4, #+804]
   \   0000020E   0xEE00 0x0A81      VMLA.F32 S0,S1,S2
   1052                      if(Manual_Pos_Reference > TWO_PI)
   \   00000212   0xED9F 0x....      VLDR.W   S2,??DataTable15_1  ;; 0x40c90fdc
   \   00000216   0xEEB4 0x0A41      VCMP.F32 S0,S2
   \   0000021A   0xEEF1 0xFA10      FMSTAT   
   \   0000021E   0xDB08             BLT.N    ??Mcl__ManualHandler_12
   1053                      {
   1054                          Manual_Pos_Reference = Manual_Pos_Reference -TWO_PI;
   \   00000220   0xED9F 0x....      VLDR.W   S2,??DataTable15_2  ;; 0xc0c90fdb
   \   00000224   0xEE30 0x0A01      VADD.F32 S0,S0,S2
   \   00000228   0xE003             B.N      ??Mcl__ManualHandler_12
   1055                      }
   1056          
   1057                  }
   1058                  else // MANUAL_DC_CURRENT_INJECTION
   1059                  {
   1060                      Manual_Pos_Reference = (float32)(Mcl_IO.Manual_Injection_Param ) * (TWO_PI / (32.0f *360.0f));
   \                     ??Mcl__ManualHandler_9: (+1)
   \   0000022A   0xED9F 0x....      VLDR.W   S0,??DataTable15_3  ;; 0x3a0efa35
   \   0000022E   0xEE21 0x0A00      VMUL.F32 S0,S2,S0
   1061                  }
   1062          
   1063                  MathCalc__SinCosF(Manual_Pos_Reference, Mcl_DQ_Ctrl_IO.Sin_Cos);
   \                     ??Mcl__ManualHandler_12: (+1)
   \   00000232   0xF8D4 0x01F8      LDR      R0,[R4, #+504]
   \   00000236   0xED84 0x0AC9      VSTR     S0,[R4, #+804]
   \   0000023A   0xEDC4 0x0AC8      VSTR     S1,[R4, #+800]
   \   0000023E   0x.... 0x....      BL       MathCalc__SinCosF
   1064          
   1065                  manual_dq.ZeroSequence = 0;
   \   00000242   0x2000             MOVS     R0,#+0
   \   00000244   0x9000             STR      R0,[SP, #+0]
   1066                  ClrkPark__DirectParkF(Mcl_Input_Proc_IO.Is_Alpha_Beta, &manual_dq, Mcl_DQ_Ctrl_IO.Sin_Cos);
   \   00000246   0xA900             ADD      R1,SP,#+0
   \   00000248   0xF8D4 0x21F8      LDR      R2,[R4, #+504]
   \   0000024C   0xF8D4 0x0244      LDR      R0,[R4, #+580]
   \   00000250   0x.... 0x....      BL       ClrkPark__DirectParkF
   1067          
   1068                  *Mcl_DQ_Ctrl_IO.D_Ref = temp_level_target;
   \   00000254   0xF8D4 0x01E8      LDR      R0,[R4, #+488]
   \   00000258   0xED80 0x8A00      VSTR     S16,[R0, #0]
   1069                  *Mcl_DQ_Ctrl_IO.D_Est = manual_dq.D;
   \   0000025C   0xF8D4 0x01EC      LDR      R0,[R4, #+492]
   \   00000260   0x9901             LDR      R1,[SP, #+4]
   \   00000262   0x6001             STR      R1,[R0, #+0]
   1070          
   1071                  *Mcl_DQ_Ctrl_IO.Q_Ref = 0;
   \   00000264   0x2100             MOVS     R1,#+0
   \   00000266   0xF8D4 0x01F0      LDR      R0,[R4, #+496]
   \   0000026A   0x6001             STR      R1,[R0, #+0]
   1072                  *Mcl_DQ_Ctrl_IO.Q_Est = manual_dq.Q;
   \   0000026C   0xF8D4 0x01F4      LDR      R0,[R4, #+500]
   \   00000270   0x9902             LDR      R1,[SP, #+8]
   \   00000272   0x6001             STR      R1,[R0, #+0]
   1073          
   1074              }
   1075          
   1076              // Dq controllers Handler
   1077              MclDqCtrl__OverrideRegGains(&Mcl_Params_Displ1->Manual_Injection);
   \                     ??Mcl__ManualHandler_6: (+1)
   \   00000274   0xF8D4 0x02E4      LDR      R0,[R4, #+740]
   \   00000278   0xF500 0x70AC      ADD      R0,R0,#+344
   \   0000027C   0x.... 0x....      BL       MclDqCtrl__OverrideRegGains
   1078              MclDqCtrl__RunningHandler(&Mcl_DQ_Ctrl_IO, &Mcl_Params_Displ1->Manual_Injection);
   \   00000280   0xF8D4 0x02E4      LDR      R0,[R4, #+740]
   \   00000284   0xF500 0x71AC      ADD      R1,R0,#+344
   \   00000288   0xF504 0x70F4      ADD      R0,R4,#+488
   \   0000028C   0x.... 0x....      BL       MclDqCtrl__RunningHandler
   1079          
   1080              // Pwm Handler
   1081              MclPwm__RunningHandler(&Mcl_Pwm_IO, &MclPwm_Params);
   \   00000290   0xF504 0x7140      ADD      R1,R4,#+768
   \   00000294   0xF504 0x701D      ADD      R0,R4,#+628
   \   00000298   0x.... 0x....      BL       MclPwm__RunningHandler
   1082          }
   \   0000029C   0xB004             ADD      SP,SP,#+16
   \   0000029E   0xECBD 0x8B02      VPOP     {D8}
   \   000002A2   0xBD10             POP      {R4,PC}          ;; return
   1083          
   1084          
   1085          
   1086          
   1087          //---------------------------------------------------------------------------------------------------------------------
   1088          /**
   1089           *  @brief      Mcl__ResetAll.
   1090           *
   1091           *  @param      none
   1092           *  @return     none
   1093           */

   \                                 In section .text, align 2, keep-with-next
   1094          void Mcl__ResetAll(void)
   1095          {
   \                     Mcl__ResetAll: (+1)
   \   00000000   0xB510             PUSH     {R4,LR}
   1096              Mcl__RunningReset();
   \   00000002   0x.... 0x....      LDR.W    R4,??DataTable20_1
   \   00000006   0x2000             MOVS     R0,#+0
   \   00000008   0xF8C4 0x00B8      STR      R0,[R4, #+184]
   \   0000000C   0xF884 0x01A1      STRB     R0,[R4, #+417]
   \   00000010   0xF884 0x01A0      STRB     R0,[R4, #+416]
   \   00000014   0xF8D4 0x00F4      LDR      R0,[R4, #+244]
   \   00000018   0xF420 0x7001      BIC      R0,R0,#0x204
   \   0000001C   0xF8C4 0x00F4      STR      R0,[R4, #+244]
   \   00000020   0x07C0             LSLS     R0,R0,#+31
   \   00000022   0xD528             BPL.N    ??Mcl__ResetAll_0
   \   00000024   0xF8D4 0x02E4      LDR      R0,[R4, #+740]
   \   00000028   0xED90 0x0A54      VLDR     S0,[R0, #+336]
   \   0000002C   0x.... 0x....      BL       SpeedRefGen__SetSpeedParams
   \   00000030   0x2001             MOVS     R0,#+1
   \   00000032   0x.... 0x....      BL       SpeedRefGen__ApplyDefaultAccel
   \   00000036   0x.... 0x....      BL       MclInputProc__ResetState
   \   0000003A   0xF504 0x71D8      ADD      R1,R4,#+432
   \   0000003E   0xF504 0x7005      ADD      R0,R4,#+532
   \   00000042   0x.... 0x....      BL       MclObserver__ResetState
   \   00000046   0xF504 0x7123      ADD      R1,R4,#+652
   \   0000004A   0xF504 0x702D      ADD      R0,R4,#+692
   \   0000004E   0x.... 0x....      BL       MclSpeedCtrl__ResetState
   \   00000052   0xF504 0x7028      ADD      R0,R4,#+672
   \   00000056   0x.... 0x....      BL       MclDqRef__ResetState
   \   0000005A   0xF8D4 0x02E4      LDR      R0,[R4, #+740]
   \   0000005E   0xF100 0x0144      ADD      R1,R0,#+68
   \   00000062   0xF504 0x70F4      ADD      R0,R4,#+488
   \   00000066   0x.... 0x....      BL       MclDqCtrl__ResetState
   \   0000006A   0xF504 0x7140      ADD      R1,R4,#+768
   \   0000006E   0xF504 0x701D      ADD      R0,R4,#+628
   \   00000072   0x.... 0x....      BL       MclPwm__ResetState
   \                     ??Mcl__ResetAll_0: (+1)
   \   00000076   0xF8D4 0x01FC      LDR      R0,[R4, #+508]
   \   0000007A   0x2100             MOVS     R1,#+0
   \   0000007C   0x6041             STR      R1,[R0, #+4]
   \   0000007E   0xF8D4 0x01FC      LDR      R0,[R4, #+508]
   \   00000082   0x6081             STR      R1,[R0, #+8]
   1097              Mcl__ManualReset();
   \   00000084   0xF894 0x00F4      LDRB     R0,[R4, #+244]
   \   00000088   0x07C0             LSLS     R0,R0,#+31
   \   0000008A   0xD507             BPL.N    ??Mcl__ResetAll_1
   \   0000008C   0xF8D4 0x02E4      LDR      R0,[R4, #+740]
   \   00000090   0xF500 0x71AC      ADD      R1,R0,#+344
   \   00000094   0xF504 0x70F4      ADD      R0,R4,#+488
   \   00000098   0x.... 0x....      BL       MclDqCtrl__ResetState
   \                     ??Mcl__ResetAll_1: (+1)
   \   0000009C   0x2000             MOVS     R0,#+0
   \   0000009E   0xF8C4 0x031C      STR      R0,[R4, #+796]
   \   000000A2   0xF8C4 0x0320      STR      R0,[R4, #+800]
   \   000000A6   0xF8C4 0x0324      STR      R0,[R4, #+804]
   1098          
   1099              Mcl_Quantities.Speed_Rot = 0.0f;
   \   000000AA   0x6720             STR      R0,[R4, #+112]
   1100              Mcl_Quantities.Speed_Rot_Mech = 0.0f;
   \   000000AC   0x67A0             STR      R0,[R4, #+120]
   1101              Mcl_Quantities.Torque = 0.0f;
   \   000000AE   0xF8C4 0x00AC      STR      R0,[R4, #+172]
   1102              Mcl_Quantities.Torque_Ref = 0.0f;
   \   000000B2   0xF8C4 0x0090      STR      R0,[R4, #+144]
   1103              Mcl_Quantities.Speed_Rot_Ref_Abs = 0.0f;
   \   000000B6   0x66E0             STR      R0,[R4, #+108]
   1104              Mcl_Quantities.Speed_Rot_Mech_Abs = 0.0f;
   \   000000B8   0x6760             STR      R0,[R4, #+116]
   1105              Mcl_IO.Speed_Rot_Ref = 0.0f;
   \   000000BA   0xF8C4 0x0168      STR      R0,[R4, #+360]
   1106          
   1107              Mcl_Cs.flags.bit.wait_pll_engagement = 0;
   \   000000BE   0xF8D4 0x00F4      LDR      R0,[R4, #+244]
   \   000000C2   0xF020 0x0010      BIC      R0,R0,#0x10
   \   000000C6   0xF8C4 0x00F4      STR      R0,[R4, #+244]
   1108          
   1109              Mcl_Quantities.Electrical_Power = 0.0f;
   \   000000CA   0x2000             MOVS     R0,#+0
   \   000000CC   0xF8C4 0x00D8      STR      R0,[R4, #+216]
   1110          }
   \   000000D0   0xBD10             POP      {R4,PC}          ;; return
   1111          
   1112          
   1113          
   1114          //---------------------------------------------------------------------------------------------------------------------
   1115          /**
   1116           * Read any digital data from the MCL
   1117           * @param input is index of the parameter. See the Mcl.h file
   1118           * @return TRUE/FALSE according to the type of the passed parameter. The default return is FALSE.
   1119           */

   \                                 In section .text, align 4, keep-with-next
   1120          BOOL_TYPE Mcl__GetDigital(MCL_READ_DIGITAL_DATA_ENUM read_bit)
   1121          {
   \                     Mcl__GetDigital: (+1)
   \   00000000   0x4601             MOV      R1,R0
   1122              BOOL_TYPE bit_value;
   1123          
   1124              bit_value = FALSE;
   \   00000002   0x2000             MOVS     R0,#+0
   1125          
   1126          
   1127              switch(read_bit)
   \   00000004   0x2906             CMP      R1,#+6
   \   00000006   0xD900             BLS.N    ??Mcl__GetDigital_1
   \   00000008   0x4770             BX       LR
   \                     ??Mcl__GetDigital_1: (+1)
   \   0000000A   0xB410             PUSH     {R4}
   \   0000000C   0xE8DF 0xF001      TBB      [PC, R1]
   \                     ??Mcl__GetDigital_0:
   \   00000010   0x04 0x0A          DC8      0x4,0xA,0x4F,0x10
   \              0x4F 0x10    
   \   00000014   0x17 0x2E          DC8      0x17,0x2E,0x45,0x0
   \              0x45 0x00    
   1128              {
   1129                  case MCL_READ_STARTING_FINISHED:
   1130                      if(Mcl_Starting_State == MCL_STARTING_FINISHED)
   \                     ??Mcl__GetDigital_2: (+1)
   \   00000018   0x....             LDR.N    R1,??DataTable20_1
   \   0000001A   0xF891 0x12D8      LDRB     R1,[R1, #+728]
   \   0000001E   0x2903             CMP      R1,#+3
   \   00000020   0xD146             BNE.N    ??Mcl__GetDigital_3
   1131                      {
   1132                          bit_value = TRUE;
   \   00000022   0xE044             B.N      ??Mcl__GetDigital_4
   1133                      }
   1134                      break;
   1135          
   1136                  case MCL_READ_RUNNING_FINISHED:
   1137                      if(Mcl_Flow_Manager & (1<<RUNNING_MIN_SPEED_STOP_REACHED))
   \                     ??Mcl__GetDigital_5: (+1)
   \   00000024   0x....             LDR.N    R1,??DataTable20_1
   \   00000026   0xF891 0x12D9      LDRB     R1,[R1, #+729]
   \   0000002A   0x0709             LSLS     R1,R1,#+28
   \   0000002C   0xD540             BPL.N    ??Mcl__GetDigital_3
   1138                      {
   1139                          bit_value = TRUE;
   \   0000002E   0xE03E             B.N      ??Mcl__GetDigital_4
   1140                      }
   1141                      break;
   1142          
   1143                  case MCL_READ_STOPPING_FINISHED:
   1144                      bit_value = TRUE;
   1145                      break;
   1146          
   1147                  case MCL_READ_PARAMETERS_LOADED:
   1148                      if (Mcl_Cs.flags.bit.params_loaded == 1)
   1149                      {
   1150                          bit_value = TRUE;
   1151                      }
   1152                      else
   1153                      {
   1154                          bit_value = FALSE;
   \                     ??Mcl__GetDigital_6: (+1)
   \   00000030   0x....             LDR.N    R0,??DataTable20_1
   \   00000032   0xF890 0x00F4      LDRB     R0,[R0, #+244]
   1155                      }
   1156                      break;
   1157          
   1158                  case MCL_READ_LOCKED_ROTOR_STARTING:
   1159                      if (Mcl_Cs.flags.bit.params_loaded == 1)
   1160                      {
   1161                          if(Mcl_Quantities.Elapsed_Time_After_Starting < Mcl_Params_Displ1->Running.Locked_Rotor_Starting_Or_Running)
   1162                          {
   1163                              if(Over_Torque_Time_Counter > Mcl_Params_Displ1->Running.Locked_Rotor_Starting_Threshold)
   1164                              {
   1165                                  Over_Torque_Time_Counter = 0;
   1166                                  bit_value = TRUE;
   1167                              }
   1168                          }
   1169                      }
   1170                      break;
   1171          
   1172                  case MCL_READ_LOCKED_ROTOR_RUNNING:
   1173                      if (Mcl_Cs.flags.bit.params_loaded == 1)
   1174                      {
   1175                          if(Mcl_Quantities.Elapsed_Time_After_Starting > Mcl_Params_Displ1->Running.Locked_Rotor_Starting_Or_Running)
   1176                          {
   1177                              if(Over_Torque_Time_Counter > Mcl_Params_Displ1->Running.Locked_Rotor_Running_Threshold)
   1178                              {
   1179                                  Over_Torque_Time_Counter = 0;
   1180                                  bit_value = TRUE;
   1181                              }
   1182                          }
   1183                      }
   1184                      break;
   1185          
   1186          
   1187                  case MCL_READ_MOTOR_NOT_CONNECTED_ERROR:
   1188                      if(Mcl_Cs.flags.bit.resistance_est_error == 1)
   1189                      {
   1190                      	Mcl_Cs.flags.bit.resistance_est_error = 0;
   1191                          bit_value = TRUE;
   1192                      }
   1193                      else
   1194                      {
   1195                          bit_value = FALSE;
   1196                      }
   1197                      break;
   1198          
   1199                  default:
   1200                      // Left blank intentionally
   1201                      break;
   1202              }
   1203          
   1204              return bit_value;
   \   00000036   0xBC10             POP      {R4}
   \   00000038   0xF000 0x0001      AND      R0,R0,#0x1
   \   0000003C   0x4770             BX       LR
   \                     ??Mcl__GetDigital_7: (+1)
   \   0000003E   0x....             LDR.N    R1,??DataTable20_1
   \   00000040   0xF891 0x20F4      LDRB     R2,[R1, #+244]
   \   00000044   0x07D2             LSLS     R2,R2,#+31
   \   00000046   0xD533             BPL.N    ??Mcl__GetDigital_3
   \   00000048   0xF8D1 0x22E4      LDR      R2,[R1, #+740]
   \   0000004C   0xF8D1 0x30B8      LDR      R3,[R1, #+184]
   \   00000050   0xF8D2 0x40D4      LDR      R4,[R2, #+212]
   \   00000054   0x42A3             CMP      R3,R4
   \   00000056   0xBF3E             ITTT     CC 
   \   00000058   0xF8D2 0x20D8      LDRCC    R2,[R2, #+216]
   \   0000005C   0xF8B1 0x12DE      LDRHCC   R1,[R1, #+734]
   \   00000060   0x428A             CMPCC    R2,R1
   \   00000062   0xD225             BCS.N    ??Mcl__GetDigital_3
   \   00000064   0x....             LDR.N    R1,??DataTable20_1
   \   00000066   0xF8A1 0x02DE      STRH     R0,[R1, #+734]
   \   0000006A   0xE020             B.N      ??Mcl__GetDigital_4
   \                     ??Mcl__GetDigital_8: (+1)
   \   0000006C   0x....             LDR.N    R1,??DataTable20_1
   \   0000006E   0xF891 0x20F4      LDRB     R2,[R1, #+244]
   \   00000072   0x07D2             LSLS     R2,R2,#+31
   \   00000074   0xD51C             BPL.N    ??Mcl__GetDigital_3
   \   00000076   0xF8D1 0x22E4      LDR      R2,[R1, #+740]
   \   0000007A   0xF8D1 0x40B8      LDR      R4,[R1, #+184]
   \   0000007E   0xF8D2 0x30D4      LDR      R3,[R2, #+212]
   \   00000082   0x42A3             CMP      R3,R4
   \   00000084   0xBF3E             ITTT     CC 
   \   00000086   0xF8D2 0x20DC      LDRCC    R2,[R2, #+220]
   \   0000008A   0xF8B1 0x12DE      LDRHCC   R1,[R1, #+734]
   \   0000008E   0x428A             CMPCC    R2,R1
   \   00000090   0xD20E             BCS.N    ??Mcl__GetDigital_3
   \   00000092   0x....             LDR.N    R1,??DataTable20_1
   \   00000094   0xF8A1 0x02DE      STRH     R0,[R1, #+734]
   \   00000098   0xE009             B.N      ??Mcl__GetDigital_4
   \                     ??Mcl__GetDigital_9: (+1)
   \   0000009A   0x....             LDR.N    R1,??DataTable20_1
   \   0000009C   0xF8D1 0x20F4      LDR      R2,[R1, #+244]
   \   000000A0   0xF3C2 0x1340      UBFX     R3,R2,#+5,#+1
   \   000000A4   0xB123             CBZ.N    R3,??Mcl__GetDigital_3
   \   000000A6   0xF022 0x0020      BIC      R0,R2,#0x20
   \   000000AA   0xF8C1 0x00F4      STR      R0,[R1, #+244]
   \                     ??Mcl__GetDigital_4: (+1)
   \   000000AE   0x2001             MOVS     R0,#+1
   \                     ??Mcl__GetDigital_3: (+1)
   \   000000B0   0xBC10             POP      {R4}
   \   000000B2   0x4770             BX       LR               ;; return
   1205          }
   1206          
   1207          
   1208          
   1209          //---------------------------------------------------------------------------------------------------------------------
   1210          /**
   1211           * Write a digital data to the MCL.
   1212           * @param write_data is the index to the data. See the Mcl.h file.
   1213           * @param value TRUE/FALSE according to the selected data
   1214           * @return  TRUE - value accepted
   1215           *          FALSE - value denied - default answer.
   1216           */

   \                                 In section .text, align 4, keep-with-next
   1217          BOOL_TYPE Mcl__SetDigital(MCL_SET_DIGITAL_DATA_ENUM set_bit)
   1218          {
   1219              BOOL_TYPE accepted;
   1220          
   1221              accepted = FALSE;
   \                     Mcl__SetDigital: (+1)
   \   00000000   0x2100             MOVS     R1,#+0
   1222          
   1223              switch(set_bit)
   \   00000002   0x2806             CMP      R0,#+6
   \   00000004   0xD831             BHI.N    ??Mcl__SetDigital_1
   \   00000006   0xE8DF 0xF000      TBB      [PC, R0]
   \                     ??Mcl__SetDigital_0:
   \   0000000A   0x04 0x0A          DC8      0x4,0xA,0x10,0x16
   \              0x10 0x16    
   \   0000000E   0x1C 0x22          DC8      0x1C,0x22,0x28,0x0
   \              0x28 0x00    
   1224              {
   1225                  case MCL_WRITE_STOP_COAST_DOWN_REQ:
   1226                      MCL_SET_FLOW_MANAGER(STOP_COAST_DOWN_REQUESTED);
   \                     ??Mcl__SetDigital_2: (+1)
   \   00000012   0x....             LDR.N    R0,??DataTable20_1
   \   00000014   0xF890 0x12D9      LDRB     R1,[R0, #+729]
   \   00000018   0xF041 0x0101      ORR      R1,R1,#0x1
   \   0000001C   0xE022             B.N      ??Mcl__SetDigital_3
   1227          
   1228                      accepted = TRUE;
   1229                      break;
   1230          
   1231          
   1232                  case MCL_WRITE_STOP_LOWERS_ON_REQ:
   1233                      MCL_SET_FLOW_MANAGER(STOP_LOWERS_ON_REQUESTED);
   \                     ??Mcl__SetDigital_4: (+1)
   \   0000001E   0x....             LDR.N    R0,??DataTable20_1
   \   00000020   0xF890 0x12D9      LDRB     R1,[R0, #+729]
   \   00000024   0xF041 0x0104      ORR      R1,R1,#0x4
   \   00000028   0xE01C             B.N      ??Mcl__SetDigital_3
   1234          
   1235                      accepted = TRUE;
   1236                      break;
   1237          
   1238          
   1239                  case MCL_WRITE_STOP_REQ:
   1240                      MCL_SET_FLOW_MANAGER(STOP_REQUESTED);
   \                     ??Mcl__SetDigital_5: (+1)
   \   0000002A   0x....             LDR.N    R0,??DataTable20_1
   \   0000002C   0xF890 0x12D9      LDRB     R1,[R0, #+729]
   \   00000030   0xF041 0x0102      ORR      R1,R1,#0x2
   \   00000034   0xE016             B.N      ??Mcl__SetDigital_3
   1241          
   1242                      accepted = TRUE;
   1243                      break;
   1244          
   1245          
   1246                  case MCL_WRITE_INJECTION_DC_VOLTAGE:
   1247                      MCL_SET_FLOW_MANAGER(MANUAL_DC_VOLT_INJECTION);
   \                     ??Mcl__SetDigital_6: (+1)
   \   00000036   0x....             LDR.N    R0,??DataTable20_1
   \   00000038   0xF890 0x12D9      LDRB     R1,[R0, #+729]
   \   0000003C   0xF041 0x0110      ORR      R1,R1,#0x10
   \   00000040   0xE010             B.N      ??Mcl__SetDigital_3
   1248          
   1249                      accepted = TRUE;
   1250                      break;
   1251          
   1252          
   1253                  case MCL_WRITE_INJECTION_AC_VOLTAGE:
   1254                      MCL_SET_FLOW_MANAGER(MANUAL_AC_VOLT_INJECTION);
   \                     ??Mcl__SetDigital_7: (+1)
   \   00000042   0x....             LDR.N    R0,??DataTable20_1
   \   00000044   0xF890 0x12D9      LDRB     R1,[R0, #+729]
   \   00000048   0xF041 0x0120      ORR      R1,R1,#0x20
   \   0000004C   0xE00A             B.N      ??Mcl__SetDigital_3
   1255          
   1256                      accepted = TRUE;
   1257                      break;
   1258          
   1259          
   1260                  case MCL_WRITE_INJECTION_DC_CURRENT:
   1261                      MCL_SET_FLOW_MANAGER(MANUAL_DC_CURRENT_INJECTION);
   \                     ??Mcl__SetDigital_8: (+1)
   \   0000004E   0x....             LDR.N    R0,??DataTable20_1
   \   00000050   0xF890 0x12D9      LDRB     R1,[R0, #+729]
   \   00000054   0xF041 0x0140      ORR      R1,R1,#0x40
   \   00000058   0xE004             B.N      ??Mcl__SetDigital_3
   1262          
   1263                      accepted = TRUE;
   1264                      break;
   1265          
   1266          
   1267                  case MCL_WRITE_INJECTION_AC_CURRENT:
   1268                      MCL_SET_FLOW_MANAGER(MANUAL_AC_CURRENT_INJECTION);
   \                     ??Mcl__SetDigital_9: (+1)
   \   0000005A   0x....             LDR.N    R0,??DataTable20_1
   \   0000005C   0xF890 0x12D9      LDRB     R1,[R0, #+729]
   \   00000060   0xF041 0x0180      ORR      R1,R1,#0x80
   \                     ??Mcl__SetDigital_3: (+1)
   \   00000064   0xF880 0x12D9      STRB     R1,[R0, #+729]
   1269          
   1270                      accepted = TRUE;
   \   00000068   0x2101             MOVS     R1,#+1
   1271                      break;
   1272          
   1273                  default:
   1274                      // Left blank intentionally
   1275                      break;
   1276              }
   1277          
   1278              return accepted;
   \                     ??Mcl__SetDigital_1: (+1)
   \   0000006A   0x4608             MOV      R0,R1
   \   0000006C   0x4770             BX       LR               ;; return
   1279          }
   1280          
   1281          
   1282          //---------------------------------------------------------------------------------------------------------------------
   1283          /**
   1284           * Reset a digital data to the MCL.
   1285           * @param write_data is the index to the data. See the Mcl.h file.
   1286           * @param value TRUE/FALSE according to the selected data
   1287           * @return  TRUE - value accepted
   1288           *          FALSE - value denied - default answer.
   1289           */

   \                                 In section .text, align 2, keep-with-next
   1290          BOOL_TYPE Mcl__ResetDigital(MCL_SET_DIGITAL_DATA_ENUM reset_bit)
   1291          {
   1292              BOOL_TYPE accepted;
   1293          
   1294              accepted = FALSE;
   \                     Mcl__ResetDigital: (+1)
   \   00000000   0x2100             MOVS     R1,#+0
   1295          
   1296              switch(reset_bit)
   \   00000002   0x2807             CMP      R0,#+7
   \   00000004   0xD119             BNE.N    ??Mcl__ResetDigital_0
   1297              {
   1298                  case MCL_WRITE_ALL_INJECTION_METHOD:
   1299                      MCL_CLR_FLOW_MANAGER(MANUAL_DC_VOLT_INJECTION);
   \   00000006   0x....             LDR.N    R0,??DataTable20_1
   \   00000008   0xF890 0x12D9      LDRB     R1,[R0, #+729]
   \   0000000C   0xF001 0x01EF      AND      R1,R1,#0xEF
   \   00000010   0xF880 0x12D9      STRB     R1,[R0, #+729]
   1300                      MCL_CLR_FLOW_MANAGER(MANUAL_AC_VOLT_INJECTION);
   \   00000014   0xF890 0x12D9      LDRB     R1,[R0, #+729]
   \   00000018   0xF001 0x01DF      AND      R1,R1,#0xDF
   \   0000001C   0xF880 0x12D9      STRB     R1,[R0, #+729]
   1301                      MCL_CLR_FLOW_MANAGER(MANUAL_DC_CURRENT_INJECTION);
   \   00000020   0xF890 0x12D9      LDRB     R1,[R0, #+729]
   \   00000024   0xF001 0x01BF      AND      R1,R1,#0xBF
   \   00000028   0xF880 0x12D9      STRB     R1,[R0, #+729]
   1302                      MCL_CLR_FLOW_MANAGER(MANUAL_AC_CURRENT_INJECTION);
   \   0000002C   0xF890 0x12D9      LDRB     R1,[R0, #+729]
   \   00000030   0xF001 0x017F      AND      R1,R1,#0x7F
   \   00000034   0xF880 0x12D9      STRB     R1,[R0, #+729]
   1303          
   1304                      accepted = TRUE;
   \   00000038   0x2101             MOVS     R1,#+1
   1305                      break;
   1306          
   1307          
   1308          //        case MCL_WRITE_INJECTION_DC_CURRENT:
   1309          //            MCL_SET_FLOW_MANAGER(MANUAL_DC_CURRENT_INJECTION);
   1310          //            break;
   1311          //
   1312          //        case MCL_WRITE_INJECTION_AC_CURRENT:
   1313          //            MCL_SET_FLOW_MANAGER(MANUAL_AC_CURRENT_INJECTION);
   1314          //            break;
   1315          
   1316                  default:
   1317                      // Left blank intentionally
   1318                      break;
   1319              }
   1320          
   1321              return accepted;
   \                     ??Mcl__ResetDigital_0: (+1)
   \   0000003A   0x4608             MOV      R0,R1
   \   0000003C   0x4770             BX       LR               ;; return
   1322          }
   1323          
   1324          
   1325          
   1326          
   1327          //---------------------------------------------------------------------------------------------------------------------
   1328          /**
   1329           * Write a analog data to the MCL.
   1330           * @param write_data is the index to the data. See the Mcl.h file.
   1331           * @param value TRUE/FALSE according to the selected data
   1332           * @return  TRUE - value accepted
   1333           *          FALSE - value denied - default answer.
   1334           */

   \                                 In section .text, align 2, keep-with-next
   1335          BOOL_TYPE Mcl__SetAnalog(MCL_AO_TYPE write_data, sint32 value)
   1336          {
   \                     Mcl__SetAnalog: (+1)
   \   00000000   0x4603             MOV      R3,R0
   1337              BOOL_TYPE accepted;
   1338          
   1339              accepted = FALSE;
   \   00000002   0x2000             MOVS     R0,#+0
   \   00000004   0x460A             MOV      R2,R1
   1340          
   1341              switch(write_data)
   \   00000006   0x2B02             CMP      R3,#+2
   \   00000008   0xD004             BEQ.N    ??Mcl__SetAnalog_0
   \   0000000A   0x2B05             CMP      R3,#+5
   \   0000000C   0xD006             BEQ.N    ??Mcl__SetAnalog_1
   \   0000000E   0x2B07             CMP      R3,#+7
   \   00000010   0xD007             BEQ.N    ??Mcl__SetAnalog_2
   \   00000012   0x4770             BX       LR
   1342              {
   1343          
   1344                  case MCL_AO_SPEED_LOOP_PROP_GAIN_S16:
   1345                      break;
   1346          
   1347                  case MCL_AO_SPEED_LOOP_INT_GAIN_S16:
   1348                      break;
   1349          
   1350                  case MCL_AO_SPEED_LOOP_GAIN_TABLE_INDEX:
   1351                      accepted = MclSpeedCtrl__SetSpeedGainIndex(value, &MclSpeedCtrl_Params);
   \                     ??Mcl__SetAnalog_0: (+1)
   \   00000014   0x....             LDR.N    R1,??DataTable20_2
   \   00000016   0x4610             MOV      R0,R2
   \   00000018   0x.... 0x....      B.W      MclSpeedCtrl__SetSpeedGainIndex
   1352                      break;
   1353          
   1354                  case MCL_AO_SPEED_FIR_TAPS_TABLE_INDEX:
   1355                      break;
   1356          
   1357                  case MCL_AO_SOFTSTART_COUNTER_INDEX:
   1358                      break;
   1359          
   1360                  case MCL_AO_SPEED_LIMIT_INDEX:
   1361                  	accepted = MclSpeedCtrl__SetSpeedRegLimit(value);
   \                     ??Mcl__SetAnalog_1: (+1)
   \   0000001C   0x4610             MOV      R0,R2
   \   0000001E   0x.... 0x....      B.W      MclSpeedCtrl__SetSpeedRegLimit
   1362                      break;
   1363          
   1364                  case MCL_AO_ADD_DELTA_SPEED_REF_S16:
   1365                      accepted = MclSpeedCtrl__SetDeltaSpeedRef(value, &Mcl_Speed_Ctrl_IO);
   \                     ??Mcl__SetAnalog_2: (+1)
   \   00000022   0x....             LDR.N    R1,??DataTable20_3
   \   00000024   0x4610             MOV      R0,R2
   \   00000026   0x.... 0x....      B.W      MclSpeedCtrl__SetDeltaSpeedRef
   1366                      break;
   1367          
   1368          
   1369                  default:
   1370                      // Left blank intentionally
   1371                      break;
   1372              }
   1373          
   1374          
   1375              return accepted;
   1376          }
   1377          
   1378          
   1379          
   1380          
   1381          //---------------------------------------------------------------------------------------------------------------------
   1382          /**
   1383           *  @brief      Write the address of mcl parameters.
   1384           *  @details
   1385           *
   1386           * @return  TRUE - value accepted
   1387           *          FALSE - value denied - default answer.
   1388           */
   1389          

   \                                 In section .text, align 2, keep-with-next
   1390          BOOL_TYPE Mcl__SetParams(void*  mcl_params_address)
   1391          {
   \                     Mcl__SetParams: (+1)
   \   00000000   0x4601             MOV      R1,R0
   1392              BOOL_TYPE ret_val = FALSE;
   \   00000002   0x2000             MOVS     R0,#+0
   1393          
   1394              if (mcl_params_address != NULL)
   \   00000004   0xB901             CBNZ.N   R1,??Mcl__SetParams_0
   \   00000006   0x4770             BX       LR
   1395              {
   1396                  // TODO: to be consistent with the MciParametersLoader
   1397                  Mcl_Params_Displ1 = (MCL_PARAMS_DISPL1_TYPE*) (*(addr_t*)mcl_params_address);
   \                     ??Mcl__SetParams_0: (+1)
   \   00000008   0xB500             PUSH     {LR}
   \   0000000A   0xB081             SUB      SP,SP,#+4
   \   0000000C   0x....             LDR.N    R0,??DataTable20_1
   \   0000000E   0x680A             LDR      R2,[R1, #+0]
   \   00000010   0xF8C0 0x22E4      STR      R2,[R0, #+740]
   1398                  Mcl_Params_Displ3 = (MCL_PARAMS_DISPL3_TYPE*) (*((addr_t*)mcl_params_address + 1));
   \   00000014   0x684A             LDR      R2,[R1, #+4]
   \   00000016   0xF8C0 0x22E8      STR      R2,[R0, #+744]
   1399                  Mcl_Params_Displ4 = (MCL_PARAMS_DISPL4_TYPE*) (*((addr_t*)mcl_params_address + 2));
   \   0000001A   0x688A             LDR      R2,[R1, #+8]
   \   0000001C   0xF8C0 0x22EC      STR      R2,[R0, #+748]
   1400                  Mcl_Params_Displ9 = (MCL_PARAMS_DISPL9_TYPE*) (*((addr_t*)mcl_params_address + 3));
   \   00000020   0x68CA             LDR      R2,[R1, #+12]
   \   00000022   0xF8C0 0x22F0      STR      R2,[R0, #+752]
   1401                  Mcl_Params_Displ10= (MCL_PARAMS_DISPL10_TYPE*)(*((addr_t*)mcl_params_address + 4));
   \   00000026   0x690A             LDR      R2,[R1, #+16]
   \   00000028   0xF8C0 0x22F4      STR      R2,[R0, #+756]
   1402                  Mcl_Params_Displ11= (MCL_PARAMS_DISPL11_TYPE*)(*((addr_t*)mcl_params_address + 5));
   \   0000002C   0x694A             LDR      R2,[R1, #+20]
   \   0000002E   0xF8C0 0x22F8      STR      R2,[R0, #+760]
   1403                  Mcl_Params_Displ13= (MCL_PARAMS_DISPL13_TYPE*)(*((addr_t*)mcl_params_address + 6));
   \   00000032   0x6989             LDR      R1,[R1, #+24]
   \   00000034   0xF8C0 0x12FC      STR      R1,[R0, #+764]
   1404          
   1405                  Mcl_Cs.flags.bit.params_ready = 1;
   \   00000038   0xF8D0 0x10F4      LDR      R1,[R0, #+244]
   \   0000003C   0xF041 0x0102      ORR      R1,R1,#0x2
   \   00000040   0xF8C0 0x10F4      STR      R1,[R0, #+244]
   1406          
   1407                  Mcl__ParamsInitialize();
   \   00000044   0x.... 0x....      BL       Mcl__ParamsInitialize
   1408          
   1409                  ret_val = TRUE;
   \   00000048   0x2001             MOVS     R0,#+1
   1410              }
   1411          
   1412              return ret_val;
   \   0000004A   0xB001             ADD      SP,SP,#+4
   \   0000004C   0xBD00             POP      {PC}             ;; return
   1413          }
   1414          
   1415          
   1416          //=====================================================================================================================
   1417          //-------------------------------------- Private Functions ------------------------------------------------------------
   1418          //=====================================================================================================================

   \                                 In section .text, align 4, keep-with-next
   1419          static BOOL_TYPE Estimate_Stator_Resistance(void)
   1420          {
   \                     Estimate_Stator_Resistance: (+1)
   \   00000000   0xB530             PUSH     {R4,R5,LR}
   \   00000002   0xB081             SUB      SP,SP,#+4
   1421              static uint8 switching_angle = 0;
   1422              BOOL_TYPE estimation_finished;
   1423              float32 temp_f32;
   1424              float32 initial_position;
   1425          
   1426              estimation_finished = FALSE;
   1427          
   1428              Mcl_Quantities.Elapsed_Time_After_Starting = 0;
   \   00000004   0x....             LDR.N    R4,??DataTable20_1
   \   00000006   0xED2D 0x8B02      VPUSH    {D8}
   \   0000000A   0x2500             MOVS     R5,#+0
   \   0000000C   0xF8C4 0x50B8      STR      R5,[R4, #+184]
   1429          
   1430              // Input Processing Handler
   1431              MclInputProc__RunningHandler(&Mcl_Input_Proc_IO,&MclInput_Params);
   \   00000010   0xF504 0x7134      ADD      R1,R4,#+720
   \   00000014   0xF504 0x700E      ADD      R0,R4,#+568
   \   00000018   0x.... 0x....      BL       MclInputProc__RunningHandler
   1432          
   1433              // Observer Handler -- to check speed oscillation
   1434              MclObserver__RunningHandler(&Mcl_Observer_IO, &MclObserver_Params);
   \   0000001C   0xF504 0x71D8      ADD      R1,R4,#+432
   \   00000020   0xF504 0x7005      ADD      R0,R4,#+532
   \   00000024   0x.... 0x....      BL       MclObserver__RunningHandler
   1435          
   1436              // Calculate the voltage magnitude applied to the motor
   1437              // The voltage magnitude is calculated here and not in the MclInputProc because the
   1438              // output voltage magnitude is only used here until now (it saves a sqrt call when controlling the motor)
   1439              temp_f32  = (Mcl_Input_Proc_IO.Vs_Alpha_Beta_Rec->Alpha) * (Mcl_Input_Proc_IO.Vs_Alpha_Beta_Rec->Alpha);
   1440              temp_f32 += (Mcl_Input_Proc_IO.Vs_Alpha_Beta_Rec->Beta)  * (Mcl_Input_Proc_IO.Vs_Alpha_Beta_Rec->Beta);
   1441              Mcl_Quantities.Vs_Voltage = MC_SQRT_F(temp_f32);
   \   00000028   0xF8D4 0x0248      LDR      R0,[R4, #+584]
   \   0000002C   0xED90 0x0A01      VLDR     S0,[R0, #+4]
   \   00000030   0xEDD0 0x0A02      VLDR     S1,[R0, #+8]
   \   00000034   0xEE20 0x0A00      VMUL.F32 S0,S0,S0
   \   00000038   0xEE00 0x0AA0      VMLA.F32 S0,S1,S1
   \   0000003C   0x.... 0x....      BL       MathCalc__SqrtF
   1442          
   1443              if(ResistanceEstimation__Calculate(&Res_Est_IO, &Mcl_Params_Displ1->Res_Est_Param))
   \   00000040   0xF8D4 0x02E4      LDR      R0,[R4, #+740]
   \   00000044   0xED84 0x0A3B      VSTR     S0,[R4, #+236]
   \   00000048   0xF100 0x01E4      ADD      R1,R0,#+228
   \   0000004C   0xED9F 0x....      VLDR.W   S16,??DataTable20  ;; 0x40c90fdb
   \   00000050   0xF504 0x7031      ADD      R0,R4,#+708
   \   00000054   0x.... 0x....      BL       ResistanceEstimation__Calculate
   \   00000058   0xB380             CBZ.N    R0,??Estimate_Stator_Resistance_0
   1444              {
   1445                  Mcl_Quantities.Stator_Resistance  = ResistanceEstimation__GetResistance();
   \   0000005A   0x.... 0x....      BL       ResistanceEstimation__GetResistance
   1446                  Mcl_Quantities.Stator_Temperature = Calc_Temperature_By_Resistance();
   \   0000005E   0xF8D4 0x02E4      LDR      R0,[R4, #+740]
   \   00000062   0xED84 0x0A34      VSTR     S0,[R4, #+208]
   \   00000066   0xEDD0 0x0A4E      VLDR     S1,[R0, #+312]
   \   0000006A   0xED90 0x1A50      VLDR     S2,[R0, #+320]
   \   0000006E   0xEE30 0x0A60      VSUB.F32 S0,S0,S1
   \   00000072   0xEDD0 0x0A4F      VLDR     S1,[R0, #+316]
   \   00000076   0xEE60 0x0A20      VMUL.F32 S1,S0,S1
   \   0000007A   0xED90 0x0A52      VLDR     S0,[R0, #+328]
   \   0000007E   0xEE00 0x0A81      VMLA.F32 S0,S1,S2
   \   00000082   0xED84 0x0A1A      VSTR     S0,[R4, #+104]
   1447          #if (THERMAL_MODEL_EXE == ENABLED)
   1448                  ThermalModel__SetStatorTemperature(Mcl_Quantities.Stator_Temperature);
   \   00000086   0x.... 0x....      BL       ThermalModel__SetStatorTemperature
   1449          #endif
   1450                  initial_position = -(float32) switching_angle * RESISTANCE_EST_ALIGNMENT_STEP_VALUE;
   1451          
   1452                  // initialize the initial angle of the observer
   1453                  Mcl_Quantities.DcInjection_Angle = initial_position;
   \   0000008A   0xEEF8 0x0A08      VMOV.F32 S1,#-3.0
   \   0000008E   0xF894 0x02DA      LDRB     R0,[R4, #+730]
   \   00000092   0xEE00 0x0A10      VMOV     S0,R0
   1454                  estimation_finished = TRUE;
   1455                  switching_angle++;
   \   00000096   0x1C40             ADDS     R0,R0,#+1
   \   00000098   0xEEB8 0x0A40      VCVT.F32.U32 S0,S0
   \   0000009C   0xF884 0x02DA      STRB     R0,[R4, #+730]
   \   000000A0   0xEE20 0x0A08      VMUL.F32 S0,S0,S16
   \   000000A4   0xEE80 0x0A20      VDIV.F32 S0,S0,S1
   \   000000A8   0x2501             MOVS     R5,#+1
   1456                  if(switching_angle > (RESISTANCE_EST_ALIGNMENT_STEPS-1))
   \   000000AA   0xB2C0             UXTB     R0,R0
   \   000000AC   0xED84 0x0A35      VSTR     S0,[R4, #+212]
   \   000000B0   0x2803             CMP      R0,#+3
   \   000000B2   0xDB28             BLT.N    ??Estimate_Stator_Resistance_1
   1457                  {
   1458                      switching_angle = 0;
   \   000000B4   0x2000             MOVS     R0,#+0
   \   000000B6   0xF884 0x02DA      STRB     R0,[R4, #+730]
   \   000000BA   0xE024             B.N      ??Estimate_Stator_Resistance_1
   1459                  }
   1460              }
   1461              else
   1462              {
   1463                  // todo silvamc - Set initial angle from another module? e.g. angle tracking
   1464                  initial_position = -(float32) switching_angle * RESISTANCE_EST_ALIGNMENT_STEP_VALUE;
   \                     ??Estimate_Stator_Resistance_0: (+1)
   \   000000BC   0xEEF8 0x0A08      VMOV.F32 S1,#-3.0
   \   000000C0   0xF894 0x02DA      LDRB     R0,[R4, #+730]
   \   000000C4   0xEE00 0x0A10      VMOV     S0,R0
   \   000000C8   0xEEB8 0x0A40      VCVT.F32.U32 S0,S0
   \   000000CC   0xEE20 0x0A08      VMUL.F32 S0,S0,S16
   \   000000D0   0xEE80 0x0A20      VDIV.F32 S0,S0,S1
   1465                  // The voltage reference has to be different of zero, since the forced voltage has to be different of zero
   1466                  // in order to overwrite the DQ references.
   1467                  if(Mcl_Quantities.Level_Injection == 0.0f)
   \   000000D4   0xEDD4 0x0A3C      VLDR     S1,[R4, #+240]
   \   000000D8   0xEEF5 0x0A40      VCMP.F32 S1,#0.0
   \   000000DC   0xEEF1 0xFA10      FMSTAT   
   \   000000E0   0xBF04             ITT      EQ 
   1468                  {
   1469                      Mcl_Quantities.Level_Injection = 0.01f;
   \   000000E2   0x....             LDREQ.N  R0,??DataTable20_4  ;; 0x3c23d70a
   \   000000E4   0xF8C4 0x00F0      STREQ    R0,[R4, #+240]
   1470                  }
   1471          
   1472                  MathCalc__SinCosF(initial_position, Mcl_DQ_Ctrl_IO.Sin_Cos);
   \   000000E8   0xF8D4 0x01F8      LDR      R0,[R4, #+504]
   \   000000EC   0x.... 0x....      BL       MathCalc__SinCosF
   1473          
   1474                  Mcl_DQ_Ctrl_IO.Force_Out_Volt->D = Mcl_Quantities.Level_Injection;
   \   000000F0   0xF8D4 0x01FC      LDR      R0,[R4, #+508]
   \   000000F4   0xF8D4 0x10F0      LDR      R1,[R4, #+240]
   \   000000F8   0x6041             STR      R1,[R0, #+4]
   1475                  Mcl_DQ_Ctrl_IO.Force_Out_Volt->Q = 0.0f;
   \   000000FA   0xF8D4 0x01FC      LDR      R0,[R4, #+508]
   \   000000FE   0x6085             STR      R5,[R0, #+8]
   1476                  Mcl_DQ_Ctrl_IO.Force_Out_Volt->ZeroSequence = 0.0f;
   \   00000100   0xF8D4 0x01FC      LDR      R0,[R4, #+508]
   \   00000104   0x6005             STR      R5,[R0, #+0]
   1477          
   1478              }
   1479          
   1480          
   1481              // Dq controllers Handler
   1482              MclDqCtrl__RunningHandler(&Mcl_DQ_Ctrl_IO, &Mcl_Params_Displ1->DQCtrlPrm);
   \                     ??Estimate_Stator_Resistance_1: (+1)
   \   00000106   0xF8D4 0x02E4      LDR      R0,[R4, #+740]
   \   0000010A   0xF100 0x0144      ADD      R1,R0,#+68
   \   0000010E   0xF504 0x70F4      ADD      R0,R4,#+488
   \   00000112   0x.... 0x....      BL       MclDqCtrl__RunningHandler
   1483          
   1484              // Pwm Handler
   1485              MclPwm__RunningHandler(&Mcl_Pwm_IO, &MclPwm_Params);
   \   00000116   0xF504 0x7140      ADD      R1,R4,#+768
   \   0000011A   0xF504 0x701D      ADD      R0,R4,#+628
   \   0000011E   0x.... 0x....      BL       MclPwm__RunningHandler
   1486          
   1487          
   1488              return estimation_finished;
   \   00000122   0xECBD 0x8B02      VPOP     {D8}
   \   00000126   0x4628             MOV      R0,R5
   \   00000128   0xB001             ADD      SP,SP,#+4
   \   0000012A   0xBD30             POP      {R4,R5,PC}       ;; return
   1489          }

   \                                 In section .bss, align 4
   \                     Mcl_Quantities:
   \   00000000                      DS8 244
   \                     Mcl_Cs:
   \   000000F4                      DS8 100
   \                     Mcl_IO:
   \   00000158                      DS8 88
   \   000001B0                      DS8 56
   \                     Mcl_DQ_Ctrl_IO:
   \   000001E8                      DS8 44
   \   00000214                      DS8 36
   \                     Mcl_Input_Proc_IO:
   \   00000238                      DS8 32
   \   00000258                      DS8 28
   \                     Mcl_Pwm_IO:
   \   00000274                      DS8 24
   \   0000028C                      DS8 20
   \   000002A0                      DS8 20
   \   000002B4                      DS8 16
   \   000002C4                      DS8 12
   \                     MclInput_Params:
   \   000002D0                      DS8 8
   \   000002D8                      DS8 1
   \   000002D9                      DS8 1
   \   000002DA                      DS8 1
   \   000002DB                      DS8 1
   \   000002DC                      DS8 2
   \   000002DE                      DS8 2
   \   000002E0                      DS8 2
   \   000002E2                      DS8 2
   \                     Mcl_Params_Displ1:
   \   000002E4                      DS8 4
   \   000002E8                      DS8 4
   \   000002EC                      DS8 4
   \   000002F0                      DS8 4
   \   000002F4                      DS8 4
   \   000002F8                      DS8 4
   \   000002FC                      DS8 4
   \                     MclPwm_Params:
   \   00000300                      DS8 28
   \   0000031C                      DS8 4
   \   00000320                      DS8 4
   \   00000324                      DS8 4
   \   00000328                      DS8 4
   \   0000032C                      DS8 4
   \   00000330                      DS8 4
   \   00000334                      DS8 4
   \   00000338                      DS8 4

   \                                 In section .text, align 4, keep-with-next
   \                     ??DataTable7:
   \   00000000   0x3EAAAAAB         DC32     0x3eaaaaab

   \                                 In section .text, align 4, keep-with-next
   \                     ??DataTable7_1:
   \   00000000   0x3F7AE148         DC32     0x3f7ae148

   \                                 In section .text, align 4, keep-with-next
   \                     ??DataTable8:
   \   00000000   0x3CA3D70A         DC32     0x3ca3d70a

   \                                 In section .text, align 4, keep-with-next
   \                     ??DataTable12:
   \   00000000   0x3DD67750         DC32     0x3dd67750

   \                                 In section .text, align 4, keep-with-next
   \                     ??DataTable12_1:
   \   00000000   0x00000000         DC32     0x0

   \                                 In section .text, align 4, keep-with-next
   \                     ??DataTable14:
   \   00000000   0x3D000000         DC32     0x3d000000

   \                                 In section .text, align 4, keep-with-next
   \                     ??DataTable14_1:
   \   00000000   0x3683126F         DC32     0x3683126f

   \                                 In section .text, align 4, keep-with-next
   \                     ??DataTable14_2:
   \   00000000   0x3903126F         DC32     0x3903126f

   \                                 In section .text, align 4, keep-with-next
   \                     ??DataTable15:
   \   00000000   0x3A4DE32F         DC32     0x3a4de32f

   \                                 In section .text, align 4, keep-with-next
   \                     ??DataTable15_1:
   \   00000000   0x40C90FDC         DC32     0x40c90fdc

   \                                 In section .text, align 4, keep-with-next
   \                     ??DataTable15_2:
   \   00000000   0xC0C90FDB         DC32     0xc0c90fdb

   \                                 In section .text, align 4, keep-with-next
   \                     ??DataTable15_3:
   \   00000000   0x3A0EFA35         DC32     0x3a0efa35

   \                                 In section .text, align 4, keep-with-next
   \                     ??DataTable16:
   \   00000000   0x........         DC32     Mcl_Quantities

   \                                 In section .text, align 4, keep-with-next
   \                     ??DataTable20:
   \   00000000   0x40C90FDB         DC32     0x40c90fdb

   \                                 In section .text, align 4, keep-with-next
   \                     ??DataTable20_1:
   \   00000000   0x........         DC32     Mcl_Quantities

   \                                 In section .text, align 4, keep-with-next
   \                     ??DataTable20_2:
   \   00000000   0x........         DC32     Mcl_Quantities+0x28C

   \                                 In section .text, align 4, keep-with-next
   \                     ??DataTable20_3:
   \   00000000   0x........         DC32     Mcl_Quantities+0x2B4

   \                                 In section .text, align 4, keep-with-next
   \                     ??DataTable20_4:
   \   00000000   0x3C23D70A         DC32     0x3c23d70a
   1490          
   1491          
   1492          /**
   1493           *  @brief      Calculate RMS values and mean speed value in 4khz handler (256ms time windows)
   1494           *  @param[in]  Motor currents and rotor speed.
   1495           *  @param[out] Mean RMS current of the three motor phasesa and the mean speed.
   1496           *  @param[in]  SAMPLES_NUMBER: 10 suitable choice to have ~250ms of time window at 4Khz
   1497           *  @return none
   1498           */
   1499          static void Calc_MeanSpeed_CurrentRMS(void)
   1500          {
   1501          
   1502              I1_Rms_Sum += (Mcl_IO.Is_ABC.A * Mcl_IO.Is_ABC.A);
   1503              I2_Rms_Sum += (Mcl_IO.Is_ABC.B * Mcl_IO.Is_ABC.B);
   1504              I3_Rms_Sum += (Mcl_IO.Is_ABC.C * Mcl_IO.Is_ABC.C);
   1505              Mean_Speed_Sum += Mcl_Quantities.Speed_Rot_Mech_Abs;
   1506          
   1507              N_Samples++;
   1508          
   1509              if(N_Samples >= Mcl_Params_Displ1->ResTempCalc.Samples_Number)
   1510              {
   1511          
   1512                  Mcl_Quantities.IsRMS = MC_SQRT_F((I1_Rms_Sum+I2_Rms_Sum+I3_Rms_Sum)*INV_3* N_Samples_inv);
   1513                  Mcl_Quantities.Mean_Speed = Mean_Speed_Sum * N_Samples_inv;
   1514          
   1515                  N_Samples  = 0;
   1516                  I1_Rms_Sum = 0.0f;
   1517                  I2_Rms_Sum = 0.0f;
   1518                  I3_Rms_Sum = 0.0f;
   1519                  Mean_Speed_Sum = 0.0f;
   1520              }
   1521          }
   1522          
   1523          
   1524          
   1525          
   1526          /**
   1527           *  @brief      Calculating temperature from resistance
   1528           *  @param[in]
   1529           *  @param[out]
   1530           *  @param[in]  Temperature coefficient and Resistance base temperature
   1531           *  @return     Stator temperature in [C]
   1532           */
   1533          static float32 Calc_Temperature_By_Resistance(void)
   1534          {
   1535              float32 temp_1;
   1536              float32 temp_2;
   1537          
   1538              // T = (R-Rs0)/(Rs0*alpha)  + T0
   1539          
   1540              temp_1 = Mcl_Quantities.Stator_Resistance - Mcl_Params_Displ1->ResTempCalc.Rs0;
   1541          
   1542              temp_2 = Mcl_Params_Displ1->ResTempCalc.Temp_Coeff * temp_1 * Mcl_Params_Displ1->ResTempCalc.Rs0_inv;
   1543              temp_2 += Mcl_Params_Displ1->ResTempCalc.T0;
   1544          
   1545              return(temp_2);
   1546          }
   1547          
   1548          
   1549          
   1550          /**
   1551           *  @brief      Calculating resistance from temperature
   1552           *  @param[in]  Temperature coefficient and Resistance base temperature
   1553           *  @param[out]
   1554           *  @param[in]
   1555           *  @return Updated stator resistance in [Ohm]
   1556           */
   1557          static float32 Calc_Resistance_By_Temperature(void)
   1558          {
   1559              float32 temp_1;
   1560              float32 temp_2;
   1561              // Rs = Rs0*(1+1/alpha (T - T0))
   1562              temp_1 = 1 + Mcl_Params_Displ1->ResTempCalc.Temp_Coeff_inv * (Mcl_Quantities.Stator_Temperature - Mcl_Params_Displ1->ResTempCalc.T0);
   1563              temp_2 = Mcl_Params_Displ1->ResTempCalc.Rs0 * temp_1;
   1564          
   1565              return(temp_2);
   1566          }
   1567          
   1568          #if (MCL__ELECTRICAL_POWER == ENABLED)
   1569          #ifdef __IAR_SYSTEMS_ICC__
   1570          #pragma inline = forced
   1571          #endif
   1572          /**
   1573           *  @brief      Calculate RMS values and mean speed value in 4khz handler (256ms time windows)
   1574           *  @param[in]  Motor currents and rotor speed.
   1575           *  @param[out] Mean RMS current of the three motor phasesa and the mean speed.
   1576           *  @param[in]  SAMPLES_NUMBER: 10 suitable choice to have ~250ms of time window at 4Khz
   1577           *  @return none
   1578           */
   1579          static void Calc_ElectricalPower(void)
   1580          {
   1581              float32 electrical_power;
   1582              // instantaneous power
   1583              electrical_power = 1.5f * (Mcl_Quantities.Vs_Alpha_Beta_Rec.Alpha * Mcl_Quantities.Is_Alpha_Beta.Alpha + Mcl_Quantities.Vs_Alpha_Beta_Rec.Beta * Mcl_Quantities.Is_Alpha_Beta.Beta);
   1584          
   1585              if ((Mcl_IO.All_Devices_Off == FALSE) && (MotorSafetyMgr__DoesClassAHaveAccessToPwm() == TRUE))
   1586              {
   1587                  Mcl_Quantities.Electrical_Power = FILTERS__LOWPASSFILTER_F(Mcl_Quantities.Electrical_Power, MCL__EL_POWER_LPF, electrical_power);
   1588              }
   1589              else
   1590              {
   1591                  Mcl_Quantities.Electrical_Power = 0.0f;
   1592              }
   1593          }
   1594          #endif
   1595          
   1596          #if (MCL__SHAFT_POWER == ENABLED)
   1597          #ifdef __IAR_SYSTEMS_ICC__
   1598          #pragma inline = forced
   1599          #endif
   1600          
   1601          /**
   1602           *  @brief      Calculate values and mean speed value in 4khz handler (256ms time windows)
   1603           *  @param[in]  Eletromagnetic Torque and rotor speed.
   1604           *  @param[out] Mechanical motor power without considering the rotational losses.
   1605           *  @param[in]  SAMPLES_NUMBER: 10 suitable choice to have ~250ms of time window at 4Khz
   1606           *  @return none
   1607           */
   1608          void Calc_ShaftPower(void)
   1609          {
   1610              float32 shaft_power;
   1611              // Motor mechanical power output/Shaft Power =T*w
   1612              shaft_power = (Mcl_Quantities.Torque * Mcl_Quantities.Speed_Rot_Mech_Abs);
   1613          
   1614              if ((Mcl_IO.All_Devices_Off == FALSE) && (MotorSafetyMgr__DoesClassAHaveAccessToPwm() == TRUE))
   1615              {
   1616                 Mcl_Quantities.Shaft_Power = FILTERS__LOWPASSFILTER_F(Mcl_Quantities.Shaft_Power, MCL__ML_POWER_LPF, shaft_power);
   1617              }
   1618              else
   1619              {
   1620                 Mcl_Quantities.Shaft_Power = 0.0f;
   1621              }
   1622          }
   1623          
   1624          
   1625          #endif
   1626          #ifdef __IAR_SYSTEMS_ICC__
   1627          #pragma inline = forced
   1628          #endif
   1629          
   1630          
   1631          
   1632          static void TimeHandler(void)
   1633          {
   1634              // Count time after every starting
   1635              if( Mcl_Quantities.Elapsed_Time_After_Starting < MAX_UINT32)
   1636              {
   1637              	Mcl_Quantities.Elapsed_Time_After_Starting = Mcl_Quantities.Elapsed_Time_After_Starting + 1;
   1638              }
   1639          }
   1640          
   1641          
   1642          #ifdef __IAR_SYSTEMS_ICC__
   1643          #pragma inline = forced
   1644          #endif
   1645          /**
   1646           *  @brief      Calculate the torque value for the application layer according to the following convention:
   1647           *              torque is positive when motoring and negative when braking whatever is the motor speed direction.
   1648           *  @param[in]  Motor Torque (from Observer) and motor speed reference.
   1649           *  @param[out] Torque for the application layer.
   1650           *  @return none
   1651           */
   1652          static void Calc_TorqueForApplication(void)
   1653          {
   1654              // check the sign of the speed reference
   1655              if (Mcl_IO.Speed_Rot_Ref<0)
   1656              {   //adjust the sign of the torque if needed
   1657                  Mcl_Quantities.Torque_Application = -Mcl_Quantities.Torque;
   1658              }
   1659              else
   1660              {// sign is correct
   1661                  Mcl_Quantities.Torque_Application = Mcl_Quantities.Torque;
   1662              }
   1663          
   1664          }
   1665          
   1666          /**
   1667           *  @brief      Management of some MCL flags during the running handler
   1668           *  @return none
   1669           */
   1670          static void Flags_Management(void)
   1671          {
   1672              float32 target_speed;
   1673              // logic to detect wrong speed direction
   1674              target_speed   = SpeedRefGen__GetSpeedTarget();
   1675              if ((target_speed * Mcl_Quantities.Speed_Rot) < 0)
   1676              {
   1677                  Mcl_Cs.flags.bit.wrong_speed_direction = 1;
   1678              }
   1679              else
   1680              {
   1681                  Mcl_Cs.flags.bit.wrong_speed_direction = 0;
   1682              }
   1683          
   1684          
   1685              if (Mcl_Cs.flags.bit.braking_active == 1)
   1686              {
   1687          #if (STOP_RAMP_DURING_INVERSION == ENABLED)
   1688                  // stop the ramp if the reference is accelerating while in braking mode
   1689                  if (SpeedRefGen__GetStatus() == SPEED_REF_ACCELERATING)
   1690                  {
   1691                      SpeedRefGen__SetSpeedParams(0.0f);
   1692                      SpeedRefGen__ApplyDefaultAccel(TRUE);
   1693                      Mcl_Cs.flags.bit.stopped_ramp = 1;
   1694                  }
   1695          #endif
   1696              }
   1697              else
   1698              {
   1699          #if (STOP_RAMP_DURING_INVERSION == ENABLED)
   1700                  // braking is ended: restart the ramp if it was stopped (default deceleration is 0)
   1701                  if (Mcl_Cs.flags.bit.stopped_ramp == 1)
   1702                  {
   1703                      SpeedRefGen__ApplyDefaultAccel(FALSE);
   1704                      Mcl_Cs.flags.bit.stopped_ramp = 0;
   1705                  }
   1706          #endif
   1707                  // logic to detect motor direction
   1708                  // update motor direction (if not braking)
   1709                  if (Mcl_IO.Speed_Rot_Ref>0)
   1710                  {
   1711                      Mcl_Cs.flags.bit.motor_direction = 1;
   1712                  }
   1713                  else if (Mcl_IO.Speed_Rot_Ref<0)
   1714                  {
   1715                      Mcl_Cs.flags.bit.motor_direction = 0;
   1716                  }
   1717              }
   1718          }

   Maximum stack usage in bytes:

   .cstack Function
   ------- --------
      24   Estimate_Stator_Resistance
        24   -> MathCalc__SinCosF
        24   -> MathCalc__SqrtF
        24   -> MclDqCtrl__RunningHandler
        24   -> MclInputProc__RunningHandler
        24   -> MclObserver__RunningHandler
        24   -> MclPwm__RunningHandler
        24   -> ResistanceEstimation__Calculate
        24   -> ResistanceEstimation__GetResistance
        24   -> ThermalModel__SetStatorTemperature
       8   Mcl__1msHandler
         0   -> MclDqRef__1msHandler
         8   -> MclInputProc__1msHandler
         8   -> MclObserver__1msHandler
         8   -> MclSpeedCtrl__1msHandler
      16   Mcl__250usHandler
        16   -> MathCalc__SqrtF
        16   -> SRMotorSafetyMgr__GetFlag
       8   Mcl__25msHandler
         8   -> MclDqCtrl__25msHandler
         8   -> MclPwm__25msHandler
         8   -> MclSpeedCtrl__25msHandler
         8   -> ResistanceEstimation__Handler25ms
         0   -> SpeedRefGen__ApplyDefaultAccel
         8   -> ThermalModel__GetStatorTemperature
         8   -> ThermalModel__Handler25ms
       8   Mcl__5msHandler
         8   -> SRMotorSafetyMgr__GetFlag
       4   Mcl__GetDigital
       8   Mcl__Initialize
         8   -> Mcl__RunningReset
         0   -> ThermalModel__Initialize
      32   Mcl__ManualHandler
        32   -> ClrkPark__DirectParkF
        32   -> MathCalc__SinCosF
        32   -> MclDqCtrl__OverrideRegGains
        32   -> MclDqCtrl__RunningHandler
        32   -> MclInputProc__RunningHandler
        32   -> MclObserver__RunningHandler
        32   -> MclPwm__RunningHandler
       8   Mcl__ManualReset
         8   -> MclDqCtrl__ResetState
       8   Mcl__ParamsInitialize
         8   -> MclDqCtrl__Initialize
         8   -> MclDqRef__Initialize
         8   -> MclInputProc__Initialize
         8   -> MclObserver__Initialize
         8   -> MclPwm__Initialize
         8   -> MclSpeedCtrl__Initialize
         8   -> ResistanceEstimation__Initialize
         8   -> SpeedRefGen__SetSpeedParams
       8   Mcl__ResetAll
         8   -> MclDqCtrl__ResetState
         8   -> MclDqRef__ResetState
         8   -> MclInputProc__ResetState
         8   -> MclObserver__ResetState
         8   -> MclPwm__ResetState
         8   -> MclSpeedCtrl__ResetState
         8   -> SpeedRefGen__ApplyDefaultAccel
         8   -> SpeedRefGen__SetSpeedParams
       0   Mcl__ResetDigital
       8   Mcl__RunningHandler
         8   -> MclDqCtrl__RunningHandler
         8   -> MclDqRef__RunningHandler
         8   -> MclInputProc__RunningHandler
         8   -> MclObserver__RunningHandler
         0   -> MclPwm__RunningHandler
         8   -> MclSpeedCtrl__RunningHandler
         8   -> SpeedRefGen__ApplyDefaultAccel
         8   -> SpeedRefGen__GetSpeedTarget
         8   -> SpeedRefGen__GetStatus
         8   -> SpeedRefGen__SetSpeedParams
       8   Mcl__RunningReset
         8   -> MclDqCtrl__ResetState
         8   -> MclDqRef__ResetState
         8   -> MclInputProc__ResetState
         8   -> MclObserver__ResetState
         8   -> MclPwm__ResetState
         8   -> MclSpeedCtrl__ResetState
         8   -> SpeedRefGen__ApplyDefaultAccel
         8   -> SpeedRefGen__SetSpeedParams
       0   Mcl__SetAnalog
         0   -> MclSpeedCtrl__SetDeltaSpeedRef
         0   -> MclSpeedCtrl__SetSpeedGainIndex
         0   -> MclSpeedCtrl__SetSpeedRegLimit
       0   Mcl__SetDigital
       8   Mcl__SetParams
         8   -> Mcl__ParamsInitialize
       8   Mcl__StartingHandler
         8   -> Estimate_Stator_Resistance
       8   Mcl__StartingReset
         8   -> MclPwm__ResetState
         8   -> ResistanceEstimation__Requested
         8   -> ResistanceEstimation__Start
       0   Mcl__StoppingHandler
       8   Mcl__StoppingReset
         0   -> MclObserver__ResetState
         8   -> MclSpeedCtrl__ResetState


   Section sizes:

   Bytes  Function/Label
   -----  --------------
       4  ??DataTable12
       4  ??DataTable12_1
       4  ??DataTable14
       4  ??DataTable14_1
       4  ??DataTable14_2
       4  ??DataTable15
       4  ??DataTable15_1
       4  ??DataTable15_2
       4  ??DataTable15_3
       4  ??DataTable16
       4  ??DataTable20
       4  ??DataTable20_1
       4  ??DataTable20_2
       4  ??DataTable20_3
       4  ??DataTable20_4
       4  ??DataTable7
       4  ??DataTable7_1
       4  ??DataTable8
     300  Estimate_Stator_Resistance
     828  Mcl_Quantities
          Mcl_Cs
          Mcl_IO
          MclObserver_Params
          Mcl_DQ_Ctrl_IO
          Mcl_Observer_IO
          Mcl_Input_Proc_IO
          Mcl_DQ_Ref_IO
          Mcl_Pwm_IO
          MclSpeedCtrl_Params
          MclDqRef_Params
          Mcl_Speed_Ctrl_IO
          Res_Est_IO
          MclInput_Params
          Mcl_Starting_State
          Mcl_Flow_Manager
          switching_angle
          N_Samples
          Over_Torque_Time_Counter
          local_debouncer
          Mcl_Params_Displ1
          Mcl_Params_Displ3
          Mcl_Params_Displ4
          Mcl_Params_Displ9
          Mcl_Params_Displ10
          Mcl_Params_Displ11
          Mcl_Params_Displ13
          MclPwm_Params
          Manual_Inject_Level
          Manual_Inject_Param
          Manual_Pos_Reference
          I1_Rms_Sum
          I2_Rms_Sum
          I3_Rms_Sum
          Mean_Speed_Sum
          N_Samples_inv
     106  Mcl__1msHandler
     290  Mcl__250usHandler
     160  Mcl__25msHandler
     304  Mcl__5msHandler
     180  Mcl__GetDigital
     586  Mcl__Initialize
     676  Mcl__ManualHandler
      46  Mcl__ManualReset
     352  Mcl__ParamsInitialize
     210  Mcl__ResetAll
      62  Mcl__ResetDigital
     236  Mcl__RunningHandler
     134  Mcl__RunningReset
      42  Mcl__SetAnalog
     110  Mcl__SetDigital
      78  Mcl__SetParams
      28  Mcl__StartingHandler
      58  Mcl__StartingReset
      52  Mcl__StoppingHandler
      44  Mcl__StoppingReset

 
   828 bytes in section .bss
 4 126 bytes in section .text
 
 4 126 bytes of CODE memory
   828 bytes of DATA memory

Errors: none
Warnings: none
