###############################################################################
#
# IAR ANSI C/C++ Compiler V7.20.5.7591/W32 for ARM        06/Aug/2024  13:42:09
# Copyright 1999-2014 IAR Systems AB.
#
#    Cpu mode     =  thumb
#    Endian       =  little
#    Source file  =  
#        C:\Data\Python\Self_Commissioning_Bpm\source\XCategory\Driver\Micro\Micro.c
#    Command line =  
#        -I./ -I../cx/ -I../cx/inc/ -ICategory/ -ICategory/Application/
#        -ICategory/Application/ThermalModel/
#        -ICategory/Application/ThermalModel/ThermalModelCore_DD/
#        -ICategory/Application/ThermalModel/ThermalModelCore_sBPM/
#        -ICategory/Common/ -ICategory/Common/BoardDebugging/
#        -ICategory/Common/MasterCommander/
#        -ICategory/Common/MasterCommander/Source/
#        -ICategory/Common/MasterCommander/Source/HAL/
#        -ICategory/Common/SelfCommissioning/ -ICategory/Hbl/
#        -IProjectSpecific/ -IProjectSpecific/Application/
#        -IProjectSpecific/Application/API007App/
#        -IProjectSpecific/Application/ModeManagement/
#        -IProjectSpecific/Application/MotorSelector/
#        -IProjectSpecific/Application/ProductInfo/
#        -IProjectSpecific/Application/SRMcuSpeedMonitor/
#        -IProjectSpecific/Application/ThermalModel/
#        -IProjectSpecific/CommonCore/ -IProjectSpecific/Driver/
#        -IProjectSpecific/MasterCommander/ -IProjectSpecific/Mci/
#        -IProjectSpecific/Mci/Mcl/ -IProjectSpecific/Mci/Mcl/old_xls/
#        -IXCategory/ -IXCategory/Application/
#        -IXCategory/Application/MciParametersLoader/
#        -IXCategory/Application/Mode/ -IXCategory/Application/Reveal_APIs/
#        -IXCategory/Application/Reveal_APIs/API003Disc/
#        -IXCategory/Application/Reveal_APIs/API004Debug/
#        -IXCategory/Application/Reveal_APIs/API005LowLevel/
#        -IXCategory/Application/Reveal_APIs/API007Data/
#        -IXCategory/Application/Reveal_APIs/API009System/
#        -IXCategory/Application/Reveal_APIs/API010PollVar/
#        -IXCategory/Application/Reveal_APIs/API011AppCtr/
#        -IXCategory/Application/Reveal_APIs/API013RemoteFunction/
#        -IXCategory/Application/Reveal_APIs/API018Diagnostic/
#        -IXCategory/Application/Reveal_APIs/API019ProductInfo/
#        -IXCategory/Application/Reveal_APIs/API220MotorControl/
#        -IXCategory/Application/Reveal_APIs/API220MotorControl/API/
#        -IXCategory/Application/Reveal_APIs/API221MotionCtrl/
#        -IXCategory/Application/Reveal_APIs/SRAPI020Safety/
#        -IXCategory/Application/SFUpdater/ -IXCategory/Common/
#        -IXCategory/Common/Crc16/ -IXCategory/Common/Crc8/
#        -IXCategory/Common/Log/ -IXCategory/Common/Millis/
#        -IXCategory/Common/SettingFile/ -IXCategory/Common/SRClockMonitor/
#        -IXCategory/Common/SRData/ -IXCategory/Common/SRException/
#        -IXCategory/Common/SRFlow/ -IXCategory/Common/SRIsrMonitor/
#        -IXCategory/Common/SRMain/ -IXCategory/Common/SRMcuSpeedMonitor/
#        -IXCategory/Common/SRPowerMgr/ -IXCategory/Common/SRSignature/
#        -IXCategory/Common/SRSystemConfig/
#        -IXCategory/Common/SRTimerReference/ -IXCategory/Common/SystemConfig/
#        -IXCategory/Common/SystemTimers/ -IXCategory/Common/Utilities/
#        -IXCategory/Driver/ -IXCategory/Driver/API/
#        -IXCategory/Driver/API/Comparator/ -IXCategory/Driver/API/DataFlash/
#        -IXCategory/Driver/API/Dma/ -IXCategory/Driver/API/Flash/
#        -IXCategory/Driver/API/Gpio/ -IXCategory/Driver/API/Micro/
#        -IXCategory/Driver/API/Spi/ -IXCategory/Driver/API/SRMCAtod/
#        -IXCategory/Driver/API/SRMCInputCapture/
#        -IXCategory/Driver/API/SRMCPwm/ -IXCategory/Driver/API/TimerInterrupt/
#        -IXCategory/Driver/API/Uart/ -IXCategory/Driver/Comparator/
#        -IXCategory/Driver/DataFlash/ -IXCategory/Driver/Dma/
#        -IXCategory/Driver/Flash/ -IXCategory/Driver/Gpio/
#        -IXCategory/Driver/Micro/ -IXCategory/Driver/Spi/
#        -IXCategory/Driver/SRMCAtod/ -IXCategory/Driver/SRMCInputCapture/
#        -IXCategory/Driver/SRMCPwm/ -IXCategory/Driver/TimerInterrupt/
#        -IXCategory/Driver/Uart/ -IXCategory/Hbl/ -IXCategory/Hbl/Mci/
#        -IXCategory/Hbl/Mci/InverterTemp/ -IXCategory/Hbl/Mci/Mcl/
#        -IXCategory/Hbl/Mci/Mcl/Braking/ -IXCategory/Hbl/Mci/Mcl/MacroBlocks/
#        -IXCategory/Hbl/Mci/Mcl/MclFvt/ -IXCategory/Hbl/Mci/Mcl/MicroBlocks/
#        -IXCategory/Hbl/Mci/Mcl/MicroBlocks/ClrkPark/
#        -IXCategory/Hbl/Mci/Mcl/MicroBlocks/Filters/
#        -IXCategory/Hbl/Mci/Mcl/MicroBlocks/Math/
#        -IXCategory/Hbl/Mci/Mcl/MicroBlocks/ObserverPmsm/
#        -IXCategory/Hbl/Mci/Mcl/MicroBlocks/Pi/
#        -IXCategory/Hbl/Mci/Mcl/MicroBlocks/PwmModulation/
#        -IXCategory/Hbl/Mci/Mcl/ResistanceEstimation/
#        -IXCategory/Hbl/Mci/PowerModuleManager/
#        -IXCategory/Hbl/Mci/SpeedRefGen/ -IXCategory/Hbl/Mci/SurgeRelay/
#        -IXCategory/Hbl/SRMotorSafetyMgr/
#        -IXCategory/Hbl/SRMotorSafetyMgr/API/ -IXCategory/Service/
#        -IXCategory/Service/Reveal/ -IXCategory/Service/Win/ --remarks
#        --no_tbaa --debug --use_c++_inline --only_stdout --dlib_config
#        ..\cx\inc\DLib_Config_Normal.h -r -D
#        ENABLE_JUMP_TO_APPLICATION_WITHOUT_IAP_FIRMWARE -D
#        SET_FLASH_OPTION_CONFIGURATION -D ARM_MATH_CM4 -e --silent
#        --endian=little --cpu Cortex-M4 --fpu=VFPv4_sp -Ohs -o Micro.obj -l
#        ..\listings\Micro.lst
#        C:\Data\Python\Self_Commissioning_Bpm\source\XCategory\Driver\Micro\Micro.c
#    List file    =  ..\listings\Micro.lst
#    Object file  =  Micro.obj
#
###############################################################################

C:\Data\Python\Self_Commissioning_Bpm\source\XCategory\Driver\Micro\Micro.c
      1          /**
      2           *  @file
      3           *
      4           *  @defgroup   CLASS_B
      5           *
      6           *  @brief      This module implements the standard API (Application Programming Interface) for
      7           *              Freescale Kintes Motor control series MKV03x Micro module.
      8           *
      9           *  @details    This module provides the interface to the application to configure the controller and to perform the
     10           *              CLASSB safety relevant controller tests.
     11           *
     12           *              Configuring the Controller such as-
     13           *              Initializing microcontroller bus clock, configuring clock for microcontroller,
     14           *              Configures the controller to work either in slow, normal or sleep mode of operation,
     15           *              servicing Window and Independent watchdog,
     16           *              enabling/disabling or store/restoring of the interrupts,
     17           *              Providing FLASH size ,RAM size and ID of microcontroller,
     18           *              provision to detect Low voltage.
     19           *
     20           *              CLASS B safety-relevant controller test during boot as well as run time such as -
     21           *              CPU Register Test,
     22           *              Watchdog test,
     23           *              RAM test,
     24           *              Flash test
     25           *              stack test
     26           *
     27           *  @section    Applicable_Documents
     28           *              Requirement ID - 50717 - https://rm.whirlpool.oncloudone.com/rm/web#action=com.ibm.rdm.web.pages.showArtifact&artifactURI=https%3A%2F%2Frm.whirlpool.oncloudone.com%2Frm%2Fresources%2F_SuetES5PEearGv06AJXz5w&vvc.configuration=https%3A%2F%2Frm.whirlpool.oncloudone.com%2Frm%2Fcm%2Fstream%2F_qZzlsCEkEea1esD_TUzLUg&componentURI=https%3A%2F%2Frm.whirlpool.oncloudone.com%2Frm%2Frm-projects%2F_qYFucSEkEea1esD_TUzLUg%2Fcomponents%2F_qZvUQCEkEea1esD_TUzLUg
     29           *              RQM Test Plan - https://qm.whirlpool.oncloudone.com/qm/web/console/Nucleus%20(Quality%20Management)#action=com.ibm.rqm.planning.home.actionDispatcher&subAction=viewTestSuite&id=6634
     30           *
     31           *  $Header: Micro.c $
     32           *
     33           *  @copyright  Copyright 2019-$Date$. Whirlpool Corporation. All rights reserved - CONFIDENTIAL
     34           */
     35          //-------------------------------------- Include Files ----------------------------------------------------------------
     36          #include "C_Extensions.h"
     37          #include "uc.h"
     38          #include "Micro.h"
     39          #include "Micro_prv.h"
     40          #include "SRSystemConfig.h"
     41          #include "SRException.h"
     42          #include "Crc8.h"
     43          #include "string.h"
     44          
     45          
     46          //-------------------------------------- PRIVATE (Variables, Constants & Defines) -------------------------------------
     47          //---------------------------------------------------------------------------------------------------------------------
     48          /**
     49           *    @brief  - Defines the Enabling or disabling of the Safety relevant test features
     50           *    @details-
     51           *
     52           *    Below are the tests to be performed during boot and run-time -
     53           *    CPU Register test,
     54           *    Stack Test
     55           *    RAM Test(at boot time)
     56           *    Flash Test
     57           *    Watchdog Test
     58           *
     59           *    @param  - ENABLED(1)    - Which Enables the ClassB Test. ClassB software shall enable this macro
     60           *              DISABLED(0)   – Which Disables the ClassB Test. ClassA software can disables this macro
     61           *
     62           *    @note -   "#define MICRO_SR_FEATURE_TEST                   ENABLED"
     63           *              "#define MICRO_SR_FEATURE_TEST                   DISABLED"
     64           */
     65          #if (CLASSB_FEATURE == ENABLED)
     66              #ifndef MICRO_SR_FEATURE_TEST
     67                  #define MICRO_SR_FEATURE_TEST                               ENABLED
     68              #endif
     69          #else
     70              #ifndef MICRO_SR_FEATURE_TEST
     71                  #define MICRO_SR_FEATURE_TEST                               DISABLED
     72              #endif
     73          #endif
     74          
     75          #if (MICRO_SR_FEATURE_TEST   == ENABLED)
     76              #include "SRData.h"
     77          #endif
     78          
     79          //---------------------------------------------------------------------------------------------------------------------
     80          //Memory alignment access protection
     81          //Mis aligned access across 0x2000000 boundary are not supported in the ARM Cortex Architecture
     82          #pragma location=0x1FFFFFFC

   \                                 In section .bss, at 0x1ffffffc, root
   \   00000000                      DS8 4
     83          static __root uint32 Ram0_Page_End_Protection;
     84          
     85          #pragma location=0x20000000

   \                                 In section .bss, at 0x20000000, root
   \   00000000                      DS8 4
     86          static __root uint32 Ram1_Page_Start_Protection;
     87          
     88          //---------------------------------------------------------------------------------------------------------------------
     89          /**
     90           *    @brief  - Option Bit/ Fuse Bit /Flash Configuration Fields
     91           *    @details- This configurations are programmed at the location of 0x400 to till 0x40F.
     92           *              The contents are loaded at the boot time by the micro internal code into the appropriate registers
     93           *
     94           *              Some of the Configurations are forced to default configurations
     95           *
     96           */
     97          PACKED typedef struct
                        ^
Remark[Pe082]: storage class is not first
     98          {
     99              /**
    100               * @brief If the project decided to secure the flash memory access then they shall define the Access Key
    101               */
    102              uint8 BackDoor_Access_Key[8];
    103          
    104              /**
    105               * @brief Define which program flash regions are protected from program and erase operations.
    106               * Protected flash regions cannot have their content changed; that is, these regions cannot be programmed and cannot be erased.
    107               * Unprotected regions can be changed by program and erase operations.
    108               *
    109               * This feature is disabled as we do not have a requirement or use case to protect the selective Flash regions from program and erase operations
    110               */
    111              uint32 Flash_Protection_Regions;
    112          
    113              /**
    114               * @brief - Flash Security
    115               *
    116               * KEYEN - Back door key access is Enabled or Disabled
    117               * Bit 7-6          : 11 Backdoor key access disabled
    118               *                  : 10 Backdoor key access enabled
    119               *
    120               * Mass Erase Enable
    121               * Bit 5-4          : 11 Mass erase is enabled
    122               *
    123               * Factory Security Level Access Code Granted
    124               * Bit 3-2          : 11 Factory access granted
    125               *
    126               * Flash Security
    127               * Bit 1-0          : 10 MCU security status is unsecure
    128               *
    129               */
    130              uint8 Security;
    131          
    132              /**
    133               * @brief Allows the user to customize the operation of the MCU at boot time.
    134               *
    135               * Boot From Flash Memory
    136               * Bit 7 BOOTSRC_SEL    - 0
    137               * Bit 1 BOOTPIN_OPT    - 1
    138               *
    139               *
    140               * Below are reserved and written as 1 by default
    141               * Bit 6 - 4            - 1
    142               *
    143               *
    144               * RESET PIN Configuration - RESET_b pin is dedicated. The port is configured with pullup enabled, open drain, passive filter enabled.
    145               * Bit 3 RESET_PIN_CFG  - 1
    146               *
    147               *
    148               * Disable the NMI interrupts generated by the dedicated pin -
    149               * The associated pin continues to default to NMI_b pin controls with internal pullup enabled. When NMI_b pin function is
    150               * disabled, it cannot be used as a source for low-power mode wake-up.
    151               * If the NMI function is not required, either for an interrupt or wake up source, it is
    152               * recommended that the NMI function be disabled by clearing NMI_DIS.
    153               * Bit 2 NMI_DIS        - 0
    154               *
    155               *
    156               * LPBOOT - Normal boot: Core and system clock divider (DIVCORE) is 0x0 (divide by 1).
    157               * Bit 0                - 1
    158               *
    159               */
    160              uint8 Boot_options;
    161          
    162              /**
    163               * @brief The FEPROT register defines which EEPROM regions of the FlexRAM are protected against program and erase operations.
    164               * Protected EEPROM regions cannot have their content changed by writing to it.
    165               * Unprotected regions can be changed by writing to the FlexRAM.
    166               *
    167               * This feature is disabled as we do not have a requirement or use case to protect the EEPROM regions from program and erase operations
    168               */
    169              uint8 EEPROM_Protection;
    170          
    171              /**
    172               * @brief Defines which data flash regions are protected against program and erase operations.
    173               * Protected Flash regions cannot have their content changed; that is, these regions cannot be programmed and cannot be erased.
    174               * Unprotected regions can be changed by both program and erase operations.
    175               *
    176               * This feature is disabled as we do not have a requirement or use case to protect the Data Flash regions from program and erase operations
    177               */
    178              uint8 DataFlash_Protection;
    179          } MICRO_FLASH_CONFIGURATION_TYPE;
    180          
    181          
    182          //---------------------------------------------------------------------------------------------------------------------
    183          /**
    184           *    @brief  - Enable or Disable the Flash security by back door key access
    185           *    @details- If this feature is enabled then the micro can be programmed or read the Flash memory only by providing the correct access key
    186           *
    187           *    The Access key is defined in the MICRO_FLASH_CONFIGURATION_BACKDOOR_ACCESS_KEY macro
    188           *
    189           *    By default disabling this feature
    190           */
    191          #ifndef MICRO_FLASH_SECUTIRY_BY_BACK_DOOR_KEY_ACCESS_FEATURE
    192              #define MICRO_FLASH_SECUTIRY_BY_BACK_DOOR_KEY_ACCESS_FEATURE        DISABLED
    193          #endif
    194          
    195          //---------------------------------------------------------------------------------------------------------------------
    196          /**
    197           *    @brief  - Flash Access key to secure the Flash read
    198           *    @details- The key shall be of 8 bytes only
    199           *              The feature is disabled if all the bits of the key are either 0 or 1
    200           *
    201           *              Default value will be as below which disables the feature
    202           *              #define MICRO_FLASH_CONFIGURATION_BACKDOOR_ACCESS_KEY       {0xFF, 0xFF, 0xFF, 0xFF, 0xFF, 0xFF, 0xFF, 0xFF}
    203           *
    204           */
    205          #if (MICRO_FLASH_SECUTIRY_BY_BACK_DOOR_KEY_ACCESS_FEATURE == ENABLED)
    206              #ifndef MICRO_FLASH_CONFIGURATION_BACKDOOR_ACCESS_KEY
    207                  #error : "User shall define the MICRO_FLASH_CONFIGURATION_BACKDOOR_ACCESS_KEY if the MICRO_FLASH_SECUTIRY_BY_BACK_DOOR_KEY_ACCESS_FEATURE is ENABLED";
    208              #endif
    209          #endif
    210          
    211          #ifndef MICRO_FLASH_CONFIGURATION_BACKDOOR_ACCESS_KEY
    212              #define MICRO_FLASH_CONFIGURATION_BACKDOOR_ACCESS_KEY       {0xFF, 0xFF, 0xFF, 0xFF, 0xFF, 0xFF, 0xFF, 0xFF}
    213          #endif
    214          
    215          //!  Allows all the Flash regions to be re-programmed
    216          #define MICRO_FLASH_CONFIGURATION_FLASH_PROTECTION_REGIONS      ((uint32)0xFFFFFFFF)
    217          
    218          //!  Allows Data Flash regions to be re-programmed
    219          #define MICRO_FLASH_CONFIGURATION_DATAFLASH_PROTECTION          ((uint8)0xFF)
    220          
    221          //!  Allows EEPROM regions to be re-programmed
    222          #define MICRO_FLASH_CONFIGURATION_EEPROM_PROTECTION             ((uint8)0xFF)
    223          
    224          //! Boot From Flash Memory,
    225          //! Dedicated Reset Pin can not be used for alternate purpose
    226          //! Disable NMI interrupt generation from the pin
    227          //! Normal Boot
    228          #define MICRO_FLASH_CONFIGURATION_BOOT_OPTION                   ((uint8)0x7B)
    229          
    230          #if (MICRO_FLASH_SECUTIRY_BY_BACK_DOOR_KEY_ACCESS_FEATURE == DISABLED)
    231              #define MICRO_FLASH_SECURITY                                ((uint8)0xFE)
    232          #else
    233              #define MICRO_FLASH_SECURITY                                ((uint8)0xBE)
    234          #endif
    235          
    236          #define FLASHCONFIG_START                                       0x400
    237          
    238          #ifdef SET_FLASH_OPTION_CONFIGURATION
    239              #define CONFIGURE_FLASH_OPTION
    240          #endif
    241          
    242          #ifdef CONFIGURE_FLASH_OPTION
    243              #pragma location = FLASHCONFIG_START

   \                                 In section .rodata, at 0x400, root
   \   00000000   0xFF 0xFF          DC8 255, 255, 255, 255, 255, 255, 255, 255
   \              0xFF 0xFF    
   \              0xFF 0xFF    
   \              0xFF 0xFF    
   \   00000008   0xFFFFFFFF         DC32 4294967295
   \   0000000C   0xFE 0x7B          DC8 254, 123, 255, 255
   \              0xFF 0xFF    
    244              __root static const MICRO_FLASH_CONFIGURATION_TYPE MICRO_FLASH_CONFIGURATION =
                            ^
Remark[Pe082]: storage class is not first
    245              {   /* BackDoor_Access_Key          */      MICRO_FLASH_CONFIGURATION_BACKDOOR_ACCESS_KEY,
    246                  /* Flash_Protection_Regions     */      MICRO_FLASH_CONFIGURATION_FLASH_PROTECTION_REGIONS,
    247                  /* Security                     */      MICRO_FLASH_SECURITY,
    248                  /* Boot_options                 */      MICRO_FLASH_CONFIGURATION_BOOT_OPTION,
    249                  /* EEPROM_Protection            */      MICRO_FLASH_CONFIGURATION_EEPROM_PROTECTION,
    250                  /* DataFlash_Protection         */      MICRO_FLASH_CONFIGURATION_DATAFLASH_PROTECTION,
    251              };
    252          #endif
    253          
    254          //=====================================================================================================================
    255          // The following MACROS handle generation of the register offset and byte masks
    256          #define IRQ_BIT_SHIFT(IRQn)                         ( (((uint32)(IRQn)       )    &  0x03) * 8 )
    257          #define IRQ_SHP_IDX(IRQn)                           (((((uint32)(IRQn) & 0x0F)-8) >>    2)     )
    258          #define IRQ_IP_IDX(IRQn)                            (  ((uint32)(IRQn)            >>    2)     )
    259          
    260          #ifndef MICRO_STOP_MODE
    261              #define MICRO_STOP_MODE                         DISABLED
    262          #endif
    263          
    264          #define U_ID      ((uint16 *)0x1FFFF7AC)
    265          
    266          #define MICRO_SCB_CPACR_ENABLE_CP10_CP11_CO_PROCESSOR       ((uint32)0x00F00000)
    267          
    268          
    269          //*********************Watchodog macro's ******************************************************************
    270          // Watchdog
    271          #ifndef MICRO_WATCHDOG_FEATURE
    272              #define MICRO_WATCHDOG_FEATURE    					ENABLED
    273          #endif
    274          
    275          #ifndef MICRO_WATCHDOG_DEBUG_MODE
    276          	#define MICRO_WATCHDOG_DEBUG_MODE				DISABLED
    277          #endif
    278          
    279          #define WDOG_Unlock()                               {WDOG.UNLOCK = 0xC520; WDOG.UNLOCK = 0xD928;}    // Write 0xC520 to the unlock register: Key1
    280          																						 // Followed by 0xD928 to complete the unlock: Key2
    281          //********************* End of Watchodog macro's ************************************************************
    282          typedef enum
    283          {
    284          	CLKS_FLL_SELECT = 0,							//Output of FLL is selected FLL Engaged for internal and external Clock
    285          	CLKS_HSI_SELECT = 1,							//Internal reference Clock is selected
    286          	CLKS_HSE_SELECT = 2,							//External reference Clock is selected
    287          	CLKS_PLL_SELECT = 3,							//Output of PLL is selected
    288          }CLOCK_MODE;										//Clock mode Status
    289          
    290          
    291          #define OUTPUT_CLOCK_OF_FLL_OR_PLL			0
    292          #define INTERNAL_REF_CLOCK					1
    293          #define EXTERNAL_REF_CLOCK					2
    294          
    295          //=====================================================================================================================
    296          //Compiler directive
    297          //=====================================================================================================================
    298          
    299          //Check HSE frequency range
    300          #if((HSE_VALUE < 3000) || (HSE_VALUE > 32000000))
    301          	#error : "High Speed External Clock frequency value should be in between 3Khz to 32Mhz range in the Micro_prm.h file"
    302          #endif
    303          
    304          //High gain oscillator - Controls the OSC mode of operations (
    305          #ifndef MICRO_OSC_HGO
    306          	#define MICRO_OSC_HGO							0			//0 - configure crystal oscillator low power operation.
    307          #endif		
    308          
    309          #ifndef MICRO_HIGHSPEEDRUN_MODE
    310          	#define MICRO_HIGHSPEEDRUN_MODE          		DISABLED
    311          #endif													//1 - configure crystal oscillator high-gain operation.
    312          
    313          //The LPTimer can measure the cycle of the frequency-divided LPO clock used for the independent watchdog timer (IWDT)
    314          //in the MKV03x. By this function, the main clock oscillation frequency errors can be detected.
    315          #ifndef MICRO_LPTIMER_EXTCLOCKSOURCE
    316          	#define MICRO_LPTIMER_EXTCLOCKSOURCE			DISABLED
    317          #endif
    318          
    319          #ifndef MICRO_LPTIMER_COMPARE_VAL
    320          	#define MICRO_LPTIMER_COMPARE_VAL				200
    321          #endif
    322          
    323          //SIM_OUTDIV1 Clock 1 output divider value : divide value for the core/system clock from MCGOUTCLK.
    324          #if(SIM_OUTDIV1 == 0)
    325          	#define SIM_OUTDIVIDER1                          SIM_PRE_OUTDIV1_DIV0
    326          #elif(SIM_OUTDIV1 == 1)
    327          	#define SIM_OUTDIVIDER1                          SIM_PRE_OUTDIV1_DIV1
    328          #elif(SIM_OUTDIV1 == 2)
    329          	#define SIM_OUTDIVIDER1                          SIM_PRE_OUTDIV1_DIV2
    330          #elif(SIM_OUTDIV1 == 3)
    331          	#define SIM_OUTDIVIDER1                          SIM_PRE_OUTDIV1_DIV3
    332          #elif(SIM_OUTDIV1 == 4)
    333          	#define SIM_OUTDIVIDER1                          SIM_PRE_OUTDIV1_DIV4
    334          #elif(SIM_OUTDIV1 == 5)
    335          	#define SIM_OUTDIVIDER1                          SIM_PRE_OUTDIV1_DIV5
    336          #elif(SIM_OUTDIV1 == 6)
    337          	#define SIM_OUTDIVIDER1                          SIM_PRE_OUTDIV1_DIV6
    338          #elif(SIM_OUTDIV1 == 7)
    339          	#define SIM_OUTDIVIDER1                          SIM_PRE_OUTDIV1_DIV7
    340          #elif(SIM_OUTDIV1 == 8)
    341          	#define SIM_OUTDIVIDER1                          SIM_PRE_OUTDIV1_DIV8
    342          #elif(SIM_OUTDIV1 == 9)
    343          	#define SIM_OUTDIVIDER1                          SIM_PRE_OUTDIV1_DIV9
    344          #elif(SIM_OUTDIV1 == 10)
    345          	#define SIM_OUTDIVIDER1                          SIM_PRE_OUTDIV1_DIV10
    346          #elif(SIM_OUTDIV1 == 11)
    347          	#define SIM_OUTDIVIDER1                          SIM_PRE_OUTDIV1_DIV11
    348          #elif(SIM_OUTDIV1 == 12)
    349          	#define SIM_OUTDIVIDER1                          SIM_PRE_OUTDIV1_DIV12
    350          #elif(SIM_OUTDIV1 == 13)
    351          	#define SIM_OUTDIVIDER1                          SIM_PRE_OUTDIV1_DIV13
    352          #elif(SIM_OUTDIV1 == 14)
    353          	#define SIM_OUTDIVIDER1                          SIM_PRE_OUTDIV1_DIV14
    354          #elif(SIM_OUTDIV1 == 15)
    355          	#define SIM_OUTDIVIDER1                          SIM_PRE_OUTDIV1_DIV15
    356          #else
    357          	#error : "SIM OUTDIV1 macro value should be either 0,1..... 15 in the Micro_prm.h file"
    358          #endif
    359          
    360          
    361          //SIM_OUTDIV2 Clock2  output divider value : divide value for the Bus clock from MCGOUTCLK.
    362          #if(SIM_OUTDIV2 == 0)
    363          	#define SIM_OUTDIVIDER2                          SIM_PRE_OUTDIV2_DIV0
    364          #elif(SIM_OUTDIV2 == 1)
    365          	#define SIM_OUTDIVIDER2                          SIM_PRE_OUTDIV2_DIV1
    366          #elif(SIM_OUTDIV2 == 2)
    367          	#define SIM_OUTDIVIDER2                          SIM_PRE_OUTDIV2_DIV2
    368          #elif(SIM_OUTDIV2 == 3)
    369          	#define SIM_OUTDIVIDER2                          SIM_PRE_OUTDIV2_DIV3
    370          #elif(SIM_OUTDIV2 == 4)
    371          	#define SIM_OUTDIVIDER2                          SIM_PRE_OUTDIV2_DIV4
    372          #elif(SIM_OUTDIV2 == 5)
    373          	#define SIM_OUTDIVIDER2                          SIM_PRE_OUTDIV2_DIV5
    374          #elif(SIM_OUTDIV2 == 6)
    375          	#define SIM_OUTDIVIDER2                          SIM_PRE_OUTDIV2_DIV6
    376          #elif(SIM_OUTDIV2 == 7)
    377          	#define SIM_OUTDIVIDER2                          SIM_PRE_OUTDIV2_DIV7
    378          #elif(SIM_OUTDIV2 == 8)
    379          	#define SIM_OUTDIVIDER2                          SIM_PRE_OUTDIV2_DIV8
    380          #elif(SIM_OUTDIV2 == 9)
    381          	#define SIM_OUTDIVIDER2                          SIM_PRE_OUTDIV2_DIV9
    382          #elif(SIM_OUTDIV2 == 10)
    383          	#define SIM_OUTDIVIDER2                          SIM_PRE_OUTDIV2_DIV10
    384          #elif(SIM_OUTDIV2 == 11)
    385          	#define SIM_OUTDIVIDER2                          SIM_PRE_OUTDIV2_DIV11
    386          #elif(SIM_OUTDIV2 == 12)
    387          	#define SIM_OUTDIVIDER2                          SIM_PRE_OUTDIV2_DIV12
    388          #elif(SIM_OUTDIV2 == 13)
    389          	#define SIM_OUTDIVIDER2                          SIM_PRE_OUTDIV2_DIV13
    390          #elif(SIM_OUTDIV2 == 14)
    391          	#define SIM_OUTDIVIDER2                          SIM_PRE_OUTDIV2_DIV14
    392          #elif(SIM_OUTDIV2 == 15)
    393          	#define SIM_OUTDIVIDER2                          SIM_PRE_OUTDIV2_DIV15
    394          #else
    395          	#error : "SIM OUTDIV2 macro value should be either 0,1..... 15  in the Micro_prm.h file"
    396          #endif
    397          
    398          
    399          //SIM_OUTDIV1 Clock 3 output divider value : divide value for the FlexBus clock from MCGOUTCLK.
    400          #if(SIM_OUTDIV3 == 0)
    401          	#define SIM_OUTDIVIDER3                          SIM_PRE_OUTDIV3_DIV0
    402          #elif(SIM_OUTDIV3 == 1)
    403          	#define SIM_OUTDIVIDER3                          SIM_PRE_OUTDIV3_DIV1
    404          #elif(SIM_OUTDIV3 == 2)
    405          	#define SIM_OUTDIVIDER3                          SIM_PRE_OUTDIV3_DIV2
    406          #elif(SIM_OUTDIV3 == 3)
    407          	#define SIM_OUTDIVIDER3                          SIM_PRE_OUTDIV3_DIV3
    408          #elif(SIM_OUTDIV3 == 4)
    409          	#define SIM_OUTDIVIDER3                          SIM_PRE_OUTDIV3_DIV4
    410          #elif(SIM_OUTDIV3 == 5)
    411          	#define SIM_OUTDIVIDER3                          SIM_PRE_OUTDIV3_DIV5
    412          #elif(SIM_OUTDIV3 == 6)
    413          	#define SIM_OUTDIVIDER3                          SIM_PRE_OUTDIV3_DIV6
    414          #elif(SIM_OUTDIV3 == 7)
    415          	#define SIM_OUTDIVIDER3                          SIM_PRE_OUTDIV3_DIV7
    416          #elif(SIM_OUTDIV3 == 8)
    417          	#define SIM_OUTDIVIDER3                          SIM_PRE_OUTDIV3_DIV8
    418          #elif(SIM_OUTDIV3 == 9)
    419          	#define SIM_OUTDIVIDER3                          SIM_PRE_OUTDIV3_DIV9
    420          #elif(SIM_OUTDIV3 == 10)
    421          	#define SIM_OUTDIVIDER3                          SIM_PRE_OUTDIV3_DIV10
    422          #elif(SIM_OUTDIV3 == 11)
    423          	#define SIM_OUTDIVIDER3                          SIM_PRE_OUTDIV3_DIV11
    424          #elif(SIM_OUTDIV3 == 12)
    425          	#define SIM_OUTDIVIDER3                          SIM_PRE_OUTDIV3_DIV12
    426          #elif(SIM_OUTDIV3 == 13)
    427          	#define SIM_OUTDIVIDER3                          SIM_PRE_OUTDIV3_DIV13
    428          #elif(SIM_OUTDIV3 == 14)
    429          	#define SIM_OUTDIVIDER3                          SIM_PRE_OUTDIV3_DIV14
    430          #elif(SIM_OUTDIV3 == 15)
    431          	#define SIM_OUTDIVIDER3                          SIM_PRE_OUTDIV3_DIV15
    432          #else
    433          	#error : "SIM OUTDIV3 macro value should be either 0,1..... 15  in the Micro_prm.h file"
    434          #endif
    435          
    436          
    437          //SIM_OUTDIV1 Clock 1 output divider value : divide value for the Flash clock from MCGOUTCLK.
    438          #if(SIM_OUTDIV4 == 0)
    439          	#define SIM_OUTDIVIDER4                          SIM_PRE_OUTDIV4_DIV0
    440          #elif(SIM_OUTDIV4 == 1)
    441          	#define SIM_OUTDIVIDER4                          SIM_PRE_OUTDIV4_DIV1
    442          #elif(SIM_OUTDIV4 == 2)
    443          	#define SIM_OUTDIVIDER4                          SIM_PRE_OUTDIV4_DIV2
    444          #elif(SIM_OUTDIV4 == 3)
    445          	#define SIM_OUTDIVIDER4                          SIM_PRE_OUTDIV4_DIV3
    446          #elif(SIM_OUTDIV4 == 4)
    447          	#define SIM_OUTDIVIDER4                          SIM_PRE_OUTDIV4_DIV4
    448          #elif(SIM_OUTDIV4 == 5)
    449          	#define SIM_OUTDIVIDER4                          SIM_PRE_OUTDIV4_DIV5
    450          #elif(SIM_OUTDIV4 == 6)
    451          	#define SIM_OUTDIVIDER4                          SIM_PRE_OUTDIV4_DIV6
    452          #elif(SIM_OUTDIV4 == 7)
    453          	#define SIM_OUTDIVIDER4                          SIM_PRE_OUTDIV4_DIV7
    454          #elif(SIM_OUTDIV4 == 8)
    455          	#define SIM_OUTDIVIDER4                          SIM_PRE_OUTDIV4_DIV8
    456          #elif(SIM_OUTDIV4 == 9)
    457          	#define SIM_OUTDIVIDER4                          SIM_PRE_OUTDIV4_DIV9
    458          #elif(SIM_OUTDIV4 == 10)
    459          	#define SIM_OUTDIVIDER4                          SIM_PRE_OUTDIV4_DIV10
    460          #elif(SIM_OUTDIV4 == 11)
    461          	#define SIM_OUTDIVIDER4                          SIM_PRE_OUTDIV4_DIV11
    462          #elif(SIM_OUTDIV4 == 12)
    463          	#define SIM_OUTDIVIDER4                          SIM_PRE_OUTDIV4_DIV12
    464          #elif(SIM_OUTDIV4 == 13)
    465          	#define SIM_OUTDIVIDER4                          SIM_PRE_OUTDIV4_DIV13
    466          #elif(SIM_OUTDIV4 == 14)
    467          	#define SIM_OUTDIVIDER4                          SIM_PRE_OUTDIV4_DIV14
    468          #elif(SIM_OUTDIV4 == 15)
    469          	#define SIM_OUTDIVIDER4                          SIM_PRE_OUTDIV4_DIV15
    470          #else
    471          	#error : "SIM OUTDIV4 macro value should be either 0,1..... 15  in the Micro_prm.h file"
    472          #endif
    473          
    474          #if(DCO_RANGE == 0)
    475          	#define DCO_FREQUENCY								24000000
    476          #elif (DCO_RANGE == 1)
    477          	#define DCO_FREQUENCY								48000000
    478          #elif (DCO_RANGE == 2)
    479          	#define DCO_FREQUENCY								72000000
    480          #elif (DCO_RANGE == 3)
    481          	#define DCO_FREQUENCY								96000000
    482          #else
    483          	#error : "DCO_FREQUENCY macro value should be either 0,1,2 or 3  in the Micro_prm.h file"
    484          #endif
    485          
    486          #if(DCO_RANGE_INT == 0)
    487              #define DCO_FREQUENCY_INT                               24000000
    488          #elif (DCO_RANGE_INT == 1)
    489              #define DCO_FREQUENCY_INT                               48000000
    490          #elif (DCO_RANGE_INT == 2)
    491              #define DCO_FREQUENCY_INT                               72000000
    492          #elif (DCO_RANGE_INT == 3)
    493              #define DCO_FREQUENCY_INT                               96000000
    494          #else
    495              #error : "DCO_FREQUENCY_INT macro value should be either 0,1,2 or 3  in the Micro_prm.h file"
    496          #endif
    497          
    498          // Low voltage detector
    499          #ifndef LOW_VOLTAGE_MONITOR_FEATURE
    500              #define LOW_VOLTAGE_MONITOR_FEATURE        DISABLED
    501          #endif
    502          
    503          #if (LOW_VOLTAGE_MONITOR_FEATURE == ENABLED)
    504              #ifndef LOW_VOLTAGE_LEVEL
    505           //       #error:"LOW_VOLTAGE_LEVEL macro must be defined in the Micro_prm.h file"
    506              #else
    507                  #if LOW_VOLTAGE_LEVEL > 7
    508                      #error:"LOW_VOLTAGE_LEVEL macro value must be within 0 to 3  and should be defined in the Micro_prm.h file"
    509                  #endif
    510              #endif
    511          #ifndef CLOCK_OUT
    512          	#define CLOCK_OUT 				DISABLED
    513          #endif
    514              // PVD(Programmable Voltage detector) interrupt priority
    515              #ifndef PVD_PREEMPTION_PRIORITY
    516                  #define PVD_PREEMPTION_PRIORITY     3  //The PVD(Programmable Voltage detector) is in interrupt group 0 having highest priority
    517              #elif (PVD_PREEMPTION_PRIORITY > 3)
    518                  #error:"PVD_PREEMPTION_PRIORITY macro value must be either 0,1,2,3"
    519              #endif
    520          
    521          	#ifndef PVD_PREEMPTION_SUB_PRIORITY
    522          		#define PVD_PREEMPTION_SUB_PRIORITY     3  //The PVD(Programmable Voltage detector) is in interrupt group 0 having highest priority
    523          	#elif (PVD_PREEMPTION_SUB_PRIORITY > 3)
    524          		#error:"PVD_PREEMPTION_PRIORITY macro value must be either 0,1,2,3"
    525          	#endif
    526          #endif
    527          
    528          

   \                                 In section .rodata, align 4, keep-with-next
    529          static const uint8 MICRO_ID[] = {'M','K','V','3','x'};
   \                     MICRO_ID:
   \   00000000   0x4D 0x4B          DC8 77, 75, 86, 51, 120, 0, 0, 0
   \              0x56 0x33    
   \              0x78 0x00    
   \              0x00 0x00    

   \                                 In section .text, align 4, keep-with-next
    530          static const MICRO_ID_TYPE MICRO_CPU_IDENTIFICATION = {(uint8 *)MICRO_ID,5};
   \                     MICRO_CPU_IDENTIFICATION:
   \   00000000   0x........         DC32 MICRO_ID
   \   00000004   0x05 0x00          DC8 5, 0, 0, 0
   \              0x00 0x00    
    531          
    532          #define MICRO_FLASH_SIZE()                  (5822)
    533          #define MICRO_RAM_SIZE()                    (16)
    534          #define MICRO_CPU_ID()                      ((MICRO_ID_TYPE * )(&MICRO_CPU_IDENTIFICATION))
    535          #define MICRO_BOOT_SEQUENCE_1               3
    536          #define MICRO_BOOT_SEQUENCE_2               5
    537          #define MICRO_BOOT_SEQUENCE_3               11
    538          
    539          //---------------------------------------------------------------------------------------------------------------------
    540          /**
    541           * List all the generic structures, variable, private function prototype
    542           */
    543          #ifndef MICRO_SRPOWERMGR_FEATURE
    544              #define MICRO_SRPOWERMGR_FEATURE    DISABLED
    545          #endif
    546          
    547          #if (MICRO_SRPOWERMGR_FEATURE == ENABLED)
    548              #include "SRPowerMgr.h"
    549          #endif
    550          
    551          #define MICRO_RESETINFO_STRING_SIZE             44
    552          
    553          PACKED typedef struct
                        ^
Remark[Pe082]: storage class is not first
    554          {
    555              uint8 Header[MICRO_RESETINFO_STRING_SIZE];
    556              MICRO_LAST_RESET_TYPE Reset;
    557              MICRO_LAST_RESET_TYPE Actual_Reset;
    558              MICRO_RESET_MODE_TYPE Mode;
    559              MICRO_WARM_RESET_ACTION_TYPE Warm_Reset_Actions;
    560              BOOL_TYPE Force_Cold_Reset;
    561              uint8 Warm_Reset_Count;
    562              //This variable shall always be at the end of the structure
    563              uint8 Crc8_Data_Integrator;
    564          }MICRO_RESET_INFO_HEADER_TYPE;
    565          
    566          //! Holds the Clock status

   \                                 In section .bss, align 4
    567          static MICRO_CLOCK_DEF  Micro_ClocksStatus;
   \                     Micro_ClocksStatus:
   \   00000000                      DS8 24
    568          

   \                                 In section .text, align 4, keep-with-next
    569          const uint8 MICRO_RESETINFO_HEADER[MICRO_RESETINFO_STRING_SIZE] =      {"Dream is not the thing you see in sleep but"};
   \                     MICRO_RESETINFO_HEADER:
   \   00000000   0x44 0x72          DC8 "Dream is not the thing you see in sleep but"
   \              0x65 0x61    
   \              0x6D 0x20    
   \              0x69 0x73    
   \              0x20 0x6E    
   \              0x6F 0x74    
   \              0x20 0x74    
   \              0x68 0x65    
   \              0x20 0x74    
   \              0x68 0x69    
   \              0x6E 0x67    
   \              0x20 0x79    
   \              0x6F 0x75    
   \              0x20 0x73    
   \              0x65 0x65    
   \              0x20 0x69    
   \              0x6E 0x20    
   \              0x73 0x6C    
   \              0x65 0x65    
   \              0x70 0x20    
   \              0x62 0x75    
   \              0x74 0x00    

   \                                 In section .text, align 4, keep-with-next
    570          const uint8 MICRO_RESETINFO_FOOTER[MICRO_RESETINFO_STRING_SIZE] =      {"it is that thing that doesn't let you sleep"};
   \                     MICRO_RESETINFO_FOOTER:
   \   00000000   0x69 0x74          DC8 "it is that thing that doesn't let you sleep"
   \              0x20 0x69    
   \              0x73 0x20    
   \              0x74 0x68    
   \              0x61 0x74    
   \              0x20 0x74    
   \              0x68 0x69    
   \              0x6E 0x67    
   \              0x20 0x74    
   \              0x68 0x61    
   \              0x74 0x20    
   \              0x64 0x6F    
   \              0x65 0x73    
   \              0x6E 0x27    
   \              0x74 0x20    
   \              0x6C 0x65    
   \              0x74 0x20    
   \              0x79 0x6F    
   \              0x75 0x20    
   \              0x73 0x6C    
   \              0x65 0x65    
   \              0x70 0x00    
    571          
    572          #pragma location = ".RESET_INFO_HEADER"

   \                                 In section .RESET_INFO_HEADER, align 4
    573          static NO_INIT MICRO_RESET_INFO_HEADER_TYPE Micro_ResetInfo;
   \                     Micro_ResetInfo:
   \   00000000                      DS8 52
    574          
    575          #pragma location = ".RESET_INFO_FOOTER"

   \                                 In section .RESET_INFO_FOOTER, align 4
    576          static NO_INIT uint8 Micro_ResetInfo_Footer[MICRO_RESETINFO_STRING_SIZE];
   \                     Micro_ResetInfo_Footer:
   \   00000000                      DS8 44
    577          
    578          //=====================================================================================================================
    579          //! ClassB Related
    580          //=====================================================================================================================
    581          
    582          #define MICRO_RESETINFO_CLASSB_DATA_FROM      ((uint8 *)&Micro_ResetInfo.Reset)
    583          #define MICRO_RESETINFO_CLASSB_DATA_SIZE      (sizeof(Micro_ResetInfo) - MICRO_RESETINFO_STRING_SIZE - 1)       // -1 to exclude the Crc location
    584          
    585          //! Stack test patterns
    586          #define STACK_TEST_PATTERN                    0x55
    587          #define STACK_TEST_PATTERN_INV                0xAA
    588          #define STACK_TEST_BKD                        0x00
    589          #define STACK_TEST_BKD_INV                    0xFF
    590          
    591          //"Whirlpool100Year"
    592          #define STACK_TEST_PATTERN1                 0x72696857
    593          #define STACK_TEST_PATTERN2                 0x6F6F706C
    594          #define STACK_TEST_PATTERN3                 0x3030316C
    595          #define STACK_TEST_PATTERN4                 0x72616559
    596          
    597          //"EES Organization"
    598          #define STACK_TEST_PATTERN5                 0x20534545
    599          #define STACK_TEST_PATTERN6                 0x6167724F
    600          #define STACK_TEST_PATTERN7                 0x617A696E
    601          #define STACK_TEST_PATTERN8                 0x6E6F6974
    602          
    603          
    604          #ifndef MICRO_CALLBACK_BEFORE_WATCHDOG_INIT
    605              #define MICRO_CALLBACK_BEFORE_WATCHDOG_INIT()
    606          #endif
    607          
    608          #define MICRO_BOOT_SEQUENCE_1               3
    609          #define MICRO_BOOT_SEQUENCE_2               5
    610          #define MICRO_BOOT_SEQUENCE_3               11
    611          
    612          #define RUN_TIME_STACK_TEST_TRUE              0x00000080
    613          #define RUN_TIME_STACK_TEST_COUNT_MASK        0x0000007F
    614          #define RUN_TIME_STACK_TEST_PROP_MASK         0x000000FF
    615          
    616          #ifndef MICRO_WARM_RESET_COUNTER_LIMIT
    617              #define MICRO_WARM_RESET_COUNTER_LIMIT  20
    618          #endif
    619          
    620          // Below symbols are exported from the linker file (config.icf)
    621          
    622          #pragma section = "STACK_UNDERFLOW_SIGNATURE"
    623          #pragma section = "STACK_OVERFLOW_SIGNATURE"
    624          
    625          extern uint32  __ICFEDIT_region_RAM_start__;
    626          extern uint32  __ICFEDIT_region_RAM_end__;
    627          
    628          #define MICRO_RAM_START_ADDRESS         ((uint32)&__ICFEDIT_region_RAM_start__)
    629          #define MICRO_RAM_END_ADDRESS           ((uint32)&__ICFEDIT_region_RAM_end__)
    630          
    631          #define MICRO_STACK_TEST_START_ADDRESS         ((uint32)__section_begin("STACK_OVERFLOW_SIGNATURE"))
    632          #define MICRO_STACK_TEST_END_ADDRESS           ((uint32)__section_begin("STACK_UNDERFLOW_SIGNATURE"))
    633          
    634          extern uint32  MICRO_FLASH_START;
    635          extern uint32  MICRO_FLASH_END;
    636          
    637          #define MICRO_FLASH_START_ADDRESS   ((uint32 *)&MICRO_FLASH_START)
    638          #define MICRO_FLASH_END_ADDRESS     ((uint32 *)&MICRO_FLASH_END)
    639          
    640          #ifndef MICRO_SR_FEATURE_TEST
    641              #define MICRO_SR_FEATURE_TEST  DISABLED
    642          #elif (MICRO_SR_FEATURE_TEST == ENABLED)
    643          
    644              /**
    645               * Ram Periodic Test
    646               */
    647          #ifndef MICRO_NUM_BYTE_FOR_RAM_CONTINUOUS_TEST
    648          //When 4 words are processed per call then time taken to detect the fault is 25.6 seconds for 1KB Stack memory.
    649                  #define MICRO_NUM_BYTE_FOR_RAM_CONTINUOUS_TEST  4
    650              #elif (MICRO_NUM_BYTE_FOR_RAM_CONTINUOUS_TEST > 127)
    651                  #error :"MICRO_NUM_BYTE_FOR_RAM_CONTINUOUS_TEST macro value should not be more than 127 bytes per call"
    652              #endif
    653          
    654              // Below symbols are exported from the linker file (config.icf)

   \                                 In section .bss, align 4
    655          uint32 *Run_Time_Stack_Pointer;
    656          uint32 *Run_Time_Stack_Pointer_Inv;
    657              /**
    658               * Flash Periodic Test
    659               *
    660               * The time taken for 1 word test is 5.9us were the system clock is 72MHz by the Inbuilt tool.
    661               * The time taken for 10 word test is 56.9us were the system clock is 72MHz by the Inbuilt tool.
    662               */
    663              #ifndef MICRO_NUM_BYTE_FOR_FLASH_CONTINUOUS_TEST
    664                  #define MICRO_NUM_BYTE_FOR_FLASH_CONTINUOUS_TEST  4
    665              #elif (MICRO_NUM_BYTE_FOR_FLASH_CONTINUOUS_TEST > 255)
    666                  #error :"MICRO_NUM_BYTE_FOR_FLASH_CONTINUOUS_TEST macro value should not be more than 255 bytes per call"
    667              #endif
    668          
    669              // crc GDM should be included if the Flash test is enabled.
    670              #ifndef CRC_H
    671                  #include "Crc16.h"
    672              #endif
    673          
    674              // symbol MICRO_FLASH_CRC created by the IELF tool, this holds the calculated CRC value on the flash memory.
    675              extern uint16 MICRO_FLASH_CRC;
    676          
    677              static uint16 Micro_Flash_Crc;
   \                     Micro_Flash_Crc:
   \   00000000                      DS8 2
   \   00000002                      DS8 2
   \                     Run_Time_Stack_Pointer:
   \   00000004                      DS8 4
   \                     Run_Time_Stack_Pointer_Inv:
   \   00000008                      DS8 4
    678              static uint32 * Micro_Flash_Crc_Pt;
   \                     Micro_Flash_Crc_Pt:
   \   0000000C                      DS8 4
    679          
    680              // Below symbols are exported from the linker file (config.icf)
    681          
    682              #define MICRO_CRC_INITIAL           0x0000
    683          #endif
    684          
    685          extern uint32 __ICFEDIT_INTERRUPT_TABLE_start__;
    686          #define NVIC_VECTTAB_FLASH           ((uint32)&__ICFEDIT_INTERRUPT_TABLE_start__)
    687          
    688          //-------------------------------------- PRIVATE (Function Prototypes) ------------------------------------------------
    689          static void MicroGetClocksStatus(void);
    690          static void MicroHWInit(void);
    691          static void MicroInitClk(void);
    692          static void MicroInitClkLowSpeed(void);
    693          static MICRO_LAST_RESET_TYPE MicroReadActualReset(void);
    694          static void MicroWatchdogDisable(void);
    695          #if (MICRO_SR_FEATURE_TEST == ENABLED)
    696          	static void MicroBootWatchdogTest(void);
    697          #endif
    698          
    699          static void MicroResetHandling(void);
    700          static void MicroClearResetData(void);
    701          static void MicroSetRamSignature(void);
    702          static BOOL_TYPE MicroIsResetSignatureValid(void);
    703          static void MicroValidateResetInfoDataCrc(void);
    704          static void MicroUpdateResetInfoDataCrc(void);
    705          
    706          #if (MICRO_SR_FEATURE_TEST == ENABLED)
    707              static void MicroBootFlashTest(void);
    708              static void MicroFailSafe(void);
    709          #endif
    710          // After boot test __iar_program_start which calls the void main(void)
    711          extern void __iar_program_start( void );
    712          
    713          //Create a lib_init() function, for the C initialization. This function will copy the initial values for
    714          //static and global initialized variables from ROM to RAM, and initialize zero-initialized data to 0
    715          #ifndef RAM_DATA_INITIALIZE
    716              extern void __iar_data_init3(void);
    717              #define RAM_DATA_INITIALIZE()   __iar_data_init3()
    718          #endif
    719          
    720          extern void main(void);
    721          
    722          #define MICRO_BOOTTEST_WDTINIT()                      Micro__ConfigureWDT()
    723          #define MICRO_BOOTTEST_MICROHWINIT()                  MicroHWInit()
    724          #define MICRO_BOOTTEST_RAMTEST()                      __BootTimeRamTest()
    725          #define MICRO_BOOTTEST_REGTEST()                      __StartupRegisterTest()
    726          #define MICRO_BOOTTEST_FLASHTEST()                    MicroBootFlashTest()
    727          #define MICRO_BOOTTEST_WDTEST()                       MicroBootWatchdogTest()
    728          #define MICRO_BOOTTEST_CLKINIT()                      MicroInitClkLowSpeed()
    729          #define MICRO_RUNTIME_REGISTER_TEST()                 __RunRegisterTest()
    730          
    731          //=====================================================================================================================
    732          //-------------------------------------- Public Functions -------------------------------------------------------------
    733          //=====================================================================================================================
    734          //---------------------------------------------------------------------------------------------------------------------
    735          /**
    736           *    @brief    This method initializes the Micro module
    737           *    @details  This method is used to initialize clock, Nested Vectored Interrupt (NVIC) and
    738           *              window watchdog configuration. It should be called prior to any other application method is called
    739           *              since it initializes micro module.
    740           *
    741           *              The Gpio module must be re-initialized if the SRMicro__Initialize() is called in the middle
    742           *              of the Application code.
    743           */

   \                                 In section .text, align 2, keep-with-next
    744          void Micro__Initialize(void)
    745          {
   \                     Micro__Initialize: (+1)
   \   00000000   0xE92D 0x43F0      PUSH     {R4-R9,LR}
   \   00000004   0xB081             SUB      SP,SP,#+4
    746          	uint8 index;
    747          
    748          	#if (MICRO_SR_FEATURE_TEST == ENABLED)
    749          		uint32 * pt_stack_overflow_test;
                 		         ^
Warning[Pe177]: variable "pt_stack_overflow_test" was declared but never
          referenced
    750          		uint32 * pt_stack_underflow_test;
                 		         ^
Warning[Pe177]: variable "pt_stack_underflow_test" was declared but never
          referenced
    751          	#endif
    752          
    753              SR_MICRO_INITIALIZE_FLOW_BEGIN()
   \   00000006   0x2000             MOVS     R0,#+0
   \   00000008   0x.... 0x....      BL       SRFlow__InitLogEvent
    754          	index = 0;
    755          
    756          //	MicroWatchdogDisable();								//Disable Watchdog          -- For every reset By default Watchdog is enabled
    757          
    758          	Micro__ConfigureWDT();
   \   0000000C   0x.... 0x....      LDR.W    R4,??DataTable25  ;; 0x40052000
   \   00000010   0xF24C 0x5020      MOVW     R0,#+50464
   \   00000014   0x81E0             STRH     R0,[R4, #+14]
   \   00000016   0xF64D 0x1128      MOVW     R1,#+55592
   \   0000001A   0x81E1             STRH     R1,[R4, #+14]
   \   0000001C   0xF240 0x1211      MOVW     R2,#+273
   \   00000020   0x8022             STRH     R2,[R4, #+0]
   \   00000022   0x2200             MOVS     R2,#+0
   \   00000024   0x82E2             STRH     R2,[R4, #+22]
   \   00000026   0x8122             STRH     R2,[R4, #+8]
   \   00000028   0x8162             STRH     R2,[R4, #+10]
   \   0000002A   0x80A2             STRH     R2,[R4, #+4]
   \   0000002C   0xF44F 0x72FA      MOV      R2,#+500
   \   00000030   0x80E2             STRH     R2,[R4, #+6]
   \   00000032   0xF3EF 0x8210      MRS      R2,PRIMASK
   \   00000036   0xB672             CPSID    I
   \   00000038   0xF24A 0x6502      MOVW     R5,#+42498
   \   0000003C   0x81A5             STRH     R5,[R4, #+12]
   \   0000003E   0xF24B 0x4680      MOVW     R6,#+46208
   \   00000042   0x81A6             STRH     R6,[R4, #+12]
   \   00000044   0xF382 0x8810      MSR      PRIMASK,R2
    759          
    760              MicroHWInit();
   \   00000048   0x81E0             STRH     R0,[R4, #+14]
   \   0000004A   0x81E1             STRH     R1,[R4, #+14]
   \   0000004C   0xF64F 0x71FE      MOVW     R1,#+65534
   \   00000050   0x8820             LDRH     R0,[R4, #+0]
   \   00000052   0x.... 0x....      LDR.W    R9,??DataTable26  ;; 0xe000e010
   \   00000056   0x.... 0x....      LDR.W    R8,??DataTable26_1  ;; 0xe000e400
   \   0000005A   0x4008             ANDS     R0,R1,R0
   \   0000005C   0x8020             STRH     R0,[R4, #+0]
   \   0000005E   0xF8D9 0x0000      LDR      R0,[R9, #+0]
   \   00000062   0x0840             LSRS     R0,R0,#+1
   \   00000064   0x0040             LSLS     R0,R0,#+1
   \   00000066   0xF8C9 0x0000      STR      R0,[R9, #+0]
   \   0000006A   0xF8D8 0x0988      LDR      R0,[R8, #+2440]
   \   0000006E   0xF440 0x0070      ORR      R0,R0,#0xF00000
   \   00000072   0xF8C8 0x0988      STR      R0,[R8, #+2440]
   \   00000076   0xB672             CPSID    I
    761          
    762          	RCM.SSRS0 |= RCM_SSRS0_SWDOG_MASK;							//Clear Watchdog Timeout flag
   \   00000078   0x.... 0x....      LDR.W    R0,??DataTable27  ;; 0x4007f008
   \   0000007C   0x7801             LDRB     R1,[R0, #+0]
   \   0000007E   0xF041 0x0120      ORR      R1,R1,#0x20
   \   00000082   0x7001             STRB     R1,[R0, #+0]
    763          
    764          	// Initialize the interrupt vectors
    765              NVIC.Disable[0] = 0xFFFFFFFF;
   \   00000084   0xF04F 0x30FF      MOV      R0,#-1
   \   00000088   0xF8C9 0x0170      STR      R0,[R9, #+368]
    766              NVIC.Clear[0] = 0xFFFFFFFF;
   \   0000008C   0xF8C9 0x0270      STR      R0,[R9, #+624]
    767          
    768              //Initializes all priorities to 0
    769              for(index = 0; index <= NVIC_INTERRUPT_PRIORITY_ARRAY; index++)
    770              {
    771                  NVIC.Priority[index] = NVIC_INTERRUPT_PRIORITY_CLEAR;
   \   00000090   0x21F1             MOVS     R1,#+241
   \   00000092   0x4640             MOV      R0,R8
   \   00000094   0x.... 0x....      BL       __aeabi_memclr4
    772              }
    773          
    774              // Priority groups configuration - 4 groups, 64 subgroups
    775              SCB.AIRCR = AIRC_VECTKEY_MASK | (0x5 << SCB_AIRCR_PRIGROUP_POS);
   \   00000098   0x.... 0x....      LDR.W    R0,??DataTable27_1  ;; 0x5fa0500
   \   0000009C   0xF8C8 0x090C      STR      R0,[R8, #+2316]
    776          
    777          	#if (CLOCK_OUT == ENABLED)									//Clock out is checked on PTC3(ALT5)
    778          		{
    779          			SIM.SOPT2 = SIM_SOPT2_CLKOUTSEL(CLKOUTSEL);			//(Pin11 of J6 connector on TERboard of KV3x)
    780          			SIM.SCGC5 |= SIM_SCGC5_PORTC_MASK;					//Enable Port C clock
    781          			PCIPORTC.PCR[3] = PORT_PCR_MUX(5);					// Set Pin C3 to ALT 5 clkout function
    782          		}
    783          	#endif
    784          
    785          	// Division by zero shall be trapped
    786          	SCB.CCR |= 0x10;
   \   000000A0   0xF8D8 0x0914      LDR      R0,[R8, #+2324]
   \   000000A4   0xF040 0x0010      ORR      R0,R0,#0x10
   \   000000A8   0xF8C8 0x0914      STR      R0,[R8, #+2324]
    787          	
    788              //Set the Vector Table base address
    789              SCB.VTOR = NVIC_VECTTAB_FLASH;
   \   000000AC   0x.... 0x....      LDR.W    R0,??DataTable27_2
   \   000000B0   0xF8C8 0x0908      STR      R0,[R8, #+2312]
    790          
    791              //Initializes the system clock
    792              MicroInitClkLowSpeed();
   \   000000B4   0x.... 0x....      BL       MicroInitClkLowSpeed
    793          
    794              // This method read the current system clock configuration and update Micro_ClocksStatus
    795              MicroGetClocksStatus();
   \   000000B8   0x.... 0x....      BL       MicroGetClocksStatus
    796          
    797              #if (MICRO_SR_FEATURE_TEST == ENABLED)
    798                  //Initialize the flash periodic test variables.
    799                  Micro_Flash_Crc = MICRO_CRC_INITIAL;
   \   000000BC   0x2100             MOVS     R1,#+0
   \   000000BE   0x.... 0x....      LDR.W    R0,??DataTable27_3
    800                  Micro_Flash_Crc_Pt = MICRO_FLASH_START_ADDRESS;
   \   000000C2   0x.... 0x....      LDR.W    R7,??DataTable27_4
   \   000000C6   0x8001             STRH     R1,[R0, #+0]
   \   000000C8   0x463A             MOV      R2,R7
   \   000000CA   0x.... 0x....      LDR.W    R1,??DataTable27_5
   \   000000CE   0x60C1             STR      R1,[R0, #+12]
   \   000000D0   0xF100 0x0108      ADD      R1,R0,#+8
   \   000000D4   0x1D00             ADDS     R0,R0,#+4
    801          
    802          	    register uint32 * pt_stack_test;
    803          	    //Initialize the Ram periodic test variables.
    804          	    SRData__UpdateLong((uint32 PACKED *)&Run_Time_Stack_Pointer, (uint32 PACKED *)&Run_Time_Stack_Pointer_Inv,MICRO_STACK_TEST_START_ADDRESS);
   \   000000D6   0x.... 0x....      BL       SRData__UpdateLong
   \   000000DA   0x.... 0x....      LDR.W    R0,??DataTable27_6
   \   000000DE   0x.... 0x....      LDR.W    R1,??DataTable27_7  ;; 0x72616559
   \   000000E2   0x60C1             STR      R1,[R0, #+12]
    805          
    806                  pt_stack_test = (uint32*)MICRO_STACK_TEST_END_ADDRESS;
    807                  pt_stack_test[3] = STACK_TEST_PATTERN4;
    808                  pt_stack_test[2] = STACK_TEST_PATTERN3;
   \   000000E4   0x.... 0x....      LDR.W    R1,??DataTable27_8  ;; 0x3030316c
   \   000000E8   0x6081             STR      R1,[R0, #+8]
    809                  pt_stack_test[1] = STACK_TEST_PATTERN2;
   \   000000EA   0x.... 0x....      LDR.W    R1,??DataTable27_9  ;; 0x6f6f706c
   \   000000EE   0x6041             STR      R1,[R0, #+4]
    810                  pt_stack_test[0] = STACK_TEST_PATTERN1;
   \   000000F0   0x.... 0x....      LDR.W    R1,??DataTable27_10  ;; 0x72696857
   \   000000F4   0x6001             STR      R1,[R0, #+0]
    811          
    812                  pt_stack_test = (uint32*)MICRO_STACK_TEST_START_ADDRESS;
    813                  pt_stack_test[0] = STACK_TEST_PATTERN5;
   \   000000F6   0x.... 0x....      LDR.W    R0,??DataTable27_11  ;; 0x20534545
   \   000000FA   0x6038             STR      R0,[R7, #+0]
    814                  pt_stack_test[1] = STACK_TEST_PATTERN6;
   \   000000FC   0x.... 0x....      LDR.W    R0,??DataTable27_12  ;; 0x6167724f
   \   00000100   0x6078             STR      R0,[R7, #+4]
    815                  pt_stack_test[2] = STACK_TEST_PATTERN7;
   \   00000102   0x.... 0x....      LDR.W    R0,??DataTable27_13  ;; 0x617a696e
   \   00000106   0x60B8             STR      R0,[R7, #+8]
    816                  pt_stack_test[3] = STACK_TEST_PATTERN8;
   \   00000108   0x.... 0x....      LDR.W    R0,??DataTable27_14  ;; 0x6e6f6974
   \   0000010C   0x60F8             STR      R0,[R7, #+12]
    817          	#endif
    818          
    819              Micro__ServiceWatchdog();
   \   0000010E   0xF3EF 0x8010      MRS      R0,PRIMASK
   \   00000112   0xB672             CPSID    I
   \   00000114   0x81A5             STRH     R5,[R4, #+12]
   \   00000116   0x81A6             STRH     R6,[R4, #+12]
   \   00000118   0xF380 0x8810      MSR      PRIMASK,R0
    820          
    821              #if(MICRO_LPTIMER_EXTCLOCKSOURCE == ENABLED)
    822          
    823                  SIM.SCGC5 |= SIM_SCGC5_LPTMR_MASK;									//Enable LPTMR module clock
   \   0000011C   0x.... 0x....      LDR.W    R0,??DataTable28  ;; 0x40048038
   \   00000120   0x6801             LDR      R1,[R0, #+0]
   \   00000122   0xF041 0x0101      ORR      R1,R1,#0x1
   \   00000126   0x6001             STR      R1,[R0, #+0]
    824                  /* Configure LPTMR */
    825                  LPTMR0.CSR = 0;
   \   00000128   0x2100             MOVS     R1,#+0
   \   0000012A   0x.... 0x....      LDR.W    R0,??DataTable33  ;; 0x40040000
   \   0000012E   0x6001             STR      R1,[R0, #+0]
    826                  LPTMR0.CMR = LPTMR_CMR_COMPARE(MICRO_LPTIMER_COMPARE_VAL); 			//Set the compare value to the number of ms to delay
   \   00000130   0x21C8             MOVS     R1,#+200
   \   00000132   0x6081             STR      R1,[R0, #+8]
    827                  LPTMR0.PSR = LPTMR_PSR_PCS(0x1) | LPTMR_PSR_PBYP_MASK; 				//Use LPO clock and bypass prescale
   \   00000134   0x2105             MOVS     R1,#+5
   \   00000136   0x6041             STR      R1,[R0, #+4]
    828                  LPTMR0.CSR |= LPTMR_CSR_TEN_MASK | LPTMR_CSR_TIE_MASK;				//Start the timer
   \   00000138   0x6801             LDR      R1,[R0, #+0]
   \   0000013A   0xF041 0x0141      ORR      R1,R1,#0x41
   \   0000013E   0x6001             STR      R1,[R0, #+0]
   \   00000140   0x2102             MOVS     R1,#+2
    829                  NVIC.Clear[1]|=0x04000000;											//Clear pending IRQ before enabling this IRQ
   \   00000142   0xF8D9 0x0274      LDR      R0,[R9, #+628]
   \   00000146   0xF040 0x6080      ORR      R0,R0,#0x4000000
   \   0000014A   0xF8C9 0x0274      STR      R0,[R9, #+628]
    830                  Micro__NVICEnableIRQ(LOW_POWER_TIMER_IRQ_CHANNEL, LPTIMER0_PREEMPTION_PRIORITY, LPTIMER0_SUB_PRIORITY);
   \   0000014E   0xF8D8 0x090C      LDR      R0,[R8, #+2316]
   \   00000152   0xF400 0x60E0      AND      R0,R0,#0x700
   \   00000156   0xF5C0 0x60E0      RSB      R0,R0,#+1792
   \   0000015A   0x0A00             LSRS     R0,R0,#+8
   \   0000015C   0xF1C0 0x0004      RSB      R0,R0,#+4
   \   00000160   0xFA01 0xF000      LSL      R0,R1,R0
   \   00000164   0x0100             LSLS     R0,R0,#+4
   \   00000166   0xF888 0x003A      STRB     R0,[R8, #+58]
   \   0000016A   0xF04F 0x6080      MOV      R0,#+67108864
   \   0000016E   0xF8C9 0x00F4      STR      R0,[R9, #+244]
    831          
    832              #endif
    833              SR_MICRO_INITIALIZE__FLOW_END()
   \   00000172   0xB001             ADD      SP,SP,#+4
   \   00000174   0xE8BD 0x43F0      POP      {R4-R9,LR}
   \   00000178   0x2001             MOVS     R0,#+1
   \   0000017A   0x.... 0x....      B.W      SRFlow__InitLogEvent
    834          }
    835          
    836          //---------------------------------------------------------------------------------------------------------------------
    837          /**
    838           *    @brief    This method makes the controller to work at low speed
    839           *    @details  The clock speed in the low power mode is depend on the clock source
    840           *
    841           *    Note - 1. The low speed clock should not be set less than 4MHz to run the Wide and time dependent Application.
    842           *           2. For the time precision application its recommend to use the External clock source during the low speed.
    843           */

   \                                 In section .text, align 2, keep-with-next
    844          void Micro__SetLowSpeedMode(void)
    845          {
   \                     Micro__SetLowSpeedMode: (+1)
   \   00000000   0xB5F0             PUSH     {R4-R7,LR}
   \   00000002   0xB081             SUB      SP,SP,#+4
    846          	uint8 temp_reg;
    847          	uint16 i;
    848          	MICRO_DECLARE_INTERRUPT_CONTEXT_LOCAL();
    849              //Save and Disable the Interrupts
    850              MICRO_SAVE_INTERRUPT_CONTEXT_LOCAL();
   \   00000004   0xF3EF 0x8410      MRS      R4,PRIMASK
   \   00000008   0xB672             CPSID    I
    851          	#if (MICRO_WATCHDOG_FEATURE == ENABLED)
    852          		SERVICE_WATCHDOG();
                 		^
Remark[Pe1348]: declaration hides variable "local_interrupt_context" (declared
          at line 848)
   \   0000000A   0xF3EF 0x8310      MRS      R3,PRIMASK
   \   0000000E   0xB672             CPSID    I
   \   00000010   0x.... 0x....      LDR.W    R0,??DataTable29  ;; 0x4005200c
   \   00000014   0xF24A 0x6102      MOVW     R1,#+42498
   \   00000018   0x8001             STRH     R1,[R0, #+0]
   \   0000001A   0xF24B 0x4280      MOVW     R2,#+46208
   \   0000001E   0x8002             STRH     R2,[R0, #+0]
   \   00000020   0xF383 0x8810      MSR      PRIMASK,R3
    853          	#endif
    854          
    855          		/* Select the desired IRC */
    856          		MCG.MCG_C2.BYTE|= MCG_C2_IRCS_MASK;
   \   00000024   0x.... 0x....      LDR.W    R3,??DataTable33_1  ;; 0x40064000
   \   00000028   0x785D             LDRB     R5,[R3, #+1]
   \   0000002A   0xF045 0x0501      ORR      R5,R5,#0x1
   \   0000002E   0x705D             STRB     R5,[R3, #+1]
    857          
    858          		temp_reg = MCG.MCG_C1.BYTE;
    859          		temp_reg &= ~MCG_C1_CLKS_MASK;							//clear CLKS
    860          		temp_reg |= MCG_C1_CLKS(1);								//select IRC as the MCG clock sourse
    861          		MCG.MCG_C1.BYTE = 1<< MCG_C1_CLKS_SHIFT;
   \   00000030   0x2540             MOVS     R5,#+64
   \   00000032   0x701D             STRB     R5,[R3, #+0]
    862          
    863          		SERVICE_WATCHDOG();
                 		^
Remark[Pe1348]: declaration hides variable "local_interrupt_context" (declared
          at line 848)
   \   00000034   0xF3EF 0x8510      MRS      R5,PRIMASK
   \   00000038   0xB672             CPSID    I
   \   0000003A   0x8001             STRH     R1,[R0, #+0]
   \   0000003C   0x8002             STRH     R2,[R0, #+0]
   \   0000003E   0xF385 0x8810      MSR      PRIMASK,R5
    864          		/* wait until internal reference switches to requested irc. */
    865          		for (i = 0; i < 2000; i++)
   \   00000042   0xF44F 0x65FA      MOV      R5,#+2000
   \   00000046   0x462E             MOV      R6,R5
    866          			{
    867          				if (!(MCG.MCG_S.BYTE & MCG_S_IRCST_MASK))
   \                     ??Micro__SetLowSpeedMode_0: (+1)
   \   00000048   0x799F             LDRB     R7,[R3, #+6]
   \   0000004A   0x07FF             LSLS     R7,R7,#+31
   \   0000004C   0xD501             BPL.N    ??Micro__SetLowSpeedMode_1
    868          					break;										//jump out early if IRCST clears before loop finishes
    869          			}
   \   0000004E   0x1E76             SUBS     R6,R6,#+1
   \   00000050   0xD1FA             BNE.N    ??Micro__SetLowSpeedMode_0
    870          
    871          		SERVICE_WATCHDOG();
                 		^
Remark[Pe1348]: declaration hides variable "local_interrupt_context" (declared
          at line 848)
   \                     ??Micro__SetLowSpeedMode_1: (+1)
   \   00000052   0xF3EF 0x8610      MRS      R6,PRIMASK
   \   00000056   0xB672             CPSID    I
   \   00000058   0x8001             STRH     R1,[R0, #+0]
   \   0000005A   0x8002             STRH     R2,[R0, #+0]
   \   0000005C   0xF386 0x8810      MSR      PRIMASK,R6
    872          		/* Wait for clock status bits to update */
    873          		for (i = 0; i < 2000; i++)
    874          		{
    875          			if (((MCG.MCG_S.BYTE & MCG_S_CLKST_MASK) >> MCG_S_CLKST_SHIFT) == 0x1)
   \                     ??Micro__SetLowSpeedMode_2: (+1)
   \   00000060   0x799E             LDRB     R6,[R3, #+6]
   \   00000062   0xF3C6 0x0681      UBFX     R6,R6,#+2,#+2
   \   00000066   0x2E01             CMP      R6,#+1
   \   00000068   0xD001             BEQ.N    ??Micro__SetLowSpeedMode_3
    876          				break;											// jump out early if CLKST shows IRC slected before loop finishes
    877          		}
   \   0000006A   0x1E6D             SUBS     R5,R5,#+1
   \   0000006C   0xD1F8             BNE.N    ??Micro__SetLowSpeedMode_2
    878          
    879          		MCG.MCG_C1.BIT.IRCLKEN = TRUE;
   \                     ??Micro__SetLowSpeedMode_3: (+1)
   \   0000006E   0x781D             LDRB     R5,[R3, #+0]
   \   00000070   0xF045 0x0502      ORR      R5,R5,#0x2
   \   00000074   0x701D             STRB     R5,[R3, #+0]
    880          		MCG.MCG_SC.BIT.FCRDIV = 0;
   \   00000076   0x7A1D             LDRB     R5,[R3, #+8]
   \   00000078   0xF005 0x05F1      AND      R5,R5,#0xF1
   \   0000007C   0x721D             STRB     R5,[R3, #+8]
    881          		MCG.MCG_C6.BYTE = 0<<MCG_C6_PLLS_SHIFT;   				//FLL is selected
   \   0000007E   0x2500             MOVS     R5,#+0
   \   00000080   0x715D             STRB     R5,[R3, #+5]
    882          
    883          		SERVICE_WATCHDOG();
                 		^
Remark[Pe1348]: declaration hides variable "local_interrupt_context" (declared
          at line 848)
   \   00000082   0xF3EF 0x8310      MRS      R3,PRIMASK
   \   00000086   0xB672             CPSID    I
   \   00000088   0x8001             STRH     R1,[R0, #+0]
   \   0000008A   0x8002             STRH     R2,[R0, #+0]
   \   0000008C   0xF383 0x8810      MSR      PRIMASK,R3
    884          		MicroGetClocksStatus();
   \   00000090   0x.... 0x....      BL       MicroGetClocksStatus
    885          		
    886          	    //Restore Interrupts
    887          	    MICRO_RESTORE_INTERRUPT_CONTEXT_LOCAL();
   \   00000094   0xF384 0x8810      MSR      PRIMASK,R4
    888          }
   \   00000098   0xB001             ADD      SP,SP,#+4
   \   0000009A   0xBDF0             POP      {R4-R7,PC}       ;; return
    889          
    890          //---------------------------------------------------------------------------------------------------------------------
    891          /**
    892           * @brief    This method configured the Low Voltage Detection if the feature is available.
    893           * @image    html SRMicro_LVD.jpg
    894           */

   \                                 In section .text, align 2, keep-with-next
    895          void Micro__ConfigureLvd(void)
    896          {
    897          	#if (LOW_VOLTAGE_MONITOR_FEATURE == ENABLED)
    898          
    899          		PMC.LVDSC1.BIT.LVDACK = 1;                      //LVWF must be clear by writing LVWACK first
   \                     Micro__ConfigureLvd: (+1)
   \   00000000   0x.... 0x....      LDR.W    R0,??DataTable32  ;; 0x4007d000
   \   00000004   0x7801             LDRB     R1,[R0, #+0]
   \   00000006   0xF041 0x0140      ORR      R1,R1,#0x40
   \   0000000A   0x7001             STRB     R1,[R0, #+0]
   \   0000000C   0x2203             MOVS     R2,#+3
    900          
    901          		//LVD interrupt operation
    902          		#if(LOW_VOLTAGE_DETECT_ACTION == ENABLED)
    903          			PMC.LVDSC1.BIT.LVDRE = TRUE;                //Forces an MCU reset when an enabled LVD event occurs
    904          			PMC.LVDSC1.BIT.LVDIE = TRUE;                //Configure interrupt i.e Low-Voltage Detect Interrupt Enable
    905          
    906          		#else
    907          			PMC.LVDSC1.BIT.LVDRE = FALSE;               //LVD events do not generate hardware resets
   \   0000000E   0x7801             LDRB     R1,[R0, #+0]
   \   00000010   0xF001 0x01EF      AND      R1,R1,#0xEF
   \   00000014   0x7001             STRB     R1,[R0, #+0]
    908          			PMC.LVDSC1.BIT.LVDIE = FALSE;               //Configure the interrupt i.e Low-voltage warning Interrupt Disable.
   \   00000016   0x7801             LDRB     R1,[R0, #+0]
   \   00000018   0xF001 0x01DF      AND      R1,R1,#0xDF
   \   0000001C   0x7001             STRB     R1,[R0, #+0]
    909          
    910          		#endif
    911          
    912          		//Configure the threshold voltage level
    913          		PMC.LVDSC1.BYTE |= PMC_LVDSC1_LVDV(LVD_LEVEL);             //Selects Low-Voltage Detect Voltage Select
   \   0000001E   0x7801             LDRB     R1,[R0, #+0]
   \   00000020   0xF041 0x0101      ORR      R1,R1,#0x1
   \   00000024   0x7001             STRB     R1,[R0, #+0]
    914          
    915          		//Low-voltage warning (LVW) interrupt operation
    916          		PMC.LVDSC2.BIT.LVWACK = 1;                      //LVWF must be clear by writing LVWACK first
   \   00000026   0x7841             LDRB     R1,[R0, #+1]
   \   00000028   0xF041 0x0140      ORR      R1,R1,#0x40
   \   0000002C   0x7041             STRB     R1,[R0, #+1]
    917          
    918          		#if(LOW_VOLTAGE_WARNING_ACTION == ENABLED)
    919          			PMC.LVDSC1.BIT.LVWIE = TRUE;                //Enables hardware interrupt requests for LVWF.
    920          
    921          		#else
    922          			PMC.LVDSC2.BIT.LVWIE = FALSE;               //Enables hardware interrupt requests for LVWF.
   \   0000002E   0x7841             LDRB     R1,[R0, #+1]
   \   00000030   0xF001 0x01DF      AND      R1,R1,#0xDF
   \   00000034   0x7041             STRB     R1,[R0, #+1]
    923          
    924          		#endif
    925          
    926          
    927          
    928          		//Configure the threshold voltage level
    929          		PMC.LVDSC2.BYTE |= PMC_LVDSC2_LVWV(LVW_LEVEL);             //Selects Low-Voltage Warning Voltage Select
   \   00000036   0x7841             LDRB     R1,[R0, #+1]
   \   00000038   0xF041 0x0101      ORR      R1,R1,#0x1
   \   0000003C   0x7041             STRB     R1,[R0, #+1]
    930          //
    931          //		//Enable the voltage detector - This filed can be written only one time after resets additional writes are ignored
    932          //		PMC.SPMSC1.BIT.LVDE = TRUE;			            //Enabled LVD logic
    933          //
    934          //		PMC.SPMSC1.BIT.LVDSE = FALSE;
    935          
    936          		Micro__NVICEnableIRQ(LVD_LVW_IRQ_CHANNEL,PVD_PREEMPTION_PRIORITY,PVD_PREEMPTION_SUB_PRIORITY);
   \   0000003E   0x.... 0x....      LDR.W    R0,??DataTable33_2  ;; 0xe000e100
   \   00000042   0xF8D0 0x1C0C      LDR      R1,[R0, #+3084]
   \   00000046   0xF401 0x61E0      AND      R1,R1,#0x700
   \   0000004A   0xF5C1 0x61E0      RSB      R1,R1,#+1792
   \   0000004E   0x0A09             LSRS     R1,R1,#+8
   \   00000050   0xF1C1 0x0304      RSB      R3,R1,#+4
   \   00000054   0x409A             LSLS     R2,R2,R3
   \   00000056   0x230F             MOVS     R3,#+15
   \   00000058   0xFA23 0xF101      LSR      R1,R3,R1
   \   0000005C   0xF001 0x0103      AND      R1,R1,#0x3
   \   00000060   0x4311             ORRS     R1,R1,R2
   \   00000062   0x0109             LSLS     R1,R1,#+4
   \   00000064   0xF880 0x1314      STRB     R1,[R0, #+788]
   \   00000068   0xF44F 0x1180      MOV      R1,#+1048576
   \   0000006C   0x6001             STR      R1,[R0, #+0]
    937          
    938          	#else
    939          
    940          //		PMC.SPMSC1.BIT.LVDE = FALSE;			        //Disable the voltage detector
    941                                                                  //This filed can be written only one time after resets additional writes are ignored
    942          	#endif
    943          }
   \   0000006E   0x4770             BX       LR               ;; return
    944          
    945          //---------------------------------------------------------------------------------------------------------------------
    946          /**
    947           * @brief This method should be called from the Low Voltage detection interrupt handle which is application specific.
    948           *        This function only clear the register related to the interruption if need.
    949           *        This is not the handler for the interrupt, this code should be managed by the Application specific code which knows
    950           *        what must be done during the LVD ISR.
    951           */

   \                                 In section .text, align 2, keep-with-next
    952          void Micro__ClearLvdIsrRegisters(void)
    953          {
    954              #if (LOW_VOLTAGE_MONITOR_FEATURE == ENABLED)
    955                      PMC.LVDSC2.BIT.LVWACK = 1;
   \                     Micro__ClearLvdIsrRegisters: (+1)
   \   00000000   0x.... 0x....      LDR.W    R0,??DataTable33_3  ;; 0x4007d001
   \   00000004   0x7801             LDRB     R1,[R0, #+0]
   \   00000006   0xF041 0x0140      ORR      R1,R1,#0x40
   \   0000000A   0x7001             STRB     R1,[R0, #+0]
    956              #endif
    957          }
   \   0000000C   0x4770             BX       LR               ;; return
    958          
    959          //---------------------------------------------------------------------------------------------------------------------
    960          /**
    961           * @brief This method returns the current status of the LVD.
    962           *
    963           *    @return   MICRO_LVD_STATUS_TYPE :
    964           *               MICRO_LVD_DISABLED              - If the LVD is disabled
    965           *               MICRO_LVD_ENABLED_NOT_DETECTING - The LVD is enabled and low voltage threshold condition not happened
    966           *               MICRO_LVD_ENABLED_DETECTING     - The LVD is enabled and low voltage threshold condition is occured
    967           */

   \                                 In section .text, align 2, keep-with-next
    968          MICRO_LVD_STATUS_TYPE  Micro__GetLvdStatus(void)
    969          {
    970              MICRO_LVD_STATUS_TYPE lvdreturn;
    971          
    972              lvdreturn = MICRO_LVD_DISABLED;
    973          
    974              #if (LOW_VOLTAGE_MONITOR_FEATURE == ENABLED)
    975                  if(PMC.LVDSC1.BIT.LVDRE == TRUE)
   \                     Micro__GetLvdStatus: (+1)
   \   00000000   0x.... 0x....      LDR.W    R0,??DataTable32  ;; 0x4007d000
   \   00000004   0x7800             LDRB     R0,[R0, #+0]
   \   00000006   0xF3C0 0x1000      UBFX     R0,R0,#+4,#+1
   \   0000000A   0xB108             CBZ.N    R0,??Micro__GetLvdStatus_0
    976                  {
    977                      lvdreturn = MICRO_LVD_ENABLED_DETECTING;
   \   0000000C   0x2002             MOVS     R0,#+2
   \   0000000E   0x4770             BX       LR
    978                  }
    979                  else
    980                  {
    981                      lvdreturn = MICRO_LVD_ENABLED_NOT_DETECTING;
   \                     ??Micro__GetLvdStatus_0: (+1)
   \   00000010   0x2001             MOVS     R0,#+1
    982                  }
    983              #endif
    984          
    985              return (lvdreturn);
   \   00000012   0x4770             BX       LR               ;; return
    986          
    987          }
    988          
    989          //---------------------------------------------------------------------------------------------------------------------
    990          /**
    991           *    @brief    This function enables and sets priority for a device specific interrupt in the NVIC interrupt controller.
    992           *    @details
    993           *    @param	irqchnl		: Defines the IRQ Channel number should be from the "IRQ_CHANNEL_TYPE" enum list.
    994           *    @param	priority	: Should range from 0 to 3.
    995           *    						  0 is the Highest priority and 3 is the lowest priority.
    996           *
    997           *    Note: The priority cannot be set for every core interrupt.
    998           */

   \                                 In section .text, align 2, keep-with-next
    999          void Micro__NVICEnableIRQ(IRQ_CHANNEL_TYPE irqchnl, uint8 premption_priority, uint8 sub_priority)
   1000          {
   1001              uint32 tmppriority;
   1002              uint32 tmppre;
   1003              uint32 tmpsub;
   1004          
   1005              tmppriority = 0x00;
   1006              tmppre = 0x00;
   1007              tmpsub = 0x0F;
   1008          
   1009              //if (irqchnl != INVALID_IRQ_CHANNEL)
   1010              {
   1011              //Compute the Corresponding IRQ Priority --------------------------------
   1012              tmppriority = (0x700 - ((SCB.AIRCR) & (uint32)0x700))>> 0x08;
   \                     Micro__NVICEnableIRQ: (+1)
   \   00000000   0x.... 0x....      LDR.W    R3,??DataTable33_4  ;; 0xe000ed0c
   \   00000004   0x681B             LDR      R3,[R3, #+0]
   \   00000006   0xF403 0x63E0      AND      R3,R3,#0x700
   \   0000000A   0xF5C3 0x63E0      RSB      R3,R3,#+1792
   \   0000000E   0x0A1B             LSRS     R3,R3,#+8
   1013              tmppre = (0x4 - tmppriority);
   1014              tmpsub = tmpsub >> tmppriority;
   1015          
   1016              tmppriority = (uint32)(premption_priority << tmppre);
   1017              tmppriority |=  sub_priority & tmpsub;
   1018              tmppriority = tmppriority << 0x04;
   \   00000010   0xF1C3 0x0C04      RSB      R12,R3,#+4
   \   00000014   0xFA01 0xF10C      LSL      R1,R1,R12
   \   00000018   0xF04F 0x0C0F      MOV      R12,#+15
   \   0000001C   0xFA2C 0xF303      LSR      R3,R12,R3
   \   00000020   0x401A             ANDS     R2,R3,R2
   \   00000022   0x4311             ORRS     R1,R2,R1
   \   00000024   0x0109             LSLS     R1,R1,#+4
   1019          
   1020          	if(irqchnl < 0)
   \   00000026   0x0002             MOVS     R2,R0
   \   00000028   0xD507             BPL.N    ??Micro__NVICEnableIRQ_0
   1021          	{
   1022          	    SCB.SHP[((uint32)(irqchnl) & 0xF)-4] = tmppriority;
   \   0000002A   0x.... 0x....      LDR.W    R0,??DataTable33_5  ;; 0xe000ed18
   \   0000002E   0xF002 0x020F      AND      R2,R2,#0xF
   \   00000032   0x1810             ADDS     R0,R2,R0
   \   00000034   0xF800 0x1C04      STRB     R1,[R0, #-4]
   \   00000038   0x4770             BX       LR
   1023          	}
   \                     ??Micro__NVICEnableIRQ_0: (+1)
   \   0000003A   0x0952             LSRS     R2,R2,#+5
   1024          	else
   1025          	{
   1026          	    NVIC.Priority[(uint32)(irqchnl)] = tmppriority;
   \   0000003C   0x.... 0x....      LDR.W    R12,??DataTable26_1  ;; 0xe000e400
   \   00000040   0xF800 0x100C      STRB     R1,[R0, R12]
   1027          
   1028          	    // Enable the Selected IRQ Channels --------------------------------------
   1029                  NVIC.Enable[(uint32)((uint32)irqchnl) >> 5] = (uint32)(1 << ((uint32)((uint32)irqchnl) & (uint32)0x1F));
   \   00000044   0xF000 0x001F      AND      R0,R0,#0x1F
   \   00000048   0x2101             MOVS     R1,#+1
   \   0000004A   0xFA01 0xF000      LSL      R0,R1,R0
   \   0000004E   0x.... 0x....      LDR.W    R1,??DataTable33_2  ;; 0xe000e100
   \   00000052   0xF841 0x0022      STR      R0,[R1, R2, LSL #+2]
   1030          	}
   1031          	}
   1032          }
   \   00000056   0x4770             BX       LR               ;; return
   1033          
   1034          //---------------------------------------------------------------------------------------------------------------------
   1035          /**
   1036           *    @brief    Disable External Interrupt
   1037           *    @details	This function disables a device specific interrupt in the NVIC interrupt controller.
   1038           *    			The interrupt number cannot be a negative value.
   1039           *
   1040           *    @param	irqchnl		: Defines the IRQ Channel number should be from the "IRQ_CHANNEL_TYPE" enum list.
   1041           */

   \                                 In section .text, align 2, keep-with-next
   1042          void Micro__NVICDisableIRQ(IRQ_CHANNEL_TYPE irqchnl)
   1043          {
   1044              if(irqchnl > 0)
   \                     Micro__NVICDisableIRQ: (+1)
   \   00000000   0x2801             CMP      R0,#+1
   \   00000002   0xDB08             BLT.N    ??Micro__NVICDisableIRQ_0
   1045              {
   1046          		// Disable the Selected IRQ Channels 
   1047          	   	NVIC.Disable[((uint32)(irqchnl) >> 5)] = (1 << ((uint32)(irqchnl) & 0x1F));
   \   00000004   0x2101             MOVS     R1,#+1
   \   00000006   0xF000 0x021F      AND      R2,R0,#0x1F
   \   0000000A   0x4091             LSLS     R1,R1,R2
   \   0000000C   0x.... 0x....      LDR.W    R2,??DataTable33_6  ;; 0xe000e180
   \   00000010   0x0940             LSRS     R0,R0,#+5
   \   00000012   0xF842 0x1020      STR      R1,[R2, R0, LSL #+2]
   1048              }
   1049          }
   \                     ??Micro__NVICDisableIRQ_0: (+1)
   \   00000016   0x4770             BX       LR               ;; return
   1050          
   1051          //---------------------------------------------------------------------------------------------------------------------
   1052          /**
   1053           *    @brief    Handler for a Hard Fault exception.
   1054           *    @details
   1055           *    @remarks  Currently only division by zero exception is handled.
   1056           */

   \                                 In section .text, align 2, keep-with-next
   1057          INTERRUPT_DIRECTIVE void Micro__HardfaultHdlr(void)
   1058          {
   1059              if ((SCB.HFSR & (1 << 30)) != 0)
   \                     Micro__HardfaultHdlr: (+1)
   \   00000000   0x.... 0x....      LDR.W    R0,??DataTable33_4  ;; 0xe000ed0c
   \   00000004   0x6A01             LDR      R1,[R0, #+32]
   \   00000006   0x0049             LSLS     R1,R1,#+1
   \   00000008   0xBF48             IT       MI 
   1060              {
   1061                  if ((SCB.CFSR & (1UL << 25)) != 0)
   \   0000000A   0x69C1             LDRMI    R1,[R0, #+28]
   1062                  {
   1063                      //SRException__Queue(EXCEPTION_DIVISION_BY_ZERO, 0, 0);
   1064                  }
   1065              }
   1066              SYSTEM_RESET();
   \   0000000C   0x.... 0x....      LDR.W    R1,??DataTable33_7  ;; 0x5fa0004
   \   00000010   0x6001             STR      R1,[R0, #+0]
   1067          }
   \   00000012   0x4770             BX       LR               ;; return
   1068          
   1069          
   1070          //------------------------------------------------------------------------------------------------------------------------------
   1071          /**
   1072          *    @brief    This method is used for Core/System clock oscillation frequency errors can be detected.
   1073          *    @details  This ISR function measure the cycle of the frequency-divided LPO clock used for the independent watchdog timer (IWDT)
   1074          *              in the MKV03x. By this function, the main Core/System clock oscillation frequency errors can be detected.
   1075          *              This needs to be configured in the SRInterruptVector_prm.h & SRClockMonitor_prv.h file as below
   1076          *
   1077          *              #define LOW_POWER_TIMER                             Micro__LPTimerInterrupt
   1078          *
   1079          *              It defines the maximum number of TimerInterrupt counts above the expected is acceptable for the external clock source base
   1080          *              #define SRCLOCKMONITOR_CLK_TICKS_ABOVE       5
   1081          *
   1082          *              It defines the minimum number of TimerInterrupt counts below the expected is acceptable for the external clock source base
   1083          *              #define SRCLOCKMONITOR_CLK_TICKS_BELOW       5
   1084          *
   1085          *              example: for by default LPTIMER = 1Khz  & Prescaler is disabled  = 1msec
   1086          *              #define MICRO_LPTIMER_COMPARE_VAL    50 (i.e 50msec )
   1087          *              For every 50 msec LPTimer will generate an interrupt so compare this with SR Clockmonitor
   1088          *              to test Core/System clock by keeping min and max limits
   1089          *
   1090          */

   \                                 In section .text, align 2, keep-with-next
   1091          INTERRUPT_DIRECTIVE void Micro__LPTimerInterrupt(void)
   1092          {
   1093              #if(MICRO_LPTIMER_EXTCLOCKSOURCE == ENABLED)
   1094          
   1095                  /* write 1 to TCF to clear the LPT timer compare flag */
   1096                  LPTMR0.CSR |= LPTMR_CSR_TCF_MASK;
   \                     Micro__LPTimerInterrupt: (+1)
   \   00000000   0x.... 0x....      LDR.W    R0,??DataTable33  ;; 0x40040000
   \   00000004   0x6801             LDR      R1,[R0, #+0]
   \   00000006   0xF041 0x0180      ORR      R1,R1,#0x80
   \   0000000A   0x6001             STR      R1,[R0, #+0]
   1097                  LPTMR0.CSR = (LPTMR_CSR_TEN_MASK | LPTMR_CSR_TIE_MASK | LPTMR_CSR_TCF_MASK);
   \   0000000C   0x21C1             MOVS     R1,#+193
   \   0000000E   0x6001             STR      R1,[R0, #+0]
   1098          
   1099                  SRMICRO_EXCEPTION_CONTINUOUS_LPTIMER_HANDLER();
   \   00000010   0x20C8             MOVS     R0,#+200
   \   00000012   0x.... 0x....      B.W      SRClockMonitor__MonitorExtClk
   1100              #endif
   1101          }
   1102          
   1103          //---------------------------------------------------------------------------------------------------------------------
   1104          /**
   1105           * List all the generic API's used across different micro
   1106           */
   1107          
   1108          //---------------------------------------------------------------------------------------------------------------------
   1109          /**
   1110           *    @brief    This method performs the Boot test during the system boot.
   1111           *    @details  This method is the first function to be executed in the system and from this function the code
   1112           *              goes to the main function.
   1113           *
   1114           *              This method is responsible for:
   1115           *              CPU Register Boot Test,
   1116           *              Watchdog Boot test,
   1117           *              RAM MarchC test,
   1118           *              Flash Boot test
   1119           *              and writing stack test pattern at the boundaries of stack memory.
   1120           *              After this it calls the system startup routine.
   1121           *
   1122           *
   1123           *              Note-1. The Independent watchdog refresh time should be big enough to perform the boot test
   1124           *                   2. The boot test should not be performed when the application is running.
   1125           */
   1126          #pragma optimize=none

   \                                 In section .text, align 2, keep-with-next
   1127          INTERRUPT_DIRECTIVE void Micro__BootTest(void)
   1128          {
   \                     Micro__BootTest: (+1)
   \   00000000   0xE92D 0x47F0      PUSH     {R4-R10,LR}
   1129              #if (MICRO_SR_FEATURE_TEST == ENABLED)
   1130          		register uint8 sr_boot_test_counter = 0;       //Variable used for testing whether the flow is correct or incorrect
   \   00000004   0xF05F 0x0800      MOVS     R8,#+0
   1131                  register uint8 result;
   1132                  register uint32 counter;
   1133                  register uint32 mask;
   1134              #endif
   1135          
   1136              //Byte 1 - save_reset_status
   1137              //Byte 0 - save_reset_sync
   1138              register uint32 save_reset_value;
   1139          
   1140              MICRO_BOOTTEST_MICROHWINIT();
   \   00000008   0x.... 0x....      BL       MicroHWInit
   1141              #if (MICRO_SR_FEATURE_TEST == ENABLED)
   1142                  //-----------------------------------------------------------------------------------------------------------------
   1143                  // CLASSB Test : Full register test
   1144                  //
   1145                  //Its mandatory to test all the CPU register test
   1146                  //-----------------------------------------------------------------------------------------------------------------
   1147                  if (FALSE == MICRO_BOOTTEST_REGTEST())
   \   0000000C   0x.... 0x....      BL       __StartupRegisterTest
   \   00000010   0x2800             CMP      R0,#+0
   \   00000012   0xD105             BNE.N    ??Micro__BootTest_0
   1148                  {
   1149                      //This is the routine where the application will end up if a test fails during the boot time.
   1150                      while(1)
   1151                      {
   1152                         #ifdef MICRO_SR_BOOTTEST_FAILURE_TASK
   1153                             SERVICE_WATCHDOG();
   1154                             MICRO_SR_BOOTTEST_FAILURE_TASK();
   1155                         #else
   1156                              SYSTEM_RESET();
   \                     ??Micro__BootTest_1: (+1)
   \   00000014   0x.... 0x....      LDR.W    R0,??DataTable33_7  ;; 0x5fa0004
   \   00000018   0x.... 0x....      LDR.W    R1,??DataTable33_4  ;; 0xe000ed0c
   \   0000001C   0x6008             STR      R0,[R1, #+0]
   \   0000001E   0xE7F9             B.N      ??Micro__BootTest_1
   1157                         #endif
   1158                      }
   1159                  }
   1160              #endif
   1161          
   1162              //This function realizes the reset mode
   1163              MicroResetHandling();
   \                     ??Micro__BootTest_0: (+1)
   \   00000020   0x.... 0x....      BL       MicroResetHandling
   1164              #if (MICRO_SR_FEATURE_TEST == ENABLED)
   1165                  sr_boot_test_counter++;
   \   00000024   0xF118 0x0801      ADDS     R8,R8,#+1
   1166              #endif
   1167          
   1168              if (Micro__GetResetMode() == MICRO_RESET_MODE_COLD)
   \   00000028   0x.... 0x....      BL       Micro__GetResetMode
   \   0000002C   0x2800             CMP      R0,#+0
   \   0000002E   0xD101             BNE.N    ??Micro__BootTest_2
   1169              {
   1170                  RAM_DATA_INITIALIZE();
   \   00000030   0x.... 0x....      BL       __iar_data_init3
   1171              }
   1172          
   1173              #if (MICRO_SRPOWERMGR_FEATURE == ENABLED)
   1174                  #if (MICRO_SR_FEATURE_TEST == ENABLED)
   1175                      Micro_Flow = MICRO_FLOW_SRPOWERMGR_INIT;
   1176                      N_Micro_Flow = (uint8)MICRO_SRDATA__COMPLEMENT(MICRO_FLOW_SRPOWERMGR_INIT);
   1177                  #endif
   1178                  SRPowerMgr__Initialize();
   1179              #endif
   1180          
   1181              MICRO_CALLBACK_BEFORE_WATCHDOG_INIT();
   \                     ??Micro__BootTest_2: (+1)
   \   00000034   0x.... 0x....      BL       SRMCPwm__Initialize_Before_Boot
   1182          
   1183              //Initialize the watchdog
   1184              MICRO_BOOTTEST_WDTINIT();
   \   00000038   0x.... 0x....      BL       Micro__ConfigureWDT
   1185          	#if (MICRO_SR_FEATURE_TEST == ENABLED)
   1186          		sr_boot_test_counter++;
   \   0000003C   0xF118 0x0801      ADDS     R8,R8,#+1
   1187          	#endif
   1188          
   1189              //Initializes the system clock
   1190              MICRO_BOOTTEST_CLKINIT();
   \   00000040   0x.... 0x....      BL       MicroInitClkLowSpeed
   1191          	#if (MICRO_SR_FEATURE_TEST == ENABLED)
   1192          		sr_boot_test_counter++;
   \   00000044   0xF118 0x0801      ADDS     R8,R8,#+1
   1193                  MicroValidateResetInfoDataCrc();
   \   00000048   0x.... 0x....      BL       MicroValidateResetInfoDataCrc
   1194                  if ((Micro_ResetInfo.Warm_Reset_Actions & MICRO_WARM_RESET_ACTION_SKIP_CLASSB_TEST) == 0)
   \   0000004C   0x.... 0x....      LDR.W    R0,??DataTable34
   \   00000050   0xF890 0x002F      LDRB     R0,[R0, #+47]
   \   00000054   0x0740             LSLS     R0,R0,#+29
   \   00000056   0xD435             BMI.N    ??Micro__BootTest_3
   1195                  {
   1196          
   1197                      if (sr_boot_test_counter != MICRO_BOOT_SEQUENCE_1)
   \   00000058   0xFA5F 0xF888      UXTB     R8,R8            ;; ZeroExt  R8,R8,#+24,#+24
   \   0000005C   0xF1B8 0x0F03      CMP      R8,#+3
   \   00000060   0xD001             BEQ.N    ??Micro__BootTest_4
   1198                      {
   1199                        MicroFailSafe();
   \   00000062   0x.... 0x....      BL       MicroFailSafe
   1200                      }
   1201          
   1202                      //Skip storing the reset reason as this is the intended reset for test
   1203                      Micro__EnableWarmResetAction(MICRO_WARM_RESET_ACTION_SKIP_WATCHDOG_TEST);
   \                     ??Micro__BootTest_4: (+1)
   \   00000066   0x2008             MOVS     R0,#+8
   \   00000068   0x.... 0x....      BL       Micro__EnableWarmResetAction
   1204          
   1205                      //-----------------------------------------------------------------------------------------------------------------
   1206                      // CLASSB Test : Watchdog Test
   1207                      //
   1208                      //It's mandatory to use the Independent watchdog for the CLASSB test
   1209                      //-----------------------------------------------------------------------------------------------------------------
   1210                      MICRO_BOOTTEST_WDTEST();
   \   0000006C   0x.... 0x....      BL       MicroBootWatchdogTest
   1211                      sr_boot_test_counter++;
   \   00000070   0xF118 0x0801      ADDS     R8,R8,#+1
   1212                      SERVICE_WATCHDOG();
   \   00000074   0xF3EF 0x8010      MRS      R0,PRIMASK
   \   00000078   0x4681             MOV      R9,R0
   \   0000007A   0xB672             CPSID    I
   \   0000007C   0xF24A 0x6002      MOVW     R0,#+42498
   \   00000080   0x.... 0x....      LDR.W    R1,??DataTable29  ;; 0x4005200c
   \   00000084   0x8008             STRH     R0,[R1, #+0]
   \   00000086   0xF24B 0x4080      MOVW     R0,#+46208
   \   0000008A   0x.... 0x....      LDR.W    R1,??DataTable29  ;; 0x4005200c
   \   0000008E   0x8008             STRH     R0,[R1, #+0]
   \   00000090   0xF389 0x8810      MSR      PRIMASK,R9
   1213          
   1214                      //-----------------------------------------------------------------------------------------------------------------
   1215                      // CLASSB Test : Flash CRC test
   1216                      //
   1217                      //This test is used to validate the non-volatile memory consistency
   1218                      //-----------------------------------------------------------------------------------------------------------------
   1219                      MICRO_BOOTTEST_FLASHTEST();
   \   00000094   0x.... 0x....      BL       MicroBootFlashTest
   1220                      sr_boot_test_counter++;
   \   00000098   0xF118 0x0801      ADDS     R8,R8,#+1
   1221                      SERVICE_WATCHDOG();
   \   0000009C   0xF3EF 0x8010      MRS      R0,PRIMASK
   \   000000A0   0x4682             MOV      R10,R0
   \   000000A2   0xB672             CPSID    I
   \   000000A4   0xF24A 0x6002      MOVW     R0,#+42498
   \   000000A8   0x.... 0x....      LDR.W    R1,??DataTable29  ;; 0x4005200c
   \   000000AC   0x8008             STRH     R0,[R1, #+0]
   \   000000AE   0xF24B 0x4080      MOVW     R0,#+46208
   \   000000B2   0x.... 0x....      LDR.W    R1,??DataTable29  ;; 0x4005200c
   \   000000B6   0x8008             STRH     R0,[R1, #+0]
   \   000000B8   0xF38A 0x8810      MSR      PRIMASK,R10
   1222          
   1223                      //Skip the ClassB test during warm reset
   1224                      Micro__EnableWarmResetAction(MICRO_WARM_RESET_ACTION_SKIP_CLASSB_TEST);
   \   000000BC   0x2004             MOVS     R0,#+4
   \   000000BE   0x.... 0x....      BL       Micro__EnableWarmResetAction
   \   000000C2   0xE001             B.N      ??Micro__BootTest_5
   1225                  }
   1226                  else
   1227                  {
   1228                      sr_boot_test_counter += 2;
   \                     ??Micro__BootTest_3: (+1)
   \   000000C4   0xF118 0x0802      ADDS     R8,R8,#+2
   1229                  }
   1230          
   1231                  if (sr_boot_test_counter != MICRO_BOOT_SEQUENCE_2)
   \                     ??Micro__BootTest_5: (+1)
   \   000000C8   0xFA5F 0xF888      UXTB     R8,R8            ;; ZeroExt  R8,R8,#+24,#+24
   \   000000CC   0xF1B8 0x0F05      CMP      R8,#+5
   \   000000D0   0xD001             BEQ.N    ??Micro__BootTest_6
   1232                  {
   1233                    MicroFailSafe();
   \   000000D2   0x.... 0x....      BL       MicroFailSafe
   1234                  }
   1235              #endif
   1236          
   1237              MicroValidateResetInfoDataCrc();
   \                     ??Micro__BootTest_6: (+1)
   \   000000D6   0x.... 0x....      BL       MicroValidateResetInfoDataCrc
   1238              if (Micro_ResetInfo.Mode == MICRO_RESET_MODE_COLD)
   \   000000DA   0x.... 0x....      LDR.W    R0,??DataTable34
   \   000000DE   0xF890 0x002E      LDRB     R0,[R0, #+46]
   \   000000E2   0x2800             CMP      R0,#+0
   \   000000E4   0xF040 0x810C      BNE.W    ??Micro__BootTest_7
   1239              {
   1240                  MicroValidateResetInfoDataCrc();
   \   000000E8   0x.... 0x....      BL       MicroValidateResetInfoDataCrc
   1241          
   1242                  //Save reset status on Auto register as March C test will screw the all ram memory content
   1243                  save_reset_value    =   (*(uint8 *)(&Micro_ResetInfo.Actual_Reset));
   \   000000EC   0x.... 0x....      LDR.W    R0,??DataTable34
   \   000000F0   0xF890 0x002D      LDRB     R0,[R0, #+45]
   \   000000F4   0x0006             MOVS     R6,R0
   1244                  save_reset_value   |=   ((*(uint8 *)(&Micro_ResetInfo.Reset)) << 8);
   \   000000F6   0x.... 0x....      LDR.W    R0,??DataTable34
   \   000000FA   0xF890 0x002C      LDRB     R0,[R0, #+44]
   \   000000FE   0xEA56 0x2600      ORRS     R6,R6,R0, LSL #+8
   1245          
   1246                  //-----------------------------------------------------------------------------------------------------------------
   1247                  // CLASSB Test : RAM MARCH C Test and Bit coupling test
   1248                  //
   1249                  // This test is used to validate the volatile memory by using the MARCH C test and bit coupling test
   1250                  //-----------------------------------------------------------------------------------------------------------------
   1251                  //-----------------------------------------------------------------------------------------------------------------
   1252                  // CLASSB Test : RAM MARCH C Test
   1253                  //
   1254                  //This test is used to validate the volatile memory by using the MARCH C test
   1255                  //-----------------------------------------------------------------------------------------------------------------
   1256                  #if (MICRO_SR_FEATURE_TEST == ENABLED)
   1257                      SERVICE_WATCHDOG();
   \   00000102   0xF3EF 0x8110      MRS      R1,PRIMASK
   \   00000106   0x0008             MOVS     R0,R1
   \   00000108   0xB672             CPSID    I
   \   0000010A   0xF24A 0x6102      MOVW     R1,#+42498
   \   0000010E   0x.... 0x....      LDR.W    R2,??DataTable29  ;; 0x4005200c
   \   00000112   0x8011             STRH     R1,[R2, #+0]
   \   00000114   0xF24B 0x4180      MOVW     R1,#+46208
   \   00000118   0x.... 0x....      LDR.W    R2,??DataTable29  ;; 0x4005200c
   \   0000011C   0x8011             STRH     R1,[R2, #+0]
   \   0000011E   0xF380 0x8810      MSR      PRIMASK,R0
   1258          
   1259                      result = TRUE;
   \   00000122   0x2101             MOVS     R1,#+1
   \   00000124   0x000C             MOVS     R4,R1
   1260          
   1261                      //=>W0
   1262                      for (counter = MICRO_RAM_START_ADDRESS; counter <= MICRO_RAM_END_ADDRESS; counter++)
   \   00000126   0x.... 0x....      LDR.W    R1,??DataTable33_8
   \   0000012A   0x000F             MOVS     R7,R1
   \                     ??Micro__BootTest_8: (+1)
   \   0000012C   0x.... 0x....      LDR.W    R0,??DataTable33_9
   \   00000130   0x42B8             CMP      R0,R7
   \   00000132   0xD303             BCC.N    ??Micro__BootTest_9
   1263                      {
   1264                          *((uint8 *)counter) = 0;
   \   00000134   0x2000             MOVS     R0,#+0
   \   00000136   0x7038             STRB     R0,[R7, #+0]
   1265                      }
   \   00000138   0x1C7F             ADDS     R7,R7,#+1
   \   0000013A   0xE7F7             B.N      ??Micro__BootTest_8
   1266                          sr_boot_test_counter++;
   \                     ??Micro__BootTest_9: (+1)
   \   0000013C   0xF118 0x0801      ADDS     R8,R8,#+1
   1267                      //=>(R0, W1)
   1268                      for (counter = MICRO_RAM_START_ADDRESS; counter <= MICRO_RAM_END_ADDRESS; counter++)
   \   00000140   0x.... 0x....      LDR.W    R0,??DataTable33_8
   \   00000144   0x0007             MOVS     R7,R0
   \                     ??Micro__BootTest_10: (+1)
   \   00000146   0x.... 0x....      LDR.W    R0,??DataTable33_9
   \   0000014A   0x42B8             CMP      R0,R7
   \   0000014C   0xD308             BCC.N    ??Micro__BootTest_11
   1269                      {
   1270                          if (*((uint8 *)counter) != 0)
   \   0000014E   0x7838             LDRB     R0,[R7, #+0]
   \   00000150   0x2800             CMP      R0,#+0
   \   00000152   0xD001             BEQ.N    ??Micro__BootTest_12
   1271                          {
   1272                              result = FALSE;
   \   00000154   0x2000             MOVS     R0,#+0
   \   00000156   0x0004             MOVS     R4,R0
   1273                          }
   1274                          *((uint8 *)counter) = 0xFF;
   \                     ??Micro__BootTest_12: (+1)
   \   00000158   0x20FF             MOVS     R0,#+255
   \   0000015A   0x7038             STRB     R0,[R7, #+0]
   1275                      }
   \   0000015C   0x1C7F             ADDS     R7,R7,#+1
   \   0000015E   0xE7F2             B.N      ??Micro__BootTest_10
   1276                          sr_boot_test_counter++;
   \                     ??Micro__BootTest_11: (+1)
   \   00000160   0xF118 0x0801      ADDS     R8,R8,#+1
   1277                      SERVICE_WATCHDOG();
   \   00000164   0xF3EF 0x8110      MRS      R1,PRIMASK
   \   00000168   0x0008             MOVS     R0,R1
   \   0000016A   0xB672             CPSID    I
   \   0000016C   0xF24A 0x6102      MOVW     R1,#+42498
   \   00000170   0x.... 0x....      LDR.W    R2,??DataTable29  ;; 0x4005200c
   \   00000174   0x8011             STRH     R1,[R2, #+0]
   \   00000176   0xF24B 0x4180      MOVW     R1,#+46208
   \   0000017A   0x.... 0x....      LDR.W    R2,??DataTable29  ;; 0x4005200c
   \   0000017E   0x8011             STRH     R1,[R2, #+0]
   \   00000180   0xF380 0x8810      MSR      PRIMASK,R0
   1278          
   1279                      //=>(R1, W0)
   1280                      for (counter = MICRO_RAM_START_ADDRESS; counter <= MICRO_RAM_END_ADDRESS; counter++)
   \   00000184   0x.... 0x....      LDR.W    R1,??DataTable33_8
   \   00000188   0x000F             MOVS     R7,R1
   \                     ??Micro__BootTest_13: (+1)
   \   0000018A   0x.... 0x....      LDR.W    R0,??DataTable33_9
   \   0000018E   0x42B8             CMP      R0,R7
   \   00000190   0xD308             BCC.N    ??Micro__BootTest_14
   1281                      {
   1282                          if (*((uint8 *)counter) != 0xFF)
   \   00000192   0x7838             LDRB     R0,[R7, #+0]
   \   00000194   0x28FF             CMP      R0,#+255
   \   00000196   0xD001             BEQ.N    ??Micro__BootTest_15
   1283                          {
   1284                              result = FALSE;
   \   00000198   0x2000             MOVS     R0,#+0
   \   0000019A   0x0004             MOVS     R4,R0
   1285                          }
   1286                          *((uint8 *)counter) = 0x0;
   \                     ??Micro__BootTest_15: (+1)
   \   0000019C   0x2000             MOVS     R0,#+0
   \   0000019E   0x7038             STRB     R0,[R7, #+0]
   1287                      }
   \   000001A0   0x1C7F             ADDS     R7,R7,#+1
   \   000001A2   0xE7F2             B.N      ??Micro__BootTest_13
   1288                          sr_boot_test_counter++;
   \                     ??Micro__BootTest_14: (+1)
   \   000001A4   0xF118 0x0801      ADDS     R8,R8,#+1
   1289                      //<=(R0, W1)
   1290                      for (counter = MICRO_RAM_END_ADDRESS; counter >= MICRO_RAM_START_ADDRESS; counter--)
   \   000001A8   0x.... 0x....      LDR.W    R0,??DataTable33_9
   \   000001AC   0x0007             MOVS     R7,R0
   \                     ??Micro__BootTest_16: (+1)
   \   000001AE   0x.... 0x....      LDR.W    R0,??DataTable33_8
   \   000001B2   0x4287             CMP      R7,R0
   \   000001B4   0xD308             BCC.N    ??Micro__BootTest_17
   1291                      {
   1292                          if (*((uint8 *)counter) != 0)
   \   000001B6   0x7838             LDRB     R0,[R7, #+0]
   \   000001B8   0x2800             CMP      R0,#+0
   \   000001BA   0xD001             BEQ.N    ??Micro__BootTest_18
   1293                          {
   1294                              result = FALSE;
   \   000001BC   0x2000             MOVS     R0,#+0
   \   000001BE   0x0004             MOVS     R4,R0
   1295                          }
   1296                          *((uint8 *)counter) = 0xFF;
   \                     ??Micro__BootTest_18: (+1)
   \   000001C0   0x20FF             MOVS     R0,#+255
   \   000001C2   0x7038             STRB     R0,[R7, #+0]
   1297                      }
   \   000001C4   0x1E7F             SUBS     R7,R7,#+1
   \   000001C6   0xE7F2             B.N      ??Micro__BootTest_16
   1298                          sr_boot_test_counter++;
   \                     ??Micro__BootTest_17: (+1)
   \   000001C8   0xF118 0x0801      ADDS     R8,R8,#+1
   1299          
   1300                      SERVICE_WATCHDOG();
   \   000001CC   0xF3EF 0x8110      MRS      R1,PRIMASK
   \   000001D0   0x0008             MOVS     R0,R1
   \   000001D2   0xB672             CPSID    I
   \   000001D4   0xF24A 0x6102      MOVW     R1,#+42498
   \   000001D8   0x.... 0x....      LDR.W    R2,??DataTable29  ;; 0x4005200c
   \   000001DC   0x8011             STRH     R1,[R2, #+0]
   \   000001DE   0xF24B 0x4180      MOVW     R1,#+46208
   \   000001E2   0x.... 0x....      LDR.W    R2,??DataTable29  ;; 0x4005200c
   \   000001E6   0x8011             STRH     R1,[R2, #+0]
   \   000001E8   0xF380 0x8810      MSR      PRIMASK,R0
   1301          
   1302                      //<=(R1, W0)
   1303                      for (counter = MICRO_RAM_END_ADDRESS; counter >= MICRO_RAM_START_ADDRESS; counter--)
   \   000001EC   0x.... 0x....      LDR.W    R1,??DataTable33_9
   \   000001F0   0x000F             MOVS     R7,R1
   \                     ??Micro__BootTest_19: (+1)
   \   000001F2   0x.... 0x....      LDR.W    R0,??DataTable33_8
   \   000001F6   0x4287             CMP      R7,R0
   \   000001F8   0xD308             BCC.N    ??Micro__BootTest_20
   1304                      {
   1305                          if (*((uint8 *)counter) != 0xFF)
   \   000001FA   0x7838             LDRB     R0,[R7, #+0]
   \   000001FC   0x28FF             CMP      R0,#+255
   \   000001FE   0xD001             BEQ.N    ??Micro__BootTest_21
   1306                          {
   1307                              result = FALSE;
   \   00000200   0x2000             MOVS     R0,#+0
   \   00000202   0x0004             MOVS     R4,R0
   1308                          }
   1309                          *((uint8 *)counter) = 0x0;
   \                     ??Micro__BootTest_21: (+1)
   \   00000204   0x2000             MOVS     R0,#+0
   \   00000206   0x7038             STRB     R0,[R7, #+0]
   1310                      }
   \   00000208   0x1E7F             SUBS     R7,R7,#+1
   \   0000020A   0xE7F2             B.N      ??Micro__BootTest_19
   1311                          sr_boot_test_counter++;
   \                     ??Micro__BootTest_20: (+1)
   \   0000020C   0xF118 0x0801      ADDS     R8,R8,#+1
   1312          
   1313                      //=>R0
   1314                      for (counter = MICRO_RAM_START_ADDRESS; counter <= MICRO_RAM_END_ADDRESS; counter++)
   \   00000210   0x.... 0x....      LDR.W    R0,??DataTable33_8
   \   00000214   0x0007             MOVS     R7,R0
   \                     ??Micro__BootTest_22: (+1)
   \   00000216   0x.... 0x....      LDR.W    R0,??DataTable33_9
   \   0000021A   0x42B8             CMP      R0,R7
   \   0000021C   0xD306             BCC.N    ??Micro__BootTest_23
   1315                      {
   1316                          if (*((uint8 *)counter) != 0)
   \   0000021E   0x7838             LDRB     R0,[R7, #+0]
   \   00000220   0x2800             CMP      R0,#+0
   \   00000222   0xD001             BEQ.N    ??Micro__BootTest_24
   1317                          {
   1318                              result = FALSE;
   \   00000224   0x2000             MOVS     R0,#+0
   \   00000226   0x0004             MOVS     R4,R0
   1319                          }
   1320                      }
   \                     ??Micro__BootTest_24: (+1)
   \   00000228   0x1C7F             ADDS     R7,R7,#+1
   \   0000022A   0xE7F4             B.N      ??Micro__BootTest_22
   1321                          sr_boot_test_counter++;
   \                     ??Micro__BootTest_23: (+1)
   \   0000022C   0xF118 0x0801      ADDS     R8,R8,#+1
   1322                      if (result == FALSE)
   \   00000230   0xB2E4             UXTB     R4,R4            ;; ZeroExt  R4,R4,#+24,#+24
   \   00000232   0x2C00             CMP      R4,#+0
   \   00000234   0xD101             BNE.N    ??Micro__BootTest_25
   1323                      {
   1324                          //If the test fails
   1325                          MicroFailSafe();
   \   00000236   0x.... 0x....      BL       MicroFailSafe
   1326                      }
   1327          
   1328                      SERVICE_WATCHDOG();
   \                     ??Micro__BootTest_25: (+1)
   \   0000023A   0xF3EF 0x8110      MRS      R1,PRIMASK
   \   0000023E   0x0008             MOVS     R0,R1
   \   00000240   0xB672             CPSID    I
   \   00000242   0xF24A 0x6102      MOVW     R1,#+42498
   \   00000246   0x.... 0x....      LDR.W    R2,??DataTable29  ;; 0x4005200c
   \   0000024A   0x8011             STRH     R1,[R2, #+0]
   \   0000024C   0xF24B 0x4180      MOVW     R1,#+46208
   \   00000250   0x.... 0x....      LDR.W    R2,??DataTable29  ;; 0x4005200c
   \   00000254   0x8011             STRH     R1,[R2, #+0]
   \   00000256   0xF380 0x8810      MSR      PRIMASK,R0
   1329          
   1330                      for (counter = MICRO_RAM_START_ADDRESS; counter <= MICRO_RAM_END_ADDRESS; counter += 4)
   \   0000025A   0x.... 0x....      LDR.W    R1,??DataTable33_8
   \   0000025E   0x000F             MOVS     R7,R1
   \                     ??Micro__BootTest_26: (+1)
   \   00000260   0x.... 0x....      LDR.W    R0,??DataTable33_9
   \   00000264   0x42B8             CMP      R0,R7
   \   00000266   0xD321             BCC.N    ??Micro__BootTest_27
   1331                      {
   1332                          SERVICE_WATCHDOG();
   \   00000268   0xF3EF 0x8110      MRS      R1,PRIMASK
   \   0000026C   0x0008             MOVS     R0,R1
   \   0000026E   0xB672             CPSID    I
   \   00000270   0xF24A 0x6102      MOVW     R1,#+42498
   \   00000274   0x.... 0x....      LDR.W    R2,??DataTable29  ;; 0x4005200c
   \   00000278   0x8011             STRH     R1,[R2, #+0]
   \   0000027A   0xF24B 0x4180      MOVW     R1,#+46208
   \   0000027E   0x.... 0x....      LDR.W    R2,??DataTable29  ;; 0x4005200c
   \   00000282   0x8011             STRH     R1,[R2, #+0]
   \   00000284   0xF380 0x8810      MSR      PRIMASK,R0
   1333          
   1334                          result = *((uint32 *) counter);
   \   00000288   0x6839             LDR      R1,[R7, #+0]
   \   0000028A   0x000C             MOVS     R4,R1
   1335          
   1336                          for (mask = 1; mask > 0; mask = (mask << 1))
   \   0000028C   0x2101             MOVS     R1,#+1
   \   0000028E   0x000D             MOVS     R5,R1
   \                     ??Micro__BootTest_28: (+1)
   \   00000290   0x2D00             CMP      R5,#+0
   \   00000292   0xD007             BEQ.N    ??Micro__BootTest_29
   1337                          {
   1338                              *((uint32 *) counter) = mask;
   \   00000294   0x603D             STR      R5,[R7, #+0]
   1339                              if (*((uint32 *) counter) != mask)
   \   00000296   0x6838             LDR      R0,[R7, #+0]
   \   00000298   0x42A8             CMP      R0,R5
   \   0000029A   0xD001             BEQ.N    ??Micro__BootTest_30
   1340                              {
   1341                                  MicroFailSafe();
   \   0000029C   0x.... 0x....      BL       MicroFailSafe
   1342          
   1343                              }
   1344                          }
   \                     ??Micro__BootTest_30: (+1)
   \   000002A0   0x006D             LSLS     R5,R5,#+1
   \   000002A2   0xE7F5             B.N      ??Micro__BootTest_28
   1345                          *((uint32 *) counter) = result;
   \                     ??Micro__BootTest_29: (+1)
   \   000002A4   0xB2E4             UXTB     R4,R4            ;; ZeroExt  R4,R4,#+24,#+24
   \   000002A6   0x603C             STR      R4,[R7, #+0]
   1346                      }
   \   000002A8   0x1D3F             ADDS     R7,R7,#+4
   \   000002AA   0xE7D9             B.N      ??Micro__BootTest_26
   1347          
   1348                      //refresh the watch dog
   1349                      SERVICE_WATCHDOG();
   \                     ??Micro__BootTest_27: (+1)
   \   000002AC   0xF3EF 0x8110      MRS      R1,PRIMASK
   \   000002B0   0x0008             MOVS     R0,R1
   \   000002B2   0xB672             CPSID    I
   \   000002B4   0xF24A 0x6102      MOVW     R1,#+42498
   \   000002B8   0x.... 0x....      LDR.W    R2,??DataTable29  ;; 0x4005200c
   \   000002BC   0x8011             STRH     R1,[R2, #+0]
   \   000002BE   0xF24B 0x4180      MOVW     R1,#+46208
   \   000002C2   0x.... 0x....      LDR.W    R2,??DataTable29  ;; 0x4005200c
   \   000002C6   0x8011             STRH     R1,[R2, #+0]
   \   000002C8   0xF380 0x8810      MSR      PRIMASK,R0
   1350          
   1351                  if (sr_boot_test_counter != MICRO_BOOT_SEQUENCE_3)
   \   000002CC   0xFA5F 0xF888      UXTB     R8,R8            ;; ZeroExt  R8,R8,#+24,#+24
   \   000002D0   0xF1B8 0x0F0B      CMP      R8,#+11
   \   000002D4   0xD001             BEQ.N    ??Micro__BootTest_31
   1352                  {
   1353                      MicroFailSafe();
   \   000002D6   0x.... 0x....      BL       MicroFailSafe
   1354                  }
   1355          #endif
   1356          
   1357                  //restore the reset status
   1358                  MicroClearResetData();
   \                     ??Micro__BootTest_31: (+1)
   \   000002DA   0x.... 0x....      BL       MicroClearResetData
   1359                  (*(uint8 *)(&Micro_ResetInfo.Reset))        = (save_reset_value >> 8) & 0xFF;
   \   000002DE   0x0A30             LSRS     R0,R6,#+8
   \   000002E0   0x.... 0x....      LDR.W    R1,??DataTable34
   \   000002E4   0xF881 0x002C      STRB     R0,[R1, #+44]
   1360                  (*(uint8 *)(&Micro_ResetInfo.Actual_Reset)) = save_reset_value & 0xFF;
   \   000002E8   0x.... 0x....      LDR.W    R0,??DataTable34
   \   000002EC   0xF880 0x602D      STRB     R6,[R0, #+45]
   1361          
   1362                  MicroUpdateResetInfoDataCrc();
   \   000002F0   0x.... 0x....      BL       MicroUpdateResetInfoDataCrc
   1363          
   1364                  Micro__EnableWarmResetAction(MICRO_WARM_RESET_ACTION_SKIP_CLASSB_TEST);
   \   000002F4   0x2004             MOVS     R0,#+4
   \   000002F6   0x.... 0x....      BL       Micro__EnableWarmResetAction
   1365          
   1366                  // Go to compiler startup
   1367                  __iar_program_start();
   \   000002FA   0x.... 0x....      BL       __iar_program_start
   \   000002FE   0xE001             B.N      ??Micro__BootTest_32
   1368              }
   1369              else
   1370              {
   1371                  main();
   \                     ??Micro__BootTest_7: (+1)
   \   00000300   0x.... 0x....      BL       main
   1372              }
   1373          }
   \                     ??Micro__BootTest_32: (+1)
   \   00000304   0xE8BD 0x87F0      POP      {R4-R10,PC}      ;; return
   1374          
   1375          //---------------------------------------------------------------------------------------------------------------------
   1376          /**
   1377           *    @brief    This method performs volatile memory (CPU register, Stack) test periodically.
   1378           *    @details  This method is responsible for:
   1379           *              CPU Registers Test,
   1380           *              Stack memory complete test
   1381           *              Stack overflow and underflow test.
   1382           *
   1383           *              MICRO_NUM_BYTE_FOR_RAM_CONTINUOUS_TEST configuration macro defined in the SRMicro_prv.h file
   1384           *              Defines how many bytes will be processed during each interaction of the Continuous stack memory Test.
   1385           *
   1386           *
   1387           *              The time taken for complete stack memory test is calculated below-
   1388           *              FULL RAM TEST (in ms) = (Stack Size/ MICRO_NUM_BYTE_FOR_RAM_CONTINUOUS_TEST) *
   1389           *                                       Call rate(of Micro__RamTest())
   1390           *
   1391           *             For example-
   1392           *              Stack memory  size is 2048bytes,  number of bytes processed in each call are 4 and the call rate is 100ms then,
   1393           *              FULL  Stack memory(in ms) =  (2048/4)*100 ms
   1394           *                                        =  51200 ms
   1395           *
   1396           *              Along with this it provides the flow control log and exception control for each tests.
   1397           *
   1398           *              This API is been called from ApplienceMgr Thread at every 100ms
   1399           */
   1400          #pragma optimize=none

   \                                 In section .text, align 2, keep-with-next
   1401          void Micro__SRRamTest(void)
   1402          {
   \                     Micro__SRRamTest: (+1)
   \   00000000   0xE92D 0x43F8      PUSH     {R3-R9,LR}
   1403              #if (MICRO_SR_FEATURE_TEST == ENABLED)
   1404                  //Maximum 4 variables can be assigned as register type. More than that could cause problem.
   1405                  //Used to point the Ram location and its adjacent location  on which DC coupling RAM test is performed
   1406          	   register uint8 *stack_test_ptr;
   1407          	   register uint8 *stack_next_location_ptr;
   1408          	   register uint8 *stack_previous_location_ptr;
   1409          
   1410                  //Used to hold the data of a RAM memory location on which the RAM test is conducted
   1411                  //Byte3 - ram_next_location_data
   1412                  //Byte2 - ram_current_location_data
   1413                  //Byte1 - ram_previous_location_data
   1414                  //Byte 0 - BIT7      - result - test result
   1415                  //       - BIT6-BIT0 - counter, number of bytes processed
   1416          	    register uint32 stack_test_data;
   1417          
   1418                   register uint32 * pt_stack_test;
   1419          
   1420                  MICRO_DECLARE_INTERRUPT_CONTEXT_LOCAL();
   1421          
   1422                  //-----------------------------------------------------------------------------------------------------------------
   1423                  // CLASSB Test : CPU run time Test
   1424                  //
   1425                  //Tests the R0-R7 registers
   1426                  //If any error is found an exception will be thrown.
   1427                  //-----------------------------------------------------------------------------------------------------------------
   1428                  MICRO_SAVE_INTERRUPT_CONTEXT_LOCAL();
   \   00000004   0xF3EF 0x8010      MRS      R0,PRIMASK
   \   00000008   0x4681             MOV      R9,R0
   \   0000000A   0xB672             CPSID    I
   1429          
   1430                  if (FALSE == MICRO_RUNTIME_REGISTER_TEST())
   \   0000000C   0x.... 0x....      BL       __RunRegisterTest
   \   00000010   0x2800             CMP      R0,#+0
   \   00000012   0xD104             BNE.N    ??Micro__SRRamTest_0
   1431                  {
   1432                      //If the test fails throw test fail exception
   1433                      MICRO_SR_EXCEPTION_RUNTIME_CPU_REGISTER();
   \   00000014   0x2200             MOVS     R2,#+0
   \   00000016   0x2100             MOVS     R1,#+0
   \   00000018   0x2004             MOVS     R0,#+4
   \   0000001A   0x.... 0x....      BL       SRException__Queue
   1434                  }
   1435          
   1436                  //Restore Interrupts
   1437                  MICRO_RESTORE_INTERRUPT_CONTEXT_LOCAL();
   \                     ??Micro__SRRamTest_0: (+1)
   \   0000001E   0xF389 0x8810      MSR      PRIMASK,R9
   1438          
   1439                  //-----------------------------------------------------------------------------------------------------------------
   1440                  // CLASSB Test : RAM periodic Test
   1441                  //
   1442                  // This test is used to validate the volatile memory
   1443                  //-----------------------------------------------------------------------------------------------------------------
   1444          
   1445                  SR_RAMTEST_FLOW_BEGIN()
   \   00000022   0x2002             MOVS     R0,#+2
   \   00000024   0x.... 0x....      BL       SRFlow__MainLogEvent
   1446          
   1447                  //Refresh the watchdog
   1448                  Micro__ServiceWatchdog();
   \   00000028   0x.... 0x....      BL       Micro__ServiceWatchdog
   1449          
   1450                  // Check if ram pointer is not corrupted
   1451                  if(SRData__CheckLong((uint32 PACKED *)&Run_Time_Stack_Pointer,(uint32 PACKED *)&Run_Time_Stack_Pointer_Inv)== SRDATA_OK)
   \   0000002C   0x.... 0x....      LDR.W    R1,??DataTable37
   \   00000030   0x.... 0x....      LDR.W    R0,??DataTable37_1
   \   00000034   0x.... 0x....      BL       SRData__CheckLong
   \   00000038   0x2800             CMP      R0,#+0
   \   0000003A   0xD176             BNE.N    ??Micro__SRRamTest_1
   1452                  {
   1453                      //Disable the interrupt during test
   1454                      MICRO_SAVE_INTERRUPT_CONTEXT_LOCAL();
   \   0000003C   0xF3EF 0x8010      MRS      R0,PRIMASK
   \   00000040   0x4681             MOV      R9,R0
   \   00000042   0xB672             CPSID    I
   1455          
   1456                      stack_test_data       = RUN_TIME_STACK_TEST_TRUE;
   \   00000044   0x2080             MOVS     R0,#+128
   \   00000046   0x0007             MOVS     R7,R0
   1457          
   1458                      //assign the ram location to be tested to the register variable
   1459                      stack_test_ptr = (uint8 *)Run_Time_Stack_Pointer;
   \   00000048   0x.... 0x....      LDR.W    R0,??DataTable37_1
   \   0000004C   0x6800             LDR      R0,[R0, #+0]
   \   0000004E   0x0004             MOVS     R4,R0
   1460                      stack_next_location_ptr = (uint8 *)stack_test_ptr+1;
   \   00000050   0x1C60             ADDS     R0,R4,#+1
   \   00000052   0x0005             MOVS     R5,R0
   1461                      stack_previous_location_ptr = (uint8 *)(stack_test_ptr - 1);
   \   00000054   0x1E60             SUBS     R0,R4,#+1
   \   00000056   0x0006             MOVS     R6,R0
   1462          
   1463                      for(stack_test_data &= ~RUN_TIME_STACK_TEST_COUNT_MASK; (stack_test_data & RUN_TIME_STACK_TEST_COUNT_MASK) < MICRO_NUM_BYTE_FOR_RAM_CONTINUOUS_TEST; stack_test_data++)
                                                    ^
Remark[Pe068]: integer conversion resulted in a change of sign
   \   00000058   0x09FF             LSRS     R7,R7,#+7
   \   0000005A   0x01FF             LSLS     R7,R7,#+7
   \                     ??Micro__SRRamTest_2: (+1)
   \   0000005C   0xF017 0x0F7F      TST      R7,#0x7F
   \   00000060   0xD157             BNE.N    ??Micro__SRRamTest_3
   1464                      {
   1465                          //Check for the RAM boundaries
   1466                          if ( stack_test_ptr == (uint8 *)MICRO_STACK_TEST_START_ADDRESS)
   \   00000062   0x.... 0x....      LDR.W    R0,??DataTable27_4
   \   00000066   0x4284             CMP      R4,R0
   \   00000068   0xD103             BNE.N    ??Micro__SRRamTest_4
   1467                          {
   1468                              stack_next_location_ptr = (uint8 *)(stack_test_ptr + 1);
   \   0000006A   0x1C60             ADDS     R0,R4,#+1
   \   0000006C   0x0005             MOVS     R5,R0
   1469                              stack_previous_location_ptr = (uint8 *)(stack_test_ptr + 2);
   \   0000006E   0x1CA0             ADDS     R0,R4,#+2
   \   00000070   0x0006             MOVS     R6,R0
   1470                          }
   1471          
   1472                          if ( stack_test_ptr == (uint8 *)MICRO_STACK_TEST_END_ADDRESS)
   \                     ??Micro__SRRamTest_4: (+1)
   \   00000072   0x.... 0x....      LDR.W    R0,??DataTable27_6
   \   00000076   0x4284             CMP      R4,R0
   \   00000078   0xD103             BNE.N    ??Micro__SRRamTest_5
   1473                          {
   1474                              stack_next_location_ptr = (uint8 *)(stack_test_ptr - 2);
   \   0000007A   0x1EA0             SUBS     R0,R4,#+2
   \   0000007C   0x0005             MOVS     R5,R0
   1475                              stack_previous_location_ptr = (uint8 *)(stack_test_ptr - 1);
   \   0000007E   0x1E60             SUBS     R0,R4,#+1
   \   00000080   0x0006             MOVS     R6,R0
   1476                          }
   1477          
   1478                          //store the data value into registers on which RAM test is done
   1479                          stack_test_data = ((*stack_test_ptr) << 16)  | (((*stack_next_location_ptr) << 24)) | ((*stack_previous_location_ptr) << 8) | (stack_test_data & RUN_TIME_STACK_TEST_PROP_MASK);
   \                     ??Micro__SRRamTest_5: (+1)
   \   00000082   0x7820             LDRB     R0,[R4, #+0]
   \   00000084   0x7829             LDRB     R1,[R5, #+0]
   \   00000086   0x0609             LSLS     R1,R1,#+24
   \   00000088   0xEA51 0x4000      ORRS     R0,R1,R0, LSL #+16
   \   0000008C   0x7831             LDRB     R1,[R6, #+0]
   \   0000008E   0xEA50 0x2001      ORRS     R0,R0,R1, LSL #+8
   \   00000092   0xB2F9             UXTB     R1,R7            ;; ZeroExt  R1,R7,#+24,#+24
   \   00000094   0xEA51 0x0700      ORRS     R7,R1,R0
   1480          
   1481                          //========================================================================
   1482                          // Actual engine of calculation
   1483          
   1484                          //Write the test location with 0x55 value and the neighbors by 0
   1485                          *(stack_test_ptr) = STACK_TEST_PATTERN;
   \   00000098   0x2055             MOVS     R0,#+85
   \   0000009A   0x7020             STRB     R0,[R4, #+0]
   1486                          *(stack_next_location_ptr) = STACK_TEST_BKD;
   \   0000009C   0x2000             MOVS     R0,#+0
   \   0000009E   0x7028             STRB     R0,[R5, #+0]
   1487                          *(stack_previous_location_ptr) = STACK_TEST_BKD;
   \   000000A0   0x2000             MOVS     R0,#+0
   \   000000A2   0x7030             STRB     R0,[R6, #+0]
   1488          
   1489                          //Check if the Ram test location is changed because of the neighborhood pattern
   1490                          if (*(stack_test_ptr) != STACK_TEST_PATTERN)
   \   000000A4   0x7820             LDRB     R0,[R4, #+0]
   \   000000A6   0x2855             CMP      R0,#+85
   \   000000A8   0xD001             BEQ.N    ??Micro__SRRamTest_6
   1491                          {
   1492                              stack_test_data  &= ~RUN_TIME_STACK_TEST_TRUE;
                                                         ^
Remark[Pe068]: integer conversion resulted in a change of sign
   \   000000AA   0xF037 0x0780      BICS     R7,R7,#0x80
   1493                          }
   1494          
   1495                          //change the neighborhood location value to 0xff and do not change the Ram test value
   1496                          *(stack_next_location_ptr) = STACK_TEST_BKD_INV;
   \                     ??Micro__SRRamTest_6: (+1)
   \   000000AE   0x20FF             MOVS     R0,#+255
   \   000000B0   0x7028             STRB     R0,[R5, #+0]
   1497                          *(stack_previous_location_ptr) = STACK_TEST_BKD_INV;
   \   000000B2   0x20FF             MOVS     R0,#+255
   \   000000B4   0x7030             STRB     R0,[R6, #+0]
   1498          
   1499                          //Check if the Ram test location is changed because of the neighborhood pattern
   1500                          if (*(stack_test_ptr) != STACK_TEST_PATTERN)
   \   000000B6   0x7820             LDRB     R0,[R4, #+0]
   \   000000B8   0x2855             CMP      R0,#+85
   \   000000BA   0xD001             BEQ.N    ??Micro__SRRamTest_7
   1501                          {
   1502                              stack_test_data  &= ~RUN_TIME_STACK_TEST_TRUE;
                                                         ^
Remark[Pe068]: integer conversion resulted in a change of sign
   \   000000BC   0xF037 0x0780      BICS     R7,R7,#0x80
   1503                          }
   1504          
   1505                          //Write the test location with 0xAA value and the neighbors by 0
   1506                          *(stack_test_ptr) = STACK_TEST_PATTERN_INV;
   \                     ??Micro__SRRamTest_7: (+1)
   \   000000C0   0x20AA             MOVS     R0,#+170
   \   000000C2   0x7020             STRB     R0,[R4, #+0]
   1507                          *(stack_next_location_ptr) = STACK_TEST_BKD;
   \   000000C4   0x2000             MOVS     R0,#+0
   \   000000C6   0x7028             STRB     R0,[R5, #+0]
   1508                          *(stack_previous_location_ptr) = STACK_TEST_BKD;
   \   000000C8   0x2000             MOVS     R0,#+0
   \   000000CA   0x7030             STRB     R0,[R6, #+0]
   1509          
   1510                          //Check if the Ram test location is changed because of the neighborhood pattern
   1511                          if (*(stack_test_ptr) != STACK_TEST_PATTERN_INV)
   \   000000CC   0x7820             LDRB     R0,[R4, #+0]
   \   000000CE   0x28AA             CMP      R0,#+170
   \   000000D0   0xD001             BEQ.N    ??Micro__SRRamTest_8
   1512                          {
   1513                              stack_test_data  &= ~RUN_TIME_STACK_TEST_TRUE;
                                                         ^
Remark[Pe068]: integer conversion resulted in a change of sign
   \   000000D2   0xF037 0x0780      BICS     R7,R7,#0x80
   1514                          }
   1515          
   1516                          //change the neighborhood location value to 0xff and do not change the Ram test value
   1517                          *(stack_next_location_ptr) = STACK_TEST_BKD_INV;
   \                     ??Micro__SRRamTest_8: (+1)
   \   000000D6   0x20FF             MOVS     R0,#+255
   \   000000D8   0x7028             STRB     R0,[R5, #+0]
   1518                          *(stack_previous_location_ptr) = STACK_TEST_BKD_INV;
   \   000000DA   0x20FF             MOVS     R0,#+255
   \   000000DC   0x7030             STRB     R0,[R6, #+0]
   1519          
   1520                          //Check if the Ram test location is changed because of the neighborhood pattern
   1521                          if (*(stack_test_ptr) != STACK_TEST_PATTERN_INV)
   \   000000DE   0x7820             LDRB     R0,[R4, #+0]
   \   000000E0   0x28AA             CMP      R0,#+170
   \   000000E2   0xD001             BEQ.N    ??Micro__SRRamTest_9
   1522                          {
   1523                              stack_test_data  &= ~RUN_TIME_STACK_TEST_TRUE;
                                                         ^
Remark[Pe068]: integer conversion resulted in a change of sign
   \   000000E4   0xF037 0x0780      BICS     R7,R7,#0x80
   1524                          }
   1525          
   1526                          //Restore the value
   1527                          *stack_next_location_ptr = (stack_test_data >> 24) & 0xFF;
   \                     ??Micro__SRRamTest_9: (+1)
   \   000000E8   0x0E38             LSRS     R0,R7,#+24
   \   000000EA   0x7028             STRB     R0,[R5, #+0]
   1528                          *stack_previous_location_ptr = (stack_test_data >> 8) & 0xFF;
   \   000000EC   0x0A38             LSRS     R0,R7,#+8
   \   000000EE   0x7030             STRB     R0,[R6, #+0]
   1529                          *stack_test_ptr = (stack_test_data >> 16) & 0xFF;;
   \   000000F0   0x0C38             LSRS     R0,R7,#+16
   \   000000F2   0x7020             STRB     R0,[R4, #+0]
   1530          
   1531                         //Is the RAM test reached the end of the RAM memory
   1532                          if ( stack_test_ptr == (uint8 *)MICRO_STACK_TEST_END_ADDRESS)
   \   000000F4   0x.... 0x....      LDR.W    R0,??DataTable27_6
   \   000000F8   0x4284             CMP      R4,R0
   \   000000FA   0xD103             BNE.N    ??Micro__SRRamTest_10
   1533                          {
   1534                              stack_test_ptr = (uint8 *)MICRO_STACK_TEST_START_ADDRESS;
   \   000000FC   0x.... 0x....      LDR.W    R0,??DataTable27_4
   \   00000100   0x0004             MOVS     R4,R0
   \   00000102   0xE004             B.N      ??Micro__SRRamTest_11
   1535                          }
   1536                          else
   1537                          {
   1538                              //or else go to the next memory location
   1539                              stack_test_ptr++;
   \                     ??Micro__SRRamTest_10: (+1)
   \   00000104   0x1C64             ADDS     R4,R4,#+1
   1540                              stack_next_location_ptr = (uint8 *)(stack_test_ptr + 1);
   \   00000106   0x1C60             ADDS     R0,R4,#+1
   \   00000108   0x0005             MOVS     R5,R0
   1541                              stack_previous_location_ptr = (uint8 *)(stack_test_ptr - 1);
   \   0000010A   0x1E60             SUBS     R0,R4,#+1
   \   0000010C   0x0006             MOVS     R6,R0
   1542                          }
   1543                      }//End of for loop for RAM_CONTINUOUS_TEST
   \                     ??Micro__SRRamTest_11: (+1)
   \   0000010E   0x1C7F             ADDS     R7,R7,#+1
   \   00000110   0xE7A4             B.N      ??Micro__SRRamTest_2
   1544          
   1545                      //Restore the RAM test pointer
   1546                      Run_Time_Stack_Pointer = (uint32 *)stack_test_ptr;
   \                     ??Micro__SRRamTest_3: (+1)
   \   00000112   0x.... 0x....      LDR.W    R0,??DataTable37_1
   \   00000116   0x6004             STR      R4,[R0, #+0]
   1547                      Run_Time_Stack_Pointer_Inv = ((uint32 *)~((uint32)Run_Time_Stack_Pointer));
   \   00000118   0x.... 0x....      LDR.W    R0,??DataTable37_1
   \   0000011C   0x6800             LDR      R0,[R0, #+0]
   \   0000011E   0x43C0             MVNS     R0,R0
   \   00000120   0x.... 0x....      LDR.W    R1,??DataTable37
   \   00000124   0x6008             STR      R0,[R1, #+0]
   1548          
   1549                      MICRO_RESTORE_INTERRUPT_CONTEXT_LOCAL();
   \   00000126   0xF389 0x8810      MSR      PRIMASK,R9
   1550                  }//End of if loop
   1551          
   1552                  if ((stack_test_data & RUN_TIME_STACK_TEST_TRUE) == 0)
   \                     ??Micro__SRRamTest_1: (+1)
   \   0000012A   0x0638             LSLS     R0,R7,#+24
   \   0000012C   0xD408             BMI.N    ??Micro__SRRamTest_12
   1553                    {
   1554                        //If the test fails throw test fail exception
   1555                      MICRO_SR_EXCEPTION_CONTINUOUS_RAM(Run_Time_Stack_Pointer);
                             ^
Warning[Pe767]: conversion from pointer to smaller integer
   \   0000012E   0x2200             MOVS     R2,#+0
   \   00000130   0x.... 0x....      LDR.W    R0,??DataTable37_1
   \   00000134   0x6801             LDR      R1,[R0, #+0]
   \   00000136   0xB2C9             UXTB     R1,R1            ;; ZeroExt  R1,R1,#+24,#+24
   \   00000138   0xB289             UXTH     R1,R1            ;; ZeroExt  R1,R1,#+16,#+16
   \   0000013A   0x2020             MOVS     R0,#+32
   \   0000013C   0x.... 0x....      BL       SRException__Queue
   1556                    }
   1557          
   1558                  //-----------------------------------------------------------------------------------------------------------------
   1559                  // CLASSB Test : Stack Underflow and overflow test
   1560                  //
   1561                  //This is used to validate the Stack operation
   1562                  //-----------------------------------------------------------------------------------------------------------------
   1563                  //check Stack underflow pattern
   1564          
   1565                  #define SREXCEPTION_DATA1               ((uint32)1)     //1 represents that the exception is from Micro module
   1566                  #define SREXCEPTION_DATA0_OVERFLOW      ((uint32)0)     //0 represents that the exception is because of the stack overflow
   1567                  #define SREXCEPTION_DATA0_UNDERFLOW     ((uint32)1)     //1 represents that the exception is because of the stack underflow
   1568          
   1569                  pt_stack_test = (uint32*)MICRO_STACK_TEST_END_ADDRESS;
   \                     ??Micro__SRRamTest_12: (+1)
   \   00000140   0x.... 0x....      LDR.W    R0,??DataTable27_6
   \   00000144   0x4680             MOV      R8,R0
   1570          
   1571                  if ((pt_stack_test[0] != STACK_TEST_PATTERN1) ||
   1572                      (pt_stack_test[1] != STACK_TEST_PATTERN2) ||
   1573                      (pt_stack_test[2] != STACK_TEST_PATTERN3) ||
   1574                      (pt_stack_test[3] != STACK_TEST_PATTERN4))
   \   00000146   0xF8D8 0x0000      LDR      R0,[R8, #+0]
   \   0000014A   0x.... 0x....      LDR.W    R1,??DataTable27_10  ;; 0x72696857
   \   0000014E   0x4288             CMP      R0,R1
   \   00000150   0xD111             BNE.N    ??Micro__SRRamTest_13
   \   00000152   0xF8D8 0x0004      LDR      R0,[R8, #+4]
   \   00000156   0x.... 0x....      LDR.W    R1,??DataTable27_9  ;; 0x6f6f706c
   \   0000015A   0x4288             CMP      R0,R1
   \   0000015C   0xD10B             BNE.N    ??Micro__SRRamTest_13
   \   0000015E   0xF8D8 0x0008      LDR      R0,[R8, #+8]
   \   00000162   0x.... 0x....      LDR.W    R1,??DataTable27_8  ;; 0x3030316c
   \   00000166   0x4288             CMP      R0,R1
   \   00000168   0xD105             BNE.N    ??Micro__SRRamTest_13
   \   0000016A   0xF8D8 0x000C      LDR      R0,[R8, #+12]
   \   0000016E   0x.... 0x....      LDR.W    R1,??DataTable27_7  ;; 0x72616559
   \   00000172   0x4288             CMP      R0,R1
   \   00000174   0xD004             BEQ.N    ??Micro__SRRamTest_14
   1575                  {
   1576                      //If the test fails throw test fail exception
   1577                      MICRO_SR_EXCEPTION_STACK_UNDERFLOW();
   \                     ??Micro__SRRamTest_13: (+1)
   \   00000176   0x2200             MOVS     R2,#+0
   \   00000178   0x2100             MOVS     R1,#+0
   \   0000017A   0x201D             MOVS     R0,#+29
   \   0000017C   0x.... 0x....      BL       SRException__Queue
   1578                  }
   1579          
   1580                  //check Stack overflow pattern
   1581                  pt_stack_test = (uint32*)MICRO_STACK_TEST_START_ADDRESS;
   \                     ??Micro__SRRamTest_14: (+1)
   \   00000180   0x.... 0x....      LDR.W    R0,??DataTable27_4
   \   00000184   0x4680             MOV      R8,R0
   1582          
   1583                  if ((pt_stack_test[0] != STACK_TEST_PATTERN5) ||
   1584                      (pt_stack_test[1] != STACK_TEST_PATTERN6) ||
   1585                      (pt_stack_test[2] != STACK_TEST_PATTERN7) ||
   1586                      (pt_stack_test[3] != STACK_TEST_PATTERN8))
   \   00000186   0xF8D8 0x0000      LDR      R0,[R8, #+0]
   \   0000018A   0x.... 0x....      LDR.W    R1,??DataTable27_11  ;; 0x20534545
   \   0000018E   0x4288             CMP      R0,R1
   \   00000190   0xD111             BNE.N    ??Micro__SRRamTest_15
   \   00000192   0xF8D8 0x0004      LDR      R0,[R8, #+4]
   \   00000196   0x.... 0x....      LDR.W    R1,??DataTable27_12  ;; 0x6167724f
   \   0000019A   0x4288             CMP      R0,R1
   \   0000019C   0xD10B             BNE.N    ??Micro__SRRamTest_15
   \   0000019E   0xF8D8 0x0008      LDR      R0,[R8, #+8]
   \   000001A2   0x.... 0x....      LDR.W    R1,??DataTable27_13  ;; 0x617a696e
   \   000001A6   0x4288             CMP      R0,R1
   \   000001A8   0xD105             BNE.N    ??Micro__SRRamTest_15
   \   000001AA   0xF8D8 0x000C      LDR      R0,[R8, #+12]
   \   000001AE   0x.... 0x....      LDR.W    R1,??DataTable27_14  ;; 0x6e6f6974
   \   000001B2   0x4288             CMP      R0,R1
   \   000001B4   0xD004             BEQ.N    ??Micro__SRRamTest_16
   1587                  {
   1588                      //If the test fails throw test fail exception
   1589                      MICRO_SR_EXCEPTION_STACK_OVERFLOW();
   \                     ??Micro__SRRamTest_15: (+1)
   \   000001B6   0x2200             MOVS     R2,#+0
   \   000001B8   0x2100             MOVS     R1,#+0
   \   000001BA   0x201C             MOVS     R0,#+28
   \   000001BC   0x.... 0x....      BL       SRException__Queue
   1590                  }
   1591                  SR_RAMTEST_FLOW_END()
   \                     ??Micro__SRRamTest_16: (+1)
   \   000001C0   0x2003             MOVS     R0,#+3
   \   000001C2   0x.... 0x....      BL       SRFlow__MainLogEvent
   1592               #endif
   1593          }
   \   000001C6   0xE8BD 0x83F1      POP      {R0,R4-R9,PC}    ;; return
   1594          
   1595          
   1596          //---------------------------------------------------------------------------------------------------------------------
   1597          /**
   1598           *    @brief    This method makes the controller to work at Normal speed or resumes the controller from Low Speed mode
   1599           *    @details  This method provides a way to switch from slow to normal mode of operation
   1600           */

   \                                 In section .text, align 2, keep-with-next
   1601          void Micro__SetNormalSpeedMode(void)
   1602          {
   \                     Micro__SetNormalSpeedMode: (+1)
   \   00000000   0xB510             PUSH     {R4,LR}
   1603              MICRO_DECLARE_INTERRUPT_CONTEXT_LOCAL();
   1604              uint32 i;
   1605          
   1606              //Save and Disable the Interrupts
   1607              MICRO_SAVE_INTERRUPT_CONTEXT_LOCAL();
   \   00000002   0xF3EF 0x8410      MRS      R4,PRIMASK
   \   00000006   0xB672             CPSID    I
   1608          
   1609              MicroInitClk();
   \   00000008   0x.... 0x....      BL       MicroInitClk
   1610              MicroGetClocksStatus();
   \   0000000C   0x.... 0x....      BL       MicroGetClocksStatus
   1611          
   1612              #if(MICRO_HIGHSPEEDRUN_MODE == ENABLED)
   1613              {
   1614          
   1615                  /* The PMPROT register may have already been written by init code
   1616                   If so then this next write is not done.
   1617                   PMPROT is write once after RESET
   1618                   this write-once bit allows the MCU to enter High Speed Run Mode (HSRUN)*/
   1619                  SMC.PMPROT.BIT.AHSRUN = 1;
   \   00000010   0x.... 0x....      LDR.W    R0,??DataTable37_2  ;; 0x4007e000
   \   00000014   0x7801             LDRB     R1,[R0, #+0]
   \   00000016   0xF041 0x0180      ORR      R1,R1,#0x80
   \   0000001A   0x7001             STRB     R1,[R0, #+0]
   1620          
   1621                  /* Set the RUNM bits to 0b011 for HSRUN mode */
   1622                  SMC.PMCTRL = SMC_PMCTRL_RUNM(3);
   \   0000001C   0x2160             MOVS     R1,#+96
   \   0000001E   0x7041             STRB     R1,[R0, #+1]
   1623          
   1624                  /* Wait for HSRUN regulator mode to be confirmed */
   1625                  for (i = 0; i < 10000; i++)
   \   00000020   0xF242 0x7110      MOVW     R1,#+10000
   1626                  { /* check that the value of SMC_PMSTAT is not 0x80 once it is 0x80, we can stop checking */
   1627                      if (SMC.PMSTAT != 0x80)
   \                     ??Micro__SetNormalSpeedMode_0: (+1)
   \   00000024   0x78C2             LDRB     R2,[R0, #+3]
   \   00000026   0x2A80             CMP      R2,#+128
   \   00000028   0xD001             BEQ.N    ??Micro__SetNormalSpeedMode_1
   1628                      {
   1629                          // 0x01 Current mode is normal run
   1630                          // 0x80 Current mode is high speed run
   1631                      }
   1632                      else
   1633                          break;
   1634                  }
   \   0000002A   0x1E49             SUBS     R1,R1,#+1
   \   0000002C   0xD1FA             BNE.N    ??Micro__SetNormalSpeedMode_0
   1635              }
   1636              #endif
   1637          
   1638              //Restore Interrupts
   1639              MICRO_RESTORE_INTERRUPT_CONTEXT_LOCAL();
   \                     ??Micro__SetNormalSpeedMode_1: (+1)
   \   0000002E   0xF384 0x8810      MSR      PRIMASK,R4
   1640          }
   \   00000032   0xBD10             POP      {R4,PC}          ;; return
   1641          
   1642          //---------------------------------------------------------------------------------------------------------------------
   1643          /**
   1644           *    @brief    This method puts the micro in WAIT mode
   1645           *    @details  The CPU clock is stopped, reducing the power consumption of the microcontroller.
   1646           *              When an internal or external interrupt request occurs,
   1647           *              the CPU wakes-up from Wait mode and resumes processing
   1648           */

   \                                 In section .text, align 4, keep-with-next
   1649          void Micro__GoSleep(void)
   1650          {
   \                     Micro__GoSleep: (+1)
   \   00000000   0xB570             PUSH     {R4-R6,LR}
   1651              Micro__EnableWarmResetAction(MICRO_WARM_RESET_ACTION_ENTER_LOWPOWER);
   \   00000002   0x.... 0x....      LDR.W    R4,??DataTable34
   \   00000006   0x.... 0x....      ADR.W    R1,MICRO_RESETINFO_HEADER
   \   0000000A   0x.... 0x....      LDR.W    R2,??DataTable37_3
   \   0000000E   0x.... 0x....      ADR.W    R3,MICRO_RESETINFO_FOOTER
   \   00000012   0x4620             MOV      R0,R4
   \   00000014   0xF05F 0x050B      MOVS.W   R5,#+11
   \                     ??Micro__GoSleep_0: (+1)
   \   00000018   0xF811 0x6B01      LDRB     R6,[R1], #+1
   \   0000001C   0xF800 0x6B01      STRB     R6,[R0], #+1
   \   00000020   0x1E6D             SUBS     R5,R5,#+1
   \   00000022   0xF813 0x6B01      LDRB     R6,[R3], #+1
   \   00000026   0xF802 0x6B01      STRB     R6,[R2], #+1
   \   0000002A   0xF811 0x6B01      LDRB     R6,[R1], #+1
   \   0000002E   0xF800 0x6B01      STRB     R6,[R0], #+1
   \   00000032   0xF813 0x6B01      LDRB     R6,[R3], #+1
   \   00000036   0xF802 0x6B01      STRB     R6,[R2], #+1
   \   0000003A   0xF811 0x6B01      LDRB     R6,[R1], #+1
   \   0000003E   0xF800 0x6B01      STRB     R6,[R0], #+1
   \   00000042   0xF813 0x6B01      LDRB     R6,[R3], #+1
   \   00000046   0xF802 0x6B01      STRB     R6,[R2], #+1
   \   0000004A   0xF811 0x6B01      LDRB     R6,[R1], #+1
   \   0000004E   0xF800 0x6B01      STRB     R6,[R0], #+1
   \   00000052   0xF813 0x6B01      LDRB     R6,[R3], #+1
   \   00000056   0xF802 0x6B01      STRB     R6,[R2], #+1
   \   0000005A   0xD1DD             BNE.N    ??Micro__GoSleep_0
   \   0000005C   0x2206             MOVS     R2,#+6
   \   0000005E   0xF104 0x012C      ADD      R1,R4,#+44
   \   00000062   0x20FF             MOVS     R0,#+255
   \   00000064   0x.... 0x....      BL       Crc8
   \   00000068   0xF894 0x1032      LDRB     R1,[R4, #+50]
   \   0000006C   0x4281             CMP      R1,R0
   \   0000006E   0xD004             BEQ.N    ??Micro__GoSleep_1
   \   00000070   0x22FF             MOVS     R2,#+255
   \   00000072   0x21FF             MOVS     R1,#+255
   \   00000074   0x2027             MOVS     R0,#+39
   \   00000076   0x.... 0x....      BL       SRException__Queue
   \                     ??Micro__GoSleep_1: (+1)
   \   0000007A   0xF894 0x002F      LDRB     R0,[R4, #+47]
   \   0000007E   0xF040 0x0001      ORR      R0,R0,#0x1
   \   00000082   0xF884 0x002F      STRB     R0,[R4, #+47]
   \   00000086   0x2206             MOVS     R2,#+6
   \   00000088   0xF104 0x012C      ADD      R1,R4,#+44
   \   0000008C   0x20FF             MOVS     R0,#+255
   \   0000008E   0x.... 0x....      BL       Crc8
   \   00000092   0xF884 0x0032      STRB     R0,[R4, #+50]
   1652              Micro__ForceReset(MICRO_RESET_MODE_WARM);
   \   00000096   0x.... 0x....      LDR.W    R1,??DataTable33_4  ;; 0xe000ed0c
   \   0000009A   0x.... 0x....      LDR.W    R0,??DataTable37_4  ;; 0x5fa0004
   \   0000009E   0x6008             STR      R0,[R1, #+0]
   1653          }
   \   000000A0   0xBD70             POP      {R4-R6,PC}       ;; return
   1654          
   1655          //---------------------------------------------------------------------------------------------------------------------
   1656          /**
   1657           * @brief   This method refreshes the watchdog
   1658           * @details This method should be called periodically to refresh the WWDG (window watchdog)
   1659           *          and/or IWDG (Independent watchdog) depending on the configuration.
   1660           *
   1661           *          Can be used to resolve processor malfunctions due to hardware or software failures.
   1662           *          Watchdog should be refreshed at every 5ms
   1663           */

   \                                 In section .text, align 2, keep-with-next
   1664          void Micro__ServiceWatchdog(void)
   1665          {
   1666          	#if (MICRO_WATCHDOG_FEATURE == ENABLED)
   1667          		SERVICE_WATCHDOG();
   \                     Micro__ServiceWatchdog: (+1)
   \   00000000   0xF3EF 0x8010      MRS      R0,PRIMASK
   \   00000004   0xB672             CPSID    I
   \   00000006   0x.... 0x....      LDR.W    R1,??DataTable37_5  ;; 0x4005200c
   \   0000000A   0xF24A 0x6202      MOVW     R2,#+42498
   \   0000000E   0x800A             STRH     R2,[R1, #+0]
   \   00000010   0xF24B 0x4280      MOVW     R2,#+46208
   \   00000014   0x800A             STRH     R2,[R1, #+0]
   \   00000016   0xF380 0x8810      MSR      PRIMASK,R0
   1668          	#endif
   1669          }
   \   0000001A   0x4770             BX       LR               ;; return
   1670          
   1671          //---------------------------------------------------------------------------------------------------------------------
   1672          /**
   1673           *    @brief    It reset the micro when a not handled interruption occurs
   1674           *    @details  This method is used to reset the micro when an interrupt appears which was not handled
   1675           */

   \                                 In section .text, align 2, keep-with-next
   1676          INTERRUPT_DIRECTIVE void Micro__Trap(void)
   1677          {
   1678              SYSTEM_RESET();
   \                     Micro__Trap: (+1)
   \   00000000   0x.... 0x....      LDR.W    R1,??DataTable33_4  ;; 0xe000ed0c
   \   00000004   0x.... 0x....      LDR.W    R0,??DataTable37_4  ;; 0x5fa0004
   \   00000008   0x6008             STR      R0,[R1, #+0]
   1679          }
   \   0000000A   0x4770             BX       LR               ;; return
   1680          
   1681          //---------------------------------------------------------------------------------------------------------------------
   1682          /**
   1683           *    @brief    This method provides information about the clocks
   1684           *    @details  This method provides information about clocks such as
   1685           *              System clock frequency (SYSCLK_Frequency),
   1686           *              AHB Clock frequency (HCLK_Frequency),
   1687           *              APB1 Clock frequency( PCLK1_Frequency),
   1688           *              APB2 Clock frequency( PCLK2_Frequency),
   1689           *              And HSE(High speed External) initialization status.
   1690           *
   1691           *    @return   MICRO_CLOCK_DEF* : pointer to the clock registers structure
   1692           */

   \                                 In section .text, align 2, keep-with-next
   1693          MICRO_CLOCK_DEF * Micro__GetClock(void)
   1694          {
   1695              return (&Micro_ClocksStatus);
   \                     Micro__GetClock: (+1)
   \   00000000   0x.... 0x....      LDR.W    R0,??DataTable37_6
   \   00000004   0x4770             BX       LR               ;; return
   1696          }
   1697          
   1698          //---------------------------------------------------------------------------------------------------------------------
   1699          /**
   1700           *    @brief    This method adds the delay to the execution
   1701           *    @details  Adds the delay by executing the NOP(No Operation)
   1702           *    @param    delay : Defines the number times the NOP opcode is executed
   1703           */

   \                                 In section .text, align 4, keep-with-next
   1704          void Micro__DelayNumNops(uint16 delay)
   1705          {
   1706              uint16 count;
   1707          
   1708              for(count =0; count < delay; count++)
   \                     Micro__DelayNumNops: (+1)
   \   00000000   0xB168             CBZ.N    R0,??Micro__DelayNumNops_0
   \   00000002   0xF010 0x0103      ANDS     R1,R0,#0x3
   \   00000006   0xD002             BEQ.N    ??Micro__DelayNumNops_1
   1709              {
   1710                  NOP();
   \                     ??Micro__DelayNumNops_2: (+1)
   \   00000008   0xBF00             nop 
   \   0000000A   0x1E49             SUBS     R1,R1,#+1
   \   0000000C   0xD1FC             BNE.N    ??Micro__DelayNumNops_2
   \                     ??Micro__DelayNumNops_1: (+1)
   \   0000000E   0x0880             LSRS     R0,R0,#+2
   \   00000010   0xD005             BEQ.N    ??Micro__DelayNumNops_0
   \                     ??Micro__DelayNumNops_3: (+1)
   \   00000012   0xBF00             nop 
   \   00000014   0xBF00             nop 
   \   00000016   0xBF00             nop 
   \   00000018   0xBF00             nop 
   1711              }
   \   0000001A   0x1E40             SUBS     R0,R0,#+1
   \   0000001C   0xD1F9             BNE.N    ??Micro__DelayNumNops_3
   1712          }
   \                     ??Micro__DelayNumNops_0: (+1)
   \   0000001E   0x4770             BX       LR               ;; return
   1713          
   1714          //---------------------------------------------------------------------------------------------------------------------
   1715          /**
   1716           *    @brief    This method provides a reason for last system reset.
   1717           *    @details  This method is used to provides information about the source from where reset to system occurs
   1718           *    @return   MICRO_LAST_RESET_TYPE* : pointer to system reset status register structure
   1719           *                                      Reset by Debugger,
   1720           *                                      Reset by Low Voltage Detector (LVD),
   1721           *                                      Reset by Clock failure,
   1722           *                                      Reset by EMC,
   1723           *                                      Reset by illegal opcode execution,
   1724           *                                      Reset by watchdog,
   1725           *                                      Reset by External,
   1726           *                                      And Power on reset.
   1727           */

   \                                 In section .text, align 2, keep-with-next
   1728          MICRO_LAST_RESET_TYPE * Micro__GetLastResetstatus(void)
   1729          {
   \                     Micro__GetLastResetstatus: (+1)
   \   00000000   0xB510             PUSH     {R4,LR}
   1730              MicroValidateResetInfoDataCrc();
   \   00000002   0x.... 0x....      LDR.W    R4,??DataTable34
   \   00000006   0x2206             MOVS     R2,#+6
   \   00000008   0xF104 0x012C      ADD      R1,R4,#+44
   \   0000000C   0x20FF             MOVS     R0,#+255
   \   0000000E   0x.... 0x....      BL       Crc8
   \   00000012   0xF894 0x1032      LDRB     R1,[R4, #+50]
   \   00000016   0x4281             CMP      R1,R0
   \   00000018   0xD004             BEQ.N    ??Micro__GetLastResetstatus_0
   \   0000001A   0x22FF             MOVS     R2,#+255
   \   0000001C   0x21FF             MOVS     R1,#+255
   \   0000001E   0x2027             MOVS     R0,#+39
   \   00000020   0x.... 0x....      BL       SRException__Queue
   1731              return (&(Micro_ResetInfo.Actual_Reset));
   \                     ??Micro__GetLastResetstatus_0: (+1)
   \   00000024   0xF104 0x002D      ADD      R0,R4,#+45
   \   00000028   0xBD10             POP      {R4,PC}          ;; return
   1732          }
   1733          
   1734          //---------------------------------------------------------------------------------------------------------------------
   1735          /**
   1736           * @brief - This API assert the reset
   1737           *
   1738           * @param reset_mode
   1739           *
   1740           */

   \                                 In section .text, align 2, keep-with-next
   1741          void Micro__ForceReset(MICRO_RESET_MODE_TYPE reset_mode)
   1742          {
   1743              if (reset_mode == MICRO_RESET_MODE_WARM)
   \                     Micro__ForceReset: (+1)
   \   00000000   0x.... 0x....      LDR.W    R1,??DataTable33_4  ;; 0xe000ed0c
   \   00000004   0x.... 0x....      LDR.W    R2,??DataTable33_7  ;; 0x5fa0004
   \   00000008   0x2801             CMP      R0,#+1
   \   0000000A   0xD006             BEQ.N    ??Micro__ForceReset_0
   1744              {
   1745                  //warm reset
   1746                  SYSTEM_RESET();
   1747              }
   1748              else
   1749              {
   1750                  //Cold reset
   1751                  //Corrupt the signature
   1752                  Micro_ResetInfo.Header[0] = 0;
   \   0000000C   0x.... 0x....      LDR.W    R3,??DataTable34
   \   00000010   0x2000             MOVS     R0,#+0
   \   00000012   0x7018             STRB     R0,[R3, #+0]
   1753                  Micro_ResetInfo_Footer[0] = 0;
   \   00000014   0x.... 0x....      LDR.W    R3,??DataTable37_3
   \   00000018   0x7018             STRB     R0,[R3, #+0]
   1754          
   1755                  SYSTEM_RESET();
   \                     ??Micro__ForceReset_0: (+1)
   \   0000001A   0x600A             STR      R2,[R1, #+0]
   1756              }
   1757          }
   \   0000001C   0x4770             BX       LR               ;; return
   1758          
   1759          //---------------------------------------------------------------------------------------------------------------------
   1760          /**
   1761           * @brief - This API reads the reset mode
   1762           * @return MICRO_RESET_MODE_TYPE:
   1763           *
   1764           */

   \                                 In section .text, align 2, keep-with-next
   1765          MICRO_RESET_MODE_TYPE Micro__GetResetMode(void)
   1766          {
   \                     Micro__GetResetMode: (+1)
   \   00000000   0xB510             PUSH     {R4,LR}
   1767              MicroValidateResetInfoDataCrc();
   \   00000002   0x.... 0x....      LDR.W    R4,??DataTable34
   \   00000006   0x2206             MOVS     R2,#+6
   \   00000008   0xF104 0x012C      ADD      R1,R4,#+44
   \   0000000C   0x20FF             MOVS     R0,#+255
   \   0000000E   0x.... 0x....      BL       Crc8
   \   00000012   0xF894 0x1032      LDRB     R1,[R4, #+50]
   \   00000016   0x4281             CMP      R1,R0
   \   00000018   0xD004             BEQ.N    ??Micro__GetResetMode_0
   \   0000001A   0x22FF             MOVS     R2,#+255
   \   0000001C   0x21FF             MOVS     R1,#+255
   \   0000001E   0x2027             MOVS     R0,#+39
   \   00000020   0x.... 0x....      BL       SRException__Queue
   1768              return(Micro_ResetInfo.Mode);
   \                     ??Micro__GetResetMode_0: (+1)
   \   00000024   0xF894 0x002E      LDRB     R0,[R4, #+46]
   \   00000028   0xBD10             POP      {R4,PC}          ;; return
   1769          }
   1770          
   1771          //---------------------------------------------------------------------------------------------------------------------
   1772          /**
   1773           * @brief - This API is used to Enable the warm reset action if the next reset is warn reset type
   1774           * @param warm_reset_action
   1775           */
   1776          #pragma inline=forced

   \                                 In section .text, align 4
   1777          void Micro__EnableWarmResetAction(MICRO_WARM_RESET_ACTION_TYPE warm_reset_action)
   1778          {
   \                     Micro__EnableWarmResetAction: (+1)
   \   00000000   0xB5F0             PUSH     {R4-R7,LR}
   \   00000002   0x4604             MOV      R4,R0
   1779              MicroSetRamSignature();
   \   00000004   0x4D23             LDR.N    R5,??Micro__EnableWarmResetAction_0
   \   00000006   0x4924             LDR.N    R1,??Micro__EnableWarmResetAction_0+0x4
   \   00000008   0x4A24             LDR.N    R2,??Micro__EnableWarmResetAction_0+0x8
   \   0000000A   0x4B25             LDR.N    R3,??Micro__EnableWarmResetAction_0+0xC
   \   0000000C   0xB081             SUB      SP,SP,#+4
   \   0000000E   0x4628             MOV      R0,R5
   \   00000010   0xF05F 0x060B      MOVS.W   R6,#+11
   \                     ??Micro__EnableWarmResetAction_1: (+1)
   \   00000014   0xF811 0x7B01      LDRB     R7,[R1], #+1
   \   00000018   0xF800 0x7B01      STRB     R7,[R0], #+1
   \   0000001C   0x1E76             SUBS     R6,R6,#+1
   \   0000001E   0xF813 0x7B01      LDRB     R7,[R3], #+1
   \   00000022   0xF802 0x7B01      STRB     R7,[R2], #+1
   \   00000026   0xF811 0x7B01      LDRB     R7,[R1], #+1
   \   0000002A   0xF800 0x7B01      STRB     R7,[R0], #+1
   \   0000002E   0xF813 0x7B01      LDRB     R7,[R3], #+1
   \   00000032   0xF802 0x7B01      STRB     R7,[R2], #+1
   \   00000036   0xF811 0x7B01      LDRB     R7,[R1], #+1
   \   0000003A   0xF800 0x7B01      STRB     R7,[R0], #+1
   \   0000003E   0xF813 0x7B01      LDRB     R7,[R3], #+1
   \   00000042   0xF802 0x7B01      STRB     R7,[R2], #+1
   \   00000046   0xF811 0x7B01      LDRB     R7,[R1], #+1
   \   0000004A   0xF800 0x7B01      STRB     R7,[R0], #+1
   \   0000004E   0xF813 0x7B01      LDRB     R7,[R3], #+1
   \   00000052   0xF802 0x7B01      STRB     R7,[R2], #+1
   \   00000056   0xD1DD             BNE.N    ??Micro__EnableWarmResetAction_1
   1780              MicroValidateResetInfoDataCrc();
   \   00000058   0x2206             MOVS     R2,#+6
   \   0000005A   0xF105 0x012C      ADD      R1,R5,#+44
   \   0000005E   0x20FF             MOVS     R0,#+255
   \   00000060   0x.... 0x....      BL       Crc8
   \   00000064   0xF895 0x1032      LDRB     R1,[R5, #+50]
   \   00000068   0x4281             CMP      R1,R0
   \   0000006A   0xD004             BEQ.N    ??Micro__EnableWarmResetAction_2
   \   0000006C   0x22FF             MOVS     R2,#+255
   \   0000006E   0x21FF             MOVS     R1,#+255
   \   00000070   0x2027             MOVS     R0,#+39
   \   00000072   0x.... 0x....      BL       SRException__Queue
   1781              Micro_ResetInfo.Warm_Reset_Actions |= warm_reset_action;
   \                     ??Micro__EnableWarmResetAction_2: (+1)
   \   00000076   0xF895 0x002F      LDRB     R0,[R5, #+47]
   \   0000007A   0x4320             ORRS     R0,R4,R0
   \   0000007C   0xF885 0x002F      STRB     R0,[R5, #+47]
   1782              MicroUpdateResetInfoDataCrc();
   \   00000080   0x2206             MOVS     R2,#+6
   \   00000082   0xF105 0x012C      ADD      R1,R5,#+44
   \   00000086   0x20FF             MOVS     R0,#+255
   \   00000088   0x.... 0x....      BL       Crc8
   \   0000008C   0xF885 0x0032      STRB     R0,[R5, #+50]
   1783          }
   \   00000090   0xB001             ADD      SP,SP,#+4
   \   00000092   0xBDF0             POP      {R4-R7,PC}       ;; return
   \                     ??Micro__EnableWarmResetAction_0:
   \   00000094   0x........         DC32     Micro_ResetInfo
   \   00000098   0x........         DC32     MICRO_RESETINFO_HEADER
   \   0000009C   0x........         DC32     Micro_ResetInfo_Footer
   \   000000A0   0x........         DC32     MICRO_RESETINFO_FOOTER
   1784          
   1785          //---------------------------------------------------------------------------------------------------------------------
   1786          /**
   1787           * @brief - This API is used to Disable the warm reset action if the next reset is warn reset type
   1788           * @param warm_reset_action
   1789           */
   1790          #pragma inline=forced
   1791          void Micro__DisableWarmResetAction(MICRO_WARM_RESET_ACTION_TYPE warm_reset_action)
   1792          {
   1793              MicroSetRamSignature();
   1794              MicroValidateResetInfoDataCrc();
   1795              Micro_ResetInfo.Warm_Reset_Actions &= ~warm_reset_action;
                                                           ^
Remark[Pa091]: operator operates on value promoted to int (with possibly
          unexpected result)
   1796              MicroUpdateResetInfoDataCrc();
   1797          }
   1798          
   1799          //---------------------------------------------------------------------------------------------------------------------
   1800          /**
   1801           * @brief - This API is used to read the warm reset actions set
   1802           * @return MICRO_WARM_RESET_ACTION_TYPE
   1803           */

   \                                 In section .text, align 4, keep-with-next
   1804          MICRO_WARM_RESET_ACTION_TYPE Micro__GetWarmResetAction(void)
   1805          {
   \                     Micro__GetWarmResetAction: (+1)
   \   00000000   0xB5F0             PUSH     {R4-R7,LR}
   1806              if (MicroIsResetSignatureValid() == TRUE)
   \   00000002   0x.... 0x....      LDR.W    R4,??DataTable34
   \   00000006   0x.... 0x....      ADR.W    R1,MICRO_RESETINFO_HEADER
   \   0000000A   0x.... 0x....      LDR.W    R2,??DataTable37_3
   \   0000000E   0x.... 0x....      ADR.W    R3,MICRO_RESETINFO_FOOTER
   \   00000012   0xB081             SUB      SP,SP,#+4
   \   00000014   0x2500             MOVS     R5,#+0
   \   00000016   0x4620             MOV      R0,R4
   \                     ??Micro__GetWarmResetAction_0: (+1)
   \   00000018   0xF810 0x6B01      LDRB     R6,[R0], #+1
   \   0000001C   0xF811 0x7B01      LDRB     R7,[R1], #+1
   \   00000020   0x42BE             CMP      R6,R7
   \   00000022   0xBF02             ITTT     EQ 
   \   00000024   0xF812 0x6B01      LDRBEQ   R6,[R2], #+1
   \   00000028   0xF813 0x7B01      LDRBEQ   R7,[R3], #+1
   \   0000002C   0x42BE             CMPEQ    R6,R7
   \   0000002E   0xD140             BNE.N    ??Micro__GetWarmResetAction_1
   \   00000030   0xF810 0x6B01      LDRB     R6,[R0], #+1
   \   00000034   0xF811 0x7B01      LDRB     R7,[R1], #+1
   \   00000038   0x1C6D             ADDS     R5,R5,#+1
   \   0000003A   0xB2ED             UXTB     R5,R5
   \   0000003C   0x42BE             CMP      R6,R7
   \   0000003E   0xBF02             ITTT     EQ 
   \   00000040   0xF812 0x6B01      LDRBEQ   R6,[R2], #+1
   \   00000044   0xF813 0x7B01      LDRBEQ   R7,[R3], #+1
   \   00000048   0x42BE             CMPEQ    R6,R7
   \   0000004A   0xD132             BNE.N    ??Micro__GetWarmResetAction_1
   \   0000004C   0xF810 0x6B01      LDRB     R6,[R0], #+1
   \   00000050   0xF811 0x7B01      LDRB     R7,[R1], #+1
   \   00000054   0x1C6D             ADDS     R5,R5,#+1
   \   00000056   0xB2ED             UXTB     R5,R5
   \   00000058   0x42BE             CMP      R6,R7
   \   0000005A   0xBF02             ITTT     EQ 
   \   0000005C   0xF812 0x6B01      LDRBEQ   R6,[R2], #+1
   \   00000060   0xF813 0x7B01      LDRBEQ   R7,[R3], #+1
   \   00000064   0x42BE             CMPEQ    R6,R7
   \   00000066   0xD124             BNE.N    ??Micro__GetWarmResetAction_1
   \   00000068   0xF810 0x6B01      LDRB     R6,[R0], #+1
   \   0000006C   0xF811 0x7B01      LDRB     R7,[R1], #+1
   \   00000070   0x1C6D             ADDS     R5,R5,#+1
   \   00000072   0xB2ED             UXTB     R5,R5
   \   00000074   0x42BE             CMP      R6,R7
   \   00000076   0xBF02             ITTT     EQ 
   \   00000078   0xF812 0x6B01      LDRBEQ   R6,[R2], #+1
   \   0000007C   0xF813 0x7B01      LDRBEQ   R7,[R3], #+1
   \   00000080   0x42BE             CMPEQ    R6,R7
   \   00000082   0xD116             BNE.N    ??Micro__GetWarmResetAction_1
   \   00000084   0x1C6D             ADDS     R5,R5,#+1
   \   00000086   0xB2ED             UXTB     R5,R5
   \   00000088   0x2D2C             CMP      R5,#+44
   \   0000008A   0xDBC5             BLT.N    ??Micro__GetWarmResetAction_0
   1807              {
   1808                  MicroValidateResetInfoDataCrc();
   \   0000008C   0x2206             MOVS     R2,#+6
   \   0000008E   0xF104 0x012C      ADD      R1,R4,#+44
   \   00000092   0x20FF             MOVS     R0,#+255
   \   00000094   0x.... 0x....      BL       Crc8
   \   00000098   0xF894 0x1032      LDRB     R1,[R4, #+50]
   \   0000009C   0x4281             CMP      R1,R0
   \   0000009E   0xD004             BEQ.N    ??Micro__GetWarmResetAction_2
   \   000000A0   0x22FF             MOVS     R2,#+255
   \   000000A2   0x21FF             MOVS     R1,#+255
   \   000000A4   0x2027             MOVS     R0,#+39
   \   000000A6   0x.... 0x....      BL       SRException__Queue
   1809                  return(Micro_ResetInfo.Warm_Reset_Actions);
   \                     ??Micro__GetWarmResetAction_2: (+1)
   \   000000AA   0xF894 0x002F      LDRB     R0,[R4, #+47]
   \   000000AE   0xB001             ADD      SP,SP,#+4
   \   000000B0   0xBDF0             POP      {R4-R7,PC}       ;; return
   1810              }
   1811              else
   1812              {
   1813                  return((MICRO_WARM_RESET_ACTION_TYPE)0);
   \                     ??Micro__GetWarmResetAction_1: (+1)
   \   000000B2   0x2000             MOVS     R0,#+0
   \   000000B4   0xB001             ADD      SP,SP,#+4
   \   000000B6   0xBDF0             POP      {R4-R7,PC}
   1814              }
   1815          }
   1816          
   1817          //---------------------------------------------------------------------------------------------------------------------
   1818          /**
   1819           * @brief Returns the Warm Reset Count
   1820           * @details - We keep the count on how many times the Warm reset type occurred in the micro ranging from 0 to 20.
   1821           * 			  After 20th Warm reset type we are forcing the cold reset which does clears the RAM memory
   1822           *
   1823           * @return uint8 : Returns the Current Warm reset counts
   1824           * 	@retval
   1825           */

   \                                 In section .text, align 4, keep-with-next
   1826          uint8 Micro__GetWarmResetCount(void)
   1827          {
   \                     Micro__GetWarmResetCount: (+1)
   \   00000000   0xB5F0             PUSH     {R4-R7,LR}
   1828              if (MicroIsResetSignatureValid() == TRUE)
   \   00000002   0x.... 0x....      LDR.W    R4,??DataTable34
   \   00000006   0x.... 0x....      ADR.W    R1,MICRO_RESETINFO_HEADER
   \   0000000A   0x.... 0x....      LDR.W    R2,??DataTable37_3
   \   0000000E   0x.... 0x....      ADR.W    R3,MICRO_RESETINFO_FOOTER
   \   00000012   0xB081             SUB      SP,SP,#+4
   \   00000014   0x2500             MOVS     R5,#+0
   \   00000016   0x4620             MOV      R0,R4
   \                     ??Micro__GetWarmResetCount_0: (+1)
   \   00000018   0xF810 0x6B01      LDRB     R6,[R0], #+1
   \   0000001C   0xF811 0x7B01      LDRB     R7,[R1], #+1
   \   00000020   0x42BE             CMP      R6,R7
   \   00000022   0xBF02             ITTT     EQ 
   \   00000024   0xF812 0x6B01      LDRBEQ   R6,[R2], #+1
   \   00000028   0xF813 0x7B01      LDRBEQ   R7,[R3], #+1
   \   0000002C   0x42BE             CMPEQ    R6,R7
   \   0000002E   0xD140             BNE.N    ??Micro__GetWarmResetCount_1
   \   00000030   0xF810 0x6B01      LDRB     R6,[R0], #+1
   \   00000034   0xF811 0x7B01      LDRB     R7,[R1], #+1
   \   00000038   0x1C6D             ADDS     R5,R5,#+1
   \   0000003A   0xB2ED             UXTB     R5,R5
   \   0000003C   0x42BE             CMP      R6,R7
   \   0000003E   0xBF02             ITTT     EQ 
   \   00000040   0xF812 0x6B01      LDRBEQ   R6,[R2], #+1
   \   00000044   0xF813 0x7B01      LDRBEQ   R7,[R3], #+1
   \   00000048   0x42BE             CMPEQ    R6,R7
   \   0000004A   0xD132             BNE.N    ??Micro__GetWarmResetCount_1
   \   0000004C   0xF810 0x6B01      LDRB     R6,[R0], #+1
   \   00000050   0xF811 0x7B01      LDRB     R7,[R1], #+1
   \   00000054   0x1C6D             ADDS     R5,R5,#+1
   \   00000056   0xB2ED             UXTB     R5,R5
   \   00000058   0x42BE             CMP      R6,R7
   \   0000005A   0xBF02             ITTT     EQ 
   \   0000005C   0xF812 0x6B01      LDRBEQ   R6,[R2], #+1
   \   00000060   0xF813 0x7B01      LDRBEQ   R7,[R3], #+1
   \   00000064   0x42BE             CMPEQ    R6,R7
   \   00000066   0xD124             BNE.N    ??Micro__GetWarmResetCount_1
   \   00000068   0xF810 0x6B01      LDRB     R6,[R0], #+1
   \   0000006C   0xF811 0x7B01      LDRB     R7,[R1], #+1
   \   00000070   0x1C6D             ADDS     R5,R5,#+1
   \   00000072   0xB2ED             UXTB     R5,R5
   \   00000074   0x42BE             CMP      R6,R7
   \   00000076   0xBF02             ITTT     EQ 
   \   00000078   0xF812 0x6B01      LDRBEQ   R6,[R2], #+1
   \   0000007C   0xF813 0x7B01      LDRBEQ   R7,[R3], #+1
   \   00000080   0x42BE             CMPEQ    R6,R7
   \   00000082   0xD116             BNE.N    ??Micro__GetWarmResetCount_1
   \   00000084   0x1C6D             ADDS     R5,R5,#+1
   \   00000086   0xB2ED             UXTB     R5,R5
   \   00000088   0x2D2C             CMP      R5,#+44
   \   0000008A   0xDBC5             BLT.N    ??Micro__GetWarmResetCount_0
   1829              {
   1830                  MicroValidateResetInfoDataCrc();
   \   0000008C   0x2206             MOVS     R2,#+6
   \   0000008E   0xF104 0x012C      ADD      R1,R4,#+44
   \   00000092   0x20FF             MOVS     R0,#+255
   \   00000094   0x.... 0x....      BL       Crc8
   \   00000098   0xF894 0x1032      LDRB     R1,[R4, #+50]
   \   0000009C   0x4281             CMP      R1,R0
   \   0000009E   0xD004             BEQ.N    ??Micro__GetWarmResetCount_2
   \   000000A0   0x22FF             MOVS     R2,#+255
   \   000000A2   0x21FF             MOVS     R1,#+255
   \   000000A4   0x2027             MOVS     R0,#+39
   \   000000A6   0x.... 0x....      BL       SRException__Queue
   1831                  return(Micro_ResetInfo.Warm_Reset_Count);
   \                     ??Micro__GetWarmResetCount_2: (+1)
   \   000000AA   0xF894 0x0031      LDRB     R0,[R4, #+49]
   \   000000AE   0xB001             ADD      SP,SP,#+4
   \   000000B0   0xBDF0             POP      {R4-R7,PC}       ;; return
   1832              }
   1833              else
   1834              {
   1835                  return(0);
   \                     ??Micro__GetWarmResetCount_1: (+1)
   \   000000B2   0x2000             MOVS     R0,#+0
   \   000000B4   0xB001             ADD      SP,SP,#+4
   \   000000B6   0xBDF0             POP      {R4-R7,PC}
   1836              }
   1837          }
   1838          
   1839          //---------------------------------------------------------------------------------------------------------------------
   1840          /**
   1841           *    @brief    This method performs non-volatile memory (FLASH) test periodically.
   1842           *    @details  This method is responsible for checking the FLASH memory consistency.
   1843           *              Run time Flash Test which calculates CRC couple bytes each time and keeps on continuing until it
   1844           *              reaches the FLASH memory end and compare the calculated CRC against a CRC value stored
   1845           *              in FLASH memory.
   1846           *
   1847           *              INBUILT_FLASH_CRC_CALCULATOR macro defines the CRC calculation engine either Inbuilt or External.
   1848           *
   1849           *              MICRO_NUM_BYTE_FOR_FLASH_CONTINUOUS_TEST configuration macro defined in the SRMicro_prv.h file
   1850           *              Defines how many words will be processed each interaction of the Continuous Flash Test.
   1851           *
   1852           *              The time taken for complete FLASH test is calculated below-
   1853           *              For the inbuilt CRC tool(IELF) -
   1854           *              FULL FLASH TEST (in ms) =
   1855           *                 (((FLASH Size in words)-4)/ MICRO_NUM_BYTE_FOR_FLASH_CONTINUOUS_TEST) * Call rate(of Micro__FlashTest())
   1856           *
   1857           *              If the external CRC tool(IELF) is used-
   1858           *              FULL FLASH TEST (in ms) =
   1859           *                  (((FLASH Size in bytes)-4)/ MICRO_NUM_BYTE_FOR_FLASH_CONTINUOUS_TEST) * Call rate(of Micro__FlashTest())
   1860           *
   1861           *              In the calculation FLASH Size-4 because the last 4- bytes of the flash memory is used to
   1862           *              hold the calculated CRC value on which the Flash test is not performed.
   1863           *
   1864           *
   1865           *              For example
   1866           *              Flash size is 32768 in words,  number of bytes processed in each call are 4 and the call rate is 5ms
   1867           *              then time taken by the inbuilt CRC calculator is-
   1868           *              FULL FLASH TEST (in ms) =  ((32768-4) /4)  * 5 ms
   1869           *                                      = 2047.75ms
   1870           *
   1871           *              Along with this it provides the flow control log and exception control for each tests.
   1872           *              Note- Should be called at every 5ms or 25ms slot.
   1873           */
   1874          #pragma optimize=none

   \                                 In section .text, align 2, keep-with-next
   1875          void Micro__SRFlashTest(void)
   1876          {
   \                     Micro__SRFlashTest: (+1)
   \   00000000   0xB510             PUSH     {R4,LR}
   1877              #if (MICRO_SR_FEATURE_TEST == ENABLED)
   1878                  uint8 count;
   1879          
   1880                  SR_FLASHTEST_FLOW_BEGIN()
   \   00000002   0x2004             MOVS     R0,#+4
   \   00000004   0x.... 0x....      BL       SRFlow__MainLogEvent
   1881                  for (count=0; count< MICRO_NUM_BYTE_FOR_FLASH_CONTINUOUS_TEST;count++)
   \   00000008   0x2000             MOVS     R0,#+0
   \   0000000A   0x0004             MOVS     R4,R0
   \                     ??Micro__SRFlashTest_0: (+1)
   \   0000000C   0xB2E4             UXTB     R4,R4            ;; ZeroExt  R4,R4,#+24,#+24
   \   0000000E   0x2C04             CMP      R4,#+4
   \   00000010   0xDA2F             BGE.N    ??Micro__SRFlashTest_1
   1882                  {
   1883                      //Calculate the CRC16 CCIT
   1884                      Micro_Flash_Crc = Crc16__ConstRangeProcess((uint8 *)Micro_Flash_Crc_Pt,Micro_Flash_Crc,4);
   \   00000012   0x2204             MOVS     R2,#+4
   \   00000014   0x....             LDR.N    R0,??DataTable27_3
   \   00000016   0x8801             LDRH     R1,[R0, #+0]
   \   00000018   0x.... 0x....      LDR.W    R0,??DataTable37_7
   \   0000001C   0x6800             LDR      R0,[R0, #+0]
   \   0000001E   0x.... 0x....      BL       Crc16__ConstRangeProcess
   \   00000022   0x....             LDR.N    R1,??DataTable27_3
   \   00000024   0x8008             STRH     R0,[R1, #+0]
   1885          
   1886                      Micro_Flash_Crc_Pt++;
   \   00000026   0x.... 0x....      LDR.W    R0,??DataTable37_7
   \   0000002A   0x6800             LDR      R0,[R0, #+0]
   \   0000002C   0x1D00             ADDS     R0,R0,#+4
   \   0000002E   0x.... 0x....      LDR.W    R1,??DataTable37_7
   \   00000032   0x6008             STR      R0,[R1, #+0]
   1887          
   1888                      //If the test reached the end of memory
   1889                      if (Micro_Flash_Crc_Pt >= (uint32 *)MICRO_FLASH_END_ADDRESS)
   \   00000034   0x.... 0x....      LDR.W    R0,??DataTable37_7
   \   00000038   0x6800             LDR      R0,[R0, #+0]
   \   0000003A   0x.... 0x....      LDR.W    R1,??DataTable37_8
   \   0000003E   0x4288             CMP      R0,R1
   \   00000040   0xD315             BCC.N    ??Micro__SRFlashTest_2
   1890                      {
   1891                          //compare the calculated CRC against a CRC value stored in FLASH memory by the IELF tool.
   1892                          if ((uint16)MICRO_FLASH_CRC !=  Micro_Flash_Crc)
   \   00000042   0x.... 0x....      LDR.W    R0,??DataTable37_9
   \   00000046   0x8800             LDRH     R0,[R0, #+0]
   \   00000048   0x....             LDR.N    R1,??DataTable27_3
   \   0000004A   0x8809             LDRH     R1,[R1, #+0]
   \   0000004C   0x4288             CMP      R0,R1
   \   0000004E   0xD007             BEQ.N    ??Micro__SRFlashTest_3
   1893                          {
   1894                              //If the test fails throw test fail exception
   1895                              MICRO_SR_EXCEPTION_CONTINUOUS_FLASH(Micro_Flash_Crc, (uint16)MICRO_FLASH_CRC);
   \   00000050   0x.... 0x....      LDR.W    R0,??DataTable37_9
   \   00000054   0x8802             LDRH     R2,[R0, #+0]
   \   00000056   0x....             LDR.N    R0,??DataTable27_3
   \   00000058   0x8801             LDRH     R1,[R0, #+0]
   \   0000005A   0x201E             MOVS     R0,#+30
   \   0000005C   0x.... 0x....      BL       SRException__Queue
   1896                          }
   1897          
   1898                          Micro_Flash_Crc = MICRO_CRC_INITIAL;
   \                     ??Micro__SRFlashTest_3: (+1)
   \   00000060   0x2000             MOVS     R0,#+0
   \   00000062   0x....             LDR.N    R1,??DataTable27_3
   \   00000064   0x8008             STRH     R0,[R1, #+0]
   1899                          Micro_Flash_Crc_Pt = (uint32 *)MICRO_FLASH_START_ADDRESS;
   \   00000066   0x....             LDR.N    R0,??DataTable27_5
   \   00000068   0x.... 0x....      LDR.W    R1,??DataTable37_7
   \   0000006C   0x6008             STR      R0,[R1, #+0]
   1900                      }
   1901                  }
   \                     ??Micro__SRFlashTest_2: (+1)
   \   0000006E   0x1C64             ADDS     R4,R4,#+1
   \   00000070   0xE7CC             B.N      ??Micro__SRFlashTest_0
   1902              #endif
   1903                  SR_FLASHTEST_FLOW_END()
   \                     ??Micro__SRFlashTest_1: (+1)
   \   00000072   0x2005             MOVS     R0,#+5
   \   00000074   0x.... 0x....      BL       SRFlow__MainLogEvent
   1904          }
   \   00000078   0xBD10             POP      {R4,PC}          ;; return
   1905          
   1906          //---------------------------------------------------------------------------------------------------------------------
   1907          /**
   1908           *    @brief    This method returns the Flash size of microcontroller
   1909           *    @return   uint16 : Returns the flash size
   1910           */

   \                                 In section .text, align 2, keep-with-next
   1911          uint32 Micro__GetFlashSize(void)
   1912          {
   1913              return (MICRO_FLASH_SIZE());
   \                     Micro__GetFlashSize: (+1)
   \   00000000   0xF241 0x60BE      MOVW     R0,#+5822
   \   00000004   0x4770             BX       LR               ;; return
   1914          }
   1915          
   1916          //---------------------------------------------------------------------------------------------------------------------
   1917          /**
   1918           *    @brief    This method returns the RAM size of microcontroller.
   1919           *    @return   uint32 : It returns the ram size.
   1920           */

   \                                 In section .text, align 2, keep-with-next
   1921          uint32 Micro__GetRamSize(void)
   1922          {
   1923              return (MICRO_RAM_SIZE());
   \                     Micro__GetRamSize: (+1)
   \   00000000   0x2010             MOVS     R0,#+16
   \   00000002   0x4770             BX       LR               ;; return
   1924          }
   1925          //---------------------------------------------------------------------------------------------------------------------
   1926          /**
   1927           *  @brief      This method returns the revision of the microcontrollers core.
   1928           *  @return     uint8 : Revision of the Microcontroller Core
   1929           */

   \                                 In section .text, align 2, keep-with-next
   1930          MICRO_ID_TYPE * Micro__GetCoreID(void)
   1931          {
   1932              return (MICRO_CPU_ID());
   \                     Micro__GetCoreID: (+1)
   \   00000000   0x.... 0x....      ADR.W    R0,MICRO_CPU_IDENTIFICATION
   \   00000004   0x4770             BX       LR               ;; return
   1933          }
   1934          
   1935          //=====================================================================================================================
   1936          //-------------------------------------- Private Functions ------------------------------------------------------------
   1937          //=====================================================================================================================
   1938          //---------------------------------------------------------------------------------------------------------------------
   1939          /**
   1940           *    @brief    This method initializes system clock.
   1941           *    @details  It uses the PLL as the system clock.
   1942           *              This internal function is called from the Micro__Initialize() API.
   1943           */

   \                                 In section .text, align 4, keep-with-next
   1944          static void MicroInitClk(void)
   1945          {
   1946          	uint16 i;
   1947          	uint8 temp_reg;
   1948          	//uint8 hgo_val;
   1949          	uint32 temp2_reg;
   1950          	#if(ICS_CLK_MODE_FEI == DISABLED)
   1951          		uint8 irc_select;
   1952          		irc_select = 0;
   1953          	#endif
   1954          
   1955          	temp2_reg = 0;
   1956          	temp_reg = 0;
   1957          
   1958          	/*
   1959          	 * Ramp up the system clock, Set the system dividers
   1960          	 * NOTE: The PLL init will not configure the system clock dividers, so they must be configured appropriately before calling the PLL
   1961          	 * init function to ensure that clocks remain in valid ranges.
   1962          	 */
   1963          	if(PMC.REGSC.BYTE & PMC_REGSC_ACKISO_MASK)
   \                     MicroInitClk: (+1)
   \   00000000   0x.... 0x....      LDR.W    R0,??DataTable37_10  ;; 0x4007d002
   \   00000004   0x7801             LDRB     R1,[R0, #+0]
   \   00000006   0x0709             LSLS     R1,R1,#+28
   \   00000008   0xD503             BPL.N    ??MicroInitClk_0
   1964          	{
   1965          		PMC.REGSC.BYTE |= PMC_REGSC_ACKISO_MASK;
   \   0000000A   0x7801             LDRB     R1,[R0, #+0]
   \   0000000C   0xF041 0x0108      ORR      R1,R1,#0x8
   \   00000010   0x7001             STRB     R1,[R0, #+0]
   1966          	}
   1967          
   1968          	temp2_reg = SIM.CLKDIV1;
   \                     ??MicroInitClk_0: (+1)
   \   00000012   0x.... 0x....      LDR.W    R0,??DataTable37_11  ;; 0x40048044
   \   00000016   0x6801             LDR      R1,[R0, #+0]
   1969          	temp2_reg &= ~(SIM_CLKDIV1_OUTDIV1_MASK | SIM_CLKDIV1_OUTDIV2_MASK | SIM_CLKDIV1_OUTDIV3_MASK | SIM_CLKDIV1_OUTDIV4_MASK);
   1970          								// Core/system						// Busclk							// FlexBus						//Flash
   1971          	temp2_reg |= (0 | SIM_CLKDIV1_OUTDIV1(SIM_OUTDIV1) | SIM_CLKDIV1_OUTDIV2(SIM_OUTDIV2) | SIM_CLKDIV1_OUTDIV3(SIM_OUTDIV3) | SIM_CLKDIV1_OUTDIV4(SIM_OUTDIV4));
   1972          	SIM.CLKDIV1 = temp2_reg;
   \   00000018   0xF2C0 0x1163      MOVT     R1,#+355
   \   0000001C   0x6001             STR      R1,[R0, #+0]
   1973          
   1974              #if ((MICRO_EXTERNAL_OSCILATOR == ENABLED))
   1975                  {
   1976                      //hgo_val = 1; 			//Configured crystal oscilllator for high gain operation.
   1977          
   1978                  #if(MICRO_CLOCK_MODE_USED_FLL == ENABLED)
   1979          
   1980                      #if(ICS_CLK_MODE_FEE == ENABLED)
   1981                              {
   1982                                  //FEE: For FLL Bypassed External Reference Clock
   1983                                  //1 External reference clock is enabled and Configures the oscillator load.
   1984                                  OSC.OSC_CR |= (OSC_CR_ERCLKEN_MASK) | (MICRO_OSC_SC2P << OSC_CR_SC2P_SHIFT) | (MICRO_OSC_SC4P << OSC_CR_SC4P_SHIFT) | \
   1985                                                      (MICRO_OSC_SC8P << OSC_CR_SC8P_SHIFT) | (MICRO_OSC_SC16P << OSC_CR_SC16P_SHIFT);
   \   0000001E   0x.... 0x....      LDR.W    R0,??DataTable37_12  ;; 0x40065000
   \   00000022   0x7801             LDRB     R1,[R0, #+0]
   \   00000024   0xF041 0x0183      ORR      R1,R1,#0x83
   \   00000028   0x7001             STRB     R1,[R0, #+0]
   1986          
   1987          
   1988                                  /*Configure the MCG_C2 register : the RANGE value is determined by the external frequency.
   1989                                   * Since the RANGE parameter affects the FRDIV divide value it still needs to be set correctly even if the oscillator is not being used */
   1990                                  MCG.MCG_C2.BYTE = 0;
   \   0000002A   0x2100             MOVS     R1,#+0
   \   0000002C   0x.... 0x....      LDR.W    R0,??DataTable37_13  ;; 0x40064000
   \   00000030   0x7041             STRB     R1,[R0, #+1]
   1991                                  temp_reg = MCG.MCG_C2.BYTE;
   1992                                  temp_reg &= ~(MCG_C2_RANGE0_MASK | MCG_C2_HGO0_MASK	| MCG_C2_EREFS0_MASK);	//clear fields before writing new values
   1993          
   1994                                  if (HSE_VALUE <= 40000)
   1995                                  {
   1996                                      temp_reg |= (MCG_C2_RANGE0(0) | (MICRO_OSC_HGO << MCG_C2_HGO0_SHIFT) | (1 << MCG_C2_EREFS0_SHIFT));
   1997                                  }
   1998                                  else if (HSE_VALUE <= 8000000)
   1999                                  {
   2000                                      temp_reg |= (MCG_C2_RANGE0(1) | (MICRO_OSC_HGO << MCG_C2_HGO0_SHIFT) | (1 << MCG_C2_EREFS0_SHIFT));
   2001                                  }
   2002                                  else
   2003                                  {
   2004                                      temp_reg |= (MCG_C2_RANGE0(2) | (MICRO_OSC_HGO << MCG_C2_HGO0_SHIFT) | (1 << MCG_C2_EREFS0_SHIFT));
   2005                                  }
   2006          
   2007                                  MCG.MCG_C2.BYTE = temp_reg;
   \   00000032   0x210C             MOVS     R1,#+12
   \   00000034   0x7041             STRB     R1,[R0, #+1]
   2008          
   2009                                  /* Select external oscilator and Reference Divider and clear IREFS to start ext osc If IRCLK is required it must be enabled outside of
   2010                                   * this driver, existing state will be maintained CLKS=0, FRDIV=frdiv_val, IREFS=0, IRCLKEN=0, IREFSTEN=0 */
   2011                                  temp_reg = MCG.MCG_C1.BYTE;
   2012                                  temp_reg &= ~(MCG_C1_CLKS_MASK | MCG_C1_FRDIV_MASK | MCG_C1_IREFS_MASK);	//Clear values in these fields
   2013                                  temp_reg = MCG_C1_CLKS(0) | MCG_C1_FRDIV(FRDIV_DEF);							//Set the required CLKS and FRDIV values
   2014                                  MCG.MCG_C1.BYTE = temp_reg;
   \   00000036   0x2100             MOVS     R1,#+0
   \   00000038   0x7001             STRB     R1,[R0, #+0]
   2015          
   2016                                  /* if the external oscillator is used need to wait for OSCINIT to set */
   2017                                  for (i = 0; i < 10000; i++)
   \   0000003A   0xF242 0x7110      MOVW     R1,#+10000
   2018                                  {
   2019                                      if (MCG.MCG_S.BYTE & MCG_S_OSCINIT0_MASK)
   \                     ??MicroInitClk_1: (+1)
   \   0000003E   0x7982             LDRB     R2,[R0, #+6]
   \   00000040   0x0792             LSLS     R2,R2,#+30
   \   00000042   0xD401             BMI.N    ??MicroInitClk_2
   2020                                          break;																//jump out early if OSCINIT sets before loop finishes
   2021                                  }
   \   00000044   0x1E49             SUBS     R1,R1,#+1
   \   00000046   0xD1FA             BNE.N    ??MicroInitClk_1
   2022          
   2023                                  /* wait for Reference clock Status bit to clear */
   2024                                  for (i = 0; i < 2000; i++)
   \                     ??MicroInitClk_2: (+1)
   \   00000048   0xF44F 0x61FA      MOV      R1,#+2000
   \   0000004C   0x460A             MOV      R2,R1
   2025                                  {
   2026                                      if (!(MCG.MCG_S.BYTE & MCG_S_IREFST_MASK))
   \                     ??MicroInitClk_3: (+1)
   \   0000004E   0x7983             LDRB     R3,[R0, #+6]
   \   00000050   0x06DB             LSLS     R3,R3,#+27
   \   00000052   0xD501             BPL.N    ??MicroInitClk_4
   2027                                          break;																// jump out early if IREFST clears before loop finishes
   2028                                  }
   \   00000054   0x1E52             SUBS     R2,R2,#+1
   \   00000056   0xD1FA             BNE.N    ??MicroInitClk_3
   2029          
   2030                                  /* Wait for clock status bits to show clock source is ext ref clk */
   2031                                  for (i = 0; i < 2000; i++)
   2032                                  {
   2033                                      if (((MCG.MCG_S.BYTE & MCG_S_CLKST_MASK) >> MCG_S_CLKST_SHIFT) == 0x2)
   \                     ??MicroInitClk_4: (+1)
   \   00000058   0x7982             LDRB     R2,[R0, #+6]
   \   0000005A   0xF3C2 0x0281      UBFX     R2,R2,#+2,#+2
   \   0000005E   0x2A02             CMP      R2,#+2
   \   00000060   0xD001             BEQ.N    ??MicroInitClk_5
   2034                                          break;																//jump out early if CLKST shows EXT CLK slected before loop finishes
   2035                                  }
   \   00000062   0x1E49             SUBS     R1,R1,#+1
   \   00000064   0xD1F8             BNE.N    ??MicroInitClk_4
   2036          
   2037                                  /* Now in FBE: It is recommended that the clock monitor is enabled when using an
   2038                                   * external clock as the clock source/reference. It is enabled here but can be removed if this is not required.*/
   2039                                  MCG.MCG_C6.BYTE |= MCG_C6_CME0_MASK;
   \                     ??MicroInitClk_5: (+1)
   \   00000066   0x7941             LDRB     R1,[R0, #+5]
   \   00000068   0xF041 0x0120      ORR      R1,R1,#0x20
   \   0000006C   0x7141             STRB     R1,[R0, #+5]
   2040          
   2041                                  MCG.MCG_C4.BIT.DMX32 = 1;
   \   0000006E   0x78C1             LDRB     R1,[R0, #+3]
   \   00000070   0xF041 0x0180      ORR      R1,R1,#0x80
   \   00000074   0x70C1             STRB     R1,[R0, #+3]
   2042                                  MCG.MCG_C4.BIT.DRST_DRS = DCO_RANGE;
   \   00000076   0x78C1             LDRB     R1,[R0, #+3]
   \   00000078   0xF041 0x0160      ORR      R1,R1,#0x60
   \   0000007C   0x70C1             STRB     R1,[R0, #+3]
   2043                                  for (i = 0; i < 5000; i++)
   \   0000007E   0xF241 0x3088      MOVW     R0,#+5000
   2044                                  {
   2045                                      NOP();
   \                     ??MicroInitClk_6: (+1)
   \   00000082   0xBF00             nop 
   2046                                  }
   \   00000084   0x1E40             SUBS     R0,R0,#+1
   \   00000086   0xD1FC             BNE.N    ??MicroInitClk_6
   2047          
   2048                              }
   2049                      #else
   2050                              //FBE: For FLL Bypassed External Reference Clock
   2051                              //1 External reference clock is enabled.
   2052                              OSC.OSC_CR |= (OSC_CR_ERCLKEN_MASK) | (MICRO_OSC_SC2P << OSC_CR_SC2P_SHIFT) | (MICRO_OSC_SC4P << OSC_CR_SC4P_SHIFT) | \
   2053                                                  (MICRO_OSC_SC8P << OSC_CR_SC8P_SHIFT) | (MICRO_OSC_SC16P << OSC_CR_SC16P_SHIFT);
   2054          
   2055                              OSC.OSC_DIV = OSC_DIV_ERPS(MICRO_ERPS_OSCERCLK); 			// OSC CLock divider register.
   2056                              MCG.MCG_C2.BYTE = 0x2C;										//High frequency range selected for the crystal oscillator & high-gain.
   2057                              MCG.MCG_C2.BYTE |= (MICRO_OSC_HGO << MCG_C2_HGO0_SHIFT);
   2058          
   2059                              temp_reg = MCG_C1_CLKS(2) | MCG_C1_FRDIV(FRDIV_DEF); 			//External reference clock selected
   2060                              MCG.MCG_C1.BYTE = temp_reg;
   2061          
   2062                              /* if the external oscillator is used need to wait for OSCINIT to set */
   2063                              for (i = 0; i < 10000; i++)
   2064                              {
   2065                                  if (MCG.MCG_S.BYTE & MCG_S_OSCINIT0_MASK)
   2066                                      break; 												//jump out early if OSCINIT sets before loop finishes
   2067                              }
   2068          
   2069                              /* wait for Reference clock Status bit to clear */
   2070                              for (i = 0; i < 2000; i++)
   2071                              {
   2072                                  if (!(MCG.MCG_S.BYTE & MCG_S_IREFST_MASK))
   2073                                      break; 												//jump out early if IREFST clears before loop finishes
   2074                              }
   2075          
   2076                              /* Wait for clock status bits to show clock source is ext ref clk */
   2077                              for (i = 0; i < 2000; i++)
   2078                              {
   2079                                  if (((MCG.MCG_S.BYTE & MCG_S_CLKST_MASK) >> MCG_S_CLKST_SHIFT)== 0x2)
   2080                                      break; 												//jump out early if CLKST shows EXT CLK slected before loop finishes
   2081                              }
   2082          
   2083                              // Now in FBE: It is recommended that the clock monitor is enabled when using an external clock as the clock source/reference.
   2084                              MCG.MCG_C6.BYTE |= MCG_C6_CME0_MASK;
   2085          
   2086                      #endif
   2087          
   2088          
   2089                  #else
   2090                          #if(ICS_CLK_MODE_PEE == ENABLED)
   2091                          {
   2092                              //PEE: For PLL Engaged External Reference Clock
   2093                              //hgo_val = 0; 												//Configured crystal oscilllator for high gain operation.
   2094                              //1 External reference clock is enabled.
   2095                              OSC.OSC_CR |= (OSC_CR_ERCLKEN_MASK) | (MICRO_OSC_SC2P << OSC_CR_SC2P_SHIFT) | (MICRO_OSC_SC4P << OSC_CR_SC4P_SHIFT) | \
   2096                                                  (MICRO_OSC_SC8P << OSC_CR_SC8P_SHIFT) | (MICRO_OSC_SC16P << OSC_CR_SC16P_SHIFT);
   2097          
   2098                              temp_reg = MCG.MCG_C2.BYTE;
   2099                              temp_reg &= ~(MCG_C2_RANGE0_MASK | MCG_C2_HGO0_MASK	| MCG_C2_EREFS0_MASK);	//clear fields before writing new values
   2100          
   2101                              if (HSE_VALUE <= 40000)
   2102                              {
   2103                                  temp_reg |= (MCG_C2_RANGE0(0) | (MICRO_OSC_HGO << MCG_C2_HGO0_SHIFT) | (1 << MCG_C2_EREFS0_SHIFT));
   2104                              }
   2105                              else if (HSE_VALUE <= 8000000)
   2106                              {
   2107                                  temp_reg |= (MCG_C2_RANGE0(1) | (MICRO_OSC_HGO << MCG_C2_HGO0_SHIFT) | (1 << MCG_C2_EREFS0_SHIFT));
   2108                              }
   2109                              else
   2110                              {
   2111                                  temp_reg |= (MCG_C2_RANGE0(2) | (MICRO_OSC_HGO << MCG_C2_HGO0_SHIFT) | (1 << MCG_C2_EREFS0_SHIFT));
   2112                              }
   2113          
   2114                              MCG.MCG_C2.BYTE = temp_reg;
   2115                              MCG.MCG_C1.BYTE = 0x98;										//External reference clock selected
   2116          
   2117                              for (i = 0; i < 10000; i++)									//if the external oscillator is used need to wait for OSCINIT to set
   2118                              {
   2119                                  if (MCG.MCG_S.BYTE & MCG_S_OSCINIT0_MASK)
   2120                                      break;												//jump out early if OSCINIT sets before loop finishes
   2121                              }
   2122          
   2123                              for (i = 0; i < 2000; i++)									//wait for Reference clock Status bit to clear
   2124                              {
   2125                                  if (!(MCG.MCG_S.BYTE & MCG_S_IREFST_MASK))
   2126                                      break;												//jump out early if IREFST clears before loop finishes
   2127                              }
   2128          
   2129                              for (i = 0; i < 2000; i++)									//Wait for clock status bits to show clock source is ext ref clk
   2130                              {
   2131                                  if (((MCG.MCG_S.BYTE & MCG_S_CLKST_MASK) >> MCG_S_CLKST_SHIFT) == 0x2)
   2132                                      break;												// jump out early if CLKST shows EXT CLK slected before loop finishes
   2133                              }
   2134          
   2135                              //Now in FBE: It is recommended that the clock monitor is enabled when using an external clock as the clock source/reference.
   2136                              MCG.MCG_C6.BYTE |= MCG_C6_CME0_MASK;
   2137          
   2138                              //Configure MCG_C5: If the PLL is to run in STOP mode then the PLLSTEN bit needs to be OR'ed in here or in user code.
   2139                              temp_reg = MCG.MCG_C5.BYTE;
   2140                              temp_reg &= ~MCG_C5_PRDIV_MASK;
   2141                              temp_reg |= MCG_C5_PRDIV(PRDIV);							//set PLL ref divider
   2142                              MCG.MCG_C5.BYTE = temp_reg;
   2143          
   2144                              //FBE must transition to PBE mode
   2145                              /* Configure MCG_C6: The PLLS bit is set to enable the PLL, MCGOUT still sourced from ext ref clk. The clock monitor is not enabled here as it has likely
   2146                               * been enabled previously and so the value of CME is not altered here. The loss of lock interrupt can be enabled by seperately OR'ing in the LOLIE bit in MCG_C6 */
   2147                              temp_reg = MCG.MCG_C6.BYTE;									// store present C6 value
   2148                              temp_reg &= ~MCG_C6_VDIV_MASK;								//clear VDIV settings
   2149                              temp_reg |= MCG_C6_PLLS_MASK | MCG_C6_VDIV(VDIV0_DEF);			//write new VDIV and enable PLL
   2150                              MCG.MCG_C6.BYTE = temp_reg;									//update MCG_C6
   2151          
   2152                              for (i = 0; i < 2000; i++)									//wait for PLLST status bit to set
   2153                              {
   2154                                  if (MCG.MCG_S.BYTE & MCG_S_PLLST_MASK)
   2155                                      break;												//jump out early if PLLST sets before loop finishes
   2156                              }
   2157          
   2158                              for (i = 0; i < 2000; i++)									//Wait for LOCK bit to set
   2159                              {
   2160                                  if (MCG.MCG_S.BYTE & MCG_S_LOCK0_MASK)
   2161                                      break;												//jump out early if LOCK sets before loop finishes
   2162                              }
   2163          
   2164                              //PBE mode transition into PEE mode
   2165                              MCG.MCG_C1.BYTE &= ~MCG_C1_CLKS_MASK;						//clear CLKS to switch CLKS mux to select PLL as MCG_OUT
   2166          
   2167                              for (i = 0; i < 2000; i++)									// Wait for clock status bits to update
   2168                              {
   2169                                  NOP();
   2170                              }
   2171          
   2172                              //Now in PEE
   2173                          }
   2174                          #else
   2175                              //For PBE PLL bypass external
   2176                              {
   2177          
   2178                              }
   2179                          #endif
   2180          
   2181                      #endif
   2182                      }
   2183              #else				///////For Internal Oscillator ////////
   2184                  {
   2185                      //FEI: For FLL Engaged Internal
   2186                      #if(ICS_CLK_MODE_FEI == ENABLED)					//Default Mode FEI ( FLL Engaged Internal is the default mode of operation )
   2187                              {
   2188                                  MCG.MCG_C4.BIT.DMX32 = 1;
   2189                                  MCG.MCG_C4.BIT.DRST_DRS = DCO_RANGE;
   2190                                  for (i = 0; i < 5000; i++)				// Wait for clock status bits to update
   2191                                  {
   2192                                      NOP();
   2193                                  }
   2194                              }
   2195                      #else
   2196                      {
   2197                          //FEI: For FLL Bypassed Internal
   2198                          if (IRCS_CLOCK == 1)											//Select the desired IRC
   2199                          {
   2200                              MCG.MCG_C2.BYTE |= MCG_C2_IRCS_MASK; 						//select Fast IRCS
   2201                          }
   2202                          else
   2203                          {
   2204                              MCG.MCG_C2.BYTE &= ~MCG_C2_IRCS_MASK; 						//Select Slow IRCS
   2205                          }
   2206          
   2207                          /* Change the CLKS mux to select the IRC as the MCGOUT */
   2208                          temp_reg = MCG.MCG_C1.BYTE;
   2209                          temp_reg &= ~MCG_C1_CLKS_MASK; 									//clear CLKS
   2210                          temp_reg |= MCG_C1_CLKS(1); 									// select IRC as the MCG clock sourse
   2211                          MCG.MCG_C1.BYTE = temp_reg;
   2212          
   2213                          /* wait until internal reference switches to requested irc. */
   2214                          if (!(irc_select))
   2215                          {
   2216                              for (i = 0; i < 2000; i++)
   2217                              {
   2218                                  if (!(MCG.MCG_S.BYTE & MCG_S_IRCST_MASK))
   2219                                      break; 												//jump out early if IRCST clears before loop finishes
   2220                              }
   2221          
   2222                          }
   2223                          else
   2224                          {
   2225                              for (i = 0; i < 2000; i++)
   2226                              {
   2227                                  if (MCG.MCG_S.BYTE & MCG_S_IRCST_MASK)
   2228                                      break; 												//jump out early if IRCST sets before loop finishes
   2229                              }
   2230          
   2231                          }
   2232          
   2233                          /* Wait for clock status bits to update */
   2234                          for (i = 0; i < 2000; i++)
   2235                          {
   2236                              if (((MCG.MCG_S.BYTE & MCG_S_CLKST_MASK) >> MCG_S_CLKST_SHIFT) == 0x1)
   2237                                  break; 													//jump out early if CLKST shows IRC slected before loop finishes
   2238                          }
   2239          
   2240                          MCG.MCG_SC.BYTE = MCG_SC_FCRDIV(FCRDIV_CLOCK);					//Fast Clock Internal Reference Divider
   2241          
   2242                      }
   2243                      #endif
   2244          
   2245                  }
   2246              #endif
   2247          
   2248          }
   \   00000088   0x4770             BX       LR               ;; return
   2249          
   2250          /**
   2251           *    @brief    This method initializes system clock to a Low Speed.
   2252           *    @details  Initialization of the clock based on the internal oscillator.
   2253           *              Tuning of the frequency can be done using the DCO_RANGE_INT parameter.
   2254           *
   2255           */

   \                                 In section .text, align 4, keep-with-next
   2256          static void MicroInitClkLowSpeed(void)
   2257          {
   2258              uint32 i;
   2259              uint32 temp2_reg;
   2260          
   2261              temp2_reg = 0;
   2262              // Set the range
   2263              MCG.MCG_C4.BIT.DRST_DRS = DCO_RANGE_INT;
   \                     MicroInitClkLowSpeed: (+1)
   \   00000000   0x.... 0x....      LDR.W    R0,??DataTable37_14  ;; 0x40064003
   \   00000004   0x7801             LDRB     R1,[R0, #+0]
   \   00000006   0xF001 0x019F      AND      R1,R1,#0x9F
   \   0000000A   0xF041 0x0120      ORR      R1,R1,#0x20
   \   0000000E   0x7001             STRB     R1,[R0, #+0]
   2264              for (i = 0; i < 5000; i++)              // Wait for clock status bits to update
   \   00000010   0xF241 0x3188      MOVW     R1,#+5000
   2265              {
   2266                  NOP();
   \                     ??MicroInitClkLowSpeed_0: (+1)
   \   00000014   0xBF00             nop 
   2267              }
   \   00000016   0x1E49             SUBS     R1,R1,#+1
   \   00000018   0xD1FC             BNE.N    ??MicroInitClkLowSpeed_0
   2268              // Set the DMX32 bit to narrow the frequency
   2269              MCG.MCG_C4.BIT.DMX32 = 1;
   \   0000001A   0x7801             LDRB     R1,[R0, #+0]
   \   0000001C   0xF041 0x0180      ORR      R1,R1,#0x80
   \   00000020   0x7001             STRB     R1,[R0, #+0]
   2270              temp2_reg |= (0 | SIM_CLKDIV1_OUTDIV1(LOWSPEED_SIM_OUTDIV1) | SIM_CLKDIV1_OUTDIV2(LOWSPEED_SIM_OUTDIV2) | SIM_CLKDIV1_OUTDIV3(LOWSPEED_SIM_OUTDIV3) | SIM_CLKDIV1_OUTDIV4(LOWSPEED_SIM_OUTDIV4));
   2271          	SIM.CLKDIV1 = temp2_reg;
   \   00000022   0xF44F 0x00C6      MOV      R0,#+6488064
   \   00000026   0x.... 0x....      LDR.W    R1,??DataTable37_11  ;; 0x40048044
   \   0000002A   0x6008             STR      R0,[R1, #+0]
   2272          
   2273          }
   \   0000002C   0x4770             BX       LR               ;; return
   2274          //---------------------------------------------------------------------------------------------------------------------
   2275          /**
   2276           *    @brief    Update the clock registers with the current clock info.
   2277           *    @details  Updates the Micro_ClocksStatus register.
   2278           */

   \                                 In section .text, align 4, keep-with-next
   2279          static void MicroGetClocksStatus()
   2280           {
   2281          	uint8 tmp;
   2282          	uint32 Mcgoutclock;
   2283          	#if(MICRO_HIGHSPEEDRUN_MODE == ENABLED)
   2284          		uint16 i;
                 		       ^
Warning[Pe177]: variable "i" was declared but never referenced
   2285          	#endif
   2286          
   2287          	tmp = 0;
   2288          	Mcgoutclock = 0;
   2289          	tmp = (MCG.MCG_S.BYTE & MCG_S_CLKST_MASK);					//Get SYSCLK source
   2290          	tmp = tmp >> 2;
   2291          
   2292          	switch (tmp)
   \                     MicroGetClocksStatus: (+1)
   \   00000000   0x....             LDR.N    R1,??DataTable33_1  ;; 0x40064000
   \   00000002   0x7988             LDRB     R0,[R1, #+6]
   \   00000004   0x0882             LSRS     R2,R0,#+2
   \   00000006   0xF002 0x0203      AND      R2,R2,#0x3
   \   0000000A   0x2A03             CMP      R2,#+3
   \   0000000C   0xD824             BHI.N    ??MicroGetClocksStatus_1
   \   0000000E   0xE8DF 0xF002      TBB      [PC, R2]
   \                     ??MicroGetClocksStatus_0:
   \   00000012   0x02 0x17          DC8      0x2,0x17,0x11,0x14
   \              0x11 0x14    
   2293          	{
   2294          	case CLKS_FLL_SELECT:        								//Output of the FLL is selected (reset default)
   2295          		tmp = (MCG.MCG_C1.BYTE & MCG_C1_IREFS_MASK);
   2296          		tmp = tmp >> 2;
   2297          		if (tmp)
   \                     ??MicroGetClocksStatus_2: (+1)
   \   00000016   0x7809             LDRB     R1,[R1, #+0]
   \   00000018   0x.... 0x....      LDR.W    R0,??DataTable37_6
   \   0000001C   0xF001 0x0104      AND      R1,R1,#0x4
   \   00000020   0x0889             LSRS     R1,R1,#+2
   \   00000022   0xBF0C             ITE      EQ 
   2298          		{
   2299          			//FEI - Internal reference clock is selected - HSI used as system clock
   2300          			Micro_ClocksStatus.SYSCLK_Frequency = DCO_FREQUENCY_INT;
   2301          			Micro_ClocksStatus.BUSCLK_Frequency = DCO_FREQUENCY_INT;
   2302          			Micro_ClocksStatus.FLEXBUS_Frequency = DCO_FREQUENCY_INT;
   2303          			Micro_ClocksStatus.FLASH_Frequency = DCO_FREQUENCY_INT;
   2304          		}
   2305          		else
   2306          		{
   2307          			//FEE - External reference clock is selected
   2308          			Micro_ClocksStatus.SYSCLK_Frequency = DCO_FREQUENCY;
   \   00000024   0x.... 0x....      LDREQ.W  R1,??DataTable37_15  ;; 0x5b8d800
   2309          			Micro_ClocksStatus.BUSCLK_Frequency = DCO_FREQUENCY;
   2310          			Micro_ClocksStatus.FLEXBUS_Frequency = DCO_FREQUENCY;
   2311          			Micro_ClocksStatus.FLASH_Frequency = DCO_FREQUENCY;
   2312          		}
   \   00000028   0x.... 0x....      LDRNE.W  R1,??DataTable37_16  ;; 0x2dc6c00
   \   0000002C   0x6081             STR      R1,[R0, #+8]
   2313          		break;
   2314          
   2315          	case CLKS_HSE_SELECT: 										//External reference clock is selected.
   2316          		//FBE - FLL Bypass External Mode
   2317          		Micro_ClocksStatus.SYSCLK_Frequency = HSE_VALUE;
   2318          		Micro_ClocksStatus.BUSCLK_Frequency = HSE_VALUE;
   2319          		Micro_ClocksStatus.FLEXBUS_Frequency = HSE_VALUE;
   2320          		Micro_ClocksStatus.FLASH_Frequency = HSE_VALUE;
   2321          		break;
   2322          
   2323          	case CLKS_PLL_SELECT:										//Output of the PLL is selected.
   2324          		Micro_ClocksStatus.SYSCLK_Frequency = MICRO_HSE_VALUE_PLL_CLK;
   2325          		Micro_ClocksStatus.BUSCLK_Frequency = MICRO_HSE_VALUE_PLL_CLK;
   2326          		Micro_ClocksStatus.FLEXBUS_Frequency = MICRO_HSE_VALUE_PLL_CLK;
   2327          		Micro_ClocksStatus.FLASH_Frequency = MICRO_HSE_VALUE_PLL_CLK;
   2328          		break;
   2329          
   2330          	case CLKS_HSI_SELECT:										//Internal reference clock is selected
   2331          		//FEI - Internal reference clock is selected - HSI used as system clock
   2332          		if (MCG.MCG_S.BIT.IRCST == 1)
   2333          		{
   2334          			Mcgoutclock = MICRO_LSI_FAST_MCGIRCLK_VALUE; 		//Slow internal reference clock selected.
   2335          		}
   2336          		else
   2337          		{
   2338          			Mcgoutclock = MICRO_LSI_SLOW_MCGIRCLK_VALUE; 		//Fast internal reference clock selected.
   2339          		}
   2340          
   2341          		Micro_ClocksStatus.SYSCLK_Frequency = Mcgoutclock;
   2342          		Micro_ClocksStatus.BUSCLK_Frequency = Mcgoutclock;
   2343          		Micro_ClocksStatus.FLEXBUS_Frequency = Mcgoutclock;
   \   0000002E   0x6101             STR      R1,[R0, #+16]
   2344          		Micro_ClocksStatus.FLASH_Frequency = Mcgoutclock;
   \   00000030   0x6141             STR      R1,[R0, #+20]
   2345          		break;
   \   00000032   0xE013             B.N      ??MicroGetClocksStatus_3
   \                     ??MicroGetClocksStatus_4: (+1)
   \   00000034   0xF44F 0x4100      MOV      R1,#+32768
   \   00000038   0xE008             B.N      ??MicroGetClocksStatus_5
   \                     ??MicroGetClocksStatus_6: (+1)
   \   0000003A   0x.... 0x....      LDR.W    R1,??DataTable37_17  ;; 0x5f5e100
   \   0000003E   0xE005             B.N      ??MicroGetClocksStatus_5
   \                     ??MicroGetClocksStatus_7: (+1)
   \   00000040   0x07C0             LSLS     R0,R0,#+31
   \   00000042   0xBF4C             ITE      MI 
   \   00000044   0x.... 0x....      LDRMI.W  R1,??DataTable37_18  ;; 0x3d0900
   \   00000048   0xF44F 0x41FA      MOVPL    R1,#+32000
   \                     ??MicroGetClocksStatus_5: (+1)
   \   0000004C   0x.... 0x....      LDR.W    R0,??DataTable37_6
   \   00000050   0x6081             STR      R1,[R0, #+8]
   \   00000052   0x6101             STR      R1,[R0, #+16]
   \   00000054   0x6141             STR      R1,[R0, #+20]
   \   00000056   0xE001             B.N      ??MicroGetClocksStatus_3
   2346          
   2347          	default:
   2348          		//FEI - Internal reference clock is selected - HSI used as system clock
   2349          		Micro_ClocksStatus.SYSCLK_Frequency = HSI_VALUE;
   \                     ??MicroGetClocksStatus_1: (+1)
   \   00000058   0x.... 0x....      LDR.W    R1,??DataTable37_16  ;; 0x2dc6c00
   2350          		break;
   \                     ??MicroGetClocksStatus_3: (+1)
   \   0000005C   0x.... 0x....      LDR.W    R0,??DataTable37_6
   \   00000060   0x6001             STR      R1,[R0, #+0]
   2351          	}
   2352          
   2353          	//Core/System Clock
   2354          	Micro_ClocksStatus.SYSCLK_Frequency = (Micro_ClocksStatus.SYSCLK_Frequency / (((SIM.CLKDIV1 & SIM_CLKDIV1_OUTDIV1_MASK) >> SIM_CLKDIV1_OUTDIV1_SHIFT) + 1));
   \   00000062   0x6802             LDR      R2,[R0, #+0]
   \   00000064   0x.... 0x....      LDR.W    R1,??DataTable37_11  ;; 0x40048044
   \   00000068   0x680B             LDR      R3,[R1, #+0]
   \   0000006A   0x0F1B             LSRS     R3,R3,#+28
   \   0000006C   0x1C5B             ADDS     R3,R3,#+1
   \   0000006E   0xFBB2 0xF2F3      UDIV     R2,R2,R3
   \   00000072   0x6002             STR      R2,[R0, #+0]
   2355          
   2356          	//Compute HCLK,
   2357          	Micro_ClocksStatus.HCLK_Frequency = Micro_ClocksStatus.SYSCLK_Frequency;
   \   00000074   0x6042             STR      R2,[R0, #+4]
   2358          
   2359          	//Get BUSCLK clock
   2360          	Micro_ClocksStatus.BUSCLK_Frequency = (Micro_ClocksStatus.BUSCLK_Frequency / (((SIM.CLKDIV1 & SIM_CLKDIV1_OUTDIV2_MASK) >> SIM_CLKDIV1_OUTDIV2_SHIFT) + 1));
   \   00000076   0x6882             LDR      R2,[R0, #+8]
   \   00000078   0x680B             LDR      R3,[R1, #+0]
   \   0000007A   0xF3C3 0x6303      UBFX     R3,R3,#+24,#+4
   \   0000007E   0x1C5B             ADDS     R3,R3,#+1
   \   00000080   0xFBB2 0xF2F3      UDIV     R2,R2,R3
   \   00000084   0x6082             STR      R2,[R0, #+8]
   2361          
   2362          	//Get FLEXBUS clock
   2363          	Micro_ClocksStatus.FLEXBUS_Frequency = (Micro_ClocksStatus.FLEXBUS_Frequency / (((SIM.CLKDIV1 & SIM_CLKDIV1_OUTDIV3_MASK) >> SIM_CLKDIV1_OUTDIV3_SHIFT) + 1));
   \   00000086   0x6902             LDR      R2,[R0, #+16]
   \   00000088   0x680B             LDR      R3,[R1, #+0]
   \   0000008A   0xF3C3 0x5303      UBFX     R3,R3,#+20,#+4
   \   0000008E   0x1C5B             ADDS     R3,R3,#+1
   \   00000090   0xFBB2 0xF2F3      UDIV     R2,R2,R3
   \   00000094   0x6102             STR      R2,[R0, #+16]
   2364          
   2365          	//Get FLASH clock
   2366          	Micro_ClocksStatus.FLASH_Frequency = (Micro_ClocksStatus.FLASH_Frequency / (((SIM.CLKDIV1 & SIM_CLKDIV1_OUTDIV4_MASK) >> SIM_CLKDIV1_OUTDIV4_SHIFT) + 1));
   \   00000096   0x6942             LDR      R2,[R0, #+20]
   \   00000098   0x6809             LDR      R1,[R1, #+0]
   \   0000009A   0xF3C1 0x4103      UBFX     R1,R1,#+16,#+4
   \   0000009E   0x1C49             ADDS     R1,R1,#+1
   \   000000A0   0xFBB2 0xF1F1      UDIV     R1,R2,R1
   \   000000A4   0x6141             STR      R1,[R0, #+20]
   2367          
   2368          }
   \   000000A6   0x4770             BX       LR               ;; return
   2369          
   2370          
   2371          //---------------------------------------------------------------------------------------------------------------------
   2372          /**
   2373           * @brief - This function initializes the micro hardware
   2374           */
   2375          #pragma inline=forced

   \                                 In section .text, align 2, keep-with-next
   2376          static void MicroHWInit(void)
   2377          {
   2378          	MicroWatchdogDisable();								//Disable Watchdog          -- For every reset By default Watchdog is enabled
   \                     MicroHWInit: (+1)
   \   00000000   0x.... 0x....      LDR.W    R0,??DataTable37_19  ;; 0x40052000
   \   00000004   0xF24C 0x5120      MOVW     R1,#+50464
   \   00000008   0x81C1             STRH     R1,[R0, #+14]
   \   0000000A   0xF64F 0x72FE      MOVW     R2,#+65534
   \   0000000E   0xF64D 0x1128      MOVW     R1,#+55592
   \   00000012   0x81C1             STRH     R1,[R0, #+14]
   \   00000014   0x8801             LDRH     R1,[R0, #+0]
   \   00000016   0x4011             ANDS     R1,R2,R1
   \   00000018   0x8001             STRH     R1,[R0, #+0]
   2379              SYSTICK.CTRL &= SYSTICK_COUNTER_DISABLE;
   \   0000001A   0x.... 0x....      LDR.W    R0,??DataTable37_20  ;; 0xe000e010
   \   0000001E   0x6801             LDR      R1,[R0, #+0]
   \   00000020   0x0849             LSRS     R1,R1,#+1
   \   00000022   0x0049             LSLS     R1,R1,#+1
   \   00000024   0x6001             STR      R1,[R0, #+0]
   2380          
   2381              // Sequence for enabling the FPU in both privileged and user
   2382              // modes. The processor must be in privileged mode to read from and write to the CPACR
   2383              // Set bits 20-23 to enable CP10 and CP11 co-processors
   2384              SCB.CPACR |= MICRO_SCB_CPACR_ENABLE_CP10_CP11_CO_PROCESSOR;
   \   00000026   0xF8D0 0x1D78      LDR      R1,[R0, #+3448]
   \   0000002A   0xF441 0x0170      ORR      R1,R1,#0xF00000
   \   0000002E   0xF8C0 0x1D78      STR      R1,[R0, #+3448]
   2385          
   2386              DISABLE_INTERRUPTS();
   \   00000032   0xB672             CPSID    I
   2387          }
   \   00000034   0x4770             BX       LR               ;; return
   2388          
   2389          //---------------------------------------------------------------------------------------------------------------------
   2390          /**
   2391           * @brief - This function tests the watchdog during boot time
   2392           */
   2393          #if (MICRO_SR_FEATURE_TEST == ENABLED)
   2394          #pragma inline=forced

   \                                 In section .text, align 2, keep-with-next
   2395          static void MicroBootWatchdogTest(void)
   2396          {
   \                     MicroBootWatchdogTest: (+1)
   \   00000000   0xB510             PUSH     {R4,LR}
   2397              //-----------------------------------------------------------------------------------------------------------------
   2398              // CLASSB Test : Watchdog Test
   2399              //
   2400              //Its mandatory to use the Independent watchdog for the CLASSB test
   2401              //-----------------------------------------------------------------------------------------------------------------
   2402              if (Micro__GetLastResetstatus()->WATCHDOG == FALSE)
   \   00000002   0x....             LDR.N    R4,??DataTable34
   \   00000004   0x2206             MOVS     R2,#+6
   \   00000006   0xF104 0x012C      ADD      R1,R4,#+44
   \   0000000A   0x20FF             MOVS     R0,#+255
   \   0000000C   0x.... 0x....      BL       Crc8
   \   00000010   0xF894 0x1032      LDRB     R1,[R4, #+50]
   \   00000014   0x4281             CMP      R1,R0
   \   00000016   0xD004             BEQ.N    ??MicroBootWatchdogTest_0
   \   00000018   0x22FF             MOVS     R2,#+255
   \   0000001A   0x21FF             MOVS     R1,#+255
   \   0000001C   0x2027             MOVS     R0,#+39
   \   0000001E   0x.... 0x....      BL       SRException__Queue
   \                     ??MicroBootWatchdogTest_0: (+1)
   \   00000022   0xF894 0x302D      LDRB     R3,[R4, #+45]
   \   00000026   0x.... 0x....      LDR.W    R1,??DataTable37_5  ;; 0x4005200c
   \   0000002A   0xF3C3 0x1340      UBFX     R3,R3,#+5,#+1
   \   0000002E   0x2B00             CMP      R3,#+0
   \   00000030   0xF24B 0x4080      MOVW     R0,#+46208
   \   00000034   0xF24A 0x6202      MOVW     R2,#+42498
   \   00000038   0xF3EF 0x8310      MRS      R3,PRIMASK
   \   0000003C   0xB672             CPSID    I
   \   0000003E   0x800A             STRH     R2,[R1, #+0]
   \   00000040   0x8008             STRH     R0,[R1, #+0]
   \   00000042   0xD102             BNE.N    ??MicroBootWatchdogTest_1
   2403              {
   2404                 Micro__ServiceWatchdog();
   \   00000044   0xF383 0x8810      MSR      PRIMASK,R3
   2405          
   2406                  while (1);  //Force a reset by watchdog
   \                     ??MicroBootWatchdogTest_2: (+1)
   \   00000048   0xE7FE             B.N      ??MicroBootWatchdogTest_2
   2407              }
   2408          
   2409              SERVICE_WATCHDOG();
   \                     ??MicroBootWatchdogTest_1: (+1)
   \   0000004A   0xF383 0x8810      MSR      PRIMASK,R3
   2410          }
   \   0000004E   0xBD10             POP      {R4,PC}          ;; return
   2411          #endif
   2412          
   2413          //---------------------------------------------------------------------------------------------------------------------
   2414          /**
   2415           * @brief - This function initializes the watchdog
   2416           */
   2417          //#pragma inline=forced

   \                                 In section .text, align 2, keep-with-next
   2418          void Micro__ConfigureWDT(void)
   2419          {
   2420          #if (MICRO_WATCHDOG_FEATURE == ENABLED)
   2421          	{
   2422          		//First unlock the watchdog so that we can write to registers
   2423          		WDOG_Unlock();
   \                     Micro__ConfigureWDT: (+1)
   \   00000000   0x.... 0x....      LDR.W    R0,??DataTable37_19  ;; 0x40052000
   \   00000004   0xF24C 0x5120      MOVW     R1,#+50464
   \   00000008   0x81C1             STRH     R1,[R0, #+14]
   \   0000000A   0xF64D 0x1128      MOVW     R1,#+55592
   \   0000000E   0x81C1             STRH     R1,[R0, #+14]
   2424          
   2425          		WDOG.STCTRLH = WDOG_STCTRLH_BYTESEL(0x00) |		// test byte 0 when in byte test mode
   2426          				WDOG_STCTRLH_ALLOWUPDATE_MASK |			// allow further updates
   2427          				WDOG_STCTRLH_WDOGEN_MASK |				// enable watchdog
   2428          			#if (MICRO_WATCHDOG_DEBUG_MODE == ENABLED)
   2429          				WDOG_STCTRLH_DBGEN_MASK |				//Watchdog enabled in debug mode
   2430          			#endif
   2431          				0x0100U;
   \   00000010   0xF240 0x1111      MOVW     R1,#+273
   \   00000014   0x8001             STRH     R1,[R0, #+0]
   2432          
   2433          
   2434          
   2435          
   2436          		WDOG.PRESC = WDOG_PRESC_PRESCVAL(WDG_PRESCALER);			// prescalar = PRESC+1
   \   00000016   0x2100             MOVS     R1,#+0
   \   00000018   0x82C1             STRH     R1,[R0, #+22]
   2437          		WDOG.WINH = 0;
   \   0000001A   0x8101             STRH     R1,[R0, #+8]
   2438          		WDOG.WINL = 0;
   \   0000001C   0x8141             STRH     R1,[R0, #+10]
   2439          
   2440          		//Since the prescalar is now 1, for a 100 mSec timeout: load the time-out high (WDOG_TOVALH) register with 0, and the time-out low (WDOG_TOVALL) register with 100.
   2441          		WDOG.TOVALH = 0;
   \   0000001E   0x8081             STRH     R1,[R0, #+4]
   2442          		WDOG.TOVALL = IWDG_RELOAD_VALUE;
   \   00000020   0xF44F 0x71FA      MOV      R1,#+500
   \   00000024   0x80C1             STRH     R1,[R0, #+6]
   2443          		SERVICE_WATCHDOG();
   \   00000026   0xF3EF 0x8110      MRS      R1,PRIMASK
   \   0000002A   0xB672             CPSID    I
   \   0000002C   0xF24A 0x6202      MOVW     R2,#+42498
   \   00000030   0x8182             STRH     R2,[R0, #+12]
   \   00000032   0xF24B 0x4280      MOVW     R2,#+46208
   \   00000036   0x8182             STRH     R2,[R0, #+12]
   \   00000038   0xF381 0x8810      MSR      PRIMASK,R1
   2444          
   2445          }
   2446          #endif
   2447          
   2448          }
   \   0000003C   0x4770             BX       LR               ;; return
   2449          
   2450          //---------------------------------------------------------------------------------------------------------------------
   2451          /**
   2452           * @brief - This function is used to disable watchdog
   2453           * @param none
   2454           */
   2455          #pragma inline=forced
   2456          static void MicroWatchdogDisable(void)
   2457           {
   2458          	/* First unlock the watchdog so that we can write to registers */
   2459          	WDOG_Unlock();
   2460          
   2461          	/* Clear the WDOGEN bit to disable the watchdog */
   2462          	WDOG.STCTRLH &= ~WDOG_STCTRLH_WDOGEN_MASK;
   2463          
   2464          }
   2465          
   2466          //---------------------------------------------------------------------------------------------------------------------
   2467          /**
   2468           * @brief -Reads the actual reset value from the micro and clears it
   2469           * @return
   2470           */
   2471          #pragma inline=forced
   2472          static MICRO_LAST_RESET_TYPE MicroReadActualReset(void)
   2473          {
   2474          	MICRO_LAST_RESET_TYPE reset;
   2475          
   2476          	*((uint8 *) (&reset)) = 0;
   2477          
   2478          	//Watchdog reset flag
   2479          	if ((RCM.SRS0 & RCM_SRS0_WDOG_MASK) || (RCM.SSRS0 & RCM_SSRS0_SWDOG_MASK))				//if ((SIM_CLK.SIM_SRSID & SIM_SRSID_WDOGRSTF) != FALSE)
   2480          	{
   2481          		reset.WATCHDOG = TRUE;
   2482          	}
   2483          
   2484          	//Low-power reset flag
   2485          	if (RCM.SRS0 & RCM_SRS0_LVD_MASK)
   2486          	{
   2487          		reset.LVD = TRUE;
   2488          	}
   2489          
   2490          	//Software reset flag or Option byte loader reset flag
   2491          	if (RCM.SRS1 & RCM_SRS1_SW_MASK)
   2492          	{
   2493          		reset.ILLEGAL_OP = TRUE;				//Reset caused by software setting of SYSRESETREQ bit in AIRCR Register in the Arm Core
   2494          	}
   2495          
   2496          	//POR reset flag
   2497          	if (RCM.SRS0 & RCM_SRS0_POR_MASK)
   2498          	{
   2499          		reset.POR = TRUE;		//This POR bits get set all the time for every power up without debugger
   2500          								//Temporary this is commented to resolve this POR bit issue talking with FAE
   2501          	}
   2502          
   2503              // External reset pin which makes external reset flag to set on all other type of resets.
   2504              // IWDG reset, WWDG reset, Power reset, Software reset and Low power management reset asserts 20us of low signal on the
   2505              // External reset pin which makes external reset flag to set on all other type of resets.
   2506              // Actual External reset can only be differentiated only if no other reset occurs other than external reset.
   2507          	if (RCM.SRS0 & RCM_SRS0_PIN_MASK)
   2508          	{
   2509          		reset.EXTERNAL = TRUE;
   2510          	}
   2511          
   2512          	RCM.SSRS0 = 0x7F;						//Clear System Reset Status Register
   2513          	RCM.SSRS1 = 0x3F;
   2514          
   2515              return(reset);
   2516          }
   2517          
   2518          //---------------------------------------------------------------------------------------------------------------------
   2519          /**
   2520           * List all the generic static functions used
   2521           */
   2522          
   2523          //---------------------------------------------------------------------------------------------------------------------
   2524          /**
   2525           *    @brief    This is the routine where the application will end up if a test fails during the boot time.
   2526           *    @details   MicroFailSafe function execution can be customized which depends on the SRMICRO_HALT_ON_FAIL macro defined
   2527           *              in the SRMicro_prv.h file.
   2528           *              If the SRMICRO_HALT_ON_FAIL is ENABLED then-
   2529           *              User can perform the fail routine task in the MICRO_SR_BOOTTEST_FAILURE_TASK() which is defined in the SRMicro_prv.h file.
   2530           *
   2531           *              If the MICRO_SR_BOOTTEST_FAILURE_TASK is commented then-
   2532           *              System reset
   2533           *
   2534           *              This routine been called if any one of the below boot test fails-
   2535           *              CPU Register test,
   2536           *              MARCH C Ram test,
   2537           *              FLASH CRC test
   2538           */
   2539          #if (MICRO_SR_FEATURE_TEST == ENABLED)

   \                                 In section .text, align 2, keep-with-next
   2540          static void MicroFailSafe(void)
   2541          {
   \                     MicroFailSafe: (+1)
   \   00000000   0x....             LDR.N    R0,??DataTable33_4  ;; 0xe000ed0c
   \   00000002   0x.... 0x....      LDR.W    R1,??DataTable37_4  ;; 0x5fa0004
   2542               while(1)
   2543               {
   2544                  #ifdef MICRO_SR_BOOTTEST_FAILURE_TASK
   2545                      SERVICE_WATCHDOG();
   2546                      MICRO_SR_BOOTTEST_FAILURE_TASK();
   2547                  #else
   2548                       SYSTEM_RESET();
   \                     ??MicroFailSafe_0: (+1)
   \   00000006   0x6001             STR      R1,[R0, #+0]
   \   00000008   0xE7FD             B.N      ??MicroFailSafe_0
   2549                  #endif
   2550               }
   2551          }
   2552          #endif
   2553          
   2554          //---------------------------------------------------------------------------------------------------------------------
   2555          /**
   2556           * @brief - This function performs the flash boot test
   2557           */
   2558          #if (MICRO_SR_FEATURE_TEST == ENABLED)
   2559          #pragma inline=forced

   \                                 In section .text, align 4, keep-with-next
   2560          static void MicroBootFlashTest(void)
   2561          {
   \                     MicroBootFlashTest: (+1)
   \   00000000   0xE92D 0x41F0      PUSH     {R4-R8,LR}
   2562              //Maximum 12 variables can be assigned as register type. More than that could cause problem.
   2563              //-----------------------------------------------------------------------------------------------------------------
   2564              // CLASSB Test : Flash CRC test
   2565              //
   2566              //This test is used to validate the non-volatile memory consistency
   2567              //-----------------------------------------------------------------------------------------------------------------
   2568              Micro_Flash_Crc = MICRO_CRC_INITIAL;
   \   00000004   0x.... 0x....      LDR.W    R4,??DataTable37_21
   2569          
   2570              // for each word in the block
   2571              for ( Micro_Flash_Crc_Pt = MICRO_FLASH_START_ADDRESS; Micro_Flash_Crc_Pt <= MICRO_FLASH_END_ADDRESS; Micro_Flash_Crc_Pt++ )
   \   00000008   0x.... 0x....      LDR.W    R8,??DataTable37_8
   \   0000000C   0x.... 0x....      LDR.W    R7,??DataTable37_5  ;; 0x4005200c
   \   00000010   0x2000             MOVS     R0,#+0
   \   00000012   0x8020             STRH     R0,[R4, #+0]
   \   00000014   0xF24B 0x4680      MOVW     R6,#+46208
   \   00000018   0x.... 0x....      LDR.W    R0,??DataTable37_22
   \   0000001C   0x60E0             STR      R0,[R4, #+12]
   \   0000001E   0xF24A 0x6502      MOVW     R5,#+42498
   \   00000022   0x4580             CMP      R8,R0
   \   00000024   0xD311             BCC.N    ??MicroBootFlashTest_0
   2572              {
   2573                  //Calculates the CRC over a range of memory
   2574                  Micro_Flash_Crc = Crc16__RangeProcess((uint8 *)Micro_Flash_Crc_Pt,Micro_Flash_Crc,4);
   \                     ??MicroBootFlashTest_1: (+1)
   \   00000026   0x8821             LDRH     R1,[R4, #+0]
   \   00000028   0x68E0             LDR      R0,[R4, #+12]
   \   0000002A   0x2204             MOVS     R2,#+4
   \   0000002C   0x.... 0x....      BL       Crc16__RangeProcess
   \   00000030   0x8020             STRH     R0,[R4, #+0]
   2575          
   2576                  //Refresh the independent watchdog
   2577                  SERVICE_WATCHDOG();
   \   00000032   0xF3EF 0x8010      MRS      R0,PRIMASK
   \   00000036   0xB672             CPSID    I
   \   00000038   0x803D             STRH     R5,[R7, #+0]
   \   0000003A   0x803E             STRH     R6,[R7, #+0]
   \   0000003C   0xF380 0x8810      MSR      PRIMASK,R0
   2578              }
   \   00000040   0x68E0             LDR      R0,[R4, #+12]
   \   00000042   0x1D00             ADDS     R0,R0,#+4
   \   00000044   0x60E0             STR      R0,[R4, #+12]
   \   00000046   0x4580             CMP      R8,R0
   \   00000048   0xD2ED             BCS.N    ??MicroBootFlashTest_1
   2579          
   2580              //compare the calculated CRC against a CRC value stored in FLASH memory by the IELF tool.
   2581              if ((uint16)MICRO_FLASH_CRC !=  Micro_Flash_Crc)
   \                     ??MicroBootFlashTest_0: (+1)
   \   0000004A   0x....             LDR.N    R0,??DataTable37_9
   \   0000004C   0x8821             LDRH     R1,[R4, #+0]
   \   0000004E   0x8800             LDRH     R0,[R0, #+0]
   \   00000050   0x4288             CMP      R0,R1
   \   00000052   0xD003             BEQ.N    ??MicroBootFlashTest_2
   \                     ??MicroBootFlashTest_3: (+1)
   \   00000054   0x....             LDR.N    R1,??DataTable33_4  ;; 0xe000ed0c
   \   00000056   0x....             LDR.N    R0,??DataTable37_4  ;; 0x5fa0004
   \   00000058   0x6008             STR      R0,[R1, #+0]
   \   0000005A   0xE7FB             B.N      ??MicroBootFlashTest_3
   2582              {
   2583                  MicroFailSafe();
   2584              }
   2585          }
   \                     ??MicroBootFlashTest_2: (+1)
   \   0000005C   0xE8BD 0x81F0      POP      {R4-R8,PC}       ;; return
   2586          #endif
   2587          
   2588          //---------------------------------------------------------------------------------------------------------------------
   2589          /**
   2590           * @brief - This method handles the reset and realizes which reset method to be apply
   2591           */
   2592          #pragma inline=forced

   \                                 In section .text, align 4, keep-with-next
   2593          static void MicroResetHandling(void)
   2594          {
   \                     MicroResetHandling: (+1)
   \   00000000   0xE92D 0x41F0      PUSH     {R4-R8,LR}
   2595              MICRO_RESET_INFO_HEADER_TYPE local_reset_info;
   2596          
   2597              //Is Signature present
   2598              if (MicroIsResetSignatureValid() == TRUE)
   \   00000004   0x....             LDR.N    R4,??DataTable34
   \   00000006   0x.... 0x....      ADR.W    R0,MICRO_RESETINFO_HEADER
   \   0000000A   0x....             LDR.N    R1,??DataTable37_3
   \   0000000C   0x.... 0x....      ADR.W    R2,MICRO_RESETINFO_FOOTER
   \   00000010   0xB08E             SUB      SP,SP,#+56
   \   00000012   0xF04F 0x0C00      MOV      R12,#+0
   \   00000016   0x4623             MOV      R3,R4
   \   00000018   0x4605             MOV      R5,R0
   \   0000001A   0x460E             MOV      R6,R1
   \   0000001C   0xEA4F 0x0702      MOV.W    R7,R2
   \                     ??MicroResetHandling_0: (+1)
   \   00000020   0xF813 0xEB01      LDRB     LR,[R3], #+1
   \   00000024   0xF815 0x8B01      LDRB     R8,[R5], #+1
   \   00000028   0x45C6             CMP      LR,R8
   \   0000002A   0xBF02             ITTT     EQ 
   \   0000002C   0xF816 0xEB01      LDRBEQ   LR,[R6], #+1
   \   00000030   0xF817 0x8B01      LDRBEQ   R8,[R7], #+1
   \   00000034   0x45C6             CMPEQ    LR,R8
   \   00000036   0xD14A             BNE.N    ??MicroResetHandling_1
   \   00000038   0xF813 0xEB01      LDRB     LR,[R3], #+1
   \   0000003C   0xF815 0x8B01      LDRB     R8,[R5], #+1
   \   00000040   0xF10C 0x0C01      ADD      R12,R12,#+1
   \   00000044   0xFA5F 0xFC8C      UXTB     R12,R12
   \   00000048   0x45C6             CMP      LR,R8
   \   0000004A   0xBF02             ITTT     EQ 
   \   0000004C   0xF816 0xEB01      LDRBEQ   LR,[R6], #+1
   \   00000050   0xF817 0x8B01      LDRBEQ   R8,[R7], #+1
   \   00000054   0x45C6             CMPEQ    LR,R8
   \   00000056   0xD13A             BNE.N    ??MicroResetHandling_1
   \   00000058   0xF813 0xEB01      LDRB     LR,[R3], #+1
   \   0000005C   0xF815 0x8B01      LDRB     R8,[R5], #+1
   \   00000060   0xF10C 0x0C01      ADD      R12,R12,#+1
   \   00000064   0xFA5F 0xFC8C      UXTB     R12,R12
   \   00000068   0x45C6             CMP      LR,R8
   \   0000006A   0xBF02             ITTT     EQ 
   \   0000006C   0xF816 0xEB01      LDRBEQ   LR,[R6], #+1
   \   00000070   0xF817 0x8B01      LDRBEQ   R8,[R7], #+1
   \   00000074   0x45C6             CMPEQ    LR,R8
   \   00000076   0xD12A             BNE.N    ??MicroResetHandling_1
   \   00000078   0xF813 0xEB01      LDRB     LR,[R3], #+1
   \   0000007C   0xF815 0x8B01      LDRB     R8,[R5], #+1
   \   00000080   0xF10C 0x0C01      ADD      R12,R12,#+1
   \   00000084   0xFA5F 0xFC8C      UXTB     R12,R12
   \   00000088   0x45C6             CMP      LR,R8
   \   0000008A   0xBF02             ITTT     EQ 
   \   0000008C   0xF816 0xEB01      LDRBEQ   LR,[R6], #+1
   \   00000090   0xF817 0x8B01      LDRBEQ   R8,[R7], #+1
   \   00000094   0x45C6             CMPEQ    LR,R8
   \   00000096   0xD11A             BNE.N    ??MicroResetHandling_1
   \   00000098   0xF10C 0x0C01      ADD      R12,R12,#+1
   \   0000009C   0xFA5F 0xFC8C      UXTB     R12,R12
   \   000000A0   0xF1BC 0x0F2C      CMP      R12,#+44
   \   000000A4   0xDBBC             BLT.N    ??MicroResetHandling_0
   2599              {
   2600                  MicroValidateResetInfoDataCrc();
   \   000000A6   0x2206             MOVS     R2,#+6
   \   000000A8   0xF104 0x012C      ADD      R1,R4,#+44
   \   000000AC   0x20FF             MOVS     R0,#+255
   \   000000AE   0x.... 0x....      BL       Crc8
   \   000000B2   0xF894 0x1032      LDRB     R1,[R4, #+50]
   \   000000B6   0x4281             CMP      R1,R0
   \   000000B8   0xD004             BEQ.N    ??MicroResetHandling_2
   \   000000BA   0x22FF             MOVS     R2,#+255
   \   000000BC   0x21FF             MOVS     R1,#+255
   \   000000BE   0x2027             MOVS     R0,#+39
   \   000000C0   0x.... 0x....      BL       SRException__Queue
   2601          
   2602                  //Perform the Cold reset if the number of warm resets are more than the MICRO_WARM_RESET_COUNTER_LIMIT
   2603                  if (Micro_ResetInfo.Warm_Reset_Count >= MICRO_WARM_RESET_COUNTER_LIMIT)
   \                     ??MicroResetHandling_2: (+1)
   \   000000C4   0xF894 0x0031      LDRB     R0,[R4, #+49]
   \   000000C8   0x2814             CMP      R0,#+20
   \   000000CA   0xDB4A             BLT.N    ??MicroResetHandling_3
   2604                  {
   2605                      MicroValidateResetInfoDataCrc();
   \   000000CC   0xE02F             B.N      ??MicroResetHandling_4
   2606                      Micro_ResetInfo.Force_Cold_Reset = TRUE;
   2607                      MicroUpdateResetInfoDataCrc();
   2608                  }
   2609              }
   2610              else
   2611              {
   2612                  MicroClearResetData();
   \                     ??MicroResetHandling_1: (+1)
   \   000000CE   0x4623             MOV      R3,R4
   \   000000D0   0xF05F 0x050B      MOVS.W   R5,#+11
   \                     ??MicroResetHandling_5: (+1)
   \   000000D4   0xF810 0x6B01      LDRB     R6,[R0], #+1
   \   000000D8   0xF803 0x6B01      STRB     R6,[R3], #+1
   \   000000DC   0x1E6D             SUBS     R5,R5,#+1
   \   000000DE   0xF812 0x6B01      LDRB     R6,[R2], #+1
   \   000000E2   0xF801 0x6B01      STRB     R6,[R1], #+1
   \   000000E6   0xF810 0x6B01      LDRB     R6,[R0], #+1
   \   000000EA   0xF803 0x6B01      STRB     R6,[R3], #+1
   \   000000EE   0xF812 0x6B01      LDRB     R6,[R2], #+1
   \   000000F2   0xF801 0x6B01      STRB     R6,[R1], #+1
   \   000000F6   0xF810 0x6B01      LDRB     R6,[R0], #+1
   \   000000FA   0xF803 0x6B01      STRB     R6,[R3], #+1
   \   000000FE   0xF812 0x6B01      LDRB     R6,[R2], #+1
   \   00000102   0xF801 0x6B01      STRB     R6,[R1], #+1
   \   00000106   0xF810 0x6B01      LDRB     R6,[R0], #+1
   \   0000010A   0xF803 0x6B01      STRB     R6,[R3], #+1
   \   0000010E   0xF812 0x6B01      LDRB     R6,[R2], #+1
   \   00000112   0xF801 0x6B01      STRB     R6,[R1], #+1
   \   00000116   0xD1DD             BNE.N    ??MicroResetHandling_5
   \   00000118   0x2000             MOVS     R0,#+0
   \   0000011A   0x62E0             STR      R0,[R4, #+44]
   \   0000011C   0x8620             STRH     R0,[R4, #+48]
   \   0000011E   0x2206             MOVS     R2,#+6
   \   00000120   0xF104 0x012C      ADD      R1,R4,#+44
   \   00000124   0x20FF             MOVS     R0,#+255
   \   00000126   0x.... 0x....      BL       Crc8
   \   0000012A   0xF884 0x0032      STRB     R0,[R4, #+50]
   2613          
   2614                  MicroValidateResetInfoDataCrc();
   \                     ??MicroResetHandling_4: (+1)
   \   0000012E   0x2206             MOVS     R2,#+6
   \   00000130   0xF104 0x012C      ADD      R1,R4,#+44
   \   00000134   0x20FF             MOVS     R0,#+255
   \   00000136   0x.... 0x....      BL       Crc8
   \   0000013A   0xF894 0x1032      LDRB     R1,[R4, #+50]
   \   0000013E   0x4281             CMP      R1,R0
   \   00000140   0xD004             BEQ.N    ??MicroResetHandling_6
   \   00000142   0x22FF             MOVS     R2,#+255
   \   00000144   0x21FF             MOVS     R1,#+255
   \   00000146   0x2027             MOVS     R0,#+39
   \   00000148   0x.... 0x....      BL       SRException__Queue
   2615                  Micro_ResetInfo.Force_Cold_Reset = TRUE;
   \                     ??MicroResetHandling_6: (+1)
   \   0000014C   0x2001             MOVS     R0,#+1
   \   0000014E   0xF884 0x0030      STRB     R0,[R4, #+48]
   2616                  MicroUpdateResetInfoDataCrc();
   \   00000152   0x2206             MOVS     R2,#+6
   \   00000154   0xF104 0x012C      ADD      R1,R4,#+44
   \   00000158   0x20FF             MOVS     R0,#+255
   \   0000015A   0x.... 0x....      BL       Crc8
   \   0000015E   0xF884 0x0032      STRB     R0,[R4, #+50]
   2617              }
   2618          
   2619          
   2620          
   2621          
   2622              //Validate and store the Micro_ResetInfo value into stack variable
   2623              MicroValidateResetInfoDataCrc();
   \                     ??MicroResetHandling_3: (+1)
   \   00000162   0x2206             MOVS     R2,#+6
   \   00000164   0xF104 0x012C      ADD      R1,R4,#+44
   \   00000168   0x20FF             MOVS     R0,#+255
   \   0000016A   0x.... 0x....      BL       Crc8
   \   0000016E   0xF894 0x1032      LDRB     R1,[R4, #+50]
   \   00000172   0x4281             CMP      R1,R0
   \   00000174   0xD004             BEQ.N    ??MicroResetHandling_7
   \   00000176   0x22FF             MOVS     R2,#+255
   \   00000178   0x21FF             MOVS     R1,#+255
   \   0000017A   0x2027             MOVS     R0,#+39
   \   0000017C   0x.... 0x....      BL       SRException__Queue
   2624              memcpy(&local_reset_info, &Micro_ResetInfo, sizeof(Micro_ResetInfo));
   \                     ??MicroResetHandling_7: (+1)
   \   00000180   0x2233             MOVS     R2,#+51
   \   00000182   0x4621             MOV      R1,R4
   \   00000184   0xA801             ADD      R0,SP,#+4
   \   00000186   0x.... 0x....      BL       __aeabi_memcpy4
   2625          
   2626          
   2627              //Read the actual reset register content
   2628              local_reset_info.Actual_Reset = MicroReadActualReset();
   \   0000018A   0x2000             MOVS     R0,#+0
   \   0000018C   0xF88D 0x0000      STRB     R0,[SP, #+0]
   \   00000190   0x....             LDR.N    R0,??DataTable37_23  ;; 0x4007f000
   \   00000192   0x7801             LDRB     R1,[R0, #+0]
   \   00000194   0x0689             LSLS     R1,R1,#+26
   \   00000196   0xD402             BMI.N    ??MicroResetHandling_8
   \   00000198   0x7A01             LDRB     R1,[R0, #+8]
   \   0000019A   0x0689             LSLS     R1,R1,#+26
   \   0000019C   0xD502             BPL.N    ??MicroResetHandling_9
   \                     ??MicroResetHandling_8: (+1)
   \   0000019E   0x2120             MOVS     R1,#+32
   \   000001A0   0xF88D 0x1000      STRB     R1,[SP, #+0]
   \                     ??MicroResetHandling_9: (+1)
   \   000001A4   0x7801             LDRB     R1,[R0, #+0]
   \   000001A6   0x0789             LSLS     R1,R1,#+30
   \   000001A8   0xD505             BPL.N    ??MicroResetHandling_10
   \   000001AA   0xF89D 0x1000      LDRB     R1,[SP, #+0]
   \   000001AE   0xF041 0x0102      ORR      R1,R1,#0x2
   \   000001B2   0xF88D 0x1000      STRB     R1,[SP, #+0]
   \                     ??MicroResetHandling_10: (+1)
   \   000001B6   0x7841             LDRB     R1,[R0, #+1]
   \   000001B8   0x0749             LSLS     R1,R1,#+29
   \   000001BA   0xD505             BPL.N    ??MicroResetHandling_11
   \   000001BC   0xF89D 0x1000      LDRB     R1,[SP, #+0]
   \   000001C0   0xF041 0x0110      ORR      R1,R1,#0x10
   \   000001C4   0xF88D 0x1000      STRB     R1,[SP, #+0]
   \                     ??MicroResetHandling_11: (+1)
   \   000001C8   0x7801             LDRB     R1,[R0, #+0]
   \   000001CA   0x0609             LSLS     R1,R1,#+24
   \   000001CC   0xD505             BPL.N    ??MicroResetHandling_12
   \   000001CE   0xF89D 0x1000      LDRB     R1,[SP, #+0]
   \   000001D2   0xF041 0x0180      ORR      R1,R1,#0x80
   \   000001D6   0xF88D 0x1000      STRB     R1,[SP, #+0]
   \                     ??MicroResetHandling_12: (+1)
   \   000001DA   0x7801             LDRB     R1,[R0, #+0]
   \   000001DC   0x0649             LSLS     R1,R1,#+25
   \   000001DE   0xD505             BPL.N    ??MicroResetHandling_13
   \   000001E0   0xF89D 0x1000      LDRB     R1,[SP, #+0]
   \   000001E4   0xF041 0x0140      ORR      R1,R1,#0x40
   \   000001E8   0xF88D 0x1000      STRB     R1,[SP, #+0]
   \                     ??MicroResetHandling_13: (+1)
   \   000001EC   0x217F             MOVS     R1,#+127
   \   000001EE   0x7201             STRB     R1,[R0, #+8]
   \   000001F0   0x213F             MOVS     R1,#+63
   \   000001F2   0x7241             STRB     R1,[R0, #+9]
   \   000001F4   0xF89D 0x0000      LDRB     R0,[SP, #+0]
   \   000001F8   0xF88D 0x0031      STRB     R0,[SP, #+49]
   2629          
   2630              //do not save the reset type if the previous reset was intentional. Intentional reset was done in watch dog testing
   2631              if ((local_reset_info.Warm_Reset_Actions & MICRO_WARM_RESET_ACTION_SKIP_WATCHDOG_TEST) != MICRO_WARM_RESET_ACTION_SKIP_WATCHDOG_TEST)
   \   000001FC   0xF89D 0x0033      LDRB     R0,[SP, #+51]
   \   00000200   0x0701             LSLS     R1,R0,#+28
   \   00000202   0xBF59             ITTEE    PL 
   2632              {
   2633                  local_reset_info.Reset = local_reset_info.Actual_Reset;
   \   00000204   0xF89D 0x0000      LDRBPL   R0,[SP, #+0]
   \   00000208   0xF88D 0x0030      STRBPL   R0,[SP, #+48]
   2634              }
   2635              else
   2636              {
   2637                  //clear the watch dog test
   2638                  local_reset_info.Warm_Reset_Actions &= ~MICRO_WARM_RESET_ACTION_SKIP_WATCHDOG_TEST;
                                                                ^
Remark[Pa091]: operator operates on value promoted to int (with possibly
          unexpected result)

          MicroClearResetData();
          ^
"C:\Data\Python\Self_Commissioning_Bpm\source\XCategory\Driver\Micro\Micro.c",1358  Warning[Go005]: 
          Cannot inline function "MicroClearResetData" at this level of
          optimization

          MicroClearResetData();
          ^
"C:\Data\Python\Self_Commissioning_Bpm\source\XCategory\Driver\Micro\Micro.c",1358  Warning[Go004]: 
          Could not inline function "MicroClearResetData" (inlined function is
          too complex or inlining is turned off)

      MicroResetHandling();
      ^
"C:\Data\Python\Self_Commissioning_Bpm\source\XCategory\Driver\Micro\Micro.c",1163  Warning[Go005]: 
          Cannot inline function "MicroResetHandling" at this level of
          optimization

      MicroResetHandling();
      ^
"C:\Data\Python\Self_Commissioning_Bpm\source\XCategory\Driver\Micro\Micro.c",1163  Warning[Go004]: 
          Could not inline function "MicroResetHandling" (inlined function is
          too complex or inlining is turned off)

              MICRO_BOOTTEST_FLASHTEST();
              ^
"C:\Data\Python\Self_Commissioning_Bpm\source\XCategory\Driver\Micro\Micro.c",1219  Warning[Go005]: 
          Cannot inline function "MicroBootFlashTest" at this level of
          optimization

              MICRO_BOOTTEST_FLASHTEST();
              ^
"C:\Data\Python\Self_Commissioning_Bpm\source\XCategory\Driver\Micro\Micro.c",1219  Warning[Go004]: 
          Could not inline function "MicroBootFlashTest" (inlined function is
          too complex or inlining is turned off)

              MICRO_BOOTTEST_WDTEST();
              ^
"C:\Data\Python\Self_Commissioning_Bpm\source\XCategory\Driver\Micro\Micro.c",1210  Warning[Go005]: 
          Cannot inline function "MicroBootWatchdogTest" at this level of
          optimization

              MICRO_BOOTTEST_WDTEST();
              ^
"C:\Data\Python\Self_Commissioning_Bpm\source\XCategory\Driver\Micro\Micro.c",1210  Warning[Go004]: 
          Could not inline function "MicroBootWatchdogTest" (inlined function
          is too complex or inlining is turned off)

      MICRO_BOOTTEST_MICROHWINIT();
      ^
"C:\Data\Python\Self_Commissioning_Bpm\source\XCategory\Driver\Micro\Micro.c",1140  Warning[Go005]: 
          Cannot inline function "MicroHWInit" at this level of optimization

      MICRO_BOOTTEST_MICROHWINIT();
      ^
"C:\Data\Python\Self_Commissioning_Bpm\source\XCategory\Driver\Micro\Micro.c",1140  Warning[Go004]: 
          Could not inline function "MicroHWInit" (inlined function is too
          complex or inlining is turned off)

          Micro__EnableWarmResetAction(MICRO_WARM_RESET_ACTION_SKIP_CLASSB_TEST);
          ^
"C:\Data\Python\Self_Commissioning_Bpm\source\XCategory\Driver\Micro\Micro.c",1364  Warning[Go005]: 
          Cannot inline function "Micro__EnableWarmResetAction" at this level
          of optimization

          Micro__EnableWarmResetAction(MICRO_WARM_RESET_ACTION_SKIP_CLASSB_TEST);
          ^
"C:\Data\Python\Self_Commissioning_Bpm\source\XCategory\Driver\Micro\Micro.c",1364  Warning[Go004]: 
          Could not inline function "Micro__EnableWarmResetAction" (inlined
          function is too complex or inlining is turned off)

              Micro__EnableWarmResetAction(MICRO_WARM_RESET_ACTION_SKIP_CLASSB_TEST);
              ^
"C:\Data\Python\Self_Commissioning_Bpm\source\XCategory\Driver\Micro\Micro.c",1224  Warning[Go005]: 
          Cannot inline function "Micro__EnableWarmResetAction" at this level
          of optimization

              Micro__EnableWarmResetAction(MICRO_WARM_RESET_ACTION_SKIP_CLASSB_TEST);
              ^
"C:\Data\Python\Self_Commissioning_Bpm\source\XCategory\Driver\Micro\Micro.c",1224  Warning[Go004]: 
          Could not inline function "Micro__EnableWarmResetAction" (inlined
          function is too complex or inlining is turned off)

              Micro__EnableWarmResetAction(MICRO_WARM_RESET_ACTION_SKIP_WATCHDOG_TEST);
              ^
"C:\Data\Python\Self_Commissioning_Bpm\source\XCategory\Driver\Micro\Micro.c",1203  Warning[Go005]: 
          Cannot inline function "Micro__EnableWarmResetAction" at this level
          of optimization

              Micro__EnableWarmResetAction(MICRO_WARM_RESET_ACTION_SKIP_WATCHDOG_TEST);
              ^
"C:\Data\Python\Self_Commissioning_Bpm\source\XCategory\Driver\Micro\Micro.c",1203  Warning[Go004]: 
          Could not inline function "Micro__EnableWarmResetAction" (inlined
          function is too complex or inlining is turned off)
   \   0000020C   0xF000 0x00F7      ANDMI    R0,R0,#0xF7
   \   00000210   0xF88D 0x0033      STRBMI   R0,[SP, #+51]
   2639              }
   2640          
   2641              //What is the reset type?Cold or Warm
   2642              if ((local_reset_info.Reset.POR          == 1) ||
   2643                  (local_reset_info.Reset.LVD          == 1) ||
   2644                  (local_reset_info.Force_Cold_Reset   == TRUE))
   \   00000214   0xF89D 0x0030      LDRB     R0,[SP, #+48]
   \   00000218   0x2182             MOVS     R1,#+130
   \   0000021A   0x4208             TST      R0,R1
   \   0000021C   0xD103             BNE.N    ??MicroResetHandling_14
   \   0000021E   0xF89D 0x0034      LDRB     R0,[SP, #+52]
   \   00000222   0x2801             CMP      R0,#+1
   \   00000224   0xD101             BNE.N    ??MicroResetHandling_15
   2645              {
   2646                  local_reset_info.Mode = MICRO_RESET_MODE_COLD;
   \                     ??MicroResetHandling_14: (+1)
   \   00000226   0x2000             MOVS     R0,#+0
   \   00000228   0xE005             B.N      ??MicroResetHandling_16
   2647              }
   2648              else
   2649              {
   2650                  local_reset_info.Warm_Reset_Count++;
   \                     ??MicroResetHandling_15: (+1)
   \   0000022A   0xF89D 0x0035      LDRB     R0,[SP, #+53]
   \   0000022E   0x1C40             ADDS     R0,R0,#+1
   \   00000230   0xF88D 0x0035      STRB     R0,[SP, #+53]
   2651                  local_reset_info.Mode = MICRO_RESET_MODE_WARM;
   \   00000234   0x2001             MOVS     R0,#+1
   \                     ??MicroResetHandling_16: (+1)
   \   00000236   0xF88D 0x0032      STRB     R0,[SP, #+50]
   2652              }
   2653          
   2654              //Restore and update the Crc of the Micro_ResetInfo
   2655              memcpy(&Micro_ResetInfo, &local_reset_info, sizeof(Micro_ResetInfo));
   \   0000023A   0x2233             MOVS     R2,#+51
   \   0000023C   0xA901             ADD      R1,SP,#+4
   \   0000023E   0x4620             MOV      R0,R4
   \   00000240   0x.... 0x....      BL       __aeabi_memcpy4
   2656              MicroUpdateResetInfoDataCrc();
   \   00000244   0x2206             MOVS     R2,#+6
   \   00000246   0xF104 0x012C      ADD      R1,R4,#+44
   \   0000024A   0x20FF             MOVS     R0,#+255
   \   0000024C   0x.... 0x....      BL       Crc8
   \   00000250   0xF884 0x0032      STRB     R0,[R4, #+50]
   2657          }
   \   00000254   0xB00E             ADD      SP,SP,#+56
   \   00000256   0xE8BD 0x81F0      POP      {R4-R8,PC}       ;; return
   2658          
   2659          //---------------------------------------------------------------------------------------------------------------------
   2660          /**
   2661           * @brief - This function clears the reset data
   2662           */
   2663          #pragma inline=forced

   \                                 In section .text, align 4, keep-with-next
   2664          static void MicroClearResetData(void)
   2665          {
   \                     MicroClearResetData: (+1)
   \   00000000   0xB570             PUSH     {R4-R6,LR}
   2666              MicroSetRamSignature();
   \   00000002   0x....             LDR.N    R4,??DataTable37_24
   \   00000004   0x.... 0x....      ADR.W    R1,MICRO_RESETINFO_HEADER
   \   00000008   0x....             LDR.N    R2,??DataTable37_3
   \   0000000A   0x.... 0x....      ADR.W    R3,MICRO_RESETINFO_FOOTER
   \   0000000E   0x4620             MOV      R0,R4
   \   00000010   0xF05F 0x050B      MOVS.W   R5,#+11
   \                     ??MicroClearResetData_0: (+1)
   \   00000014   0xF811 0x6B01      LDRB     R6,[R1], #+1
   \   00000018   0xF800 0x6B01      STRB     R6,[R0], #+1
   \   0000001C   0x1E6D             SUBS     R5,R5,#+1
   \   0000001E   0xF813 0x6B01      LDRB     R6,[R3], #+1
   \   00000022   0xF802 0x6B01      STRB     R6,[R2], #+1
   \   00000026   0xF811 0x6B01      LDRB     R6,[R1], #+1
   \   0000002A   0xF800 0x6B01      STRB     R6,[R0], #+1
   \   0000002E   0xF813 0x6B01      LDRB     R6,[R3], #+1
   \   00000032   0xF802 0x6B01      STRB     R6,[R2], #+1
   \   00000036   0xF811 0x6B01      LDRB     R6,[R1], #+1
   \   0000003A   0xF800 0x6B01      STRB     R6,[R0], #+1
   \   0000003E   0xF813 0x6B01      LDRB     R6,[R3], #+1
   \   00000042   0xF802 0x6B01      STRB     R6,[R2], #+1
   \   00000046   0xF811 0x6B01      LDRB     R6,[R1], #+1
   \   0000004A   0xF800 0x6B01      STRB     R6,[R0], #+1
   \   0000004E   0xF813 0x6B01      LDRB     R6,[R3], #+1
   \   00000052   0xF802 0x6B01      STRB     R6,[R2], #+1
   \   00000056   0xD1DD             BNE.N    ??MicroClearResetData_0
   2667          
   2668              (*(uint8 *)&(Micro_ResetInfo.Reset))        = 0;
   \   00000058   0x2000             MOVS     R0,#+0
   \   0000005A   0x62E0             STR      R0,[R4, #+44]
   2669              (*(uint8 *)&(Micro_ResetInfo.Actual_Reset)) = 0;
   2670              Micro_ResetInfo.Mode                        = MICRO_RESET_MODE_COLD;
   2671              Micro_ResetInfo.Warm_Reset_Actions          = (MICRO_WARM_RESET_ACTION_TYPE)0;
   2672              Micro_ResetInfo.Force_Cold_Reset            = FALSE;
   \   0000005C   0x8620             STRH     R0,[R4, #+48]
   2673              Micro_ResetInfo.Warm_Reset_Count            = 0;
   2674          
   2675              MicroUpdateResetInfoDataCrc();
   \   0000005E   0x2206             MOVS     R2,#+6
   \   00000060   0xF104 0x012C      ADD      R1,R4,#+44
   \   00000064   0x20FF             MOVS     R0,#+255
   \   00000066   0x.... 0x....      BL       Crc8
   \   0000006A   0xF884 0x0032      STRB     R0,[R4, #+50]
   2676          }
   \   0000006E   0xBD70             POP      {R4-R6,PC}       ;; return
   2677          
   2678          //---------------------------------------------------------------------------------------------------------------------
   2679          /**
   2680           * @brief - sets the RAM signature
   2681           */
   2682          #pragma inline=forced
   2683          static void MicroSetRamSignature(void)
   2684          {
   2685              uint8 index;
   2686          
   2687              for (index = 0; index < MICRO_RESETINFO_STRING_SIZE; index++)
   2688              {
   2689                  Micro_ResetInfo.Header[index] = MICRO_RESETINFO_HEADER[index];
   2690                  Micro_ResetInfo_Footer[index] = MICRO_RESETINFO_FOOTER[index];
   2691              }
   2692          }
   2693          
   2694          //---------------------------------------------------------------------------------------------------------------------
   2695          /**
   2696           * @brief This function validates the reset signature
   2697           * @return
   2698           */
   2699          #pragma inline=forced
   2700          static BOOL_TYPE MicroIsResetSignatureValid(void)
   2701          {
   2702              BOOL_TYPE sign_valid;
   2703              uint8 index;
   2704          
   2705              sign_valid = TRUE;
   2706          
   2707              for (index = 0; index < MICRO_RESETINFO_STRING_SIZE; index++)
   2708              {
   2709                  if ((Micro_ResetInfo.Header[index] != MICRO_RESETINFO_HEADER[index]) ||
   2710                      (Micro_ResetInfo_Footer[index] != MICRO_RESETINFO_FOOTER[index]))
   2711                  {
   2712                      sign_valid = FALSE;
   2713                      break;
   2714                  }
   2715              }
   2716          
   2717              return(sign_valid);
   2718          }
   2719          
   2720          //---------------------------------------------------------------------------------------------------------------------
   2721          /**
   2722           * @brief - Validates the Data integrity of the Micro_ResetInfo variable
   2723           * @return
   2724           */

   \                                 In section .text, align 2, keep-with-next
   2725          static void MicroValidateResetInfoDataCrc(void)
   2726          {
   \                     MicroValidateResetInfoDataCrc: (+1)
   \   00000000   0xB510             PUSH     {R4,LR}
   2727              if (Micro_ResetInfo.Crc8_Data_Integrator != Crc8(0xFF,MICRO_RESETINFO_CLASSB_DATA_FROM, MICRO_RESETINFO_CLASSB_DATA_SIZE)) //lint !e928 Suppress Info: cast from pointer to pointer [MISRA 2004 Rule 11.4]
   \   00000002   0x....             LDR.N    R4,??DataTable37_24
   \   00000004   0x2206             MOVS     R2,#+6
   \   00000006   0xF104 0x012C      ADD      R1,R4,#+44
   \   0000000A   0x20FF             MOVS     R0,#+255
   \   0000000C   0x.... 0x....      BL       Crc8
   \   00000010   0xF894 0x1032      LDRB     R1,[R4, #+50]
   \   00000014   0x4281             CMP      R1,R0
   \   00000016   0xD006             BEQ.N    ??MicroValidateResetInfoDataCrc_0
   2728              {
   2729                  SRException__Queue(SREXCEPTION_MICRO_RESET_SIGNATURE_CORUPTION,0xFF,0xFF);
   \   00000018   0xE8BD 0x4010      POP      {R4,LR}
   \   0000001C   0x22FF             MOVS     R2,#+255
   \   0000001E   0x21FF             MOVS     R1,#+255
   \   00000020   0x2027             MOVS     R0,#+39
   \   00000022   0x.... 0x....      B.W      SRException__Queue
   2730              }
   2731          }
   \                     ??MicroValidateResetInfoDataCrc_0: (+1)
   \   00000026   0xBD10             POP      {R4,PC}          ;; return
   2732          
   2733          //---------------------------------------------------------------------------------------------------------------------
   2734          /**
   2735           * @brief - Update the Data integrity of the Micro_ResetInfo variable
   2736           * @return
   2737           */

   \                                 In section .text, align 2, keep-with-next
   2738          static void MicroUpdateResetInfoDataCrc(void)
   2739          {
   \                     MicroUpdateResetInfoDataCrc: (+1)
   \   00000000   0xB510             PUSH     {R4,LR}
   2740              Micro_ResetInfo.Crc8_Data_Integrator = Crc8(0xFF,MICRO_RESETINFO_CLASSB_DATA_FROM, MICRO_RESETINFO_CLASSB_DATA_SIZE); //lint !e928 Suppress Info: cast from pointer to pointer [MISRA 2004 Rule 11.4]
   \   00000002   0x....             LDR.N    R4,??DataTable37_24
   \   00000004   0x2206             MOVS     R2,#+6
   \   00000006   0xF104 0x012C      ADD      R1,R4,#+44
   \   0000000A   0x20FF             MOVS     R0,#+255
   \   0000000C   0x.... 0x....      BL       Crc8
   \   00000010   0xF884 0x0032      STRB     R0,[R4, #+50]
   2741          }
   \   00000014   0xBD10             POP      {R4,PC}          ;; return

   \                                 In section .text, align 4, keep-with-next
   \                     ??DataTable25:
   \   00000000   0x40052000         DC32     0x40052000

   \                                 In section .text, align 4, keep-with-next
   \                     ??DataTable26:
   \   00000000   0xE000E010         DC32     0xe000e010

   \                                 In section .text, align 4, keep-with-next
   \                     ??DataTable26_1:
   \   00000000   0xE000E400         DC32     0xe000e400

   \                                 In section .text, align 4, keep-with-next
   \                     ??DataTable27:
   \   00000000   0x4007F008         DC32     0x4007f008

   \                                 In section .text, align 4, keep-with-next
   \                     ??DataTable27_1:
   \   00000000   0x05FA0500         DC32     0x5fa0500

   \                                 In section .text, align 4, keep-with-next
   \                     ??DataTable27_2:
   \   00000000   0x........         DC32     __ICFEDIT_INTERRUPT_TABLE_start__

   \                                 In section .text, align 4, keep-with-next
   \                     ??DataTable27_3:
   \   00000000   0x........         DC32     Micro_Flash_Crc

   \                                 In section .text, align 4, keep-with-next
   \                     ??DataTable27_4:
   \   00000000   0x........         DC32     SFB(STACK_OVERFLOW_SIGNATURE)

   \                                 In section .text, align 4, keep-with-next
   \                     ??DataTable27_5:
   \   00000000   0x........         DC32     MICRO_FLASH_START

   \                                 In section .text, align 4, keep-with-next
   \                     ??DataTable27_6:
   \   00000000   0x........         DC32     SFB(STACK_UNDERFLOW_SIGNATURE)

   \                                 In section .text, align 4, keep-with-next
   \                     ??DataTable27_7:
   \   00000000   0x72616559         DC32     0x72616559

   \                                 In section .text, align 4, keep-with-next
   \                     ??DataTable27_8:
   \   00000000   0x3030316C         DC32     0x3030316c

   \                                 In section .text, align 4, keep-with-next
   \                     ??DataTable27_9:
   \   00000000   0x6F6F706C         DC32     0x6f6f706c

   \                                 In section .text, align 4, keep-with-next
   \                     ??DataTable27_10:
   \   00000000   0x72696857         DC32     0x72696857

   \                                 In section .text, align 4, keep-with-next
   \                     ??DataTable27_11:
   \   00000000   0x20534545         DC32     0x20534545

   \                                 In section .text, align 4, keep-with-next
   \                     ??DataTable27_12:
   \   00000000   0x6167724F         DC32     0x6167724f

   \                                 In section .text, align 4, keep-with-next
   \                     ??DataTable27_13:
   \   00000000   0x617A696E         DC32     0x617a696e

   \                                 In section .text, align 4, keep-with-next
   \                     ??DataTable27_14:
   \   00000000   0x6E6F6974         DC32     0x6e6f6974

   \                                 In section .text, align 4, keep-with-next
   \                     ??DataTable28:
   \   00000000   0x40048038         DC32     0x40048038

   \                                 In section .text, align 4, keep-with-next
   \                     ??DataTable29:
   \   00000000   0x4005200C         DC32     0x4005200c

   \                                 In section .text, align 4, keep-with-next
   \                     ??DataTable32:
   \   00000000   0x4007D000         DC32     0x4007d000

   \                                 In section .text, align 4, keep-with-next
   \                     ??DataTable33:
   \   00000000   0x40040000         DC32     0x40040000

   \                                 In section .text, align 4, keep-with-next
   \                     ??DataTable33_1:
   \   00000000   0x40064000         DC32     0x40064000

   \                                 In section .text, align 4, keep-with-next
   \                     ??DataTable33_2:
   \   00000000   0xE000E100         DC32     0xe000e100

   \                                 In section .text, align 4, keep-with-next
   \                     ??DataTable33_3:
   \   00000000   0x4007D001         DC32     0x4007d001

   \                                 In section .text, align 4, keep-with-next
   \                     ??DataTable33_4:
   \   00000000   0xE000ED0C         DC32     0xe000ed0c

   \                                 In section .text, align 4, keep-with-next
   \                     ??DataTable33_5:
   \   00000000   0xE000ED18         DC32     0xe000ed18

   \                                 In section .text, align 4, keep-with-next
   \                     ??DataTable33_6:
   \   00000000   0xE000E180         DC32     0xe000e180

   \                                 In section .text, align 4, keep-with-next
   \                     ??DataTable33_7:
   \   00000000   0x05FA0004         DC32     0x5fa0004

   \                                 In section .text, align 4, keep-with-next
   \                     ??DataTable33_8:
   \   00000000   0x........         DC32     __ICFEDIT_region_RAM_start__

   \                                 In section .text, align 4, keep-with-next
   \                     ??DataTable33_9:
   \   00000000   0x........         DC32     __ICFEDIT_region_RAM_end__

   \                                 In section .text, align 4, keep-with-next
   \                     ??DataTable34:
   \   00000000   0x........         DC32     Micro_ResetInfo

   \                                 In section .text, align 4, keep-with-next
   \                     ??DataTable37:
   \   00000000   0x........         DC32     Run_Time_Stack_Pointer_Inv

   \                                 In section .text, align 4, keep-with-next
   \                     ??DataTable37_1:
   \   00000000   0x........         DC32     Run_Time_Stack_Pointer

   \                                 In section .text, align 4, keep-with-next
   \                     ??DataTable37_2:
   \   00000000   0x4007E000         DC32     0x4007e000

   \                                 In section .text, align 4, keep-with-next
   \                     ??DataTable37_3:
   \   00000000   0x........         DC32     Micro_ResetInfo_Footer

   \                                 In section .text, align 4, keep-with-next
   \                     ??DataTable37_4:
   \   00000000   0x05FA0004         DC32     0x5fa0004

   \                                 In section .text, align 4, keep-with-next
   \                     ??DataTable37_5:
   \   00000000   0x4005200C         DC32     0x4005200c

   \                                 In section .text, align 4, keep-with-next
   \                     ??DataTable37_6:
   \   00000000   0x........         DC32     Micro_ClocksStatus

   \                                 In section .text, align 4, keep-with-next
   \                     ??DataTable37_7:
   \   00000000   0x........         DC32     Micro_Flash_Crc_Pt

   \                                 In section .text, align 4, keep-with-next
   \                     ??DataTable37_8:
   \   00000000   0x........         DC32     MICRO_FLASH_END

   \                                 In section .text, align 4, keep-with-next
   \                     ??DataTable37_9:
   \   00000000   0x........         DC32     MICRO_FLASH_CRC

   \                                 In section .text, align 4, keep-with-next
   \                     ??DataTable37_10:
   \   00000000   0x4007D002         DC32     0x4007d002

   \                                 In section .text, align 4, keep-with-next
   \                     ??DataTable37_11:
   \   00000000   0x40048044         DC32     0x40048044

   \                                 In section .text, align 4, keep-with-next
   \                     ??DataTable37_12:
   \   00000000   0x40065000         DC32     0x40065000

   \                                 In section .text, align 4, keep-with-next
   \                     ??DataTable37_13:
   \   00000000   0x40064000         DC32     0x40064000

   \                                 In section .text, align 4, keep-with-next
   \                     ??DataTable37_14:
   \   00000000   0x40064003         DC32     0x40064003

   \                                 In section .text, align 4, keep-with-next
   \                     ??DataTable37_15:
   \   00000000   0x05B8D800         DC32     0x5b8d800

   \                                 In section .text, align 4, keep-with-next
   \                     ??DataTable37_16:
   \   00000000   0x02DC6C00         DC32     0x2dc6c00

   \                                 In section .text, align 4, keep-with-next
   \                     ??DataTable37_17:
   \   00000000   0x05F5E100         DC32     0x5f5e100

   \                                 In section .text, align 4, keep-with-next
   \                     ??DataTable37_18:
   \   00000000   0x003D0900         DC32     0x3d0900

   \                                 In section .text, align 4, keep-with-next
   \                     ??DataTable37_19:
   \   00000000   0x40052000         DC32     0x40052000

   \                                 In section .text, align 4, keep-with-next
   \                     ??DataTable37_20:
   \   00000000   0xE000E010         DC32     0xe000e010

   \                                 In section .text, align 4, keep-with-next
   \                     ??DataTable37_21:
   \   00000000   0x........         DC32     Micro_Flash_Crc

   \                                 In section .text, align 4, keep-with-next
   \                     ??DataTable37_22:
   \   00000000   0x........         DC32     MICRO_FLASH_START

   \                                 In section .text, align 4, keep-with-next
   \                     ??DataTable37_23:
   \   00000000   0x4007F000         DC32     0x4007f000

   \                                 In section .text, align 4, keep-with-next
   \                     ??DataTable37_24:
   \   00000000   0x........         DC32     Micro_ResetInfo
   2742          
   2743          

   Maximum stack usage in bytes:

   .cstack Function
   ------- --------
      24   MicroBootFlashTest
        24   -> Crc16__RangeProcess
       8   MicroBootWatchdogTest
         8   -> Crc8
         8   -> SRException__Queue
      16   MicroClearResetData
        16   -> Crc8
       0   MicroFailSafe
       0   MicroGetClocksStatus
       0   MicroHWInit
       0   MicroInitClk
       0   MicroInitClkLowSpeed
      80   MicroResetHandling
        80   -> Crc8
        80   -> SRException__Queue
        80   -> __aeabi_memcpy4
       8   MicroUpdateResetInfoDataCrc
         8   -> Crc8
       8   MicroValidateResetInfoDataCrc
         8   -> Crc8
         0   -> SRException__Queue
      32   Micro__BootTest
        32   -> MicroBootFlashTest
        32   -> MicroBootWatchdogTest
        32   -> MicroClearResetData
        32   -> MicroFailSafe
        32   -> MicroHWInit
        32   -> MicroInitClkLowSpeed
        32   -> MicroResetHandling
        32   -> MicroUpdateResetInfoDataCrc
        32   -> MicroValidateResetInfoDataCrc
        32   -> Micro__ConfigureWDT
        32   -> Micro__EnableWarmResetAction
        32   -> Micro__GetResetMode
        32   -> SRMCPwm__Initialize_Before_Boot
        32   -> __StartupRegisterTest
        32   -> __iar_data_init3
        32   -> __iar_program_start
        32   -> main
       0   Micro__ClearLvdIsrRegisters
       0   Micro__ConfigureLvd
       0   Micro__ConfigureWDT
       0   Micro__DelayNumNops
      24   Micro__EnableWarmResetAction
        24   -> Crc8
        24   -> SRException__Queue
       0   Micro__ForceReset
       0   Micro__GetClock
       0   Micro__GetCoreID
       0   Micro__GetFlashSize
       8   Micro__GetLastResetstatus
         8   -> Crc8
         8   -> SRException__Queue
       0   Micro__GetLvdStatus
       0   Micro__GetRamSize
       8   Micro__GetResetMode
         8   -> Crc8
         8   -> SRException__Queue
      24   Micro__GetWarmResetAction
        24   -> Crc8
        24   -> SRException__Queue
      24   Micro__GetWarmResetCount
        24   -> Crc8
        24   -> SRException__Queue
      16   Micro__GoSleep
        16   -> Crc8
        16   -> SRException__Queue
       0   Micro__HardfaultHdlr
      32   Micro__Initialize
        32   -> MicroGetClocksStatus
        32   -> MicroInitClkLowSpeed
        32   -> SRData__UpdateLong
         0   -> SRFlow__InitLogEvent
        32   -> SRFlow__InitLogEvent
        32   -> __aeabi_memclr4
       0   Micro__LPTimerInterrupt
         0   -> SRClockMonitor__MonitorExtClk
       0   Micro__NVICDisableIRQ
       0   Micro__NVICEnableIRQ
       8   Micro__SRFlashTest
         8   -> Crc16__ConstRangeProcess
         8   -> SRException__Queue
         8   -> SRFlow__MainLogEvent
      32   Micro__SRRamTest
        32   -> Micro__ServiceWatchdog
        32   -> SRData__CheckLong
        32   -> SRException__Queue
        32   -> SRFlow__MainLogEvent
        32   -> __RunRegisterTest
       0   Micro__ServiceWatchdog
      24   Micro__SetLowSpeedMode
        24   -> MicroGetClocksStatus
       8   Micro__SetNormalSpeedMode
         8   -> MicroGetClocksStatus
         8   -> MicroInitClk
       0   Micro__Trap


   Section sizes:

   Bytes  Function/Label
   -----  --------------
       4  ??DataTable25
       4  ??DataTable26
       4  ??DataTable26_1
       4  ??DataTable27
       4  ??DataTable27_1
       4  ??DataTable27_10
       4  ??DataTable27_11
       4  ??DataTable27_12
       4  ??DataTable27_13
       4  ??DataTable27_14
       4  ??DataTable27_2
       4  ??DataTable27_3
       4  ??DataTable27_4
       4  ??DataTable27_5
       4  ??DataTable27_6
       4  ??DataTable27_7
       4  ??DataTable27_8
       4  ??DataTable27_9
       4  ??DataTable28
       4  ??DataTable29
       4  ??DataTable32
       4  ??DataTable33
       4  ??DataTable33_1
       4  ??DataTable33_2
       4  ??DataTable33_3
       4  ??DataTable33_4
       4  ??DataTable33_5
       4  ??DataTable33_6
       4  ??DataTable33_7
       4  ??DataTable33_8
       4  ??DataTable33_9
       4  ??DataTable34
       4  ??DataTable37
       4  ??DataTable37_1
       4  ??DataTable37_10
       4  ??DataTable37_11
       4  ??DataTable37_12
       4  ??DataTable37_13
       4  ??DataTable37_14
       4  ??DataTable37_15
       4  ??DataTable37_16
       4  ??DataTable37_17
       4  ??DataTable37_18
       4  ??DataTable37_19
       4  ??DataTable37_2
       4  ??DataTable37_20
       4  ??DataTable37_21
       4  ??DataTable37_22
       4  ??DataTable37_23
       4  ??DataTable37_24
       4  ??DataTable37_3
       4  ??DataTable37_4
       4  ??DataTable37_5
       4  ??DataTable37_6
       4  ??DataTable37_7
       4  ??DataTable37_8
       4  ??DataTable37_9
       8  MICRO_CPU_IDENTIFICATION
      16  MICRO_FLASH_CONFIGURATION
       8  MICRO_ID
      44  MICRO_RESETINFO_FOOTER
      44  MICRO_RESETINFO_HEADER
      96  MicroBootFlashTest
      80  MicroBootWatchdogTest
     112  MicroClearResetData
      10  MicroFailSafe
     168  MicroGetClocksStatus
      54  MicroHWInit
     138  MicroInitClk
      46  MicroInitClkLowSpeed
     602  MicroResetHandling
      22  MicroUpdateResetInfoDataCrc
      40  MicroValidateResetInfoDataCrc
      24  Micro_ClocksStatus
      16  Micro_Flash_Crc
          Run_Time_Stack_Pointer
          Run_Time_Stack_Pointer_Inv
          Micro_Flash_Crc_Pt
      52  Micro_ResetInfo
      44  Micro_ResetInfo_Footer
     776  Micro__BootTest
      14  Micro__ClearLvdIsrRegisters
     112  Micro__ConfigureLvd
      62  Micro__ConfigureWDT
      32  Micro__DelayNumNops
     164  Micro__EnableWarmResetAction
      30  Micro__ForceReset
       6  Micro__GetClock
       6  Micro__GetCoreID
       6  Micro__GetFlashSize
      42  Micro__GetLastResetstatus
      20  Micro__GetLvdStatus
       4  Micro__GetRamSize
      42  Micro__GetResetMode
     184  Micro__GetWarmResetAction
     184  Micro__GetWarmResetCount
     162  Micro__GoSleep
      20  Micro__HardfaultHdlr
     382  Micro__Initialize
      22  Micro__LPTimerInterrupt
      24  Micro__NVICDisableIRQ
      88  Micro__NVICEnableIRQ
     122  Micro__SRFlashTest
     458  Micro__SRRamTest
      28  Micro__ServiceWatchdog
     156  Micro__SetLowSpeedMode
      52  Micro__SetNormalSpeedMode
      12  Micro__Trap
       4  Ram0_Page_End_Protection
       4  Ram1_Page_Start_Protection

 
    44 bytes in section .RESET_INFO_FOOTER
    52 bytes in section .RESET_INFO_HEADER
    40 bytes in section .bss
     8 bytes in section .bss               (abs)
     8 bytes in section .rodata
    16 bytes in section .rodata            (abs)
 4 902 bytes in section .text
 
 4 738 bytes of CODE  memory (+ 164 bytes shared)
    24 bytes of CONST memory
   144 bytes of DATA  memory

Errors: none
Warnings: 20
