###############################################################################
#
# IAR ANSI C/C++ Compiler V7.20.5.7591/W32 for ARM        06/Aug/2024  13:42:35
# Copyright 1999-2014 IAR Systems AB.
#
#    Cpu mode     =  thumb
#    Endian       =  little
#    Source file  =  
#        C:\Data\Python\Self_Commissioning_Bpm\source\XCategory\Service\Reveal\Reveal.c
#    Command line =  
#        -I./ -I../cx/ -I../cx/inc/ -ICategory/ -ICategory/Application/
#        -ICategory/Application/ThermalModel/
#        -ICategory/Application/ThermalModel/ThermalModelCore_DD/
#        -ICategory/Application/ThermalModel/ThermalModelCore_sBPM/
#        -ICategory/Common/ -ICategory/Common/BoardDebugging/
#        -ICategory/Common/MasterCommander/
#        -ICategory/Common/MasterCommander/Source/
#        -ICategory/Common/MasterCommander/Source/HAL/
#        -ICategory/Common/SelfCommissioning/ -ICategory/Hbl/
#        -IProjectSpecific/ -IProjectSpecific/Application/
#        -IProjectSpecific/Application/API007App/
#        -IProjectSpecific/Application/ModeManagement/
#        -IProjectSpecific/Application/MotorSelector/
#        -IProjectSpecific/Application/ProductInfo/
#        -IProjectSpecific/Application/SRMcuSpeedMonitor/
#        -IProjectSpecific/Application/ThermalModel/
#        -IProjectSpecific/CommonCore/ -IProjectSpecific/Driver/
#        -IProjectSpecific/MasterCommander/ -IProjectSpecific/Mci/
#        -IProjectSpecific/Mci/Mcl/ -IProjectSpecific/Mci/Mcl/old_xls/
#        -IXCategory/ -IXCategory/Application/
#        -IXCategory/Application/MciParametersLoader/
#        -IXCategory/Application/Mode/ -IXCategory/Application/Reveal_APIs/
#        -IXCategory/Application/Reveal_APIs/API003Disc/
#        -IXCategory/Application/Reveal_APIs/API004Debug/
#        -IXCategory/Application/Reveal_APIs/API005LowLevel/
#        -IXCategory/Application/Reveal_APIs/API007Data/
#        -IXCategory/Application/Reveal_APIs/API009System/
#        -IXCategory/Application/Reveal_APIs/API010PollVar/
#        -IXCategory/Application/Reveal_APIs/API011AppCtr/
#        -IXCategory/Application/Reveal_APIs/API013RemoteFunction/
#        -IXCategory/Application/Reveal_APIs/API018Diagnostic/
#        -IXCategory/Application/Reveal_APIs/API019ProductInfo/
#        -IXCategory/Application/Reveal_APIs/API220MotorControl/
#        -IXCategory/Application/Reveal_APIs/API220MotorControl/API/
#        -IXCategory/Application/Reveal_APIs/API221MotionCtrl/
#        -IXCategory/Application/Reveal_APIs/SRAPI020Safety/
#        -IXCategory/Application/SFUpdater/ -IXCategory/Common/
#        -IXCategory/Common/Crc16/ -IXCategory/Common/Crc8/
#        -IXCategory/Common/Log/ -IXCategory/Common/Millis/
#        -IXCategory/Common/SettingFile/ -IXCategory/Common/SRClockMonitor/
#        -IXCategory/Common/SRData/ -IXCategory/Common/SRException/
#        -IXCategory/Common/SRFlow/ -IXCategory/Common/SRIsrMonitor/
#        -IXCategory/Common/SRMain/ -IXCategory/Common/SRMcuSpeedMonitor/
#        -IXCategory/Common/SRPowerMgr/ -IXCategory/Common/SRSignature/
#        -IXCategory/Common/SRSystemConfig/
#        -IXCategory/Common/SRTimerReference/ -IXCategory/Common/SystemConfig/
#        -IXCategory/Common/SystemTimers/ -IXCategory/Common/Utilities/
#        -IXCategory/Driver/ -IXCategory/Driver/API/
#        -IXCategory/Driver/API/Comparator/ -IXCategory/Driver/API/DataFlash/
#        -IXCategory/Driver/API/Dma/ -IXCategory/Driver/API/Flash/
#        -IXCategory/Driver/API/Gpio/ -IXCategory/Driver/API/Micro/
#        -IXCategory/Driver/API/Spi/ -IXCategory/Driver/API/SRMCAtod/
#        -IXCategory/Driver/API/SRMCInputCapture/
#        -IXCategory/Driver/API/SRMCPwm/ -IXCategory/Driver/API/TimerInterrupt/
#        -IXCategory/Driver/API/Uart/ -IXCategory/Driver/Comparator/
#        -IXCategory/Driver/DataFlash/ -IXCategory/Driver/Dma/
#        -IXCategory/Driver/Flash/ -IXCategory/Driver/Gpio/
#        -IXCategory/Driver/Micro/ -IXCategory/Driver/Spi/
#        -IXCategory/Driver/SRMCAtod/ -IXCategory/Driver/SRMCInputCapture/
#        -IXCategory/Driver/SRMCPwm/ -IXCategory/Driver/TimerInterrupt/
#        -IXCategory/Driver/Uart/ -IXCategory/Hbl/ -IXCategory/Hbl/Mci/
#        -IXCategory/Hbl/Mci/InverterTemp/ -IXCategory/Hbl/Mci/Mcl/
#        -IXCategory/Hbl/Mci/Mcl/Braking/ -IXCategory/Hbl/Mci/Mcl/MacroBlocks/
#        -IXCategory/Hbl/Mci/Mcl/MclFvt/ -IXCategory/Hbl/Mci/Mcl/MicroBlocks/
#        -IXCategory/Hbl/Mci/Mcl/MicroBlocks/ClrkPark/
#        -IXCategory/Hbl/Mci/Mcl/MicroBlocks/Filters/
#        -IXCategory/Hbl/Mci/Mcl/MicroBlocks/Math/
#        -IXCategory/Hbl/Mci/Mcl/MicroBlocks/ObserverPmsm/
#        -IXCategory/Hbl/Mci/Mcl/MicroBlocks/Pi/
#        -IXCategory/Hbl/Mci/Mcl/MicroBlocks/PwmModulation/
#        -IXCategory/Hbl/Mci/Mcl/ResistanceEstimation/
#        -IXCategory/Hbl/Mci/PowerModuleManager/
#        -IXCategory/Hbl/Mci/SpeedRefGen/ -IXCategory/Hbl/Mci/SurgeRelay/
#        -IXCategory/Hbl/SRMotorSafetyMgr/
#        -IXCategory/Hbl/SRMotorSafetyMgr/API/ -IXCategory/Service/
#        -IXCategory/Service/Reveal/ -IXCategory/Service/Win/ --remarks
#        --no_tbaa --debug --use_c++_inline --only_stdout --dlib_config
#        ..\cx\inc\DLib_Config_Normal.h -r -D
#        ENABLE_JUMP_TO_APPLICATION_WITHOUT_IAP_FIRMWARE -D
#        SET_FLASH_OPTION_CONFIGURATION -D ARM_MATH_CM4 -e --silent
#        --endian=little --cpu Cortex-M4 --fpu=VFPv4_sp -Ohs -o Reveal.obj -l
#        ..\listings\Reveal.lst
#        C:\Data\Python\Self_Commissioning_Bpm\source\XCategory\Service\Reveal\Reveal.c
#    List file    =  ..\listings\Reveal.lst
#    Object file  =  Reveal.obj
#
###############################################################################

C:\Data\Python\Self_Commissioning_Bpm\source\XCategory\Service\Reveal\Reveal.c
      1          /**
      2           *  @file
      3           *
      4           *  @brief      Reveal modules implementations.
      5           *
      6           *  @details    Reveal is the application protocol that runs over LLC (Wide or Win) under the SAP 4
      7           *
      8           *  @section    Applicable_Documents
      9           *                  List here all the applicable documents if needed. <tr>
     10           *
     11           *  $Header: $
     12           *
     13           *  @copyright  Copyright 2019-$Date$. Whirlpool Corporation. All rights reserved - CONFIDENTIAL
     14           */
     15          //---------------------------------------------------------------------------------------------------------------------
     16          //---------------------------------------------------------------------------------------------------------------------
     17          //-------------------------------------- Include Files ----------------------------------------------------------------
     18          #include "C_Extensions.h"
     19          #include "Compiler_defs.h"
     20          #include "Reveal.h"
     21          #include "Reveal_prv.h"

  #if (API004DEBUG_FEATURE == ENABLED)
       ^
"C:\Data\Python\Self_Commissioning_Bpm\source\XCategory\Service\Reveal\Reveal_prv.h",63  Remark[Pe193]: 
          zero used for undefined preprocessing identifier
          "API004DEBUG_FEATURE"

  PACKED typedef struct
         ^
"C:\Data\Python\Self_Commissioning_Bpm\source\XCategory\Common\SettingFile\SettingFile.h",39  Remark[Pe082]: 
          storage class is not first

  PACKED typedef struct API019_APPLIANCE_DATA_STRUCT
         ^
"C:\Data\Python\Self_Commissioning_Bpm\source\XCategory\Application\Reveal_APIs\API019ProductInfo\API019ProductInfo_Defs.h",42  Remark[Pe082]: 
          storage class is not first

  PACKED typedef struct API019_BOARD_DATA_STRUCT
         ^
"C:\Data\Python\Self_Commissioning_Bpm\source\XCategory\Application\Reveal_APIs\API019ProductInfo\API019ProductInfo_Defs.h",50  Remark[Pe082]: 
          storage class is not first

  PACKED typedef struct API019_TEST_DATA_STRUCT
         ^
"C:\Data\Python\Self_Commissioning_Bpm\source\XCategory\Application\Reveal_APIs\API019ProductInfo\API019ProductInfo_Defs.h",143  Remark[Pe082]: 
          storage class is not first

  PACKED typedef struct API019_SERVICE_DATA_STRUCT
         ^
"C:\Data\Python\Self_Commissioning_Bpm\source\XCategory\Application\Reveal_APIs\API019ProductInfo\API019ProductInfo_Defs.h",152  Remark[Pe082]: 
          storage class is not first

  PACKED typedef struct API019_PROJECT_DATA_STRUCT
         ^
"C:\Data\Python\Self_Commissioning_Bpm\source\XCategory\Application\Reveal_APIs\API019ProductInfo\API019ProductInfo_Defs.h",188  Remark[Pe082]: 
          storage class is not first

  #if (API039MOTIONCTRL_FEATURE == ENABLED)
       ^
"C:\Data\Python\Self_Commissioning_Bpm\source\XCategory\Service\Reveal\Reveal_prv.h",115  Remark[Pe193]: 
          zero used for undefined preprocessing identifier
          "API039MOTIONCTRL_FEATURE"

   \                                 In section .text, align 4, keep-with-next
   \   __absolute struct <unnamed> const REVEAL_PARSER[10]
   \                     REVEAL_PARSER:
   \   00000000   0x01 0xDD          DC8 1, 221, 0, 0
   \              0x00 0x00    
   \   00000004   0x........         DC32 API221MotionCtrl__CommandParser, 0H, 0H
   \              0x00000000   
   \              0x00000000   
   \   00000010   0x01 0x14          DC8 1, 20, 0, 0
   \              0x00 0x00    
   \   00000014   0x00000000         DC32 0H, SRAPI020Safety__FeedbackParser, 0H
   \              0x........   
   \              0x00000000   
   \   00000020   0x01 0x13          DC8 1, 19, 0, 0
   \              0x00 0x00    
   \   00000024   0x........         DC32 API019ProductInfo__CommandParser
   \   00000028   0x........         DC32 API019ProductInfo__FeedbackParser, API019ProductInfo__AckParser
   \              0x........   
   \   00000030   0x01 0x0D          DC8 1, 13, 0, 0
   \              0x00 0x00    
   \   00000034   0x........         DC32 API013RemoteFunction__CommandParser, 0H, 0H
   \              0x00000000   
   \              0x00000000   
   \   00000040   0x01 0x0B          DC8 1, 11, 0, 0
   \              0x00 0x00    
   \   00000044   0x........         DC32 API011AppCtrl__CommandParser, API011AppCtrl__FeedbackParser, 0H
   \              0x........   
   \              0x00000000   
   \   00000050   0x01 0x0A          DC8 1, 10, 0, 0
   \              0x00 0x00    
   \   00000054   0x........         DC32 API010PollVar__CommandParser, 0H, 0H
   \              0x00000000   
   \              0x00000000   
   \   00000060   0x01 0x09          DC8 1, 9, 0, 0
   \              0x00 0x00    
   \   00000064   0x........         DC32 API009System__CommandParser, API009System__FeedbackParser
   \              0x........   
   \   0000006C   0x........         DC32 API009System__AckParser
   \   00000070   0x01 0x07          DC8 1, 7, 0, 0
   \              0x00 0x00    
   \   00000074   0x........         DC32 API007Data__CommandParser, API007Data__FeedbackParser
   \              0x........   
   \   0000007C   0x........         DC32 API007Data__AckParser
   \   00000080   0x01 0x03          DC8 1, 3, 0, 0
   \              0x00 0x00    
   \   00000084   0x........         DC32 API003Disc__CommandParser, API003Disc__FeedbackParser, 0H
   \              0x........   
   \              0x00000000   
   \   00000090   0x01 0xDC          DC8 1, 220, 0, 0
   \              0x00 0x00    
   \   00000094   0x........         DC32 APIMotorControl__CommandParser, APIMotorControl__FeedbackParser
   \              0x........   
   \   0000009C   0x00000000         DC32 0H

      #if (API039MOTIONCTRL_FEATURE == ENABLED)
           ^
"C:\Data\Python\Self_Commissioning_Bpm\source\XCategory\Service\Reveal\Reveal_prv.h",170  Remark[Pe193]: 
          zero used for undefined preprocessing identifier
          "API039MOTIONCTRL_FEATURE"

      #if (API004DEBUG_FEATURE == ENABLED)
           ^
"C:\Data\Python\Self_Commissioning_Bpm\source\XCategory\Service\Reveal\Reveal_prv.h",226  Remark[Pe193]: 
          zero used for undefined preprocessing identifier
          "API004DEBUG_FEATURE"

   \                                 In section .text, align 4, keep-with-next
   \   __absolute unsigned char const POSSIBLE_BLOCKED_APIS_LIST[19]
   \                     POSSIBLE_BLOCKED_APIS_LIST:
   \   00000000   0x03 0x04          DC8 3, 4, 5, 7, 9, 10, 11, 12, 13, 17, 18, 19, 20, 220, 221, 141, 144
   \              0x05 0x07    
   \              0x09 0x0A    
   \              0x0B 0x0C    
   \              0x0D 0x11    
   \              0x12 0x13    
   \              0x14 0xDC    
   \              0xDD 0x8D    
   \              0x90         
   \   00000011   0x93 0x97          DC8 147, 151, 0
   \              0x00         

  PACKED typedef struct
         ^
"C:\Data\Python\Self_Commissioning_Bpm\source\XCategory\Application\SFUpdater\SFUpdater_defs.h",30  Remark[Pe082]: 
          storage class is not first

  PACKED typedef struct
         ^
"C:\Data\Python\Self_Commissioning_Bpm\source\XCategory\Application\SFUpdater\SFUpdater.h",35  Remark[Pe082]: 
          storage class is not first
     22          #include <string.h>
     23          
     24          //-------------------------------------- PUBLIC (Variables) -----------------------------------------------------------
     25          
     26          //-------------------------------------- PRIVATE (Variables, Constants & Defines) -------------------------------------
     27          
     28          typedef enum
     29          {
     30              API001_PUBLISH_ACK          = 1,
     31              API001_PUBLISH_HEARTBEAT    = 2,
     32              API001_SET_HEARTBEAT        = 3,
     33              API001_PUBLISH_MEM          = 4,
     34              API001_READ_MEM_24B         = 5,
     35              API001_READ_EE              = 6,
     36              API001_SEND_EVENTS          = 7,
     37              API001_PUBLISH_EE           = 8,
     38              API001_READ_MEM_32B         = 9,
     39              API001_PUBLISH_HEARTBEAT_PERIOD  = 16,
     40              API001_MAX_MESSAGE_SIZE     = 17,
     41              API001_BLOCK_MESSAGES       = 18,
     42              API001_PUBLISH_WAKEUP       = 30,
     43              API001_PUBLISH_ACK_WAKEUP   = 31
     44          }API001CORE_OPCODE_TYPE;
     45          
     46          #define REVEAL_MSG_OVERHEAD     (sizeof(REVEAL_COMMAND_TYPE) - REVEAL_PAYLOAD_SIZE)
     47          
     48          #if (REVEAL_ROUTER_FEATURE != REVEAL_ROUTER_INTERNAL_ONLY)

   \                                 In section .bss, align 4
     49              static REVEAL_MSG_TYPE Reveal_Adapter_Buffer;
   \                     Reveal_Adapter_Buffer:
   \   00000000                      DS8 76
   \   0000004C                      DS8 8
   \   00000054                      DS8 16
   \   00000064                      DS8 1036
   \   00000470                      DS8 348
   \   000005CC                      DS8 1
   \   000005CD                      DS8 1
   \   000005CE                      DS8 1
   \   000005CF                      DS8 1
   \   000005D0                      DS8 1
   \   000005D1                      DS8 1
   \   000005D2                      DS8 1
   \   000005D3                      DS8 1
   \   000005D4                      DS8 1
   \   000005D5                      DS8 1
   \   000005D6                      DS8 1
   \   000005D7                      DS8 1
   \   000005D8                      DS8 2
   \   000005DA                      DS8 2
   \   000005DC                      DS8 2
   \   000005DE                      DS8 2
   \   000005E0                      DS8 2
   \   000005E2                      DS8 2
   \   000005E4                      DS8 2
   \   000005E6                      DS8 2
   \   000005E8                      DS8 2
   \   000005EA                      DS8 2
   \   000005EC                      DS8 2
   \   000005EE                      DS8 2
   \   000005F0                      DS8 16
   \   00000600                      DS8 16
   \   00000610                      DS8 76
     50          #endif
     51          #ifndef REVEAL_MAX_PAYLOAD_CALLBACK
     52              #define REVEAL_MAX_PAYLOAD_CALLBACK(node,max_size)
     53          #endif
     54          
     55          #ifndef REVEAL_SYNCH_PROCESS
     56              #define REVEAL_SYNCH_PROCESS DISABLED
     57          #endif
     58          
     59          #if (REVEAL_ROUTER_FEATURE != REVEAL_ROUTER_DISABLED)
     60              static uint8 Reveal_Queue_Reentry_Counter;
     61          #endif
     62          
     63          
     64          #if (REVEAL_ROUTER_FEATURE == REVEAL_ROUTER_INTERNAL_EXTERNAL)
     65              static const REVEAL_ROUTING_MODE_TYPE REVEAL_ROUNTING_TABLE[15] = {ROUTING_TABLE_LIST};
     66              #if (REVEAL_DYNAMIC_ROUTER_FEATURE == ENABLED)
     67                  static REVEAL_ROUTING_MODE_TYPE Reveal_Routing[15];
     68              #else
     69                  #define Reveal_Routing REVEAL_ROUNTING_TABLE
     70              #endif
     71          #endif
     72          
     73          #ifndef REVEALQUEUE_QUEUE_OVERFLOW_NORMAL_EXCEPTION
     74              #define REVEALQUEUE_QUEUE_OVERFLOW_NORMAL_EXCEPTION(api,op)
     75          #endif
     76          
     77          #ifndef REVEAL_QUEUE_OVERFLOW_PRIORITY_EXCEPTION
     78              #define REVEAL_QUEUE_OVERFLOW_PRIORITY_EXCEPTION(api,op)
     79          #endif
     80          
     81          #ifndef REVEAL_READ_EEPROM_FEATURE
     82              #define REVEAL_READ_EEPROM_FEATURE DISABLED
     83          #endif
     84          
     85          #if (REVEAL_READ_EEPROM_FEATURE == ENABLED)
     86              #ifndef REVEAL_EEPROM_READ
     87                  #define REVEAL_EEPROM_READ(source,address,size)
     88              #endif
     89          #endif
     90          
     91          #ifndef REVEAL__ACK_INCOMING_MESSAGE
     92              #define REVEAL__ACK_INCOMING_MESSAGE(node,api,op_code,reason_code)
     93          #endif
     94          
     95          #ifndef REVEAL__SENDEVENTS
     96              #define REVEAL__SENDEVENTS(api,op)
     97          #endif
     98          
     99          #ifndef REVEAL_QUEUE_DEBUG
    100              #define REVEAL_QUEUE_DEBUG  DISABLED
    101          #endif
    102          
    103          //---------------------------------------------------------------------------------------------------------------------
    104          // Macros to disable/restore context (interrupts/RTOS) on New command/feedback methods where
    105          // These macros definition are mandatory and should be defined in Reveal_prv.h
    106          #ifndef REVEAL__DECLARE_CONTEXT
    107              #error "REVEAL__DECLARE_CONTEXT() missing; it should be defined in Reveal_prv.h"
    108          #endif
    109          
    110          #ifndef REVEAL__SAVE_CONTEXT
    111              #error "REVEAL__SAVE_CONTEXT() missing; it should be defined in Reveal_prv.h"
    112          #endif
    113          
    114          #ifndef REVEAL__RESTORE_CONTEXT
    115              #error "REVEAL__RESTORE_CONTEXT() missing; it should be defined in Reveal_prv.h"
    116          #endif
    117          
    118          //---------------------------------------------------------------------------------------------------------------------
    119          // Default debounce is set to 30ms
    120          #ifndef REVEAL_QUEUE_DEBOUNCE_MS
    121              #define REVEAL_QUEUE_DEBOUNCE_MS      30
    122          #endif
    123          
    124          // Debounce counter is scaled to 5ms
    125          #define REVEAL_QUEUE_DEBOUNCE_COUNT         ((REVEAL_QUEUE_DEBOUNCE_MS + 4)/5)
    126          
    127          // Valid range is [1..253] or 5-1265ms
    128          #if((REVEAL_QUEUE_DEBOUNCE_COUNT > 253) || (REVEAL_QUEUE_DEBOUNCE_COUNT <= 0))
    129          #error "REVEAL_QUEUE_DEBOUNCE_MS value shall be in [1..1265] range"
    130          #endif
    131          
    132          // Reveal Debounce counter:
    133          //  0               - IDLE       - Free
    134          //  1               - QUEUED     - Ready to be sent
    135          //  2               - TIMEOUT     - Ready to be sent
    136          //  > 2             - RESERVED   - Wait to complete it ( Debounce-2 counts )
    137          #define REVEAL_QUEUE_IDLE                           (0)
    138          #define REVEAL_QUEUE_QUEUED                         (1)
    139          #define REVEAL_QUEUE_TIMEOUT                        (2)
    140          #define SET_DEBOUNCE()                              (REVEAL_QUEUE_DEBOUNCE_COUNT + 2)
    141          #define IS_IDLE(x)                                  ((x) == 0)
    142          #define IS_QUEUED(x)                                ((x) == 1)
    143          #define IS_TIMEOUT(x)                               ((x) == 2)
    144          #define IS_PENDING(x)                               ((x) > 2)
    145          
    146          //---------------------------------------------------------------------------------------------------------------------
    147          typedef struct
    148          {
    149              REVEAL_RECIPE_STATUS_TYPE   reason_code;
    150              uint8 api;
    151              uint8 op_code;
    152              uint8 node;
    153          }REVEAL_ACK_TYPE;
    154          
    155          static REVEAL_COMMAND_TYPE Reveal_Queue[REVEAL_QUEUE_SIZE];
    156          static uint8 Reveal_Queue_Debounce[REVEAL_QUEUE_SIZE];
    157          static uint8 Reveal_Queue_Write;
    158          static uint8 Reveal_Queue_Read;
    159          #if (REVEAL_ROUTER_FEATURE != REVEAL_ROUTER_INTERNAL_ONLY)
    160              static uint8 Reveal_Queue_Retry;
    161              static uint16 Reveal_Queue_Timeout;
    162          #endif
    163          
    164          #if (REVEAL_QUEUE_PRIORITY == ENABLED)
    165              static REVEAL_COMMAND_TYPE Reveal_Queue_Priority[REVEAL_QUEUE_PRIORITY_SIZE];
    166              static uint8 Reveal_Queue_Priority_Debounce[REVEAL_QUEUE_PRIORITY_SIZE];
    167              static uint8 Reveal_Queue_Priority_Write;
    168              static uint8 Reveal_Queue_Priority_Read;
    169              #if (REVEAL_QUEUE_DEBUG == ENABLED)
    170                  static uint8 Reveal_Priority_Min_Space;
    171                  static uint16 Reveal_Priority_Queue_Full_Counter;
    172                  static uint16 Reveal_Priority_Self_Drop_Counter;
    173                  static uint16 Reveal_Priority_Realign_Counter;
    174              #endif
    175          #endif
    176          
    177          typedef enum
    178          {
    179              REVEAL_OUTGOING_STATE_IDLE,
    180              REVEAL_OUTGOING_STATE_SENDING,
    181              REVEAL_OUTGOING_STATE_TIMING
    182          #if (REVEAL_QUEUE_PRIORITY == ENABLED)
    183              ,
    184              REVEAL_OUTGOING_STATE_SENDING_PRIORITY,
    185              REVEAL_OUTGOING_STATE_TIMING_PRIORITY
    186          #endif
    187          } REVEAL_OUTGOING_STATE_TYPE;
    188          
    189          #ifndef REVEAL_ACK_FIFO
    190              #define REVEAL_ACK_FIFO 4
    191          #endif
    192          
    193          #ifndef REVEAL_FULL_SERACH_INTERNAL
    194              #define REVEAL_FULL_SERACH_INTERNAL    TRUE
    195          #endif
    196          
    197          #if (REVEAL_ROUTER_FEATURE != REVEAL_ROUTER_INTERNAL_ONLY)
    198              static REVEAL_ACK_TYPE Reveal_Ack_Buffer[REVEAL_ACK_FIFO];
    199              static uint8 Reveal_Ack_Write;
    200              static uint8 Reveal_Ack_Read;
    201              static REVEAL_OUTGOING_STATE_TYPE Reveal_Outgoing_State;
    202          #endif
    203          
    204          #define REVEAL_NUM_PARSERS      (sizeof(REVEAL_PARSER)/sizeof(REVEAL_PARSER_TYPE))
    205          static uint16 Reveal_Heartbeat_Timer;
    206          static uint16 Reveal_Heartbeat_Counter;
    207          static uint16 Reveal_1s;
    208          #define REVEAL_1S_TICKS     1000
    209          #define REVEAL_API_OP_SIZE  2
    210          #if (REVEAL_QUEUE_DEBUG == ENABLED)
    211              static uint8 Reveal_Min_Space;
    212              static uint16 Reveal_Queue_Full_Counter;
    213              static uint16 Reveal_Self_Drop_Counter;
    214              static uint16 Reveal_Realign_Counter;
    215          #endif
    216          
    217          
    218          static uint16 Reveal_Node_Status;
    219          static BOOL_TYPE Reveal_Drop_flag;
    220          
    221          // Macro defines depth of recursive Reveal__Queue (if REVEAL_ROUTER_INTERNAL_ONLY is defined.)
    222          #ifndef    REVEAL_QUEUE_MAX_REENTRIES
    223              #define REVEAL_QUEUE_MAX_REENTRIES          3
    224          #endif
    225          
    226          #ifndef   REVEAL_EXCEPTION_REENTRY_CNT_OVERLOADED
    227              #define REVEAL_EXCEPTION_REENTRY_CNT_OVERLOADED(api_id,op_code)
    228          #endif
    229          
    230          static uint8 Reveal_Heartbeat_Node_Counter[15];
    231          
    232          //! Track the amount of time left to block messages (5ms increments)
    233          static uint16 Reveal_Blocked_Messages_Remaining_Time;
    234          
    235          //! Convert the block messages time in seconds to ticks managed by the module
    236          //! Value is based on 5ms call rate where the blocked messages remaining time is updated
    237          #define REVEAL_BLOCKED_MESSAGES_TIME_TO_TICKS   200 // 200 = 1s / 5ms
    238          
    239          //! Determines if any messages are currently being blocked
    240          #define MESSAGE_BLOCKING_ACTIVE() (Reveal_Blocked_Messages_Remaining_Time != 0)
    241          
    242          //! Define the byte offset (0-based) in the Block Messages payload where the API/Opcode pairs start
    243          #define BLOCKED_API_OPCODE_BYTE_OFFSET_START 3
    244          
    245          //! Define the number of bytes in the Block Messages payload that contain the information about a single api and opcode
    246          #define BLOCKED_API_OPCODE_NUM_BYTES         5
    247          
    248          //! Variable to keep track of which APIs/Opcodes are blocked
    249          //! Each entry in the array corresponds to an API in the POSSIBLE_BLOCKED_APIS_LIST table
    250          //! Each bit within a single entry represents whether the opcode for the API is blocked (1) or not (0)
    251          static uint32 Reveal_Blocked_Messages[ELEMENTS_IN_ARRAY(POSSIBLE_BLOCKED_APIS_LIST)];
    252          
    253          //-------------------------------------- PRIVATE (Function Prototypes) ------------------------------------------------
    254          static BOOL_TYPE IsMessageBlocked(uint8 api, uint8 opcode);
    255          static BOOL_TYPE IsPendingMessage(REVEAL_COMMAND_TYPE *msg_ptr);
    256          static uint8 GetNextItem(uint8 cur_item, uint8 max_item);
    257          static void RevealHandlerIncomming(void);
    258          static void RevealHandlerOutgoing(void);
    259          
    260          #if (REVEAL_ROUTER_FEATURE != REVEAL_ROUTER_INTERNAL_ONLY)
    261              static void DropMessageFromQueue(uint8 priority);
    262          #endif
    263          static BOOL_TYPE RequestedAPIsCanBeBlocked(uint8 * pt, uint8 number_of_bytes);
    264          static void Reveal1sTasks(void);
    265          static void RevealHandleAckParser(uint8 node, uint8 api, uint8 op_code, REVEAL_RECIPE_STATUS_TYPE reason, uint8 full_search);
    266          static REVEAL_RECIPE_STATUS_TYPE RevealHandleParser(REVEAL_MSG_TYPE * pt,uint8 feedback, uint8 address_checking, uint8 full_search);
    267          static void UpdateBlockedMessagesTimer(void);
    268          
    269          //=====================================================================================================================
    270          //-------------------------------------- Public Functions -------------------------------------------------------------
    271          //=====================================================================================================================
    272          
    273          //---------------------------------------------------------------------------------------------------------------------
    274          /**
    275           *  @brief      It Initializes the module Reveal and its variables
    276           *
    277           */

   \                                 In section .text, align 4, keep-with-next
    278          void Reveal__Initialize(void)
    279          {
   \                     Reveal__Initialize: (+1)
   \   00000000   0xB570             PUSH     {R4-R6,LR}
    280              REVEAL_COMMAND_TYPE * new_msg;
    281          
    282              Reveal_Queue_Write = 0;
   \   00000002   0x.... 0x....      LDR.W    R4,??DataTable22
   \   00000006   0x2000             MOVS     R0,#+0
   \   00000008   0xF884 0x05CC      STRB     R0,[R4, #+1484]
    283              Reveal_Queue_Read = 0;
   \   0000000C   0xF884 0x05CD      STRB     R0,[R4, #+1485]
    284              Reveal_Heartbeat_Timer = REVEAL_INITIAL_HEARTBEAT;
    285              Reveal_Heartbeat_Counter = 0;
    286              Reveal_1s = 0;
    287              memset(Reveal_Queue_Debounce, REVEAL_QUEUE_IDLE, sizeof(Reveal_Queue_Debounce));
   \   00000010   0x260F             MOVS     R6,#+15
   \   00000012   0x2005             MOVS     R0,#+5
   \   00000014   0xF8A4 0x05E0      STRH     R0,[R4, #+1504]
   \   00000018   0x2500             MOVS     R5,#+0
   \   0000001A   0x2000             MOVS     R0,#+0
   \   0000001C   0xF8A4 0x05E2      STRH     R0,[R4, #+1506]
   \   00000020   0xF8A4 0x05E4      STRH     R0,[R4, #+1508]
   \   00000024   0x4602             MOV      R2,R0
   \   00000026   0x4631             MOV      R1,R6
   \   00000028   0xF504 0x60BE      ADD      R0,R4,#+1520
   \   0000002C   0x.... 0x....      BL       __aeabi_memset4
    288          
    289              // Initialize the timers
    290              memset(Reveal_Heartbeat_Node_Counter,(REVEAL_INITIAL_HEARTBEAT*3)+1,sizeof(Reveal_Heartbeat_Node_Counter));
   \   00000030   0x2210             MOVS     R2,#+16
   \   00000032   0x4631             MOV      R1,R6
   \   00000034   0xF504 0x60C0      ADD      R0,R4,#+1536
   \   00000038   0x.... 0x....      BL       __aeabi_memset4
    291          
    292              #if (REVEAL_QUEUE_DEBUG == ENABLED)
    293                  Reveal_Min_Space = REVEAL_QUEUE_SIZE;
   \   0000003C   0xF884 0x65D5      STRB     R6,[R4, #+1493]
    294                  Reveal_Queue_Full_Counter = 0;
   \   00000040   0xF8A4 0x55E6      STRH     R5,[R4, #+1510]
    295                  Reveal_Self_Drop_Counter = 0;
   \   00000044   0xF8A4 0x55E8      STRH     R5,[R4, #+1512]
    296                  Reveal_Realign_Counter = 0;
   \   00000048   0xF8A4 0x55EA      STRH     R5,[R4, #+1514]
    297              #endif
    298              #if (REVEAL_ROUTER_FEATURE != REVEAL_ROUTER_INTERNAL_ONLY)
    299                  Reveal_Ack_Write = 0;
   \   0000004C   0xF884 0x55D2      STRB     R5,[R4, #+1490]
    300                  Reveal_Ack_Read = 0;
   \   00000050   0xF884 0x55D3      STRB     R5,[R4, #+1491]
    301              #endif
    302              #if (REVEAL_QUEUE_PRIORITY == ENABLED)
    303                  Reveal_Queue_Priority_Write = 0;
   \   00000054   0xF884 0x55CF      STRB     R5,[R4, #+1487]
    304                  Reveal_Queue_Priority_Read = 0;
   \   00000058   0xF884 0x55D0      STRB     R5,[R4, #+1488]
    305                  memset(Reveal_Queue_Priority_Debounce, REVEAL_QUEUE_IDLE, sizeof(Reveal_Queue_Priority_Debounce));
   \   0000005C   0x462A             MOV      R2,R5
   \   0000005E   0x2105             MOVS     R1,#+5
   \   00000060   0xF104 0x004C      ADD      R0,R4,#+76
   \   00000064   0x.... 0x....      BL       __aeabi_memset4
    306                  #if (REVEAL_QUEUE_DEBUG == ENABLED)
    307                      Reveal_Priority_Min_Space = REVEAL_QUEUE_PRIORITY_SIZE;
   \   00000068   0x2005             MOVS     R0,#+5
   \   0000006A   0xF884 0x05D1      STRB     R0,[R4, #+1489]
    308                      Reveal_Priority_Queue_Full_Counter = 0;
   \   0000006E   0xF8A4 0x55DA      STRH     R5,[R4, #+1498]
    309                      Reveal_Priority_Self_Drop_Counter = 0;
    310                      Reveal_Priority_Realign_Counter = 0;
    311                  #endif
    312              #endif
    313              #if ((REVEAL_ROUTER_FEATURE == REVEAL_ROUTER_INTERNAL_EXTERNAL) && (REVEAL_DYNAMIC_ROUTER_FEATURE == ENABLED))
    314                  memcpy((uint8 *)Reveal_Routing,(uint8 *)REVEAL_ROUNTING_TABLE,sizeof(Reveal_Routing));
    315              #endif
    316              #if (REVEAL_ROUTER_FEATURE != REVEAL_ROUTER_DISABLED)
    317                  Reveal_Queue_Reentry_Counter = 0;
    318              #endif
    319          
    320              // Modified initialization to set broadcast and the node itself
    321              Reveal_Node_Status = 0x8000;
   \   00000072   0xF44F 0x4000      MOV      R0,#+32768
   \   00000076   0xF8A4 0x55DC      STRH     R5,[R4, #+1500]
   \   0000007A   0xF8A4 0x55DE      STRH     R5,[R4, #+1502]
   \   0000007E   0xF8A4 0x05EC      STRH     R0,[R4, #+1516]
    322              BIT_SET(Reveal_Node_Status,LLC_OWN_ADDRESS);
   \   00000082   0x.... 0x....      BL       Win__GetAddress
   \   00000086   0x2201             MOVS     R2,#+1
   \   00000088   0xF8B4 0x15EC      LDRH     R1,[R4, #+1516]
    323              Reveal_Drop_flag = FALSE;
   \   0000008C   0xF884 0x55D6      STRB     R5,[R4, #+1494]
   \   00000090   0xFA02 0xF000      LSL      R0,R2,R0
   \   00000094   0x4308             ORRS     R0,R0,R1
   \   00000096   0xF8A4 0x05EC      STRH     R0,[R4, #+1516]
    324          
    325              new_msg = Reveal__NewFeedback(0x1,API001_PUBLISH_WAKEUP, REVEAL_BROADCAST_NODE,0);
   \   0000009A   0xF8B4 0x05EE      LDRH     R0,[R4, #+1518]
   \   0000009E   0xB1E8             CBZ.N    R0,??Reveal__Initialize_0
   \   000000A0   0x.... 0x....      LDR.W    R1,??DataTable22_1
   \   000000A4   0xF05F 0x0001      MOVS.W   R0,#+1
   \                     ??Reveal__Initialize_1: (+1)
   \   000000A8   0xF811 0x2B01      LDRB     R2,[R1], #+1
   \   000000AC   0x2A01             CMP      R2,#+1
   \   000000AE   0xBF1E             ITTT     NE 
   \   000000B0   0x1C40             ADDNE    R0,R0,#+1
   \   000000B2   0xF811 0x2B01      LDRBNE   R2,[R1], #+1
   \   000000B6   0x2A01             CMPNE    R2,#+1
   \   000000B8   0xBF1E             ITTT     NE 
   \   000000BA   0x1C40             ADDNE    R0,R0,#+1
   \   000000BC   0xF811 0x2B01      LDRBNE   R2,[R1], #+1
   \   000000C0   0x2A01             CMPNE    R2,#+1
   \   000000C2   0xD004             BEQ.N    ??Reveal__Initialize_2
   \   000000C4   0x1C40             ADDS     R0,R0,#+1
   \   000000C6   0xB2C0             UXTB     R0,R0
   \   000000C8   0x2813             CMP      R0,#+19
   \   000000CA   0xD3ED             BCC.N    ??Reveal__Initialize_1
   \   000000CC   0xE006             B.N      ??Reveal__Initialize_0
   \                     ??Reveal__Initialize_2: (+1)
   \   000000CE   0xB2C0             UXTB     R0,R0
   \   000000D0   0xEB04 0x0080      ADD      R0,R4,R0, LSL #+2
   \   000000D4   0xF8D0 0x0610      LDR      R0,[R0, #+1552]
   \   000000D8   0x0040             LSLS     R0,R0,#+1
   \   000000DA   0xD43C             BMI.N    ??Reveal__Initialize_3
   \                     ??Reveal__Initialize_0: (+1)
   \   000000DC   0xF894 0x15CC      LDRB     R1,[R4, #+1484]
   \   000000E0   0x4608             MOV      R0,R1
   \   000000E2   0x1902             ADDS     R2,R0,R4
   \   000000E4   0xF892 0x35F0      LDRB     R3,[R2, #+1520]
   \   000000E8   0xBB83             CBNZ.N   R3,??Reveal__Initialize_4
   \   000000EA   0x2308             MOVS     R3,#+8
   \   000000EC   0xF882 0x35F0      STRB     R3,[R2, #+1520]
   \   000000F0   0x2245             MOVS     R2,#+69
   \   000000F2   0xFB12 0x4000      SMLABB   R0,R2,R0,R4
   \   000000F6   0x1C49             ADDS     R1,R1,#+1
   \   000000F8   0x3064             ADDS     R0,R0,#+100
   \   000000FA   0xB2C9             UXTB     R1,R1
   \   000000FC   0x290F             CMP      R1,#+15
   \   000000FE   0xBF28             IT       CS 
   \   00000100   0x2100             MOVCS    R1,#+0
   \   00000102   0xF884 0x15CC      STRB     R1,[R4, #+1484]
   \   00000106   0xF894 0x25CC      LDRB     R2,[R4, #+1484]
   \   0000010A   0xF894 0x15CD      LDRB     R1,[R4, #+1485]
   \   0000010E   0x428A             CMP      R2,R1
   \   00000110   0xBF26             ITTE     CS 
   \   00000112   0xF1C2 0x020F      RSBCS    R2,R2,#+15
   \   00000116   0x1889             ADDCS    R1,R1,R2
   \   00000118   0x1A89             SUBCC    R1,R1,R2
   \   0000011A   0xF894 0x25D5      LDRB     R2,[R4, #+1493]
   \   0000011E   0xB2C9             UXTB     R1,R1
   \   00000120   0x4291             CMP      R1,R2
   \   00000122   0xBF88             IT       HI 
   \   00000124   0x4611             MOVHI    R1,R2
   \   00000126   0xF884 0x15D5      STRB     R1,[R4, #+1493]
   \   0000012A   0x2101             MOVS     R1,#+1
   \   0000012C   0x7001             STRB     R1,[R0, #+0]
   \   0000012E   0x211E             MOVS     R1,#+30
   \   00000130   0x7041             STRB     R1,[R0, #+1]
   \   00000132   0x7881             LDRB     R1,[R0, #+2]
   \   00000134   0xF041 0x010F      ORR      R1,R1,#0xF
   \   00000138   0x7081             STRB     R1,[R0, #+2]
   \   0000013A   0x70C5             STRB     R5,[R0, #+3]
   \   0000013C   0xF001 0x019F      AND      R1,R1,#0x9F
   \   00000140   0xF041 0x0110      ORR      R1,R1,#0x10
   \   00000144   0x7081             STRB     R1,[R0, #+2]
    326              if (new_msg != (REVEAL_COMMAND_TYPE *)NULL)
    327              {
    328                 Reveal__QueueCommand(new_msg);
   \   00000146   0x.... 0x....      BL       Reveal__QueueCommand
   \   0000014A   0xE004             B.N      ??Reveal__Initialize_3
   \                     ??Reveal__Initialize_4: (+1)
   \   0000014C   0xF8B4 0x05E6      LDRH     R0,[R4, #+1510]
   \   00000150   0x1C40             ADDS     R0,R0,#+1
   \   00000152   0xF8A4 0x05E6      STRH     R0,[R4, #+1510]
    329              }
    330          
    331              // Clear blocked api/opcodes
    332              memset(Reveal_Blocked_Messages, 0, sizeof(Reveal_Blocked_Messages));
   \                     ??Reveal__Initialize_3: (+1)
   \   00000156   0x2200             MOVS     R2,#+0
   \   00000158   0x214C             MOVS     R1,#+76
   \   0000015A   0xF504 0x60C2      ADD      R0,R4,#+1552
   \   0000015E   0x.... 0x....      BL       __aeabi_memset4
    333          
    334              // Clear blocked messages timer to prevent any messages from being blocked after a reset
    335              Reveal_Blocked_Messages_Remaining_Time = 0;
   \   00000162   0xF8A4 0x55EE      STRH     R5,[R4, #+1518]
    336          }
   \   00000166   0xBD70             POP      {R4-R6,PC}       ;; return
    337          
    338          //---------------------------------------------------------------------------------------------------------------------
    339          /**
    340           * @brief This handler manages the incoming and outgoing message threads
    341           * @details This must be called at every 5ms from the MainCommunicationThread()
    342           */

   \                                 In section .text, align 2, keep-with-next
    343          void Reveal__Handler(void)
    344          {
   \                     Reveal__Handler: (+1)
   \   00000000   0xB500             PUSH     {LR}
   \   00000002   0xB081             SUB      SP,SP,#+4
    345              RevealHandlerIncomming();
   \   00000004   0x.... 0x....      BL       RevealHandlerIncomming
    346              RevealHandlerOutgoing();
   \   00000008   0x.... 0x....      BL       RevealHandlerOutgoing
    347              UpdateBlockedMessagesTimer();
   \   0000000C   0x.... 0x....      LDR.W    R0,??DataTable22
   \   00000010   0xF8B0 0x15EE      LDRH     R1,[R0, #+1518]
   \   00000014   0xB161             CBZ.N    R1,??Reveal__Handler_0
   \   00000016   0x1E49             SUBS     R1,R1,#+1
   \   00000018   0xF8A0 0x15EE      STRH     R1,[R0, #+1518]
   \   0000001C   0xB289             UXTH     R1,R1
   \   0000001E   0xB939             CBNZ.N   R1,??Reveal__Handler_0
   \   00000020   0xB001             ADD      SP,SP,#+4
   \   00000022   0xF85D 0xEB04      POP      {LR}
   \   00000026   0x214C             MOVS     R1,#+76
   \   00000028   0xF500 0x60C2      ADD      R0,R0,#+1552
   \   0000002C   0x.... 0x....      B.W      __aeabi_memclr4
    348          }
   \                     ??Reveal__Handler_0: (+1)
   \   00000030   0xB001             ADD      SP,SP,#+4
   \   00000032   0xBD00             POP      {PC}             ;; return
    349          
    350          //---------------------------------------------------------------------------------------------------------------------
    351          /**
    352           * @brief This API manages the 1ms Heart-beat
    353           */

   \                                 In section .text, align 4, keep-with-next
    354          void Reveal__Handler1ms(void)
    355          {
   \                     Reveal__Handler1ms: (+1)
   \   00000000   0xB570             PUSH     {R4-R6,LR}
    356          #if (REVEAL_1S_EXTERNAL_REFFERENCE == DISABLED)
    357              Reveal_1s++;
   \   00000002   0x.... 0x....      LDR.W    R4,??DataTable22
   \   00000006   0xF8B4 0x05E4      LDRH     R0,[R4, #+1508]
   \   0000000A   0x1C40             ADDS     R0,R0,#+1
   \   0000000C   0xF8A4 0x05E4      STRH     R0,[R4, #+1508]
    358              if (Reveal_1s >= REVEAL_1S_TICKS)
   \   00000010   0xB280             UXTH     R0,R0
   \   00000012   0xF5B0 0x7F7A      CMP      R0,#+1000
   \   00000016   0xF2C0 0x8083      BLT.W    ??Reveal__Handler1ms_0
    359              {
    360                  Reveal_1s = 0;
   \   0000001A   0x2000             MOVS     R0,#+0
   \   0000001C   0xF8A4 0x05E4      STRH     R0,[R4, #+1508]
    361                  Reveal1sTasks();
   \   00000020   0xF8B4 0x05E0      LDRH     R0,[R4, #+1504]
   \   00000024   0x2800             CMP      R0,#+0
   \   00000026   0xF000 0x807B      BEQ.W    ??Reveal__Handler1ms_0
   \   0000002A   0xF8B4 0x15E2      LDRH     R1,[R4, #+1506]
   \   0000002E   0x1C49             ADDS     R1,R1,#+1
   \   00000030   0xF8A4 0x15E2      STRH     R1,[R4, #+1506]
   \   00000034   0xB289             UXTH     R1,R1
   \   00000036   0x4281             CMP      R1,R0
   \   00000038   0xD359             BCC.N    ??Reveal__Handler1ms_1
   \   0000003A   0x2000             MOVS     R0,#+0
   \   0000003C   0xF8B4 0x15EE      LDRH     R1,[R4, #+1518]
   \   00000040   0xF8A4 0x05E2      STRH     R0,[R4, #+1506]
   \   00000044   0xB191             CBZ.N    R1,??Reveal__Handler1ms_2
   \   00000046   0x2001             MOVS     R0,#+1
   \   00000048   0x.... 0x....      LDR.W    R1,??DataTable22_1
   \                     ??Reveal__Handler1ms_3: (+1)
   \   0000004C   0xF811 0x2B01      LDRB     R2,[R1], #+1
   \   00000050   0x2A01             CMP      R2,#+1
   \   00000052   0xBF1C             ITT      NE 
   \   00000054   0xF811 0x2B01      LDRBNE   R2,[R1], #+1
   \   00000058   0x2A01             CMPNE    R2,#+1
   \   0000005A   0xBF1C             ITT      NE 
   \   0000005C   0xF811 0x2B01      LDRBNE   R2,[R1], #+1
   \   00000060   0x2A01             CMPNE    R2,#+1
   \   00000062   0xD003             BEQ.N    ??Reveal__Handler1ms_2
   \   00000064   0x1CC0             ADDS     R0,R0,#+3
   \   00000066   0xB2C0             UXTB     R0,R0
   \   00000068   0x2813             CMP      R0,#+19
   \   0000006A   0xD3EF             BCC.N    ??Reveal__Handler1ms_3
   \                     ??Reveal__Handler1ms_2: (+1)
   \   0000006C   0xF894 0x15CC      LDRB     R1,[R4, #+1484]
   \   00000070   0x4608             MOV      R0,R1
   \   00000072   0x1902             ADDS     R2,R0,R4
   \   00000074   0xF892 0x35F0      LDRB     R3,[R2, #+1520]
   \   00000078   0xBBA3             CBNZ.N   R3,??Reveal__Handler1ms_4
   \   0000007A   0x2308             MOVS     R3,#+8
   \   0000007C   0xF882 0x35F0      STRB     R3,[R2, #+1520]
   \   00000080   0x2245             MOVS     R2,#+69
   \   00000082   0xFB12 0x4000      SMLABB   R0,R2,R0,R4
   \   00000086   0x1C49             ADDS     R1,R1,#+1
   \   00000088   0x3064             ADDS     R0,R0,#+100
   \   0000008A   0xB2C9             UXTB     R1,R1
   \   0000008C   0x290F             CMP      R1,#+15
   \   0000008E   0xBF28             IT       CS 
   \   00000090   0x2100             MOVCS    R1,#+0
   \   00000092   0xF884 0x15CC      STRB     R1,[R4, #+1484]
   \   00000096   0xF894 0x25CC      LDRB     R2,[R4, #+1484]
   \   0000009A   0xF894 0x15CD      LDRB     R1,[R4, #+1485]
   \   0000009E   0x428A             CMP      R2,R1
   \   000000A0   0xBF26             ITTE     CS 
   \   000000A2   0xF1C2 0x020F      RSBCS    R2,R2,#+15
   \   000000A6   0x1889             ADDCS    R1,R1,R2
   \   000000A8   0x1A89             SUBCC    R1,R1,R2
   \   000000AA   0xF894 0x25D5      LDRB     R2,[R4, #+1493]
   \   000000AE   0xB2C9             UXTB     R1,R1
   \   000000B0   0x4291             CMP      R1,R2
   \   000000B2   0xBF88             IT       HI 
   \   000000B4   0x4611             MOVHI    R1,R2
   \   000000B6   0xF884 0x15D5      STRB     R1,[R4, #+1493]
   \   000000BA   0x2200             MOVS     R2,#+0
   \   000000BC   0x2101             MOVS     R1,#+1
   \   000000BE   0x7001             STRB     R1,[R0, #+0]
   \   000000C0   0x2122             MOVS     R1,#+34
   \   000000C2   0x7041             STRB     R1,[R0, #+1]
   \   000000C4   0x7881             LDRB     R1,[R0, #+2]
   \   000000C6   0xF041 0x010F      ORR      R1,R1,#0xF
   \   000000CA   0x7081             STRB     R1,[R0, #+2]
   \   000000CC   0x70C2             STRB     R2,[R0, #+3]
   \   000000CE   0xF001 0x019F      AND      R1,R1,#0x9F
   \   000000D2   0xF041 0x0110      ORR      R1,R1,#0x10
   \   000000D6   0x7081             STRB     R1,[R0, #+2]
   \   000000D8   0x.... 0x....      BL       Reveal__QueueCommand
    362          
    363                  if (Reveal_Heartbeat_Timer > 0)
   \   000000DC   0xF8B4 0x05E0      LDRH     R0,[R4, #+1504]
   \   000000E0   0xB928             CBNZ.N   R0,??Reveal__Handler1ms_1
   \   000000E2   0xBD70             POP      {R4-R6,PC}
   \                     ??Reveal__Handler1ms_4: (+1)
   \   000000E4   0xF8B4 0x05E6      LDRH     R0,[R4, #+1510]
   \   000000E8   0x1C40             ADDS     R0,R0,#+1
   \   000000EA   0xF8A4 0x05E6      STRH     R0,[R4, #+1510]
    364                  {
    365                      uint8 nd;
    366                      for(nd=0;nd<sizeof(Reveal_Heartbeat_Node_Counter);nd++)
   \                     ??Reveal__Handler1ms_1: (+1)
   \   000000EE   0x2500             MOVS     R5,#+0
   \   000000F0   0xF504 0x66C0      ADD      R6,R4,#+1536
    367                      {
    368                          if (nd != LLC_OWN_ADDRESS)
   \                     ??Reveal__Handler1ms_5: (+1)
   \   000000F4   0x.... 0x....      BL       Win__GetAddress
   \   000000F8   0x4285             CMP      R5,R0
   \   000000FA   0xBF1C             ITT      NE 
    369                          {
    370                              if (Reveal_Heartbeat_Node_Counter[nd] > 0)
   \   000000FC   0x7830             LDRBNE   R0,[R6, #+0]
   \   000000FE   0x2800             CMPNE    R0,#+0
   \   00000100   0xD00A             BEQ.N    ??Reveal__Handler1ms_6
    371                              {
    372                                  Reveal_Heartbeat_Node_Counter[nd]--;
   \   00000102   0x1E40             SUBS     R0,R0,#+1
   \   00000104   0x7030             STRB     R0,[R6, #+0]
    373                                  if (Reveal_Heartbeat_Node_Counter[nd] == 0)
   \   00000106   0xB2C0             UXTB     R0,R0
   \   00000108   0xB930             CBNZ.N   R0,??Reveal__Handler1ms_6
    374                                  {
    375                                      // Fault detected
    376                                      BIT_CLR(Reveal_Node_Status,nd);
   \   0000010A   0xF8B4 0x05EC      LDRH     R0,[R4, #+1516]
   \   0000010E   0x2101             MOVS     R1,#+1
   \   00000110   0x40A9             LSLS     R1,R1,R5
   \   00000112   0x4388             BICS     R0,R0,R1
   \   00000114   0xF8A4 0x05EC      STRH     R0,[R4, #+1516]
    377                                  }
    378                              }
    379                          }
    380                      }
   \                     ??Reveal__Handler1ms_6: (+1)
   \   00000118   0x1C6D             ADDS     R5,R5,#+1
   \   0000011A   0x1C76             ADDS     R6,R6,#+1
   \   0000011C   0x2D0F             CMP      R5,#+15
   \   0000011E   0xD3E9             BCC.N    ??Reveal__Handler1ms_5
    381                  }
    382              }
    383          #endif
    384          }
   \                     ??Reveal__Handler1ms_0: (+1)
   \   00000120   0xBD70             POP      {R4-R6,PC}       ;; return
    385          
    386          //---------------------------------------------------------------------------------------------------------------------
    387          #if ((REVEAL_ROUTER_FEATURE == REVEAL_ROUTER_INTERNAL_EXTERNAL) && (REVEAL_DYNAMIC_ROUTER_FEATURE == ENABLED))
    388          /**
    389           * @brief This method is used for system that require dynamic configuration for the router
    390           * @param node
    391           * @param routing
    392           */
    393          void Reveal__SetRouterMode(uint8 node,REVEAL_ROUTING_MODE_TYPE routing)
    394          {
    395              if (node < sizeof(Reveal_Routing))
    396              {
    397                  Reveal_Routing[node] = routing;
    398              }
    399          }
    400          //---------------------------------------------------------------------------------------------------------------------
    401          /**
    402           * @brief This method is used for system to get dynamic configuration of the router.
    403           * @param node
    404           * @return router type.
    405           */
    406          uint8 Reveal__GetRouterMode(uint8 node)
    407          {
    408              uint8 router_type;
    409              //router_type = REVEAL_ROUTING_EXTERNAL_DEF;
    410              if (node < sizeof(Reveal_Routing))
    411              {
    412                  router_type = Reveal_Routing[node];
    413              }
    414              return router_type;
    415          }
    416          #endif
    417          //---------------------------------------------------------------------------------------------------------------------
    418          /**
    419           *    @brief    Creates a empty Reveal message and them populate api, opcode and node fields and by default set the feedback flag.
    420           *
    421           *    @details  This function should be called whenever a new outgoing Reveal feedback message is desired.
    422           *              Object creation of a new message is simulated by returning a pointer into a queue of structures.
    423           *              The specified api and opcode are set for the new message and the length is initialized to 0.
    424           *
    425           *    @param    api - the api id of the command
    426           *    @param    opcode - the opcode of the command
    427           *    @param    node - the node id to send the message to
    428           *    @param    size - size of the data byte to be transfered excluding the API and OPCODE
    429           *    @return   REVEAL_COMMAND_TYPE* - a pointer to the reveal message structure
    430           */

   \                                 In section .text, align 4, keep-with-next
    431          REVEAL_COMMAND_TYPE * Reveal__NewFeedback(uint8 api, uint8 opcode, uint8 node,uint8 size)
                                                                                                     ^
Remark[Pe826]: parameter "size" was never referenced
    432          {
   \                     Reveal__NewFeedback: (+1)
   \   00000000   0xB4F0             PUSH     {R4-R7}
    433              REVEAL_COMMAND_TYPE *cmd_ptr = NULL;
    434          
    435              // Determine if the message is currently blocked
    436              // Rely on short circuit evaluation to increase possibility of shorter execution time
    437              if (!((MESSAGE_BLOCKING_ACTIVE() == TRUE) &&
    438                    (IsMessageBlocked(api, opcode) == TRUE)))
   \   00000002   0x.... 0x....      LDR.W    R4,??DataTable22
   \   00000006   0xF8B4 0x55EE      LDRH     R5,[R4, #+1518]
   \   0000000A   0x2300             MOVS     R3,#+0
   \   0000000C   0xB30D             CBZ.N    R5,??Reveal__NewFeedback_0
   \   0000000E   0x2500             MOVS     R5,#+0
   \   00000010   0x2803             CMP      R0,#+3
   \   00000012   0xD016             BEQ.N    ??Reveal__NewFeedback_1
   \   00000014   0xF05F 0x0501      MOVS.W   R5,#+1
   \   00000018   0x.... 0x....      LDR.W    R6,??DataTable22_1
   \                     ??Reveal__NewFeedback_2: (+1)
   \   0000001C   0xF816 0x7B01      LDRB     R7,[R6], #+1
   \   00000020   0x42B8             CMP      R0,R7
   \   00000022   0xBF1E             ITTT     NE 
   \   00000024   0x1C6D             ADDNE    R5,R5,#+1
   \   00000026   0xF816 0x7B01      LDRBNE   R7,[R6], #+1
   \   0000002A   0x42B8             CMPNE    R0,R7
   \   0000002C   0xBF1E             ITTT     NE 
   \   0000002E   0x1C6D             ADDNE    R5,R5,#+1
   \   00000030   0xF816 0x7B01      LDRBNE   R7,[R6], #+1
   \   00000034   0x42B8             CMPNE    R0,R7
   \   00000036   0xD004             BEQ.N    ??Reveal__NewFeedback_1
   \   00000038   0x1C6D             ADDS     R5,R5,#+1
   \   0000003A   0xB2ED             UXTB     R5,R5
   \   0000003C   0x2D13             CMP      R5,#+19
   \   0000003E   0xD3ED             BCC.N    ??Reveal__NewFeedback_2
   \   00000040   0xE007             B.N      ??Reveal__NewFeedback_0
   \                     ??Reveal__NewFeedback_1: (+1)
   \   00000042   0xB2ED             UXTB     R5,R5
   \   00000044   0xEB04 0x0585      ADD      R5,R4,R5, LSL #+2
   \   00000048   0xF8D5 0x5610      LDR      R5,[R5, #+1552]
   \   0000004C   0x40CD             LSRS     R5,R5,R1
   \   0000004E   0x07ED             LSLS     R5,R5,#+31
   \   00000050   0xD43D             BMI.N    ??Reveal__NewFeedback_3
    439              {
    440                  if (node <= REVEAL_BROADCAST_NODE)
   \                     ??Reveal__NewFeedback_0: (+1)
   \   00000052   0x2A10             CMP      R2,#+16
   \   00000054   0xDA3B             BGE.N    ??Reveal__NewFeedback_3
    441                  {
    442                      REVEAL__DECLARE_CONTEXT();
    443                      uint8 aux;
    444          
    445                      REVEAL__SAVE_CONTEXT();
    446                      if (IS_IDLE(Reveal_Queue_Debounce[Reveal_Queue_Write]))
   \   00000056   0xF894 0x55CC      LDRB     R5,[R4, #+1484]
   \   0000005A   0x192F             ADDS     R7,R5,R4
   \   0000005C   0xF897 0x65F0      LDRB     R6,[R7, #+1520]
   \   00000060   0xBB86             CBNZ.N   R6,??Reveal__NewFeedback_4
    447                      {
    448                          Reveal_Queue_Debounce[Reveal_Queue_Write] = SET_DEBOUNCE();
   \   00000062   0x2308             MOVS     R3,#+8
   \   00000064   0xF887 0x35F0      STRB     R3,[R7, #+1520]
    449                          cmd_ptr = &Reveal_Queue[Reveal_Queue_Write];
   \   00000068   0x2345             MOVS     R3,#+69
   \   0000006A   0xFB13 0x4305      SMLABB   R3,R3,R5,R4
    450                          Reveal_Queue_Write = GetNextItem(Reveal_Queue_Write, REVEAL_QUEUE_SIZE);
   \   0000006E   0x1C6D             ADDS     R5,R5,#+1
   \   00000070   0x3364             ADDS     R3,R3,#+100
   \   00000072   0xB2ED             UXTB     R5,R5
   \   00000074   0x2D0F             CMP      R5,#+15
   \   00000076   0xBF28             IT       CS 
   \   00000078   0x2500             MOVCS    R5,#+0
   \   0000007A   0xF884 0x55CC      STRB     R5,[R4, #+1484]
    451                          REVEAL__RESTORE_CONTEXT();
    452          
    453                          #if (REVEAL_QUEUE_DEBUG == ENABLED)
    454                              aux = Reveal__GetFreeQueueSpace();
   \   0000007E   0xF894 0x65CC      LDRB     R6,[R4, #+1484]
   \   00000082   0xF894 0x55CD      LDRB     R5,[R4, #+1485]
   \   00000086   0x42AE             CMP      R6,R5
   \   00000088   0xBF26             ITTE     CS 
   \   0000008A   0xF1C6 0x060F      RSBCS    R6,R6,#+15
   \   0000008E   0x19AD             ADDCS    R5,R5,R6
   \   00000090   0x1BAD             SUBCC    R5,R5,R6
    455                              if (Reveal_Min_Space > aux)
   \   00000092   0xF894 0x65D5      LDRB     R6,[R4, #+1493]
   \   00000096   0xB2ED             UXTB     R5,R5
   \   00000098   0x42B5             CMP      R5,R6
   \   0000009A   0xBF88             IT       HI 
   \   0000009C   0x4635             MOVHI    R5,R6
   \   0000009E   0xF884 0x55D5      STRB     R5,[R4, #+1493]
    456                              {
    457                                  Reveal_Min_Space = aux;
    458                              }
    459                          #endif
    460                      }
    461                      else
    462                      {
    463                          REVEAL__RESTORE_CONTEXT();
    464                          #if (REVEAL_QUEUE_DEBUG == ENABLED)
    465                              Reveal_Queue_Full_Counter++;
    466                          #endif
    467                          REVEALQUEUE_QUEUE_OVERFLOW_NORMAL_EXCEPTION(api,opcode);
    468                      }
    469          
    470                  }
    471                  if (cmd_ptr != NULL)
    472                  {
    473                      cmd_ptr->api = api;
   \   000000A2   0x7018             STRB     R0,[R3, #+0]
    474                      cmd_ptr->opcode = opcode;
   \   000000A4   0x7059             STRB     R1,[R3, #+1]
    475                      cmd_ptr->node = node;
   \   000000A6   0x7898             LDRB     R0,[R3, #+2]
   \   000000A8   0xF362 0x0003      BFI      R0,R2,#+0,#+4
   \   000000AC   0x7098             STRB     R0,[R3, #+2]
    476                      cmd_ptr->length = 0;
   \   000000AE   0x2000             MOVS     R0,#+0
   \   000000B0   0x70D8             STRB     R0,[R3, #+3]
    477                      cmd_ptr->priority = FALSE;
    478                      cmd_ptr->feedback  =1;
    479                      cmd_ptr->timeout = 0;
   \   000000B2   0x7898             LDRB     R0,[R3, #+2]
   \   000000B4   0xF000 0x009F      AND      R0,R0,#0x9F
   \   000000B8   0xF040 0x0010      ORR      R0,R0,#0x10
   \   000000BC   0x7098             STRB     R0,[R3, #+2]
    480                  }
    481              }
    482              // else, message is currently blocked
    483          
    484              return (cmd_ptr);
   \   000000BE   0x4618             MOV      R0,R3
   \   000000C0   0xBCF0             POP      {R4-R7}
   \   000000C2   0x4770             BX       LR
   \                     ??Reveal__NewFeedback_4: (+1)
   \   000000C4   0xF8B4 0x05E6      LDRH     R0,[R4, #+1510]
   \   000000C8   0x1C40             ADDS     R0,R0,#+1
   \   000000CA   0xF8A4 0x05E6      STRH     R0,[R4, #+1510]
   \                     ??Reveal__NewFeedback_3: (+1)
   \   000000CE   0x4618             MOV      R0,R3
   \   000000D0   0xBCF0             POP      {R4-R7}
   \   000000D2   0x4770             BX       LR               ;; return
    485          }
    486          
    487          //---------------------------------------------------------------------------------------------------------------------
    488          /**
    489           *    @brief    Calls Reveal__NewFeedback with the feedback parameter to a command format
    490           *              and adds it to the message queue.
    491           *
    492           *    @details  This function should be called whenever a new outgoing Reveal command message is desired.
    493           *              Object creation of a new message is simulated by returning a pointer into a queue of structures.
    494           *              The specified api and opcode are set for the new message and the length is initialized to 0.
    495           *
    496           *    @param    api - the api id of the command
    497           *    @param    opcode - the opcode of the command
    498           *    @param    node - the node id to send the message to
    499           *    @param    size - size of the data byte to be transfered excluding the API and OPCODE
    500           *    @return   REVEAL_COMMAND_TYPE* - a pointer to the reveal message structure
    501           */

   \                                 In section .text, align 4, keep-with-next
    502          REVEAL_COMMAND_TYPE * Reveal__NewCommand(uint8 api, uint8 opcode, uint8 node, uint8 size)
    503          {
   \                     Reveal__NewCommand: (+1)
   \   00000000   0xB4F0             PUSH     {R4-R7}
    504              REVEAL_COMMAND_TYPE * pt;
    505              pt = Reveal__NewFeedback(api,opcode,node,size);
   \   00000002   0x.... 0x....      LDR.W    R4,??DataTable22
   \   00000006   0xF8B4 0x55EE      LDRH     R5,[R4, #+1518]
   \   0000000A   0x2300             MOVS     R3,#+0
   \   0000000C   0xB30D             CBZ.N    R5,??Reveal__NewCommand_0
   \   0000000E   0x2500             MOVS     R5,#+0
   \   00000010   0x2803             CMP      R0,#+3
   \   00000012   0xD016             BEQ.N    ??Reveal__NewCommand_1
   \   00000014   0xF05F 0x0501      MOVS.W   R5,#+1
   \   00000018   0x.... 0x....      LDR.W    R6,??DataTable22_1
   \                     ??Reveal__NewCommand_2: (+1)
   \   0000001C   0xF816 0x7B01      LDRB     R7,[R6], #+1
   \   00000020   0x42B8             CMP      R0,R7
   \   00000022   0xBF1E             ITTT     NE 
   \   00000024   0x1C6D             ADDNE    R5,R5,#+1
   \   00000026   0xF816 0x7B01      LDRBNE   R7,[R6], #+1
   \   0000002A   0x42B8             CMPNE    R0,R7
   \   0000002C   0xBF1E             ITTT     NE 
   \   0000002E   0x1C6D             ADDNE    R5,R5,#+1
   \   00000030   0xF816 0x7B01      LDRBNE   R7,[R6], #+1
   \   00000034   0x42B8             CMPNE    R0,R7
   \   00000036   0xD004             BEQ.N    ??Reveal__NewCommand_1
   \   00000038   0x1C6D             ADDS     R5,R5,#+1
   \   0000003A   0xB2ED             UXTB     R5,R5
   \   0000003C   0x2D13             CMP      R5,#+19
   \   0000003E   0xD3ED             BCC.N    ??Reveal__NewCommand_2
   \   00000040   0xE007             B.N      ??Reveal__NewCommand_0
   \                     ??Reveal__NewCommand_1: (+1)
   \   00000042   0xB2ED             UXTB     R5,R5
   \   00000044   0xEB04 0x0585      ADD      R5,R4,R5, LSL #+2
   \   00000048   0xF8D5 0x5610      LDR      R5,[R5, #+1552]
   \   0000004C   0x40CD             LSRS     R5,R5,R1
   \   0000004E   0x07ED             LSLS     R5,R5,#+31
   \   00000050   0xD43B             BMI.N    ??Reveal__NewCommand_3
   \                     ??Reveal__NewCommand_0: (+1)
   \   00000052   0x2A10             CMP      R2,#+16
   \   00000054   0xDA39             BGE.N    ??Reveal__NewCommand_3
   \   00000056   0xF894 0x55CC      LDRB     R5,[R4, #+1484]
   \   0000005A   0x192F             ADDS     R7,R5,R4
   \   0000005C   0xF897 0x65F0      LDRB     R6,[R7, #+1520]
   \   00000060   0xBB76             CBNZ.N   R6,??Reveal__NewCommand_4
   \   00000062   0x2308             MOVS     R3,#+8
   \   00000064   0xF887 0x35F0      STRB     R3,[R7, #+1520]
   \   00000068   0x2345             MOVS     R3,#+69
   \   0000006A   0xFB13 0x4305      SMLABB   R3,R3,R5,R4
   \   0000006E   0x1C6D             ADDS     R5,R5,#+1
   \   00000070   0x3364             ADDS     R3,R3,#+100
   \   00000072   0xB2ED             UXTB     R5,R5
   \   00000074   0x2D0F             CMP      R5,#+15
   \   00000076   0xBF28             IT       CS 
   \   00000078   0x2500             MOVCS    R5,#+0
   \   0000007A   0xF884 0x55CC      STRB     R5,[R4, #+1484]
   \   0000007E   0xF894 0x65CC      LDRB     R6,[R4, #+1484]
   \   00000082   0xF894 0x55CD      LDRB     R5,[R4, #+1485]
   \   00000086   0x42AE             CMP      R6,R5
   \   00000088   0xBF26             ITTE     CS 
   \   0000008A   0xF1C6 0x060F      RSBCS    R6,R6,#+15
   \   0000008E   0x19AD             ADDCS    R5,R5,R6
   \   00000090   0x1BAD             SUBCC    R5,R5,R6
   \   00000092   0xF894 0x65D5      LDRB     R6,[R4, #+1493]
   \   00000096   0xB2ED             UXTB     R5,R5
   \   00000098   0x42B5             CMP      R5,R6
   \   0000009A   0xBF88             IT       HI 
   \   0000009C   0x4635             MOVHI    R5,R6
   \   0000009E   0xF884 0x55D5      STRB     R5,[R4, #+1493]
   \   000000A2   0x7018             STRB     R0,[R3, #+0]
   \   000000A4   0x7059             STRB     R1,[R3, #+1]
   \   000000A6   0x7898             LDRB     R0,[R3, #+2]
   \   000000A8   0xF362 0x0003      BFI      R0,R2,#+0,#+4
   \   000000AC   0x7098             STRB     R0,[R3, #+2]
   \   000000AE   0x2000             MOVS     R0,#+0
   \   000000B0   0x70D8             STRB     R0,[R3, #+3]
    506              if (pt != (REVEAL_COMMAND_TYPE *)NULL)
    507              {
    508                  pt->feedback = 0;
   \   000000B2   0x7898             LDRB     R0,[R3, #+2]
   \   000000B4   0xF000 0x008F      AND      R0,R0,#0x8F
   \   000000B8   0x7098             STRB     R0,[R3, #+2]
    509              }
    510              return (pt);
   \   000000BA   0x4618             MOV      R0,R3
   \   000000BC   0xBCF0             POP      {R4-R7}
   \   000000BE   0x4770             BX       LR
   \                     ??Reveal__NewCommand_4: (+1)
   \   000000C0   0xF8B4 0x05E6      LDRH     R0,[R4, #+1510]
   \   000000C4   0x1C40             ADDS     R0,R0,#+1
   \   000000C6   0xF8A4 0x05E6      STRH     R0,[R4, #+1510]
   \                     ??Reveal__NewCommand_3: (+1)
   \   000000CA   0x4618             MOV      R0,R3
   \   000000CC   0xBCF0             POP      {R4-R7}
   \   000000CE   0x4770             BX       LR               ;; return
    511          }
    512          
    513          
    514          //---------------------------------------------------------------------------------------------------------------------
    515          /**
    516           *    @brief    Creates a empty Reveal message and them populate api, opcode and node fields and by default set the feedback flag.
    517           *
    518           *    @details  This function should be called whenever a new outgoing Reveal feedback message is desired.
    519           *              Object creation of a new message is simulated by returning a pointer into a queue of structures.
    520           *              The specified api and opcode are set for the new message and the length is initialized to 0.
    521           *
    522           *    @param    api - the api id of the command
    523           *    @param    opcode - the opcode of the command
    524           *    @param    node - the node id to send the message to
    525           *    @param    size - size of the data byte to be transfered excluding the API and OPCODE
    526           *    @return   REVEAL_COMMAND_TYPE* - a pointer to the reveal message structure
    527           */

   \                                 In section .text, align 2, keep-with-next
    528          REVEAL_COMMAND_TYPE * Reveal__PriorityNewFeedback(uint8 api, uint8 opcode, uint8 node, uint8 size)
                                                                                                              ^
Remark[Pe826]: parameter "size" was never referenced
    529          {
   \                     Reveal__PriorityNewFeedback: (+1)
   \   00000000   0xB4F0             PUSH     {R4-R7}
    530          #if (REVEAL_QUEUE_PRIORITY == ENABLED)
    531              REVEAL_COMMAND_TYPE *cmd_ptr = NULL;
   \   00000002   0x2300             MOVS     R3,#+0
    532          
    533              if (node <= REVEAL_BROADCAST_NODE)
   \   00000004   0x2A10             CMP      R2,#+16
   \   00000006   0xDA3E             BGE.N    ??Reveal__PriorityNewFeedback_0
    534              {
    535                  REVEAL__DECLARE_CONTEXT();
    536                  uint8 aux;
    537          
    538                  REVEAL__SAVE_CONTEXT();
    539                  if (IS_IDLE(Reveal_Queue_Priority_Debounce[Reveal_Queue_Priority_Write]))
   \   00000008   0x.... 0x....      LDR.W    R4,??DataTable23
   \   0000000C   0xF894 0x55CF      LDRB     R5,[R4, #+1487]
   \   00000010   0x192F             ADDS     R7,R5,R4
   \   00000012   0xF897 0x604C      LDRB     R6,[R7, #+76]
   \   00000016   0xBB8E             CBNZ.N   R6,??Reveal__PriorityNewFeedback_1
    540                  {
    541                      Reveal_Queue_Priority_Debounce[Reveal_Queue_Priority_Write] = SET_DEBOUNCE();
   \   00000018   0x2308             MOVS     R3,#+8
   \   0000001A   0xF887 0x304C      STRB     R3,[R7, #+76]
    542                      cmd_ptr = &Reveal_Queue_Priority[Reveal_Queue_Priority_Write];
   \   0000001E   0x2345             MOVS     R3,#+69
   \   00000020   0xFB13 0x4305      SMLABB   R3,R3,R5,R4
    543                      Reveal_Queue_Priority_Write = GetNextItem(Reveal_Queue_Priority_Write, REVEAL_QUEUE_PRIORITY_SIZE);
   \   00000024   0x1C6D             ADDS     R5,R5,#+1
   \   00000026   0xB2ED             UXTB     R5,R5
   \   00000028   0xF503 0x638E      ADD      R3,R3,#+1136
   \   0000002C   0x2D05             CMP      R5,#+5
   \   0000002E   0xBF28             IT       CS 
   \   00000030   0x2500             MOVCS    R5,#+0
   \   00000032   0xF884 0x55CF      STRB     R5,[R4, #+1487]
    544                      REVEAL__RESTORE_CONTEXT();
    545          
    546                      #if (REVEAL_QUEUE_DEBUG == ENABLED)
    547                          aux = Reveal__GetFreePriorityQueueSpace();
   \   00000036   0xF894 0x65CF      LDRB     R6,[R4, #+1487]
   \   0000003A   0xF894 0x55D0      LDRB     R5,[R4, #+1488]
   \   0000003E   0x42AE             CMP      R6,R5
   \   00000040   0xBF26             ITTE     CS 
   \   00000042   0xF1C6 0x0605      RSBCS    R6,R6,#+5
   \   00000046   0x19AD             ADDCS    R5,R5,R6
   \   00000048   0x1BAD             SUBCC    R5,R5,R6
    548                          if (Reveal_Priority_Min_Space > aux)
   \   0000004A   0xF894 0x65D1      LDRB     R6,[R4, #+1489]
   \   0000004E   0xB2ED             UXTB     R5,R5
   \   00000050   0x42B5             CMP      R5,R6
   \   00000052   0xBF88             IT       HI 
   \   00000054   0x4635             MOVHI    R5,R6
   \   00000056   0xF884 0x55D1      STRB     R5,[R4, #+1489]
    549                          {
    550                              Reveal_Priority_Min_Space = aux;
    551                          }
    552                      #endif
    553                  }
    554                  else
    555                  {
    556                      REVEAL__RESTORE_CONTEXT();
    557                      #if (REVEAL_QUEUE_DEBUG == ENABLED)
    558                          Reveal_Priority_Queue_Full_Counter++;
    559                      #endif
    560                      REVEAL_QUEUE_OVERFLOW_PRIORITY_EXCEPTION(api,opcode);
    561                  }
    562          
    563               }
    564              if (cmd_ptr != NULL)
    565              {
    566                  cmd_ptr->api = api;
   \   0000005A   0x7018             STRB     R0,[R3, #+0]
    567                  cmd_ptr->opcode = opcode;
   \   0000005C   0x7059             STRB     R1,[R3, #+1]
    568                  cmd_ptr->node = node;
   \   0000005E   0x7898             LDRB     R0,[R3, #+2]
   \   00000060   0xF362 0x0003      BFI      R0,R2,#+0,#+4
   \   00000064   0x7098             STRB     R0,[R3, #+2]
    569                  cmd_ptr->length = 0;
   \   00000066   0x2000             MOVS     R0,#+0
   \   00000068   0x70D8             STRB     R0,[R3, #+3]
    570                  cmd_ptr->priority = TRUE;
    571                  cmd_ptr->feedback  =1;
    572                  cmd_ptr->timeout = 0;
   \   0000006A   0x7898             LDRB     R0,[R3, #+2]
   \   0000006C   0xF000 0x00DF      AND      R0,R0,#0xDF
   \   00000070   0xF040 0x0050      ORR      R0,R0,#0x50
   \   00000074   0x7098             STRB     R0,[R3, #+2]
    573              }
    574              return (cmd_ptr);
   \   00000076   0x4618             MOV      R0,R3
   \   00000078   0xBCF0             POP      {R4-R7}
   \   0000007A   0x4770             BX       LR
   \                     ??Reveal__PriorityNewFeedback_1: (+1)
   \   0000007C   0xF8B4 0x05DA      LDRH     R0,[R4, #+1498]
   \   00000080   0x1C40             ADDS     R0,R0,#+1
   \   00000082   0xF8A4 0x05DA      STRH     R0,[R4, #+1498]
   \                     ??Reveal__PriorityNewFeedback_0: (+1)
   \   00000086   0x4618             MOV      R0,R3
   \   00000088   0xBCF0             POP      {R4-R7}
   \   0000008A   0x4770             BX       LR               ;; return
    575          #else
    576              return (Reveal__NewFeedback(api,opcode,node,size));
    577          #endif
    578          }
    579          
    580          //---------------------------------------------------------------------------------------------------------------------
    581          /**
    582           *    @brief    Calls Reveal__NewProrityFeedback with  the feedback parameter to a command format
    583           *              and adds it to the message queue.
    584           *
    585           *    @details  This function should be called whenever a new outgoing Reveal command message is desired.
    586           *              Object creation of a new message is simulated by returning a pointer into a queue of structures.
    587           *              The specified api and opcode are set for the new message and the length is initialized to 0.
    588           *
    589           *    @param    api - the api id of the command
    590           *    @param    opcode - the opcode of the command
    591           *    @param    node - the node id to send the message to
    592           *    @param    size - size of the data byte to be transfered excluding the API and OPCODE
    593           *    @return   REVEAL_COMMAND_TYPE* - a pointer to the reveal message structure
    594           */

   \                                 In section .text, align 2, keep-with-next
    595          REVEAL_COMMAND_TYPE * Reveal__PriorityNewCommand(uint8 api, uint8 opcode, uint8 node, uint8 size)
    596          {
   \                     Reveal__PriorityNewCommand: (+1)
   \   00000000   0xB500             PUSH     {LR}
   \   00000002   0xB081             SUB      SP,SP,#+4
    597          #if (REVEAL_QUEUE_PRIORITY == ENABLED)
    598              REVEAL_COMMAND_TYPE * pt;
    599              pt = Reveal__PriorityNewFeedback(api, opcode, node, size);
   \   00000004   0x.... 0x....      BL       Reveal__PriorityNewFeedback
    600              if (pt != (REVEAL_COMMAND_TYPE *)NULL)
   \   00000008   0xB118             CBZ.N    R0,??Reveal__PriorityNewCommand_0
    601              {
    602                  pt->feedback = 0;
   \   0000000A   0x7881             LDRB     R1,[R0, #+2]
   \   0000000C   0xF001 0x01EF      AND      R1,R1,#0xEF
   \   00000010   0x7081             STRB     R1,[R0, #+2]
    603              }
    604              return (pt);
   \                     ??Reveal__PriorityNewCommand_0: (+1)
   \   00000012   0xB001             ADD      SP,SP,#+4
   \   00000014   0xBD00             POP      {PC}             ;; return
    605          #else
    606              return (Reveal__NewCommand(api,opcode,node,size));
    607          #endif
    608          }
    609          
    610          //---------------------------------------------------------------------------------------------------------------------
    611          /**
    612           * @brief This method is used to debug the minimum space available in the Reveal queue over time.
    613           * @return uint8 which represents the minimum space available in the Reveal Queue
    614           */

   \                                 In section .text, align 2, keep-with-next
    615          uint8 Reveal__GetMinimumQueueSpace(void)
    616          {
    617          #if (REVEAL_QUEUE_DEBUG == ENABLED)
    618              return (Reveal_Min_Space);                      // return the minimum available space
   \                     Reveal__GetMinimumQueueSpace: (+1)
   \   00000000   0x.... 0x....      LDR.W    R0,??DataTable23
   \   00000004   0xF890 0x05D5      LDRB     R0,[R0, #+1493]
   \   00000008   0x4770             BX       LR               ;; return
    619          #else
    620              return (0);                                     // debug code disabled reports no space available
    621          #endif
    622          }
    623          
    624          //---------------------------------------------------------------------------------------------------------------------
    625          /**
    626           * @brief This method is used to debug the minimum space available in the Reveal queue over time.
    627           * @return uint8 which represents the minimum space available in the priority Reveal Queue
    628           */

   \                                 In section .text, align 2, keep-with-next
    629          uint8 Reveal__GetMinimumPriorityQueueSpace(void)
    630          {
    631          #if (REVEAL_QUEUE_PRIORITY == ENABLED)
    632              #if (REVEAL_QUEUE_DEBUG == ENABLED)
    633                  return (Reveal_Priority_Min_Space);         // return the minimum available space
   \                     Reveal__GetMinimumPriorityQueueSpace: (+1)
   \   00000000   0x.... 0x....      LDR.W    R0,??DataTable23
   \   00000004   0xF890 0x05D1      LDRB     R0,[R0, #+1489]
   \   00000008   0x4770             BX       LR               ;; return
    634              #else
    635                  return (0);                                 // debug code disabled reports no space available
    636              #endif
    637          #else
    638              return (0);                                     // priority queue disabled reports no space available
    639          #endif
    640          }
    641          
    642          //---------------------------------------------------------------------------------------------------------------------
    643          /**
    644           *    @brief    Add an 8-bit uint8 data type to a Reveal message.
    645           *
    646           *    @details  This function adds the specified data type to a Reveal queue driver message. This is a
    647           *              memory endianess independent method that will result in a big endian message. This function
    648           *              should be called in order each time another piece of data needs to be packed into the
    649           *              message structure.
    650           *
    651           *    @param    command* - pointer to the reveal message structure
    652           *    @param    u8 - the data byte to add to the message
    653           *    @return   PASS_FAIL_TYPE
    654           */

   \                                 In section .text, align 2, keep-with-next
    655          PASS_FAIL_TYPE Reveal__AddDataU8(REVEAL_COMMAND_TYPE * command, uint8 u8)
    656          {
   \                     Reveal__AddDataU8: (+1)
   \   00000000   0xB470             PUSH     {R4-R6}
    657              PASS_FAIL_TYPE retval;
    658              retval = FAIL;
   \   00000002   0x2200             MOVS     R2,#+0
    659              if (IsPendingMessage(command) == TRUE)
   \   00000004   0xB378             CBZ.N    R0,??Reveal__AddDataU8_0
   \   00000006   0x7885             LDRB     R5,[R0, #+2]
   \   00000008   0x.... 0x....      LDR.W    R3,??DataTable23
   \   0000000C   0xF3C5 0x1580      UBFX     R5,R5,#+6,#+1
   \   00000010   0xB17D             CBZ.N    R5,??Reveal__AddDataU8_1
   \   00000012   0xF503 0x658E      ADD      R5,R3,#+1136
   \   00000016   0x42A8             CMP      R0,R5
   \   00000018   0xD325             BCC.N    ??Reveal__AddDataU8_0
   \   0000001A   0xF203 0x56C9      ADDW     R6,R3,#+1481
   \   0000001E   0x42B0             CMP      R0,R6
   \   00000020   0xD221             BCS.N    ??Reveal__AddDataU8_0
   \   00000022   0x1B44             SUBS     R4,R0,R5
   \   00000024   0x2545             MOVS     R5,#+69
   \   00000026   0xFB94 0xF4F5      SDIV     R4,R4,R5
   \   0000002A   0x18E3             ADDS     R3,R4,R3
   \   0000002C   0xF893 0x304C      LDRB     R3,[R3, #+76]
   \   00000030   0xE00E             B.N      ??Reveal__AddDataU8_2
   \                     ??Reveal__AddDataU8_1: (+1)
   \   00000032   0xF103 0x0564      ADD      R5,R3,#+100
   \   00000036   0x42A8             CMP      R0,R5
   \   00000038   0xD315             BCC.N    ??Reveal__AddDataU8_0
   \   0000003A   0xF203 0x466F      ADDW     R6,R3,#+1135
   \   0000003E   0x42B0             CMP      R0,R6
   \   00000040   0xD211             BCS.N    ??Reveal__AddDataU8_0
   \   00000042   0x1B44             SUBS     R4,R0,R5
   \   00000044   0x2545             MOVS     R5,#+69
   \   00000046   0xFB94 0xF4F5      SDIV     R4,R4,R5
   \   0000004A   0x18E3             ADDS     R3,R4,R3
   \   0000004C   0xF893 0x35F0      LDRB     R3,[R3, #+1520]
   \                     ??Reveal__AddDataU8_2: (+1)
   \   00000050   0x2B03             CMP      R3,#+3
   \   00000052   0xDB08             BLT.N    ??Reveal__AddDataU8_0
    660              {
    661                  if (command->length < REVEAL_PAYLOAD_SIZE)
   \   00000054   0x78C3             LDRB     R3,[R0, #+3]
   \   00000056   0x2B41             CMP      R3,#+65
   \   00000058   0xDA05             BGE.N    ??Reveal__AddDataU8_0
    662                  {
    663                      command->data[command->length ] = u8;
   \   0000005A   0x181A             ADDS     R2,R3,R0
   \   0000005C   0x7111             STRB     R1,[R2, #+4]
    664                      command->length += 1;
    665                      retval = PASS;
   \   0000005E   0x2201             MOVS     R2,#+1
   \   00000060   0x78C1             LDRB     R1,[R0, #+3]
   \   00000062   0x1C49             ADDS     R1,R1,#+1
   \   00000064   0x70C1             STRB     R1,[R0, #+3]
    666                  }
    667              }
    668              return (retval);
   \                     ??Reveal__AddDataU8_0: (+1)
   \   00000066   0x4610             MOV      R0,R2
   \   00000068   0xBC70             POP      {R4-R6}
   \   0000006A   0x4770             BX       LR               ;; return
    669          }
    670          
    671          //---------------------------------------------------------------------------------------------------------------------
    672          /**
    673           *    @brief    Add a character buffer to a Reveal message.
    674           *
    675           *    @details  This function is a helper method and should only be used when a a character buffer
    676           *              is to be added to a message. It should be used with caution as it does not manage
    677           *              endianess like the other AddData functions in this module. The maximum size of a
    678           *              buffer to add is equal to the max REVEAL_PAYLOAD_SIZE.
    679           *
    680           *    @param    *command - pointer to the reveal message struct
    681           *    @param    *u8_buffer - pointer to the character buffer to add to the message
    682           *    @param    length - length of the character buffer
    683           *    @return   void
    684           */

   \                                 In section .text, align 2, keep-with-next
    685          PASS_FAIL_TYPE Reveal__AddDataU8Buffer(REVEAL_COMMAND_TYPE* command, uint8 *u8_buffer, uint8 length)
    686          {
   \                     Reveal__AddDataU8Buffer: (+1)
   \   00000000   0xB5F0             PUSH     {R4-R7,LR}
   \   00000002   0xB081             SUB      SP,SP,#+4
   \   00000004   0x4604             MOV      R4,R0
   \   00000006   0x460F             MOV      R7,R1
   \   00000008   0x4615             MOV      R5,R2
    687              PASS_FAIL_TYPE retval;
    688              retval = FAIL;
   \   0000000A   0x2600             MOVS     R6,#+0
    689          
    690              if (IsPendingMessage(command) == TRUE)
   \   0000000C   0x.... 0x....      BL       IsPendingMessage
   \   00000010   0x2801             CMP      R0,#+1
   \   00000012   0xD112             BNE.N    ??Reveal__AddDataU8Buffer_0
    691              {
    692                  retval = PASS;
    693                  if(length > (REVEAL_PAYLOAD_SIZE - command->length))
   \   00000014   0x78E0             LDRB     R0,[R4, #+3]
   \   00000016   0x2601             MOVS     R6,#+1
   \   00000018   0xF1C0 0x0141      RSB      R1,R0,#+65
   \   0000001C   0x42A9             CMP      R1,R5
   \   0000001E   0xBFBC             ITT      LT 
    694                  {
    695                      length = (uint8)(REVEAL_PAYLOAD_SIZE - command->length);
   \   00000020   0xF1C0 0x0541      RSBLT    R5,R0,#+65
    696                      retval = FAIL;
   \   00000024   0x2600             MOVLT    R6,#+0
    697                  }
    698                  memcpy(&command->data[command->length],u8_buffer,length);
   \   00000026   0xB2ED             UXTB     R5,R5
   \   00000028   0x1900             ADDS     R0,R0,R4
   \   0000002A   0x462A             MOV      R2,R5
   \   0000002C   0x4639             MOV      R1,R7
   \   0000002E   0x1D00             ADDS     R0,R0,#+4
   \   00000030   0x.... 0x....      BL       __aeabi_memcpy
    699                  command->length += length;
   \   00000034   0x78E0             LDRB     R0,[R4, #+3]
   \   00000036   0x1828             ADDS     R0,R5,R0
   \   00000038   0x70E0             STRB     R0,[R4, #+3]
    700          
    701              }
    702              return (retval);
   \                     ??Reveal__AddDataU8Buffer_0: (+1)
   \   0000003A   0x4630             MOV      R0,R6
   \   0000003C   0xB001             ADD      SP,SP,#+4
   \   0000003E   0xBDF0             POP      {R4-R7,PC}       ;; return
    703          }
    704          
    705          //---------------------------------------------------------------------------------------------------------------------
    706          /**
    707           *    @brief    Add a 16-bit uint16 data type to a Reveal message.
    708           *
    709           *    @details  This function adds the specified data type to a Reveal queue driver message. This is a
    710           *              memory endianess independent method that will result in a big endian message. This function
    711           *              should be called in order each time another piece of data needs to be packed into the
    712           *              message structure.
    713           *
    714           *    @param    command* - pointer to the reveal message structure
    715           *    @param    u16 - the 16-bit data to add to the message
    716           *    @return   void
    717           */

   \                                 In section .text, align 2, keep-with-next
    718          PASS_FAIL_TYPE Reveal__AddDataU16(REVEAL_COMMAND_TYPE* command, uint16 u16)
    719          {
   \                     Reveal__AddDataU16: (+1)
   \   00000000   0xB470             PUSH     {R4-R6}
    720              uint8 index;
    721              PASS_FAIL_TYPE retval;
    722              retval = FAIL;
   \   00000002   0x2200             MOVS     R2,#+0
    723          
    724              if (IsPendingMessage(command) == TRUE)
   \   00000004   0xB388             CBZ.N    R0,??Reveal__AddDataU16_0
   \   00000006   0x7885             LDRB     R5,[R0, #+2]
   \   00000008   0x.... 0x....      LDR.W    R3,??DataTable23
   \   0000000C   0xF3C5 0x1580      UBFX     R5,R5,#+6,#+1
   \   00000010   0xB17D             CBZ.N    R5,??Reveal__AddDataU16_1
   \   00000012   0xF503 0x658E      ADD      R5,R3,#+1136
   \   00000016   0x42A8             CMP      R0,R5
   \   00000018   0xD327             BCC.N    ??Reveal__AddDataU16_0
   \   0000001A   0xF203 0x56C9      ADDW     R6,R3,#+1481
   \   0000001E   0x42B0             CMP      R0,R6
   \   00000020   0xD223             BCS.N    ??Reveal__AddDataU16_0
   \   00000022   0x1B44             SUBS     R4,R0,R5
   \   00000024   0x2545             MOVS     R5,#+69
   \   00000026   0xFB94 0xF4F5      SDIV     R4,R4,R5
   \   0000002A   0x18E3             ADDS     R3,R4,R3
   \   0000002C   0xF893 0x304C      LDRB     R3,[R3, #+76]
   \   00000030   0xE00E             B.N      ??Reveal__AddDataU16_2
   \                     ??Reveal__AddDataU16_1: (+1)
   \   00000032   0xF103 0x0564      ADD      R5,R3,#+100
   \   00000036   0x42A8             CMP      R0,R5
   \   00000038   0xD317             BCC.N    ??Reveal__AddDataU16_0
   \   0000003A   0xF203 0x466F      ADDW     R6,R3,#+1135
   \   0000003E   0x42B0             CMP      R0,R6
   \   00000040   0xD213             BCS.N    ??Reveal__AddDataU16_0
   \   00000042   0x1B44             SUBS     R4,R0,R5
   \   00000044   0x2545             MOVS     R5,#+69
   \   00000046   0xFB94 0xF4F5      SDIV     R4,R4,R5
   \   0000004A   0x18E3             ADDS     R3,R4,R3
   \   0000004C   0xF893 0x35F0      LDRB     R3,[R3, #+1520]
   \                     ??Reveal__AddDataU16_2: (+1)
   \   00000050   0x2B03             CMP      R3,#+3
   \   00000052   0xDB0A             BLT.N    ??Reveal__AddDataU16_0
    725              {
    726                  index = command->length;
   \   00000054   0x78C3             LDRB     R3,[R0, #+3]
    727                  if (index < (REVEAL_PAYLOAD_SIZE - 1))
   \   00000056   0x2B40             CMP      R3,#+64
   \   00000058   0xDA07             BGE.N    ??Reveal__AddDataU16_0
    728                  {
    729                      command->data[ index   ] = (uint8)(u16>>8);
   \   0000005A   0x181A             ADDS     R2,R3,R0
   \   0000005C   0x0A0B             LSRS     R3,R1,#+8
   \   0000005E   0x7113             STRB     R3,[R2, #+4]
    730                      command->data[(index)+1] = (uint8) u16;
   \   00000060   0x7151             STRB     R1,[R2, #+5]
    731                      command->length += 2;
    732                      retval = PASS;
   \   00000062   0x2201             MOVS     R2,#+1
   \   00000064   0x78C1             LDRB     R1,[R0, #+3]
   \   00000066   0x1C89             ADDS     R1,R1,#+2
   \   00000068   0x70C1             STRB     R1,[R0, #+3]
    733                  }
    734              }
    735          
    736              return (retval);
   \                     ??Reveal__AddDataU16_0: (+1)
   \   0000006A   0x4610             MOV      R0,R2
   \   0000006C   0xBC70             POP      {R4-R6}
   \   0000006E   0x4770             BX       LR               ;; return
    737          }
    738          
    739          //---------------------------------------------------------------------------------------------------------------------
    740          /**
    741           *    @brief    Add a 16-bit sint16 data type to a Reveal message.
    742           *
    743           *    @details  This function adds the specified data type to a Reveal queue driver message. This is a
    744           *              memory endianness independent method that will result in a big endian message. This function
    745           *              should be called in order each time another piece of data needs to be packed into the
    746           *              message structure.
    747           *
    748           *    @param    command* - pointer to the reveal message structure
    749           *    @param    s16 - the 16-bit data to add to the message
    750           *    @return   void
    751           */

   \                                 In section .text, align 2, keep-with-next
    752          PASS_FAIL_TYPE Reveal__AddDataS16(REVEAL_COMMAND_TYPE* command, sint16 s16)
    753          {
   \                     Reveal__AddDataS16: (+1)
   \   00000000   0xB470             PUSH     {R4-R6}
    754              uint8 index;
    755              PASS_FAIL_TYPE retval = FAIL;
   \   00000002   0x2200             MOVS     R2,#+0
    756              if (IsPendingMessage(command) == TRUE)
   \   00000004   0xB390             CBZ.N    R0,??Reveal__AddDataS16_0
   \   00000006   0x7885             LDRB     R5,[R0, #+2]
   \   00000008   0x.... 0x....      LDR.W    R3,??DataTable23
   \   0000000C   0xF3C5 0x1580      UBFX     R5,R5,#+6,#+1
   \   00000010   0xB17D             CBZ.N    R5,??Reveal__AddDataS16_1
   \   00000012   0xF503 0x658E      ADD      R5,R3,#+1136
   \   00000016   0x42A8             CMP      R0,R5
   \   00000018   0xD328             BCC.N    ??Reveal__AddDataS16_0
   \   0000001A   0xF203 0x56C9      ADDW     R6,R3,#+1481
   \   0000001E   0x42B0             CMP      R0,R6
   \   00000020   0xD224             BCS.N    ??Reveal__AddDataS16_0
   \   00000022   0x1B44             SUBS     R4,R0,R5
   \   00000024   0x2545             MOVS     R5,#+69
   \   00000026   0xFB94 0xF4F5      SDIV     R4,R4,R5
   \   0000002A   0x18E3             ADDS     R3,R4,R3
   \   0000002C   0xF893 0x304C      LDRB     R3,[R3, #+76]
   \   00000030   0xE00E             B.N      ??Reveal__AddDataS16_2
   \                     ??Reveal__AddDataS16_1: (+1)
   \   00000032   0xF103 0x0564      ADD      R5,R3,#+100
   \   00000036   0x42A8             CMP      R0,R5
   \   00000038   0xD318             BCC.N    ??Reveal__AddDataS16_0
   \   0000003A   0xF203 0x466F      ADDW     R6,R3,#+1135
   \   0000003E   0x42B0             CMP      R0,R6
   \   00000040   0xD214             BCS.N    ??Reveal__AddDataS16_0
   \   00000042   0x1B44             SUBS     R4,R0,R5
   \   00000044   0x2545             MOVS     R5,#+69
   \   00000046   0xFB94 0xF4F5      SDIV     R4,R4,R5
   \   0000004A   0x18E3             ADDS     R3,R4,R3
   \   0000004C   0xF893 0x35F0      LDRB     R3,[R3, #+1520]
   \                     ??Reveal__AddDataS16_2: (+1)
   \   00000050   0x2B03             CMP      R3,#+3
   \   00000052   0xDB0B             BLT.N    ??Reveal__AddDataS16_0
    757              {
    758                  index = command->length;
   \   00000054   0x78C3             LDRB     R3,[R0, #+3]
    759                  if (index < (REVEAL_PAYLOAD_SIZE - 1))
   \   00000056   0x2B40             CMP      R3,#+64
   \   00000058   0xDA08             BGE.N    ??Reveal__AddDataS16_0
    760                  {
    761                      command->data[ index   ] = (uint8)(((uint16)s16 & 0xFF00) >> 8);
   \   0000005A   0x181A             ADDS     R2,R3,R0
   \   0000005C   0xB289             UXTH     R1,R1
   \   0000005E   0x0A0B             LSRS     R3,R1,#+8
   \   00000060   0x7113             STRB     R3,[R2, #+4]
    762                      command->data[(index)+1] =  (uint8)((uint16)s16 & 0x00FF);
   \   00000062   0x7151             STRB     R1,[R2, #+5]
    763                      command->length += 2;
    764                      retval = PASS;
   \   00000064   0x2201             MOVS     R2,#+1
   \   00000066   0x78C1             LDRB     R1,[R0, #+3]
   \   00000068   0x1C89             ADDS     R1,R1,#+2
   \   0000006A   0x70C1             STRB     R1,[R0, #+3]
    765                  }
    766              }
    767              return (retval);
   \                     ??Reveal__AddDataS16_0: (+1)
   \   0000006C   0x4610             MOV      R0,R2
   \   0000006E   0xBC70             POP      {R4-R6}
   \   00000070   0x4770             BX       LR               ;; return
    768          }
    769          
    770          //---------------------------------------------------------------------------------------------------------------------
    771          /**
    772           *    @brief    Add a 32-bit uint32 data type to a Reveal message.
    773           *
    774           *    @details  This function adds the specified data type to a Reveal queue driver message. This is a
    775           *              memory Endianess independent method that will result in a big endian message. This function
    776           *              should be called in order each time another piece of data needs to be packed into the
    777           *              message structure.
    778           *
    779           *    @param    command* - pointer to the reveal message structure
    780           *    @param    u32 - the 32-bit data to add to the message
    781           *    @return   void
    782           */

   \                                 In section .text, align 2, keep-with-next
    783          PASS_FAIL_TYPE Reveal__AddDataU32(REVEAL_COMMAND_TYPE* command, uint32 u32)
    784          {
   \                     Reveal__AddDataU32: (+1)
   \   00000000   0xB470             PUSH     {R4-R6}
    785              PASS_FAIL_TYPE retval = FAIL;
   \   00000002   0x2200             MOVS     R2,#+0
    786              if (IsPendingMessage(command) == TRUE)
   \   00000004   0xB3A8             CBZ.N    R0,??Reveal__AddDataU32_0
   \   00000006   0x7885             LDRB     R5,[R0, #+2]
   \   00000008   0x.... 0x....      LDR.W    R3,??DataTable23
   \   0000000C   0xF3C5 0x1580      UBFX     R5,R5,#+6,#+1
   \   00000010   0xB17D             CBZ.N    R5,??Reveal__AddDataU32_1
   \   00000012   0xF503 0x658E      ADD      R5,R3,#+1136
   \   00000016   0x42A8             CMP      R0,R5
   \   00000018   0xD32B             BCC.N    ??Reveal__AddDataU32_0
   \   0000001A   0xF203 0x56C9      ADDW     R6,R3,#+1481
   \   0000001E   0x42B0             CMP      R0,R6
   \   00000020   0xD227             BCS.N    ??Reveal__AddDataU32_0
   \   00000022   0x1B44             SUBS     R4,R0,R5
   \   00000024   0x2545             MOVS     R5,#+69
   \   00000026   0xFB94 0xF4F5      SDIV     R4,R4,R5
   \   0000002A   0x18E3             ADDS     R3,R4,R3
   \   0000002C   0xF893 0x304C      LDRB     R3,[R3, #+76]
   \   00000030   0xE00E             B.N      ??Reveal__AddDataU32_2
   \                     ??Reveal__AddDataU32_1: (+1)
   \   00000032   0xF103 0x0564      ADD      R5,R3,#+100
   \   00000036   0x42A8             CMP      R0,R5
   \   00000038   0xD31B             BCC.N    ??Reveal__AddDataU32_0
   \   0000003A   0xF203 0x466F      ADDW     R6,R3,#+1135
   \   0000003E   0x42B0             CMP      R0,R6
   \   00000040   0xD217             BCS.N    ??Reveal__AddDataU32_0
   \   00000042   0x1B44             SUBS     R4,R0,R5
   \   00000044   0x2545             MOVS     R5,#+69
   \   00000046   0xFB94 0xF4F5      SDIV     R4,R4,R5
   \   0000004A   0x18E3             ADDS     R3,R4,R3
   \   0000004C   0xF893 0x35F0      LDRB     R3,[R3, #+1520]
   \                     ??Reveal__AddDataU32_2: (+1)
   \   00000050   0x2B03             CMP      R3,#+3
   \   00000052   0xDB0E             BLT.N    ??Reveal__AddDataU32_0
    787              {
    788                  uint8 index = command->length;
   \   00000054   0x78C3             LDRB     R3,[R0, #+3]
    789                  if (index < (REVEAL_PAYLOAD_SIZE - 3))
   \   00000056   0x2B3E             CMP      R3,#+62
   \   00000058   0xDA0B             BGE.N    ??Reveal__AddDataU32_0
    790                  {
    791                      command->data[ index   ] = (uint8)(u32>>24);
   \   0000005A   0x181A             ADDS     R2,R3,R0
   \   0000005C   0x0E0B             LSRS     R3,R1,#+24
   \   0000005E   0x7113             STRB     R3,[R2, #+4]
    792                      command->data[(index)+1] = (uint8)(u32>>16);
   \   00000060   0x0C0B             LSRS     R3,R1,#+16
   \   00000062   0x7153             STRB     R3,[R2, #+5]
    793                      command->data[(index)+2] = (uint8)(u32>>8 );
   \   00000064   0x0A0B             LSRS     R3,R1,#+8
   \   00000066   0x7193             STRB     R3,[R2, #+6]
    794                      command->data[(index)+3] = (uint8) u32;
   \   00000068   0x71D1             STRB     R1,[R2, #+7]
    795                      command->length += 4;
    796                      retval = PASS;
   \   0000006A   0x2201             MOVS     R2,#+1
   \   0000006C   0x78C1             LDRB     R1,[R0, #+3]
   \   0000006E   0x1D09             ADDS     R1,R1,#+4
   \   00000070   0x70C1             STRB     R1,[R0, #+3]
    797                  }
    798              }
    799              return (retval);
   \                     ??Reveal__AddDataU32_0: (+1)
   \   00000072   0x4610             MOV      R0,R2
   \   00000074   0xBC70             POP      {R4-R6}
   \   00000076   0x4770             BX       LR               ;; return
    800          }
    801          
    802          //---------------------------------------------------------------------------------------------------------------------
    803          /**
    804           *    @brief    Adds a completed message to the Reveal queue for transmission on the LLC bus.
    805           *
    806           *    @details  Once a Reveal message structure is created and its bytes are added this function
    807           *              should be called as the final step for transmitting a message.
    808           *
    809           *    @param   command
    810           *    @return  success / fail
    811           */

   \                                 In section .text, align 4, keep-with-next
    812          BOOL_TYPE Reveal__QueueCommand(REVEAL_COMMAND_TYPE * command)
    813          {
   \                     Reveal__QueueCommand: (+1)
   \   00000000   0x4601             MOV      R1,R0
    814              BOOL_TYPE retval;
    815          #if (REVEAL_ROUTER_FEATURE != REVEAL_ROUTER_DISABLED)
    816              REVEAL_MSG_TYPE transfer_buffer;
    817              REVEAL_RECIPE_STATUS_TYPE reason_code;
    818              uint8 send_internal;
    819              #if (REVEAL_ROUTER_FEATURE != REVEAL_ROUTER_INTERNAL_ONLY)
    820                  uint8 send_external;
    821                  send_external = TRUE;                           //Set by default external routing to TRUE
    822              #endif
    823          #endif
    824              retval = FALSE;
   \   00000002   0x2000             MOVS     R0,#+0
    825              if ((IsPendingMessage(command)) &&
    826                  (!((MESSAGE_BLOCKING_ACTIVE() == TRUE) &&
    827                  (IsMessageBlocked(command->api, command->opcode) == TRUE))))
   \   00000004   0xB901             CBNZ.N   R1,??Reveal__QueueCommand_0
   \   00000006   0x4770             BX       LR
   \                     ??Reveal__QueueCommand_0: (+1)
   \   00000008   0xB4F0             PUSH     {R4-R7}
   \   0000000A   0x788C             LDRB     R4,[R1, #+2]
   \   0000000C   0x.... 0x....      LDR.W    R3,??DataTable22
   \   00000010   0x460A             MOV      R2,R1
   \   00000012   0xF3C4 0x1480      UBFX     R4,R4,#+6,#+1
   \   00000016   0xB17C             CBZ.N    R4,??Reveal__QueueCommand_1
   \   00000018   0xF503 0x658E      ADD      R5,R3,#+1136
   \   0000001C   0x42AA             CMP      R2,R5
   \   0000001E   0xD367             BCC.N    ??Reveal__QueueCommand_2
   \   00000020   0xF203 0x56C9      ADDW     R6,R3,#+1481
   \   00000024   0x42B2             CMP      R2,R6
   \   00000026   0xD263             BCS.N    ??Reveal__QueueCommand_2
   \   00000028   0x1B55             SUBS     R5,R2,R5
   \   0000002A   0x2645             MOVS     R6,#+69
   \   0000002C   0xFB95 0xF5F6      SDIV     R5,R5,R6
   \   00000030   0x18ED             ADDS     R5,R5,R3
   \   00000032   0xF895 0x504C      LDRB     R5,[R5, #+76]
   \   00000036   0xE00E             B.N      ??Reveal__QueueCommand_3
   \                     ??Reveal__QueueCommand_1: (+1)
   \   00000038   0xF103 0x0564      ADD      R5,R3,#+100
   \   0000003C   0x42AA             CMP      R2,R5
   \   0000003E   0xD357             BCC.N    ??Reveal__QueueCommand_2
   \   00000040   0xF203 0x466F      ADDW     R6,R3,#+1135
   \   00000044   0x42B2             CMP      R2,R6
   \   00000046   0xD253             BCS.N    ??Reveal__QueueCommand_2
   \   00000048   0x1B55             SUBS     R5,R2,R5
   \   0000004A   0x2645             MOVS     R6,#+69
   \   0000004C   0xFB95 0xF5F6      SDIV     R5,R5,R6
   \   00000050   0x18ED             ADDS     R5,R5,R3
   \   00000052   0xF895 0x55F0      LDRB     R5,[R5, #+1520]
   \                     ??Reveal__QueueCommand_3: (+1)
   \   00000056   0x2D03             CMP      R5,#+3
   \   00000058   0xDB4A             BLT.N    ??Reveal__QueueCommand_2
   \   0000005A   0xF8B3 0x55EE      LDRH     R5,[R3, #+1518]
   \   0000005E   0xB315             CBZ.N    R5,??Reveal__QueueCommand_4
   \   00000060   0x784D             LDRB     R5,[R1, #+1]
   \   00000062   0x7809             LDRB     R1,[R1, #+0]
   \   00000064   0x2600             MOVS     R6,#+0
   \   00000066   0x2903             CMP      R1,#+3
   \   00000068   0xD015             BEQ.N    ??Reveal__QueueCommand_5
   \   0000006A   0x2601             MOVS     R6,#+1
   \   0000006C   0x.... 0x....      LDR.W    R7,??DataTable22_1
   \                     ??Reveal__QueueCommand_6: (+1)
   \   00000070   0xF817 0xCB01      LDRB     R12,[R7], #+1
   \   00000074   0x4561             CMP      R1,R12
   \   00000076   0xBF1E             ITTT     NE 
   \   00000078   0x1C76             ADDNE    R6,R6,#+1
   \   0000007A   0xF817 0xCB01      LDRBNE   R12,[R7], #+1
   \   0000007E   0x4561             CMPNE    R1,R12
   \   00000080   0xBF1E             ITTT     NE 
   \   00000082   0x1C76             ADDNE    R6,R6,#+1
   \   00000084   0xF817 0xCB01      LDRBNE   R12,[R7], #+1
   \   00000088   0x4561             CMPNE    R1,R12
   \   0000008A   0xD004             BEQ.N    ??Reveal__QueueCommand_5
   \   0000008C   0x1C76             ADDS     R6,R6,#+1
   \   0000008E   0xB2F6             UXTB     R6,R6
   \   00000090   0x2E13             CMP      R6,#+19
   \   00000092   0xD3ED             BCC.N    ??Reveal__QueueCommand_6
   \   00000094   0xE007             B.N      ??Reveal__QueueCommand_4
   \                     ??Reveal__QueueCommand_5: (+1)
   \   00000096   0xB2F6             UXTB     R6,R6
   \   00000098   0xEB03 0x0186      ADD      R1,R3,R6, LSL #+2
   \   0000009C   0xF8D1 0x1610      LDR      R1,[R1, #+1552]
   \   000000A0   0x40E9             LSRS     R1,R1,R5
   \   000000A2   0x07C9             LSLS     R1,R1,#+31
   \   000000A4   0xD424             BMI.N    ??Reveal__QueueCommand_2
    828              {
    829                  #if (REVEAL_ROUTER_FEATURE != REVEAL_ROUTER_DISABLED)
    830                      send_internal = TRUE;
    831          
    832                  #if (REVEAL_ROUTER_FEATURE == REVEAL_ROUTER_INTERNAL_EXTERNAL)
    833          
    834                          if (command->node < REVEAL_BROADCAST_NODE)         //Check destination node is lesser than REVEAL_BROADCAST_NODE '15'
    835                          {
    836                              if (Reveal_Routing[command->node] == REVEAL_ROUTING_INTERNAL)
    837                              {
    838                                  send_external = FALSE;          //Routing Internally
    839                              }
    840                              else
    841                              {
    842                                  send_internal = FALSE;          //Routing externally
    843                              }
    844                          }
    845                      #if (REVEAL_ROUTERING_BROADCAST_EXTERNAL == DISABLED)
    846                          else
    847                          {
    848                              send_external = FALSE;
    849                          }
    850                      #endif
    851          
    852                  #endif
    853                          ////////////////////////////Start of Internal Routing ////////////////////////////////
    854                      if (send_internal == TRUE)
    855                      {
    856                          transfer_buffer.destination = command->node;
    857                          transfer_buffer.node_id  = 0xF;
    858                          transfer_buffer.sdu_length = (uint8)(command->length + 2);
    859                          transfer_buffer.sap = REVEAL_SAP;
    860                          transfer_buffer.api_id = command->api;
    861                          // it copies: opcode, frag, mmp and feedback
    862                          transfer_buffer.op_code = (command->opcode & 0x1F);
    863          
    864                          transfer_buffer.cmd_fb = 0;
    865                          transfer_buffer.frag = 0;
    866                          transfer_buffer.mmp = 0;
    867          
    868                          if (BIT_TEST((command->opcode), 5))
    869                          {
    870                          transfer_buffer.cmd_fb = 1;
    871                          }
    872          
    873                          if (BIT_TEST((command->opcode), 6))
    874                          {
    875                          transfer_buffer.frag = 1;
    876                          }
    877          
    878                          if (BIT_TEST((command->opcode), 7))
    879                          {
    880                          transfer_buffer.mmp = 1;
    881                          }
    882                          // it overwrites the feedback
    883                          transfer_buffer.cmd_fb = command->feedback;
    884                          memcpy(transfer_buffer.payload,command->data,command->length);
    885                          transfer_buffer.size = command->length;
    886          
    887                          if (Reveal_Queue_Reentry_Counter < REVEAL_QUEUE_MAX_REENTRIES)
    888                          {
    889                              Reveal_Queue_Reentry_Counter++;
    890          
    891                              reason_code = RevealHandleParser(&transfer_buffer,transfer_buffer.cmd_fb, TRUE, REVEAL_FULL_SERACH_INTERNAL);
    892                              if (transfer_buffer.cmd_fb == 0)
    893                              {
    894                                  // Command
    895                                  RevealHandleAckParser(transfer_buffer.node_id,transfer_buffer.api_id,transfer_buffer.op_code,reason_code,TRUE);
    896                              }
    897          
    898                              Reveal_Queue_Reentry_Counter--;
    899                              retval = TRUE;
    900                          }
    901                          else
    902                          {
    903                              retval = FALSE;
    904                              REVEAL_EXCEPTION_REENTRY_CNT_OVERLOADED(transfer_buffer.api_id,transfer_buffer.op_code);
    905                          }
    906          
    907                          // Complete processed message, if it's not required for external routing
    908                          #if (REVEAL_ROUTER_FEATURE != REVEAL_ROUTER_INTERNAL_ONLY)
    909                              if (send_external == FALSE)
    910                          #endif
    911                          {
    912                              #if (REVEAL_QUEUE_PRIORITY == ENABLED)
    913                                  if (command->priority == TRUE)
    914                                  {
    915                                      if ((command >= Reveal_Queue_Priority) &&
    916                                          (command < (Reveal_Queue_Priority + REVEAL_QUEUE_PRIORITY_SIZE)))
    917                                      {
    918                                          uint8 cur_index = command - Reveal_Queue_Priority;
    919                                          Reveal_Queue_Priority_Debounce[cur_index] = REVEAL_QUEUE_IDLE;
    920                                      }
    921                                  }
    922                                  else if((command >= Reveal_Queue) &&
    923                                      (command < (Reveal_Queue + REVEAL_QUEUE_SIZE)))
    924                              #endif
    925                              {
    926                                  uint8 cur_index = command - Reveal_Queue;
    927                                  Reveal_Queue_Debounce[cur_index] = REVEAL_QUEUE_IDLE;
    928                              }
    929                          }
    930                      }
    931                      ////////////////////////////End of Internal Routing ////////////////////////////////
    932          
    933                    #if (REVEAL_ROUTER_FEATURE != REVEAL_ROUTER_INTERNAL_ONLY)
    934                      ////////////////////////////Start of External Routing ////////////////////////////////
    935                      if (send_external == TRUE)
    936                    #endif
    937                  #endif
    938                  #if (REVEAL_ROUTER_FEATURE != REVEAL_ROUTER_INTERNAL_ONLY)
    939                      {
    940                          #if (REVEAL_QUEUE_PRIORITY == ENABLED)
    941                              if (command->priority == TRUE)
   \                     ??Reveal__QueueCommand_4: (+1)
   \   000000A6   0xB18C             CBZ.N    R4,??Reveal__QueueCommand_7
    942                              {
    943                                  if((command >= Reveal_Queue_Priority) &&
    944                                      (command < (Reveal_Queue_Priority + REVEAL_QUEUE_PRIORITY_SIZE)))
   \   000000A8   0xF503 0x658E      ADD      R5,R3,#+1136
   \   000000AC   0x42AA             CMP      R2,R5
   \   000000AE   0xD31F             BCC.N    ??Reveal__QueueCommand_2
   \   000000B0   0xF203 0x51C9      ADDW     R1,R3,#+1481
   \   000000B4   0x428A             CMP      R2,R1
   \   000000B6   0xD21B             BCS.N    ??Reveal__QueueCommand_2
    945                                  {
    946                                      // High Priority
    947                                      uint8 cur_index = command - Reveal_Queue_Priority;
    948                                      Reveal_Queue_Priority_Debounce[cur_index] = REVEAL_QUEUE_QUEUED;
   \   000000B8   0x1B50             SUBS     R0,R2,R5
   \   000000BA   0x2145             MOVS     R1,#+69
   \   000000BC   0xFB90 0xF0F1      SDIV     R0,R0,R1
   \   000000C0   0xB2C0             UXTB     R0,R0
   \   000000C2   0x18C0             ADDS     R0,R0,R3
   \   000000C4   0x2101             MOVS     R1,#+1
   \   000000C6   0xF880 0x104C      STRB     R1,[R0, #+76]
    949                                      retval = TRUE;
   \   000000CA   0xE010             B.N      ??Reveal__QueueCommand_8
    950                                  }
    951                              }
    952                              else if((command >= Reveal_Queue) &&
    953                                  (command < (Reveal_Queue + REVEAL_QUEUE_SIZE)))
   \                     ??Reveal__QueueCommand_7: (+1)
   \   000000CC   0xF103 0x0564      ADD      R5,R3,#+100
   \   000000D0   0x42AA             CMP      R2,R5
   \   000000D2   0xD30D             BCC.N    ??Reveal__QueueCommand_2
   \   000000D4   0xF203 0x416F      ADDW     R1,R3,#+1135
   \   000000D8   0x428A             CMP      R2,R1
   \   000000DA   0xD209             BCS.N    ??Reveal__QueueCommand_2
    954                          #endif
    955                          {
    956                              uint8 cur_index = command - Reveal_Queue;
    957                              Reveal_Queue_Debounce[cur_index] = REVEAL_QUEUE_QUEUED;
   \   000000DC   0x1B50             SUBS     R0,R2,R5
   \   000000DE   0x2145             MOVS     R1,#+69
   \   000000E0   0xFB90 0xF0F1      SDIV     R0,R0,R1
   \   000000E4   0xB2C0             UXTB     R0,R0
   \   000000E6   0x18C0             ADDS     R0,R0,R3
   \   000000E8   0x2101             MOVS     R1,#+1
   \   000000EA   0xF880 0x15F0      STRB     R1,[R0, #+1520]
    958                              retval = TRUE;
   \                     ??Reveal__QueueCommand_8: (+1)
   \   000000EE   0x2001             MOVS     R0,#+1
    959                          }
    960                      }
    961                      ////////////////////////////End of External Routing ////////////////////////////////
    962                  #endif
    963              }
    964              return (retval);
   \                     ??Reveal__QueueCommand_2: (+1)
   \   000000F0   0xBCF0             POP      {R4-R7}
   \   000000F2   0x4770             BX       LR               ;; return
    965          }
    966          //---------------------------------------------------------------------------------------------------------------------
    967          /**
    968           * @brief This function returns the free space in the queue
    969           * @return return free space in the queue
    970           */

   \                                 In section .text, align 2, keep-with-next
    971          uint8 Reveal__GetFreeQueueSpace(void)
    972          {
    973              uint8 retval;
    974              retval = 0;
    975          
    976              if (Reveal_Queue_Write >= Reveal_Queue_Read)
   \                     Reveal__GetFreeQueueSpace: (+1)
   \   00000000   0x.... 0x....      LDR.W    R0,??DataTable23
   \   00000004   0xF890 0x15CD      LDRB     R1,[R0, #+1485]
   \   00000008   0xF890 0x05CC      LDRB     R0,[R0, #+1484]
   \   0000000C   0x4288             CMP      R0,R1
   \   0000000E   0xBF26             ITTE     CS 
    977              {
    978                  retval = REVEAL_QUEUE_SIZE - (Reveal_Queue_Write - Reveal_Queue_Read);
   \   00000010   0xF1C0 0x000F      RSBCS    R0,R0,#+15
   \   00000014   0x1808             ADDCS    R0,R1,R0
    979              }
    980              else
    981              {
    982                  retval = Reveal_Queue_Read - Reveal_Queue_Write;
   \   00000016   0x1A08             SUBCC    R0,R1,R0
    983              }
    984          
    985              return(retval);
   \   00000018   0xB2C0             UXTB     R0,R0
   \   0000001A   0x4770             BX       LR               ;; return
    986          
    987          }
    988          //---------------------------------------------------------------------------------------------------------------------
    989          /**
    990           * @brief This Function returns the number of messages in the queue
    991           * @return number of messages in queue
    992           */

   \                                 In section .text, align 2, keep-with-next
    993          uint8 Reveal__GetNumMessagesQueue(void)
    994          {
    995              uint8 retval;
    996              retval = 0;
    997          
    998              if (Reveal_Queue_Write >= Reveal_Queue_Read)
   \                     Reveal__GetNumMessagesQueue: (+1)
   \   00000000   0x.... 0x....      LDR.W    R0,??DataTable23
   \   00000004   0xF890 0x15CD      LDRB     R1,[R0, #+1485]
   \   00000008   0xF890 0x05CC      LDRB     R0,[R0, #+1484]
   \   0000000C   0x4288             CMP      R0,R1
   \   0000000E   0xBF2E             ITEE     CS 
    999              {
   1000                  retval = Reveal_Queue_Write  - Reveal_Queue_Read;
   \   00000010   0x1A40             SUBCS    R0,R0,R1
   1001              }
   1002              else
   1003              {
   1004                  retval = REVEAL_QUEUE_SIZE - Reveal_Queue_Read + Reveal_Queue_Write;
   \   00000012   0xF1C1 0x010F      RSBCC    R1,R1,#+15
   \   00000016   0x1840             ADDCC    R0,R0,R1
   1005              }
   1006          
   1007              return(retval);
   \   00000018   0xB2C0             UXTB     R0,R0
   \   0000001A   0x4770             BX       LR               ;; return
   1008          }
   1009          //---------------------------------------------------------------------------------------------------------------------
   1010          /**
   1011           * @brief This function returns the free space in the priority queue
   1012           * @return return free space in the priority queue, if the priority queue is disable returns '0'
   1013           */

   \                                 In section .text, align 2, keep-with-next
   1014          uint8 Reveal__GetFreePriorityQueueSpace(void)
   1015          {
   1016              uint8 retval;
   1017              retval = 0;
   1018          #if (REVEAL_QUEUE_PRIORITY == ENABLED)
   1019              if (Reveal_Queue_Priority_Write >= Reveal_Queue_Priority_Read)
   \                     Reveal__GetFreePriorityQueueSpace: (+1)
   \   00000000   0x.... 0x....      LDR.W    R0,??DataTable23
   \   00000004   0xF890 0x15D0      LDRB     R1,[R0, #+1488]
   \   00000008   0xF890 0x05CF      LDRB     R0,[R0, #+1487]
   \   0000000C   0x4288             CMP      R0,R1
   \   0000000E   0xBF26             ITTE     CS 
   1020              {
   1021                  retval = REVEAL_QUEUE_PRIORITY_SIZE - (Reveal_Queue_Priority_Write - Reveal_Queue_Priority_Read);
   \   00000010   0xF1C0 0x0005      RSBCS    R0,R0,#+5
   \   00000014   0x1808             ADDCS    R0,R1,R0
   1022              }
   1023              else
   1024              {
   1025                  retval = Reveal_Queue_Priority_Read - Reveal_Queue_Priority_Write;
   \   00000016   0x1A08             SUBCC    R0,R1,R0
   1026              }
   1027          #endif
   1028          
   1029              return(retval);
   \   00000018   0xB2C0             UXTB     R0,R0
   \   0000001A   0x4770             BX       LR               ;; return
   1030          
   1031          }
   1032          //---------------------------------------------------------------------------------------------------------------------
   1033          /**
   1034           * @brief This Function returns the number of messages in the priority queue
   1035           * @return number of messages in priority queue, if the priority queue is disable returns '0'
   1036           */

   \                                 In section .text, align 2, keep-with-next
   1037          uint8 Reveal__GetNumMessagesPriorityQueue(void)
   1038          {
   1039              uint8 retval;
   1040              retval = 0;
   1041          #if (REVEAL_QUEUE_PRIORITY == ENABLED)
   1042              if (Reveal_Queue_Priority_Write >= Reveal_Queue_Priority_Read)
   \                     Reveal__GetNumMessagesPriorityQueue: (+1)
   \   00000000   0x.... 0x....      LDR.W    R0,??DataTable23
   \   00000004   0xF890 0x15D0      LDRB     R1,[R0, #+1488]
   \   00000008   0xF890 0x05CF      LDRB     R0,[R0, #+1487]
   \   0000000C   0x4288             CMP      R0,R1
   \   0000000E   0xBF2E             ITEE     CS 
   1043              {
   1044                  retval = Reveal_Queue_Priority_Write  - Reveal_Queue_Priority_Read;
   \   00000010   0x1A40             SUBCS    R0,R0,R1
   1045              }
   1046              else
   1047              {
   1048                  retval = REVEAL_QUEUE_PRIORITY_SIZE - Reveal_Queue_Priority_Read + Reveal_Queue_Priority_Write;
   \   00000012   0xF1C1 0x0105      RSBCC    R1,R1,#+5
   \   00000016   0x1840             ADDCC    R0,R0,R1
   1049              }
   1050          #endif
   1051          
   1052              return(retval);
   \   00000018   0xB2C0             UXTB     R0,R0
   \   0000001A   0x4770             BX       LR               ;; return
   1053          }
   1054          
   1055          //---------------------------------------------------------------------------------------------------------------------
   1056          /**
   1057           * @brief Send the command to configure the heartbeat time in another node.
   1058           * @param node
   1059           * @param time
   1060           */

   \                                 In section .text, align 4, keep-with-next
   1061          void Reveal__SetNodeHeartBeat(uint8 node, uint16 time)
   1062          {
   1063              REVEAL_COMMAND_TYPE * ptr;
   1064              if (node < 0xF)
   \                     Reveal__SetNodeHeartBeat: (+1)
   \   00000000   0x280F             CMP      R0,#+15
   \   00000002   0xDB00             BLT.N    ??Reveal__SetNodeHeartBeat_0
   \   00000004   0x4770             BX       LR
   1065              {
   1066                  ptr = Reveal__NewCommand(API001CORE_NUM,API001_SET_HEARTBEAT,node,2);
   \                     ??Reveal__SetNodeHeartBeat_0: (+1)
   \   00000006   0xB570             PUSH     {R4-R6,LR}
   \   00000008   0x.... 0x....      LDR.W    R2,??DataTable23
   \   0000000C   0xF8B2 0x35EE      LDRH     R3,[R2, #+1518]
   \   00000010   0xB1E3             CBZ.N    R3,??Reveal__SetNodeHeartBeat_1
   \   00000012   0x.... 0x....      LDR.W    R4,??DataTable24
   \   00000016   0x2301             MOVS     R3,#+1
   \                     ??Reveal__SetNodeHeartBeat_2: (+1)
   \   00000018   0xF814 0x5B01      LDRB     R5,[R4], #+1
   \   0000001C   0x2D01             CMP      R5,#+1
   \   0000001E   0xBF1E             ITTT     NE 
   \   00000020   0x1C5B             ADDNE    R3,R3,#+1
   \   00000022   0xF814 0x5B01      LDRBNE   R5,[R4], #+1
   \   00000026   0x2D01             CMPNE    R5,#+1
   \   00000028   0xBF1E             ITTT     NE 
   \   0000002A   0x1C5B             ADDNE    R3,R3,#+1
   \   0000002C   0xF814 0x5B01      LDRBNE   R5,[R4], #+1
   \   00000030   0x2D01             CMPNE    R5,#+1
   \   00000032   0xD004             BEQ.N    ??Reveal__SetNodeHeartBeat_3
   \   00000034   0x1C5B             ADDS     R3,R3,#+1
   \   00000036   0xB2DB             UXTB     R3,R3
   \   00000038   0x2B13             CMP      R3,#+19
   \   0000003A   0xD3ED             BCC.N    ??Reveal__SetNodeHeartBeat_2
   \   0000003C   0xE006             B.N      ??Reveal__SetNodeHeartBeat_1
   \                     ??Reveal__SetNodeHeartBeat_3: (+1)
   \   0000003E   0xB2DB             UXTB     R3,R3
   \   00000040   0xEB02 0x0383      ADD      R3,R2,R3, LSL #+2
   \   00000044   0xF893 0x3610      LDRB     R3,[R3, #+1552]
   \   00000048   0x071B             LSLS     R3,R3,#+28
   \   0000004A   0xD440             BMI.N    ??Reveal__SetNodeHeartBeat_4
   \                     ??Reveal__SetNodeHeartBeat_1: (+1)
   \   0000004C   0xF892 0x35CC      LDRB     R3,[R2, #+1484]
   \   00000050   0x461C             MOV      R4,R3
   \   00000052   0x18A5             ADDS     R5,R4,R2
   \   00000054   0xF895 0x65F0      LDRB     R6,[R5, #+1520]
   \   00000058   0xBBA6             CBNZ.N   R6,??Reveal__SetNodeHeartBeat_5
   \   0000005A   0x2608             MOVS     R6,#+8
   \   0000005C   0xF885 0x65F0      STRB     R6,[R5, #+1520]
   \   00000060   0x2545             MOVS     R5,#+69
   \   00000062   0xFB15 0x2404      SMLABB   R4,R5,R4,R2
   \   00000066   0x1C5B             ADDS     R3,R3,#+1
   \   00000068   0x3464             ADDS     R4,R4,#+100
   \   0000006A   0xB2DB             UXTB     R3,R3
   \   0000006C   0x2B0F             CMP      R3,#+15
   \   0000006E   0xBF28             IT       CS 
   \   00000070   0x2300             MOVCS    R3,#+0
   \   00000072   0xF882 0x35CC      STRB     R3,[R2, #+1484]
   \   00000076   0xF892 0x55CC      LDRB     R5,[R2, #+1484]
   \   0000007A   0xF892 0x35CD      LDRB     R3,[R2, #+1485]
   \   0000007E   0x429D             CMP      R5,R3
   \   00000080   0xBF26             ITTE     CS 
   \   00000082   0xF1C5 0x050F      RSBCS    R5,R5,#+15
   \   00000086   0x195B             ADDCS    R3,R3,R5
   \   00000088   0x1B5B             SUBCC    R3,R3,R5
   \   0000008A   0xF892 0x55D5      LDRB     R5,[R2, #+1493]
   \   0000008E   0xB2DB             UXTB     R3,R3
   \   00000090   0x42AB             CMP      R3,R5
   \   00000092   0xBF88             IT       HI 
   \   00000094   0x462B             MOVHI    R3,R5
   \   00000096   0xF882 0x35D5      STRB     R3,[R2, #+1493]
   \   0000009A   0x2201             MOVS     R2,#+1
   \   0000009C   0x7022             STRB     R2,[R4, #+0]
   \   0000009E   0x2203             MOVS     R2,#+3
   \   000000A0   0x7062             STRB     R2,[R4, #+1]
   \   000000A2   0x78A2             LDRB     R2,[R4, #+2]
   \   000000A4   0xF360 0x0203      BFI      R2,R0,#+0,#+4
   \   000000A8   0x70A2             STRB     R2,[R4, #+2]
   \   000000AA   0x2000             MOVS     R0,#+0
   \   000000AC   0x70E0             STRB     R0,[R4, #+3]
   \   000000AE   0x78A0             LDRB     R0,[R4, #+2]
   \   000000B0   0xF000 0x008F      AND      R0,R0,#0x8F
   \   000000B4   0x70A0             STRB     R0,[R4, #+2]
   1067                  if (ptr!=(REVEAL_COMMAND_TYPE *)NULL)
   1068                  {
   1069                      Reveal__AddDataU16(ptr,time);
   \   000000B6   0x4620             MOV      R0,R4
   \   000000B8   0x.... 0x....      BL       Reveal__AddDataU16
   1070                      Reveal__QueueCommand(ptr);
   \   000000BC   0x4620             MOV      R0,R4
   \   000000BE   0xE8BD 0x4070      POP      {R4-R6,LR}
   \   000000C2   0x....             B.N      Reveal__QueueCommand
   1071                  }
   1072              }
   \                     ??Reveal__SetNodeHeartBeat_5: (+1)
   \   000000C4   0xF8B2 0x05E6      LDRH     R0,[R2, #+1510]
   \   000000C8   0x1C40             ADDS     R0,R0,#+1
   \   000000CA   0xF8A2 0x05E6      STRH     R0,[R2, #+1510]
   1073          }
   \                     ??Reveal__SetNodeHeartBeat_4: (+1)
   \   000000CE   0xBD70             POP      {R4-R6,PC}       ;; return
   1074          
   1075          //---------------------------------------------------------------------------------------------------------------------
   1076          /**
   1077           * @brief This method exposes the status of the nodes based on Reveal messages.
   1078           * @return
   1079           */

   \                                 In section .text, align 2, keep-with-next
   1080          uint16 Reveal__GetNodestatus(void)
   1081          {
   1082              return (Reveal_Node_Status);
   \                     Reveal__GetNodestatus: (+1)
   \   00000000   0x.... 0x....      LDR.W    R0,??DataTable23
   \   00000004   0xF8B0 0x05EC      LDRH     R0,[R0, #+1516]
   \   00000008   0x4770             BX       LR               ;; return
   1083          }
   1084          
   1085          #if (REVEAL_1S_EXTERNAL_REFFERENCE == ENABLED)
   1086          //---------------------------------------------------------------------------------------------------------------------
   1087          /**
   1088           * @brief External procedure to be called every 1s in order to generate the heart beat
   1089           */
   1090          void Reveal__1sHandler(void)
   1091          {
   1092              Reveal1sTasks();
   1093          
   1094              if (Reveal_Heartbeat_Timer > 0)
   1095              {
   1096                  uint8 nd;
   1097          
   1098                  for(nd=0;nd<sizeof(Reveal_Heartbeat_Node_Counter);nd++)
   1099                  {
   1100                      if (nd != LLC_OWN_ADDRESS)
   1101                      {
   1102                          if (Reveal_Heartbeat_Node_Counter[nd] > 0)
   1103                          {
   1104                              Reveal_Heartbeat_Node_Counter[nd]--;
   1105                              if (Reveal_Heartbeat_Node_Counter[nd] == 0)
   1106                              {
   1107                                  // Fault detected
   1108                                  BIT_CLR(Reveal_Node_Status,nd);
   1109                              }
   1110                          }
   1111                      }
   1112                  }
   1113              }
   1114          }
   1115          #endif
   1116          
   1117          //---------------------------------------------------------------------------------------------------------------------
   1118          /**
   1119           * @brief Add an 8-bit uint8 data type to a Reveal message.
   1120           * @param api - the api id of the command
   1121           * @param opcode - the opcode of the command
   1122           * @param node - the node id to send the message to
   1123           * @param is_command - TRUE = Command, FALSE = Feedback
   1124           * @param is_priority TRUE = Priority, FALSE = Normal
   1125            * @return result of the operation
   1126           *  @retval TRUE - Message was successfully queued
   1127           *  @retval FALSE - Message failed to queued
   1128           */

   \                                 In section .text, align 4, keep-with-next
   1129          BOOL_TYPE Reveal__QueueMessageNoData(uint8 api, uint8 opcode, uint8 node,BOOL_TYPE is_command, BOOL_TYPE is_priority )
                                                                                                                          ^
Remark[Pe826]: parameter "is_priority" was never referenced
   1130          {
   \                     Reveal__QueueMessageNoData: (+1)
   \   00000000   0xB5F0             PUSH     {R4-R7,LR}
   1131              REVEAL_COMMAND_TYPE * ptr;
   1132              if(is_command == TRUE)
   \   00000002   0x.... 0x....      LDR.W    R4,??DataTable23
   \   00000006   0xF8B4 0x55E6      LDRH     R5,[R4, #+1510]
   \   0000000A   0xF8B4 0x65EE      LDRH     R6,[R4, #+1518]
   \   0000000E   0xB081             SUB      SP,SP,#+4
   \   00000010   0x2B01             CMP      R3,#+1
   \   00000012   0xD15A             BNE.N    ??Reveal__QueueMessageNoData_0
   1133              {
   1134                  ptr = Reveal__NewCommand(api, opcode, node,0);
   \   00000014   0x2300             MOVS     R3,#+0
   \   00000016   0xB30E             CBZ.N    R6,??Reveal__QueueMessageNoData_1
   \   00000018   0x2600             MOVS     R6,#+0
   \   0000001A   0x2803             CMP      R0,#+3
   \   0000001C   0xD015             BEQ.N    ??Reveal__QueueMessageNoData_2
   \   0000001E   0x2601             MOVS     R6,#+1
   \   00000020   0x.... 0x....      LDR.W    R7,??DataTable24
   \                     ??Reveal__QueueMessageNoData_3: (+1)
   \   00000024   0xF817 0xCB01      LDRB     R12,[R7], #+1
   \   00000028   0x4560             CMP      R0,R12
   \   0000002A   0xBF1E             ITTT     NE 
   \   0000002C   0x1C76             ADDNE    R6,R6,#+1
   \   0000002E   0xF817 0xCB01      LDRBNE   R12,[R7], #+1
   \   00000032   0x4560             CMPNE    R0,R12
   \   00000034   0xBF1E             ITTT     NE 
   \   00000036   0x1C76             ADDNE    R6,R6,#+1
   \   00000038   0xF817 0xCB01      LDRBNE   R12,[R7], #+1
   \   0000003C   0x4560             CMPNE    R0,R12
   \   0000003E   0xD004             BEQ.N    ??Reveal__QueueMessageNoData_2
   \   00000040   0x1C76             ADDS     R6,R6,#+1
   \   00000042   0xB2F6             UXTB     R6,R6
   \   00000044   0x2E13             CMP      R6,#+19
   \   00000046   0xD3ED             BCC.N    ??Reveal__QueueMessageNoData_3
   \   00000048   0xE008             B.N      ??Reveal__QueueMessageNoData_1
   \                     ??Reveal__QueueMessageNoData_2: (+1)
   \   0000004A   0xB2F6             UXTB     R6,R6
   \   0000004C   0xEB04 0x0686      ADD      R6,R4,R6, LSL #+2
   \   00000050   0xF8D6 0x6610      LDR      R6,[R6, #+1552]
   \   00000054   0x40CE             LSRS     R6,R6,R1
   \   00000056   0x07F6             LSLS     R6,R6,#+31
   \   00000058   0xF100 0x8095      BMI.W    ??Reveal__QueueMessageNoData_4
   \                     ??Reveal__QueueMessageNoData_1: (+1)
   \   0000005C   0x2A10             CMP      R2,#+16
   \   0000005E   0xF280 0x8092      BGE.W    ??Reveal__QueueMessageNoData_4
   \   00000062   0xF894 0x65CC      LDRB     R6,[R4, #+1484]
   \   00000066   0x1937             ADDS     R7,R6,R4
   \   00000068   0xF897 0xE5F0      LDRB     LR,[R7, #+1520]
   \   0000006C   0xF1BE 0x0F00      CMP      LR,#+0
   \   00000070   0xD159             BNE.N    ??Reveal__QueueMessageNoData_5
   \   00000072   0x2308             MOVS     R3,#+8
   \   00000074   0xF887 0x35F0      STRB     R3,[R7, #+1520]
   \   00000078   0x2345             MOVS     R3,#+69
   \   0000007A   0xFB13 0x4306      SMLABB   R3,R3,R6,R4
   \   0000007E   0x1C76             ADDS     R6,R6,#+1
   \   00000080   0x3364             ADDS     R3,R3,#+100
   \   00000082   0xB2F6             UXTB     R6,R6
   \   00000084   0x2E0F             CMP      R6,#+15
   \   00000086   0xBF28             IT       CS 
   \   00000088   0x2600             MOVCS    R6,#+0
   \   0000008A   0xF884 0x65CC      STRB     R6,[R4, #+1484]
   \   0000008E   0xF894 0x75CC      LDRB     R7,[R4, #+1484]
   \   00000092   0xF894 0x65CD      LDRB     R6,[R4, #+1485]
   \   00000096   0x42B7             CMP      R7,R6
   \   00000098   0xBF26             ITTE     CS 
   \   0000009A   0xF1C7 0x070F      RSBCS    R7,R7,#+15
   \   0000009E   0x19F6             ADDCS    R6,R6,R7
   \   000000A0   0x1BF6             SUBCC    R6,R6,R7
   \   000000A2   0xF894 0x75D5      LDRB     R7,[R4, #+1493]
   \   000000A6   0xB2F6             UXTB     R6,R6
   \   000000A8   0x42BE             CMP      R6,R7
   \   000000AA   0xBF88             IT       HI 
   \   000000AC   0x463E             MOVHI    R6,R7
   \   000000AE   0xF884 0x65D5      STRB     R6,[R4, #+1493]
   \   000000B2   0x7018             STRB     R0,[R3, #+0]
   \   000000B4   0x7059             STRB     R1,[R3, #+1]
   \   000000B6   0x7898             LDRB     R0,[R3, #+2]
   \   000000B8   0xF362 0x0003      BFI      R0,R2,#+0,#+4
   \   000000BC   0x7098             STRB     R0,[R3, #+2]
   \   000000BE   0x2000             MOVS     R0,#+0
   \   000000C0   0x70D8             STRB     R0,[R3, #+3]
   \   000000C2   0x7898             LDRB     R0,[R3, #+2]
   \   000000C4   0xF000 0x008F      AND      R0,R0,#0x8F
   \   000000C8   0xE05C             B.N      ??Reveal__QueueMessageNoData_6
   1135              }
   1136              else
   1137              {
   1138                  ptr = Reveal__NewFeedback(api, opcode, node,0);
   \                     ??Reveal__QueueMessageNoData_0: (+1)
   \   000000CA   0x2300             MOVS     R3,#+0
   \   000000CC   0xB30E             CBZ.N    R6,??Reveal__QueueMessageNoData_7
   \   000000CE   0x2600             MOVS     R6,#+0
   \   000000D0   0x2803             CMP      R0,#+3
   \   000000D2   0xD016             BEQ.N    ??Reveal__QueueMessageNoData_8
   \   000000D4   0xF05F 0x0601      MOVS.W   R6,#+1
   \   000000D8   0x.... 0x....      LDR.W    R7,??DataTable24
   \                     ??Reveal__QueueMessageNoData_9: (+1)
   \   000000DC   0xF817 0xCB01      LDRB     R12,[R7], #+1
   \   000000E0   0x4560             CMP      R0,R12
   \   000000E2   0xBF1E             ITTT     NE 
   \   000000E4   0x1C76             ADDNE    R6,R6,#+1
   \   000000E6   0xF817 0xCB01      LDRBNE   R12,[R7], #+1
   \   000000EA   0x4560             CMPNE    R0,R12
   \   000000EC   0xBF1E             ITTT     NE 
   \   000000EE   0x1C76             ADDNE    R6,R6,#+1
   \   000000F0   0xF817 0xCB01      LDRBNE   R12,[R7], #+1
   \   000000F4   0x4560             CMPNE    R0,R12
   \   000000F6   0xD004             BEQ.N    ??Reveal__QueueMessageNoData_8
   \   000000F8   0x1C76             ADDS     R6,R6,#+1
   \   000000FA   0xB2F6             UXTB     R6,R6
   \   000000FC   0x2E13             CMP      R6,#+19
   \   000000FE   0xD3ED             BCC.N    ??Reveal__QueueMessageNoData_9
   \   00000100   0xE007             B.N      ??Reveal__QueueMessageNoData_7
   \                     ??Reveal__QueueMessageNoData_8: (+1)
   \   00000102   0xB2F6             UXTB     R6,R6
   \   00000104   0xEB04 0x0686      ADD      R6,R4,R6, LSL #+2
   \   00000108   0xF8D6 0x6610      LDR      R6,[R6, #+1552]
   \   0000010C   0x40CE             LSRS     R6,R6,R1
   \   0000010E   0x07F6             LSLS     R6,R6,#+31
   \   00000110   0xD439             BMI.N    ??Reveal__QueueMessageNoData_4
   \                     ??Reveal__QueueMessageNoData_7: (+1)
   \   00000112   0x2A10             CMP      R2,#+16
   \   00000114   0xDA37             BGE.N    ??Reveal__QueueMessageNoData_4
   \   00000116   0xF894 0x65CC      LDRB     R6,[R4, #+1484]
   \   0000011A   0x1937             ADDS     R7,R6,R4
   \   0000011C   0xF897 0xE5F0      LDRB     LR,[R7, #+1520]
   \   00000120   0xF1BE 0x0F00      CMP      LR,#+0
   \   00000124   0xD001             BEQ.N    ??Reveal__QueueMessageNoData_10
   \                     ??Reveal__QueueMessageNoData_5: (+1)
   \   00000126   0x1C6D             ADDS     R5,R5,#+1
   \   00000128   0xE02D             B.N      ??Reveal__QueueMessageNoData_4
   \                     ??Reveal__QueueMessageNoData_10: (+1)
   \   0000012A   0x2308             MOVS     R3,#+8
   \   0000012C   0xF887 0x35F0      STRB     R3,[R7, #+1520]
   \   00000130   0x2345             MOVS     R3,#+69
   \   00000132   0xFB13 0x4306      SMLABB   R3,R3,R6,R4
   \   00000136   0x1C76             ADDS     R6,R6,#+1
   \   00000138   0x3364             ADDS     R3,R3,#+100
   \   0000013A   0xB2F6             UXTB     R6,R6
   \   0000013C   0x2E0F             CMP      R6,#+15
   \   0000013E   0xBF28             IT       CS 
   \   00000140   0x2600             MOVCS    R6,#+0
   \   00000142   0xF884 0x65CC      STRB     R6,[R4, #+1484]
   \   00000146   0xF894 0x75CC      LDRB     R7,[R4, #+1484]
   \   0000014A   0xF894 0x65CD      LDRB     R6,[R4, #+1485]
   \   0000014E   0x42B7             CMP      R7,R6
   \   00000150   0xBF26             ITTE     CS 
   \   00000152   0xF1C7 0x070F      RSBCS    R7,R7,#+15
   \   00000156   0x19F6             ADDCS    R6,R6,R7
   \   00000158   0x1BF6             SUBCC    R6,R6,R7
   \   0000015A   0xF894 0x75D5      LDRB     R7,[R4, #+1493]
   \   0000015E   0xB2F6             UXTB     R6,R6
   \   00000160   0x42BE             CMP      R6,R7
   \   00000162   0xBF88             IT       HI 
   \   00000164   0x463E             MOVHI    R6,R7
   \   00000166   0xF884 0x65D5      STRB     R6,[R4, #+1493]
   \   0000016A   0x7018             STRB     R0,[R3, #+0]
   \   0000016C   0x7059             STRB     R1,[R3, #+1]
   \   0000016E   0x7898             LDRB     R0,[R3, #+2]
   \   00000170   0xF362 0x0003      BFI      R0,R2,#+0,#+4
   \   00000174   0x7098             STRB     R0,[R3, #+2]
   \   00000176   0x2000             MOVS     R0,#+0
   \   00000178   0x70D8             STRB     R0,[R3, #+3]
   \   0000017A   0x7898             LDRB     R0,[R3, #+2]
   \   0000017C   0xF000 0x009F      AND      R0,R0,#0x9F
   \   00000180   0xF040 0x0010      ORR      R0,R0,#0x10
   \                     ??Reveal__QueueMessageNoData_6: (+1)
   \   00000184   0x7098             STRB     R0,[R3, #+2]
   1139              }
   \                     ??Reveal__QueueMessageNoData_4: (+1)
   \   00000186   0xF8A4 0x55E6      STRH     R5,[R4, #+1510]
   1140              if (ptr != (REVEAL_COMMAND_TYPE *) NULL)
   \   0000018A   0xB12B             CBZ.N    R3,??Reveal__QueueMessageNoData_11
   1141              {
   1142                  Reveal__QueueCommand(ptr);
   \   0000018C   0x4618             MOV      R0,R3
   \   0000018E   0x.... 0x....      BL       Reveal__QueueCommand
   1143                  return (TRUE);
   \   00000192   0x2001             MOVS     R0,#+1
   \   00000194   0xB001             ADD      SP,SP,#+4
   \   00000196   0xBDF0             POP      {R4-R7,PC}
   1144              }
   1145              else
   1146              {
   1147                  return(FALSE);
   \                     ??Reveal__QueueMessageNoData_11: (+1)
   \   00000198   0x2000             MOVS     R0,#+0
   \   0000019A   0xB001             ADD      SP,SP,#+4
   \   0000019C   0xBDF0             POP      {R4-R7,PC}       ;; return
   1148              }
   1149          
   1150          
   1151          }
   1152          
   1153          //---------------------------------------------------------------------------------------------------------------------
   1154          /**
   1155           * @brief Add an 8-bit uint8 data type to a Reveal message.
   1156           * @param api - the api id of the command
   1157           * @param opcode - the opcode of the command
   1158           * @param node - the node id to send the message to
   1159           * @param is_command - TRUE = Command, FALSE = Feedback
   1160           * @param is_priority TRUE = Priority, FALSE = Normal
   1161           * @param data - the data byte to add to the message
   1162           * @return result of the operation
   1163           *  @retval TRUE - Message was successfully queued
   1164           *  @retval FALSE - Message failed to queued
   1165           */

   \                                 In section .text, align 4, keep-with-next
   1166          BOOL_TYPE Reveal__QueueMessageU8(uint8 api, uint8 opcode, uint8 node,BOOL_TYPE is_command, BOOL_TYPE is_priority,uint8 data )
                                                                                                                      ^
Remark[Pe826]: parameter "is_priority" was never referenced
   1167          {
   \                     Reveal__QueueMessageU8: (+1)
   \   00000000   0xB5F0             PUSH     {R4-R7,LR}
   1168              REVEAL_COMMAND_TYPE * ptr;
   1169              if(is_command == TRUE)
   \   00000002   0x....             LDR.N    R5,??DataTable22
   \   00000004   0xF8B5 0x65E6      LDRH     R6,[R5, #+1510]
   \   00000008   0xF8B5 0x75EE      LDRH     R7,[R5, #+1518]
   \   0000000C   0xB081             SUB      SP,SP,#+4
   \   0000000E   0x2B01             CMP      R3,#+1
   \   00000010   0xD15B             BNE.N    ??Reveal__QueueMessageU8_0
   1170              {
   1171                  ptr = Reveal__NewCommand(api, opcode, node,1);
   \   00000012   0x2400             MOVS     R4,#+0
   \   00000014   0xB317             CBZ.N    R7,??Reveal__QueueMessageU8_1
   \   00000016   0x2300             MOVS     R3,#+0
   \   00000018   0x2803             CMP      R0,#+3
   \   0000001A   0xD016             BEQ.N    ??Reveal__QueueMessageU8_2
   \   0000001C   0xF05F 0x0301      MOVS.W   R3,#+1
   \   00000020   0x.... 0x....      LDR.W    R7,??DataTable24
   \                     ??Reveal__QueueMessageU8_3: (+1)
   \   00000024   0xF817 0xCB01      LDRB     R12,[R7], #+1
   \   00000028   0x4560             CMP      R0,R12
   \   0000002A   0xBF1E             ITTT     NE 
   \   0000002C   0x1C5B             ADDNE    R3,R3,#+1
   \   0000002E   0xF817 0xCB01      LDRBNE   R12,[R7], #+1
   \   00000032   0x4560             CMPNE    R0,R12
   \   00000034   0xBF1E             ITTT     NE 
   \   00000036   0x1C5B             ADDNE    R3,R3,#+1
   \   00000038   0xF817 0xCB01      LDRBNE   R12,[R7], #+1
   \   0000003C   0x4560             CMPNE    R0,R12
   \   0000003E   0xD004             BEQ.N    ??Reveal__QueueMessageU8_2
   \   00000040   0x1C5B             ADDS     R3,R3,#+1
   \   00000042   0xB2DB             UXTB     R3,R3
   \   00000044   0x2B13             CMP      R3,#+19
   \   00000046   0xD3ED             BCC.N    ??Reveal__QueueMessageU8_3
   \   00000048   0xE008             B.N      ??Reveal__QueueMessageU8_1
   \                     ??Reveal__QueueMessageU8_2: (+1)
   \   0000004A   0xB2DB             UXTB     R3,R3
   \   0000004C   0xEB05 0x0383      ADD      R3,R5,R3, LSL #+2
   \   00000050   0xF8D3 0x3610      LDR      R3,[R3, #+1552]
   \   00000054   0x40CB             LSRS     R3,R3,R1
   \   00000056   0x07DB             LSLS     R3,R3,#+31
   \   00000058   0xF100 0x8095      BMI.W    ??Reveal__QueueMessageU8_4
   \                     ??Reveal__QueueMessageU8_1: (+1)
   \   0000005C   0x2A10             CMP      R2,#+16
   \   0000005E   0xF280 0x8092      BGE.W    ??Reveal__QueueMessageU8_4
   \   00000062   0xF895 0x35CC      LDRB     R3,[R5, #+1484]
   \   00000066   0x195F             ADDS     R7,R3,R5
   \   00000068   0xF897 0xE5F0      LDRB     LR,[R7, #+1520]
   \   0000006C   0xF1BE 0x0F00      CMP      LR,#+0
   \   00000070   0xD159             BNE.N    ??Reveal__QueueMessageU8_5
   \   00000072   0x2408             MOVS     R4,#+8
   \   00000074   0xF887 0x45F0      STRB     R4,[R7, #+1520]
   \   00000078   0x2445             MOVS     R4,#+69
   \   0000007A   0xFB14 0x5403      SMLABB   R4,R4,R3,R5
   \   0000007E   0x1C5B             ADDS     R3,R3,#+1
   \   00000080   0x3464             ADDS     R4,R4,#+100
   \   00000082   0xB2DB             UXTB     R3,R3
   \   00000084   0x2B0F             CMP      R3,#+15
   \   00000086   0xBF28             IT       CS 
   \   00000088   0x2300             MOVCS    R3,#+0
   \   0000008A   0xF885 0x35CC      STRB     R3,[R5, #+1484]
   \   0000008E   0xF895 0x75CC      LDRB     R7,[R5, #+1484]
   \   00000092   0xF895 0x35CD      LDRB     R3,[R5, #+1485]
   \   00000096   0x429F             CMP      R7,R3
   \   00000098   0xBF26             ITTE     CS 
   \   0000009A   0xF1C7 0x070F      RSBCS    R7,R7,#+15
   \   0000009E   0x19DB             ADDCS    R3,R3,R7
   \   000000A0   0x1BDB             SUBCC    R3,R3,R7
   \   000000A2   0xF895 0x75D5      LDRB     R7,[R5, #+1493]
   \   000000A6   0xB2DB             UXTB     R3,R3
   \   000000A8   0x42BB             CMP      R3,R7
   \   000000AA   0xBF88             IT       HI 
   \   000000AC   0x463B             MOVHI    R3,R7
   \   000000AE   0xF885 0x35D5      STRB     R3,[R5, #+1493]
   \   000000B2   0x7020             STRB     R0,[R4, #+0]
   \   000000B4   0x7061             STRB     R1,[R4, #+1]
   \   000000B6   0x78A0             LDRB     R0,[R4, #+2]
   \   000000B8   0xF362 0x0003      BFI      R0,R2,#+0,#+4
   \   000000BC   0x70A0             STRB     R0,[R4, #+2]
   \   000000BE   0x2000             MOVS     R0,#+0
   \   000000C0   0x70E0             STRB     R0,[R4, #+3]
   \   000000C2   0x78A0             LDRB     R0,[R4, #+2]
   \   000000C4   0xF000 0x008F      AND      R0,R0,#0x8F
   \   000000C8   0xE05C             B.N      ??Reveal__QueueMessageU8_6
   1172              }
   1173              else
   1174              {
   1175                  ptr = Reveal__NewFeedback(api, opcode, node,1);
   \                     ??Reveal__QueueMessageU8_0: (+1)
   \   000000CA   0x2400             MOVS     R4,#+0
   \   000000CC   0xB30F             CBZ.N    R7,??Reveal__QueueMessageU8_7
   \   000000CE   0x2300             MOVS     R3,#+0
   \   000000D0   0x2803             CMP      R0,#+3
   \   000000D2   0xD016             BEQ.N    ??Reveal__QueueMessageU8_8
   \   000000D4   0xF05F 0x0301      MOVS.W   R3,#+1
   \   000000D8   0x.... 0x....      LDR.W    R7,??DataTable24
   \                     ??Reveal__QueueMessageU8_9: (+1)
   \   000000DC   0xF817 0xCB01      LDRB     R12,[R7], #+1
   \   000000E0   0x4560             CMP      R0,R12
   \   000000E2   0xBF1E             ITTT     NE 
   \   000000E4   0x1C5B             ADDNE    R3,R3,#+1
   \   000000E6   0xF817 0xCB01      LDRBNE   R12,[R7], #+1
   \   000000EA   0x4560             CMPNE    R0,R12
   \   000000EC   0xBF1E             ITTT     NE 
   \   000000EE   0x1C5B             ADDNE    R3,R3,#+1
   \   000000F0   0xF817 0xCB01      LDRBNE   R12,[R7], #+1
   \   000000F4   0x4560             CMPNE    R0,R12
   \   000000F6   0xD004             BEQ.N    ??Reveal__QueueMessageU8_8
   \   000000F8   0x1C5B             ADDS     R3,R3,#+1
   \   000000FA   0xB2DB             UXTB     R3,R3
   \   000000FC   0x2B13             CMP      R3,#+19
   \   000000FE   0xD3ED             BCC.N    ??Reveal__QueueMessageU8_9
   \   00000100   0xE007             B.N      ??Reveal__QueueMessageU8_7
   \                     ??Reveal__QueueMessageU8_8: (+1)
   \   00000102   0xB2DB             UXTB     R3,R3
   \   00000104   0xEB05 0x0383      ADD      R3,R5,R3, LSL #+2
   \   00000108   0xF8D3 0x3610      LDR      R3,[R3, #+1552]
   \   0000010C   0x40CB             LSRS     R3,R3,R1
   \   0000010E   0x07DB             LSLS     R3,R3,#+31
   \   00000110   0xD439             BMI.N    ??Reveal__QueueMessageU8_4
   \                     ??Reveal__QueueMessageU8_7: (+1)
   \   00000112   0x2A10             CMP      R2,#+16
   \   00000114   0xDA37             BGE.N    ??Reveal__QueueMessageU8_4
   \   00000116   0xF895 0x35CC      LDRB     R3,[R5, #+1484]
   \   0000011A   0x195F             ADDS     R7,R3,R5
   \   0000011C   0xF897 0xE5F0      LDRB     LR,[R7, #+1520]
   \   00000120   0xF1BE 0x0F00      CMP      LR,#+0
   \   00000124   0xD001             BEQ.N    ??Reveal__QueueMessageU8_10
   \                     ??Reveal__QueueMessageU8_5: (+1)
   \   00000126   0x1C76             ADDS     R6,R6,#+1
   \   00000128   0xE02D             B.N      ??Reveal__QueueMessageU8_4
   \                     ??Reveal__QueueMessageU8_10: (+1)
   \   0000012A   0x2408             MOVS     R4,#+8
   \   0000012C   0xF887 0x45F0      STRB     R4,[R7, #+1520]
   \   00000130   0x2445             MOVS     R4,#+69
   \   00000132   0xFB14 0x5403      SMLABB   R4,R4,R3,R5
   \   00000136   0x1C5B             ADDS     R3,R3,#+1
   \   00000138   0x3464             ADDS     R4,R4,#+100
   \   0000013A   0xB2DB             UXTB     R3,R3
   \   0000013C   0x2B0F             CMP      R3,#+15
   \   0000013E   0xBF28             IT       CS 
   \   00000140   0x2300             MOVCS    R3,#+0
   \   00000142   0xF885 0x35CC      STRB     R3,[R5, #+1484]
   \   00000146   0xF895 0x75CC      LDRB     R7,[R5, #+1484]
   \   0000014A   0xF895 0x35CD      LDRB     R3,[R5, #+1485]
   \   0000014E   0x429F             CMP      R7,R3
   \   00000150   0xBF26             ITTE     CS 
   \   00000152   0xF1C7 0x070F      RSBCS    R7,R7,#+15
   \   00000156   0x19DB             ADDCS    R3,R3,R7
   \   00000158   0x1BDB             SUBCC    R3,R3,R7
   \   0000015A   0xF895 0x75D5      LDRB     R7,[R5, #+1493]
   \   0000015E   0xB2DB             UXTB     R3,R3
   \   00000160   0x42BB             CMP      R3,R7
   \   00000162   0xBF88             IT       HI 
   \   00000164   0x463B             MOVHI    R3,R7
   \   00000166   0xF885 0x35D5      STRB     R3,[R5, #+1493]
   \   0000016A   0x7020             STRB     R0,[R4, #+0]
   \   0000016C   0x7061             STRB     R1,[R4, #+1]
   \   0000016E   0x78A0             LDRB     R0,[R4, #+2]
   \   00000170   0xF362 0x0003      BFI      R0,R2,#+0,#+4
   \   00000174   0x70A0             STRB     R0,[R4, #+2]
   \   00000176   0x2000             MOVS     R0,#+0
   \   00000178   0x70E0             STRB     R0,[R4, #+3]
   \   0000017A   0x78A0             LDRB     R0,[R4, #+2]
   \   0000017C   0xF000 0x009F      AND      R0,R0,#0x9F
   \   00000180   0xF040 0x0010      ORR      R0,R0,#0x10
   \                     ??Reveal__QueueMessageU8_6: (+1)
   \   00000184   0x70A0             STRB     R0,[R4, #+2]
   1176              }
   \                     ??Reveal__QueueMessageU8_4: (+1)
   \   00000186   0xF8A5 0x65E6      STRH     R6,[R5, #+1510]
   1177              if (ptr != (REVEAL_COMMAND_TYPE *) NULL)
   \   0000018A   0xB19C             CBZ.N    R4,??Reveal__QueueMessageU8_11
   1178              {
   1179                  Reveal__AddDataU8(ptr, data);
   \   0000018C   0x4620             MOV      R0,R4
   \   0000018E   0x.... 0x....      BL       IsPendingMessage
   \   00000192   0x2801             CMP      R0,#+1
   \   00000194   0xD108             BNE.N    ??Reveal__QueueMessageU8_12
   \   00000196   0x78E1             LDRB     R1,[R4, #+3]
   \   00000198   0x2941             CMP      R1,#+65
   \   0000019A   0xDA05             BGE.N    ??Reveal__QueueMessageU8_12
   \   0000019C   0x9807             LDR      R0,[SP, #+28]
   \   0000019E   0x1909             ADDS     R1,R1,R4
   \   000001A0   0x7108             STRB     R0,[R1, #+4]
   \   000001A2   0x78E0             LDRB     R0,[R4, #+3]
   \   000001A4   0x1C40             ADDS     R0,R0,#+1
   \   000001A6   0x70E0             STRB     R0,[R4, #+3]
   1180                  Reveal__QueueCommand(ptr);
   \                     ??Reveal__QueueMessageU8_12: (+1)
   \   000001A8   0x4620             MOV      R0,R4
   \   000001AA   0x.... 0x....      BL       Reveal__QueueCommand
   1181                  return (TRUE);
   \   000001AE   0x2001             MOVS     R0,#+1
   \   000001B0   0xB001             ADD      SP,SP,#+4
   \   000001B2   0xBDF0             POP      {R4-R7,PC}
   1182              }
   1183              else
   1184              {
   1185                  return(FALSE);
   \                     ??Reveal__QueueMessageU8_11: (+1)
   \   000001B4   0x2000             MOVS     R0,#+0
   \   000001B6   0xB001             ADD      SP,SP,#+4
   \   000001B8   0xBDF0             POP      {R4-R7,PC}       ;; return
   1186              }
   1187          
   1188          
   1189          }
   1190          
   1191          //---------------------------------------------------------------------------------------------------------------------
   1192          /**
   1193           * @brief Add a 16-bit uint16 data type to a Reveal message.
   1194           * @param api - the api id of the command
   1195           * @param opcode - the opcode of the command
   1196           * @param node - the node id to send the message to
   1197           * @param is_command TRUE = Command, FALSE = Feedback
   1198           * @param is_priority TRUE = Priority, FALSE = Normal
   1199           * @param data - the 16-bit data to add to the message
   1200           * @return result of the operation
   1201           *  @retval TRUE - Message was successfully queued
   1202           *  @retval FALSE - Message failed to queued
   1203           */

   \                                 In section .text, align 4, keep-with-next
   1204          BOOL_TYPE Reveal__QueueMessageU16(uint8 api, uint8 opcode, uint8 node,BOOL_TYPE is_command ,BOOL_TYPE is_priority, uint16 data)
                                                                                                                       ^
Remark[Pe826]: parameter "is_priority" was never referenced
   1205          {
   \                     Reveal__QueueMessageU16: (+1)
   \   00000000   0xB5F0             PUSH     {R4-R7,LR}
   1206              REVEAL_COMMAND_TYPE * ptr;
   1207              if(is_command == TRUE)
   \   00000002   0x....             LDR.N    R5,??DataTable23
   \   00000004   0xF8B5 0x65E6      LDRH     R6,[R5, #+1510]
   \   00000008   0xF8B5 0x75EE      LDRH     R7,[R5, #+1518]
   \   0000000C   0xB081             SUB      SP,SP,#+4
   \   0000000E   0x2B01             CMP      R3,#+1
   \   00000010   0xD159             BNE.N    ??Reveal__QueueMessageU16_0
   1208              {
   1209                  ptr = Reveal__NewCommand(api, opcode, node,2);
   \   00000012   0x2400             MOVS     R4,#+0
   \   00000014   0xB307             CBZ.N    R7,??Reveal__QueueMessageU16_1
   \   00000016   0x2300             MOVS     R3,#+0
   \   00000018   0x2803             CMP      R0,#+3
   \   0000001A   0xD014             BEQ.N    ??Reveal__QueueMessageU16_2
   \   0000001C   0x2301             MOVS     R3,#+1
   \   0000001E   0x....             LDR.N    R7,??DataTable24
   \                     ??Reveal__QueueMessageU16_3: (+1)
   \   00000020   0xF817 0xCB01      LDRB     R12,[R7], #+1
   \   00000024   0x4560             CMP      R0,R12
   \   00000026   0xBF1E             ITTT     NE 
   \   00000028   0x1C5B             ADDNE    R3,R3,#+1
   \   0000002A   0xF817 0xCB01      LDRBNE   R12,[R7], #+1
   \   0000002E   0x4560             CMPNE    R0,R12
   \   00000030   0xBF1E             ITTT     NE 
   \   00000032   0x1C5B             ADDNE    R3,R3,#+1
   \   00000034   0xF817 0xCB01      LDRBNE   R12,[R7], #+1
   \   00000038   0x4560             CMPNE    R0,R12
   \   0000003A   0xD004             BEQ.N    ??Reveal__QueueMessageU16_2
   \   0000003C   0x1C5B             ADDS     R3,R3,#+1
   \   0000003E   0xB2DB             UXTB     R3,R3
   \   00000040   0x2B13             CMP      R3,#+19
   \   00000042   0xD3ED             BCC.N    ??Reveal__QueueMessageU16_3
   \   00000044   0xE008             B.N      ??Reveal__QueueMessageU16_1
   \                     ??Reveal__QueueMessageU16_2: (+1)
   \   00000046   0xB2DB             UXTB     R3,R3
   \   00000048   0xEB05 0x0383      ADD      R3,R5,R3, LSL #+2
   \   0000004C   0xF8D3 0x3610      LDR      R3,[R3, #+1552]
   \   00000050   0x40CB             LSRS     R3,R3,R1
   \   00000052   0x07DB             LSLS     R3,R3,#+31
   \   00000054   0xF100 0x8093      BMI.W    ??Reveal__QueueMessageU16_4
   \                     ??Reveal__QueueMessageU16_1: (+1)
   \   00000058   0x2A10             CMP      R2,#+16
   \   0000005A   0xF280 0x8090      BGE.W    ??Reveal__QueueMessageU16_4
   \   0000005E   0xF895 0x35CC      LDRB     R3,[R5, #+1484]
   \   00000062   0x195F             ADDS     R7,R3,R5
   \   00000064   0xF897 0xE5F0      LDRB     LR,[R7, #+1520]
   \   00000068   0xF1BE 0x0F00      CMP      LR,#+0
   \   0000006C   0xD157             BNE.N    ??Reveal__QueueMessageU16_5
   \   0000006E   0x2408             MOVS     R4,#+8
   \   00000070   0xF887 0x45F0      STRB     R4,[R7, #+1520]
   \   00000074   0x2445             MOVS     R4,#+69
   \   00000076   0xFB14 0x5403      SMLABB   R4,R4,R3,R5
   \   0000007A   0x1C5B             ADDS     R3,R3,#+1
   \   0000007C   0x3464             ADDS     R4,R4,#+100
   \   0000007E   0xB2DB             UXTB     R3,R3
   \   00000080   0x2B0F             CMP      R3,#+15
   \   00000082   0xBF28             IT       CS 
   \   00000084   0x2300             MOVCS    R3,#+0
   \   00000086   0xF885 0x35CC      STRB     R3,[R5, #+1484]
   \   0000008A   0xF895 0x75CC      LDRB     R7,[R5, #+1484]
   \   0000008E   0xF895 0x35CD      LDRB     R3,[R5, #+1485]
   \   00000092   0x429F             CMP      R7,R3
   \   00000094   0xBF26             ITTE     CS 
   \   00000096   0xF1C7 0x070F      RSBCS    R7,R7,#+15
   \   0000009A   0x19DB             ADDCS    R3,R3,R7
   \   0000009C   0x1BDB             SUBCC    R3,R3,R7
   \   0000009E   0xF895 0x75D5      LDRB     R7,[R5, #+1493]
   \   000000A2   0xB2DB             UXTB     R3,R3
   \   000000A4   0x42BB             CMP      R3,R7
   \   000000A6   0xBF88             IT       HI 
   \   000000A8   0x463B             MOVHI    R3,R7
   \   000000AA   0xF885 0x35D5      STRB     R3,[R5, #+1493]
   \   000000AE   0x7020             STRB     R0,[R4, #+0]
   \   000000B0   0x7061             STRB     R1,[R4, #+1]
   \   000000B2   0x78A0             LDRB     R0,[R4, #+2]
   \   000000B4   0xF362 0x0003      BFI      R0,R2,#+0,#+4
   \   000000B8   0x70A0             STRB     R0,[R4, #+2]
   \   000000BA   0x2000             MOVS     R0,#+0
   \   000000BC   0x70E0             STRB     R0,[R4, #+3]
   \   000000BE   0x78A0             LDRB     R0,[R4, #+2]
   \   000000C0   0xF000 0x008F      AND      R0,R0,#0x8F
   \   000000C4   0xE05A             B.N      ??Reveal__QueueMessageU16_6
   1210              }
   1211              else
   1212              {
   1213                  ptr = Reveal__NewFeedback(api, opcode, node,2);
   \                     ??Reveal__QueueMessageU16_0: (+1)
   \   000000C6   0x2400             MOVS     R4,#+0
   \   000000C8   0xB1FF             CBZ.N    R7,??Reveal__QueueMessageU16_7
   \   000000CA   0x2300             MOVS     R3,#+0
   \   000000CC   0x2803             CMP      R0,#+3
   \   000000CE   0xD014             BEQ.N    ??Reveal__QueueMessageU16_8
   \   000000D0   0x2301             MOVS     R3,#+1
   \   000000D2   0x....             LDR.N    R7,??DataTable24
   \                     ??Reveal__QueueMessageU16_9: (+1)
   \   000000D4   0xF817 0xCB01      LDRB     R12,[R7], #+1
   \   000000D8   0x4560             CMP      R0,R12
   \   000000DA   0xBF1E             ITTT     NE 
   \   000000DC   0x1C5B             ADDNE    R3,R3,#+1
   \   000000DE   0xF817 0xCB01      LDRBNE   R12,[R7], #+1
   \   000000E2   0x4560             CMPNE    R0,R12
   \   000000E4   0xBF1E             ITTT     NE 
   \   000000E6   0x1C5B             ADDNE    R3,R3,#+1
   \   000000E8   0xF817 0xCB01      LDRBNE   R12,[R7], #+1
   \   000000EC   0x4560             CMPNE    R0,R12
   \   000000EE   0xD004             BEQ.N    ??Reveal__QueueMessageU16_8
   \   000000F0   0x1C5B             ADDS     R3,R3,#+1
   \   000000F2   0xB2DB             UXTB     R3,R3
   \   000000F4   0x2B13             CMP      R3,#+19
   \   000000F6   0xD3ED             BCC.N    ??Reveal__QueueMessageU16_9
   \   000000F8   0xE007             B.N      ??Reveal__QueueMessageU16_7
   \                     ??Reveal__QueueMessageU16_8: (+1)
   \   000000FA   0xB2DB             UXTB     R3,R3
   \   000000FC   0xEB05 0x0383      ADD      R3,R5,R3, LSL #+2
   \   00000100   0xF8D3 0x3610      LDR      R3,[R3, #+1552]
   \   00000104   0x40CB             LSRS     R3,R3,R1
   \   00000106   0x07DB             LSLS     R3,R3,#+31
   \   00000108   0xD439             BMI.N    ??Reveal__QueueMessageU16_4
   \                     ??Reveal__QueueMessageU16_7: (+1)
   \   0000010A   0x2A10             CMP      R2,#+16
   \   0000010C   0xDA37             BGE.N    ??Reveal__QueueMessageU16_4
   \   0000010E   0xF895 0x35CC      LDRB     R3,[R5, #+1484]
   \   00000112   0x195F             ADDS     R7,R3,R5
   \   00000114   0xF897 0xE5F0      LDRB     LR,[R7, #+1520]
   \   00000118   0xF1BE 0x0F00      CMP      LR,#+0
   \   0000011C   0xD001             BEQ.N    ??Reveal__QueueMessageU16_10
   \                     ??Reveal__QueueMessageU16_5: (+1)
   \   0000011E   0x1C76             ADDS     R6,R6,#+1
   \   00000120   0xE02D             B.N      ??Reveal__QueueMessageU16_4
   \                     ??Reveal__QueueMessageU16_10: (+1)
   \   00000122   0x2408             MOVS     R4,#+8
   \   00000124   0xF887 0x45F0      STRB     R4,[R7, #+1520]
   \   00000128   0x2445             MOVS     R4,#+69
   \   0000012A   0xFB14 0x5403      SMLABB   R4,R4,R3,R5
   \   0000012E   0x1C5B             ADDS     R3,R3,#+1
   \   00000130   0x3464             ADDS     R4,R4,#+100
   \   00000132   0xB2DB             UXTB     R3,R3
   \   00000134   0x2B0F             CMP      R3,#+15
   \   00000136   0xBF28             IT       CS 
   \   00000138   0x2300             MOVCS    R3,#+0
   \   0000013A   0xF885 0x35CC      STRB     R3,[R5, #+1484]
   \   0000013E   0xF895 0x75CC      LDRB     R7,[R5, #+1484]
   \   00000142   0xF895 0x35CD      LDRB     R3,[R5, #+1485]
   \   00000146   0x429F             CMP      R7,R3
   \   00000148   0xBF26             ITTE     CS 
   \   0000014A   0xF1C7 0x070F      RSBCS    R7,R7,#+15
   \   0000014E   0x19DB             ADDCS    R3,R3,R7
   \   00000150   0x1BDB             SUBCC    R3,R3,R7
   \   00000152   0xF895 0x75D5      LDRB     R7,[R5, #+1493]
   \   00000156   0xB2DB             UXTB     R3,R3
   \   00000158   0x42BB             CMP      R3,R7
   \   0000015A   0xBF88             IT       HI 
   \   0000015C   0x463B             MOVHI    R3,R7
   \   0000015E   0xF885 0x35D5      STRB     R3,[R5, #+1493]
   \   00000162   0x7020             STRB     R0,[R4, #+0]
   \   00000164   0x7061             STRB     R1,[R4, #+1]
   \   00000166   0x78A0             LDRB     R0,[R4, #+2]
   \   00000168   0xF362 0x0003      BFI      R0,R2,#+0,#+4
   \   0000016C   0x70A0             STRB     R0,[R4, #+2]
   \   0000016E   0x2000             MOVS     R0,#+0
   \   00000170   0x70E0             STRB     R0,[R4, #+3]
   \   00000172   0x78A0             LDRB     R0,[R4, #+2]
   \   00000174   0xF000 0x009F      AND      R0,R0,#0x9F
   \   00000178   0xF040 0x0010      ORR      R0,R0,#0x10
   \                     ??Reveal__QueueMessageU16_6: (+1)
   \   0000017C   0x70A0             STRB     R0,[R4, #+2]
   1214              }
   \                     ??Reveal__QueueMessageU16_4: (+1)
   \   0000017E   0xF8A5 0x65E6      STRH     R6,[R5, #+1510]
   1215              if (ptr != (REVEAL_COMMAND_TYPE *) NULL)
   \   00000182   0xB14C             CBZ.N    R4,??Reveal__QueueMessageU16_11
   1216              {
   1217                  Reveal__AddDataU16(ptr, data);
   \   00000184   0x9907             LDR      R1,[SP, #+28]
   \   00000186   0x4620             MOV      R0,R4
   \   00000188   0x.... 0x....      BL       Reveal__AddDataU16
   1218                  Reveal__QueueCommand(ptr);
   \   0000018C   0x4620             MOV      R0,R4
   \   0000018E   0x.... 0x....      BL       Reveal__QueueCommand
   1219                  return(TRUE);
   \   00000192   0x2001             MOVS     R0,#+1
   \   00000194   0xB001             ADD      SP,SP,#+4
   \   00000196   0xBDF0             POP      {R4-R7,PC}
   1220              }
   1221              else
   1222              {
   1223                  return(FALSE);
   \                     ??Reveal__QueueMessageU16_11: (+1)
   \   00000198   0x2000             MOVS     R0,#+0
   \   0000019A   0xB001             ADD      SP,SP,#+4
   \   0000019C   0xBDF0             POP      {R4-R7,PC}       ;; return
   1224              }
   1225          }
   1226          
   1227          //---------------------------------------------------------------------------------------------------------------------
   1228          /**
   1229           * @brief Add a 16-bit sint16 data type to a Reveal message.
   1230           * @param api - the api id of the command
   1231           * @param opcode - the opcode of the command
   1232           * @param node - the node id to send the message to
   1233           * @param is_command TRUE = Command, FALSE = Feedback
   1234           * @param is_priority TRUE = Priority, FALSE = Normal
   1235           * @param data - the 16-bit data to add to the message
   1236           * @return result of the operation
   1237           *  @retval TRUE - Message was successfully queued
   1238           *  @retval FALSE - Message failed to queued
   1239           */

   \                                 In section .text, align 4, keep-with-next
   1240          BOOL_TYPE Reveal__QueueMessageS16(uint8 api, uint8 opcode, uint8 node,BOOL_TYPE is_command ,BOOL_TYPE is_priority, sint16 data)
                                                                                                                       ^
Remark[Pe826]: parameter "is_priority" was never referenced
   1241          {
   \                     Reveal__QueueMessageS16: (+1)
   \   00000000   0xB5F0             PUSH     {R4-R7,LR}
   1242              REVEAL_COMMAND_TYPE * ptr;
   1243              if(is_command == TRUE)
   \   00000002   0x.... 0x....      LDR.W    R5,??DataTable27
   \   00000006   0xF8B5 0x65E6      LDRH     R6,[R5, #+1510]
   \   0000000A   0xF8B5 0x75EE      LDRH     R7,[R5, #+1518]
   \   0000000E   0xB081             SUB      SP,SP,#+4
   \   00000010   0x2B01             CMP      R3,#+1
   \   00000012   0xD15A             BNE.N    ??Reveal__QueueMessageS16_0
   1244              {
   1245                  ptr = Reveal__NewCommand(api, opcode, node,2);
   \   00000014   0x2400             MOVS     R4,#+0
   \   00000016   0xB30F             CBZ.N    R7,??Reveal__QueueMessageS16_1
   \   00000018   0x2300             MOVS     R3,#+0
   \   0000001A   0x2803             CMP      R0,#+3
   \   0000001C   0xD015             BEQ.N    ??Reveal__QueueMessageS16_2
   \   0000001E   0x2301             MOVS     R3,#+1
   \   00000020   0x.... 0x....      LDR.W    R7,??DataTable24
   \                     ??Reveal__QueueMessageS16_3: (+1)
   \   00000024   0xF817 0xCB01      LDRB     R12,[R7], #+1
   \   00000028   0x4560             CMP      R0,R12
   \   0000002A   0xBF1E             ITTT     NE 
   \   0000002C   0x1C5B             ADDNE    R3,R3,#+1
   \   0000002E   0xF817 0xCB01      LDRBNE   R12,[R7], #+1
   \   00000032   0x4560             CMPNE    R0,R12
   \   00000034   0xBF1E             ITTT     NE 
   \   00000036   0x1C5B             ADDNE    R3,R3,#+1
   \   00000038   0xF817 0xCB01      LDRBNE   R12,[R7], #+1
   \   0000003C   0x4560             CMPNE    R0,R12
   \   0000003E   0xD004             BEQ.N    ??Reveal__QueueMessageS16_2
   \   00000040   0x1C5B             ADDS     R3,R3,#+1
   \   00000042   0xB2DB             UXTB     R3,R3
   \   00000044   0x2B13             CMP      R3,#+19
   \   00000046   0xD3ED             BCC.N    ??Reveal__QueueMessageS16_3
   \   00000048   0xE008             B.N      ??Reveal__QueueMessageS16_1
   \                     ??Reveal__QueueMessageS16_2: (+1)
   \   0000004A   0xB2DB             UXTB     R3,R3
   \   0000004C   0xEB05 0x0383      ADD      R3,R5,R3, LSL #+2
   \   00000050   0xF8D3 0x3610      LDR      R3,[R3, #+1552]
   \   00000054   0x40CB             LSRS     R3,R3,R1
   \   00000056   0x07DB             LSLS     R3,R3,#+31
   \   00000058   0xF100 0x8093      BMI.W    ??Reveal__QueueMessageS16_4
   \                     ??Reveal__QueueMessageS16_1: (+1)
   \   0000005C   0x2A10             CMP      R2,#+16
   \   0000005E   0xF280 0x8090      BGE.W    ??Reveal__QueueMessageS16_4
   \   00000062   0xF895 0x35CC      LDRB     R3,[R5, #+1484]
   \   00000066   0x195F             ADDS     R7,R3,R5
   \   00000068   0xF897 0xE5F0      LDRB     LR,[R7, #+1520]
   \   0000006C   0xF1BE 0x0F00      CMP      LR,#+0
   \   00000070   0xD157             BNE.N    ??Reveal__QueueMessageS16_5
   \   00000072   0x2408             MOVS     R4,#+8
   \   00000074   0xF887 0x45F0      STRB     R4,[R7, #+1520]
   \   00000078   0x2445             MOVS     R4,#+69
   \   0000007A   0xFB14 0x5403      SMLABB   R4,R4,R3,R5
   \   0000007E   0x1C5B             ADDS     R3,R3,#+1
   \   00000080   0x3464             ADDS     R4,R4,#+100
   \   00000082   0xB2DB             UXTB     R3,R3
   \   00000084   0x2B0F             CMP      R3,#+15
   \   00000086   0xBF28             IT       CS 
   \   00000088   0x2300             MOVCS    R3,#+0
   \   0000008A   0xF885 0x35CC      STRB     R3,[R5, #+1484]
   \   0000008E   0xF895 0x75CC      LDRB     R7,[R5, #+1484]
   \   00000092   0xF895 0x35CD      LDRB     R3,[R5, #+1485]
   \   00000096   0x429F             CMP      R7,R3
   \   00000098   0xBF26             ITTE     CS 
   \   0000009A   0xF1C7 0x070F      RSBCS    R7,R7,#+15
   \   0000009E   0x19DB             ADDCS    R3,R3,R7
   \   000000A0   0x1BDB             SUBCC    R3,R3,R7
   \   000000A2   0xF895 0x75D5      LDRB     R7,[R5, #+1493]
   \   000000A6   0xB2DB             UXTB     R3,R3
   \   000000A8   0x42BB             CMP      R3,R7
   \   000000AA   0xBF88             IT       HI 
   \   000000AC   0x463B             MOVHI    R3,R7
   \   000000AE   0xF885 0x35D5      STRB     R3,[R5, #+1493]
   \   000000B2   0x7020             STRB     R0,[R4, #+0]
   \   000000B4   0x7061             STRB     R1,[R4, #+1]
   \   000000B6   0x78A0             LDRB     R0,[R4, #+2]
   \   000000B8   0xF362 0x0003      BFI      R0,R2,#+0,#+4
   \   000000BC   0x70A0             STRB     R0,[R4, #+2]
   \   000000BE   0x2000             MOVS     R0,#+0
   \   000000C0   0x70E0             STRB     R0,[R4, #+3]
   \   000000C2   0x78A0             LDRB     R0,[R4, #+2]
   \   000000C4   0xF000 0x008F      AND      R0,R0,#0x8F
   \   000000C8   0xE05A             B.N      ??Reveal__QueueMessageS16_6
   1246              }
   1247              else
   1248              {
   1249                  ptr = Reveal__NewFeedback(api, opcode, node,2);
   \                     ??Reveal__QueueMessageS16_0: (+1)
   \   000000CA   0x2400             MOVS     R4,#+0
   \   000000CC   0xB1FF             CBZ.N    R7,??Reveal__QueueMessageS16_7
   \   000000CE   0x2300             MOVS     R3,#+0
   \   000000D0   0x2803             CMP      R0,#+3
   \   000000D2   0xD014             BEQ.N    ??Reveal__QueueMessageS16_8
   \   000000D4   0x2301             MOVS     R3,#+1
   \   000000D6   0x....             LDR.N    R7,??DataTable24
   \                     ??Reveal__QueueMessageS16_9: (+1)
   \   000000D8   0xF817 0xCB01      LDRB     R12,[R7], #+1
   \   000000DC   0x4560             CMP      R0,R12
   \   000000DE   0xBF1E             ITTT     NE 
   \   000000E0   0x1C5B             ADDNE    R3,R3,#+1
   \   000000E2   0xF817 0xCB01      LDRBNE   R12,[R7], #+1
   \   000000E6   0x4560             CMPNE    R0,R12
   \   000000E8   0xBF1E             ITTT     NE 
   \   000000EA   0x1C5B             ADDNE    R3,R3,#+1
   \   000000EC   0xF817 0xCB01      LDRBNE   R12,[R7], #+1
   \   000000F0   0x4560             CMPNE    R0,R12
   \   000000F2   0xD004             BEQ.N    ??Reveal__QueueMessageS16_8
   \   000000F4   0x1C5B             ADDS     R3,R3,#+1
   \   000000F6   0xB2DB             UXTB     R3,R3
   \   000000F8   0x2B13             CMP      R3,#+19
   \   000000FA   0xD3ED             BCC.N    ??Reveal__QueueMessageS16_9
   \   000000FC   0xE007             B.N      ??Reveal__QueueMessageS16_7
   \                     ??Reveal__QueueMessageS16_8: (+1)
   \   000000FE   0xB2DB             UXTB     R3,R3
   \   00000100   0xEB05 0x0383      ADD      R3,R5,R3, LSL #+2
   \   00000104   0xF8D3 0x3610      LDR      R3,[R3, #+1552]
   \   00000108   0x40CB             LSRS     R3,R3,R1
   \   0000010A   0x07DB             LSLS     R3,R3,#+31
   \   0000010C   0xD439             BMI.N    ??Reveal__QueueMessageS16_4
   \                     ??Reveal__QueueMessageS16_7: (+1)
   \   0000010E   0x2A10             CMP      R2,#+16
   \   00000110   0xDA37             BGE.N    ??Reveal__QueueMessageS16_4
   \   00000112   0xF895 0x35CC      LDRB     R3,[R5, #+1484]
   \   00000116   0x195F             ADDS     R7,R3,R5
   \   00000118   0xF897 0xE5F0      LDRB     LR,[R7, #+1520]
   \   0000011C   0xF1BE 0x0F00      CMP      LR,#+0
   \   00000120   0xD001             BEQ.N    ??Reveal__QueueMessageS16_10
   \                     ??Reveal__QueueMessageS16_5: (+1)
   \   00000122   0x1C76             ADDS     R6,R6,#+1
   \   00000124   0xE02D             B.N      ??Reveal__QueueMessageS16_4
   \                     ??Reveal__QueueMessageS16_10: (+1)
   \   00000126   0x2408             MOVS     R4,#+8
   \   00000128   0xF887 0x45F0      STRB     R4,[R7, #+1520]
   \   0000012C   0x2445             MOVS     R4,#+69
   \   0000012E   0xFB14 0x5403      SMLABB   R4,R4,R3,R5
   \   00000132   0x1C5B             ADDS     R3,R3,#+1
   \   00000134   0x3464             ADDS     R4,R4,#+100
   \   00000136   0xB2DB             UXTB     R3,R3
   \   00000138   0x2B0F             CMP      R3,#+15
   \   0000013A   0xBF28             IT       CS 
   \   0000013C   0x2300             MOVCS    R3,#+0
   \   0000013E   0xF885 0x35CC      STRB     R3,[R5, #+1484]
   \   00000142   0xF895 0x75CC      LDRB     R7,[R5, #+1484]
   \   00000146   0xF895 0x35CD      LDRB     R3,[R5, #+1485]
   \   0000014A   0x429F             CMP      R7,R3
   \   0000014C   0xBF26             ITTE     CS 
   \   0000014E   0xF1C7 0x070F      RSBCS    R7,R7,#+15
   \   00000152   0x19DB             ADDCS    R3,R3,R7
   \   00000154   0x1BDB             SUBCC    R3,R3,R7
   \   00000156   0xF895 0x75D5      LDRB     R7,[R5, #+1493]
   \   0000015A   0xB2DB             UXTB     R3,R3
   \   0000015C   0x42BB             CMP      R3,R7
   \   0000015E   0xBF88             IT       HI 
   \   00000160   0x463B             MOVHI    R3,R7
   \   00000162   0xF885 0x35D5      STRB     R3,[R5, #+1493]
   \   00000166   0x7020             STRB     R0,[R4, #+0]
   \   00000168   0x7061             STRB     R1,[R4, #+1]
   \   0000016A   0x78A0             LDRB     R0,[R4, #+2]
   \   0000016C   0xF362 0x0003      BFI      R0,R2,#+0,#+4
   \   00000170   0x70A0             STRB     R0,[R4, #+2]
   \   00000172   0x2000             MOVS     R0,#+0
   \   00000174   0x70E0             STRB     R0,[R4, #+3]
   \   00000176   0x78A0             LDRB     R0,[R4, #+2]
   \   00000178   0xF000 0x009F      AND      R0,R0,#0x9F
   \   0000017C   0xF040 0x0010      ORR      R0,R0,#0x10
   \                     ??Reveal__QueueMessageS16_6: (+1)
   \   00000180   0x70A0             STRB     R0,[R4, #+2]
   1250              }
   \                     ??Reveal__QueueMessageS16_4: (+1)
   \   00000182   0xF8A5 0x65E6      STRH     R6,[R5, #+1510]
   1251              if (ptr != (REVEAL_COMMAND_TYPE *) NULL)
   \   00000186   0xB154             CBZ.N    R4,??Reveal__QueueMessageS16_11
   1252              {
   1253                  Reveal__AddDataS16(ptr, data);
   \   00000188   0xF9BD 0x101C      LDRSH    R1,[SP, #+28]
   \   0000018C   0x4620             MOV      R0,R4
   \   0000018E   0x.... 0x....      BL       Reveal__AddDataS16
   1254                  Reveal__QueueCommand(ptr);
   \   00000192   0x4620             MOV      R0,R4
   \   00000194   0x.... 0x....      BL       Reveal__QueueCommand
   1255                  return(TRUE);
   \   00000198   0x2001             MOVS     R0,#+1
   \   0000019A   0xB001             ADD      SP,SP,#+4
   \   0000019C   0xBDF0             POP      {R4-R7,PC}
   1256              }
   1257              else
   1258              {
   1259                  return(FALSE);
   \                     ??Reveal__QueueMessageS16_11: (+1)
   \   0000019E   0x2000             MOVS     R0,#+0
   \   000001A0   0xB001             ADD      SP,SP,#+4
   \   000001A2   0xBDF0             POP      {R4-R7,PC}       ;; return
   1260              }
   1261          }
   1262          
   1263          //---------------------------------------------------------------------------------------------------------------------
   1264          /**
   1265           * @brief Add a 32-bit uint32 data type to a Reveal message.
   1266           * @param api - the api id of the command
   1267           * @param opcode - the opcode of the command
   1268           * @param node - the node id to send the message to
   1269           * @param is_command TRUE = Command, FALSE = Feedback
   1270           * @param is_priority TRUE = Priority, FALSE = Normal
   1271           * @param data - the 32-bit data to add to the message
   1272           * @return result of the operation
   1273           *  @retval TRUE - Message was successfully queued
   1274           *  @retval FALSE - Message failed to queued
   1275           */

   \                                 In section .text, align 4, keep-with-next
   1276          BOOL_TYPE Reveal__QueueMessageU32(uint8 api, uint8 opcode, uint8 node,BOOL_TYPE is_command ,BOOL_TYPE is_priority, uint32 data)
                                                                                                                       ^
Remark[Pe826]: parameter "is_priority" was never referenced
   1277          {
   \                     Reveal__QueueMessageU32: (+1)
   \   00000000   0xB5F0             PUSH     {R4-R7,LR}
   1278              REVEAL_COMMAND_TYPE * ptr;
   1279              if(is_command == TRUE)
   \   00000002   0x.... 0x....      LDR.W    R5,??DataTable27
   \   00000006   0xF8B5 0x65E6      LDRH     R6,[R5, #+1510]
   \   0000000A   0xF8B5 0x75EE      LDRH     R7,[R5, #+1518]
   \   0000000E   0xB081             SUB      SP,SP,#+4
   \   00000010   0x2B01             CMP      R3,#+1
   \   00000012   0xD15A             BNE.N    ??Reveal__QueueMessageU32_0
   1280              {
   1281                  ptr = Reveal__NewCommand(api, opcode, node,4);
   \   00000014   0x2400             MOVS     R4,#+0
   \   00000016   0xB30F             CBZ.N    R7,??Reveal__QueueMessageU32_1
   \   00000018   0x2300             MOVS     R3,#+0
   \   0000001A   0x2803             CMP      R0,#+3
   \   0000001C   0xD015             BEQ.N    ??Reveal__QueueMessageU32_2
   \   0000001E   0x2301             MOVS     R3,#+1
   \   00000020   0x.... 0x....      LDR.W    R7,??DataTable27_1
   \                     ??Reveal__QueueMessageU32_3: (+1)
   \   00000024   0xF817 0xCB01      LDRB     R12,[R7], #+1
   \   00000028   0x4560             CMP      R0,R12
   \   0000002A   0xBF1E             ITTT     NE 
   \   0000002C   0x1C5B             ADDNE    R3,R3,#+1
   \   0000002E   0xF817 0xCB01      LDRBNE   R12,[R7], #+1
   \   00000032   0x4560             CMPNE    R0,R12
   \   00000034   0xBF1E             ITTT     NE 
   \   00000036   0x1C5B             ADDNE    R3,R3,#+1
   \   00000038   0xF817 0xCB01      LDRBNE   R12,[R7], #+1
   \   0000003C   0x4560             CMPNE    R0,R12
   \   0000003E   0xD004             BEQ.N    ??Reveal__QueueMessageU32_2
   \   00000040   0x1C5B             ADDS     R3,R3,#+1
   \   00000042   0xB2DB             UXTB     R3,R3
   \   00000044   0x2B13             CMP      R3,#+19
   \   00000046   0xD3ED             BCC.N    ??Reveal__QueueMessageU32_3
   \   00000048   0xE008             B.N      ??Reveal__QueueMessageU32_1
   \                     ??Reveal__QueueMessageU32_2: (+1)
   \   0000004A   0xB2DB             UXTB     R3,R3
   \   0000004C   0xEB05 0x0383      ADD      R3,R5,R3, LSL #+2
   \   00000050   0xF8D3 0x3610      LDR      R3,[R3, #+1552]
   \   00000054   0x40CB             LSRS     R3,R3,R1
   \   00000056   0x07DB             LSLS     R3,R3,#+31
   \   00000058   0xF100 0x8095      BMI.W    ??Reveal__QueueMessageU32_4
   \                     ??Reveal__QueueMessageU32_1: (+1)
   \   0000005C   0x2A10             CMP      R2,#+16
   \   0000005E   0xF280 0x8092      BGE.W    ??Reveal__QueueMessageU32_4
   \   00000062   0xF895 0x35CC      LDRB     R3,[R5, #+1484]
   \   00000066   0x195F             ADDS     R7,R3,R5
   \   00000068   0xF897 0xE5F0      LDRB     LR,[R7, #+1520]
   \   0000006C   0xF1BE 0x0F00      CMP      LR,#+0
   \   00000070   0xD159             BNE.N    ??Reveal__QueueMessageU32_5
   \   00000072   0x2408             MOVS     R4,#+8
   \   00000074   0xF887 0x45F0      STRB     R4,[R7, #+1520]
   \   00000078   0x2445             MOVS     R4,#+69
   \   0000007A   0xFB14 0x5403      SMLABB   R4,R4,R3,R5
   \   0000007E   0x1C5B             ADDS     R3,R3,#+1
   \   00000080   0x3464             ADDS     R4,R4,#+100
   \   00000082   0xB2DB             UXTB     R3,R3
   \   00000084   0x2B0F             CMP      R3,#+15
   \   00000086   0xBF28             IT       CS 
   \   00000088   0x2300             MOVCS    R3,#+0
   \   0000008A   0xF885 0x35CC      STRB     R3,[R5, #+1484]
   \   0000008E   0xF895 0x75CC      LDRB     R7,[R5, #+1484]
   \   00000092   0xF895 0x35CD      LDRB     R3,[R5, #+1485]
   \   00000096   0x429F             CMP      R7,R3
   \   00000098   0xBF26             ITTE     CS 
   \   0000009A   0xF1C7 0x070F      RSBCS    R7,R7,#+15
   \   0000009E   0x19DB             ADDCS    R3,R3,R7
   \   000000A0   0x1BDB             SUBCC    R3,R3,R7
   \   000000A2   0xF895 0x75D5      LDRB     R7,[R5, #+1493]
   \   000000A6   0xB2DB             UXTB     R3,R3
   \   000000A8   0x42BB             CMP      R3,R7
   \   000000AA   0xBF88             IT       HI 
   \   000000AC   0x463B             MOVHI    R3,R7
   \   000000AE   0xF885 0x35D5      STRB     R3,[R5, #+1493]
   \   000000B2   0x7020             STRB     R0,[R4, #+0]
   \   000000B4   0x7061             STRB     R1,[R4, #+1]
   \   000000B6   0x78A0             LDRB     R0,[R4, #+2]
   \   000000B8   0xF362 0x0003      BFI      R0,R2,#+0,#+4
   \   000000BC   0x70A0             STRB     R0,[R4, #+2]
   \   000000BE   0x2000             MOVS     R0,#+0
   \   000000C0   0x70E0             STRB     R0,[R4, #+3]
   \   000000C2   0x78A0             LDRB     R0,[R4, #+2]
   \   000000C4   0xF000 0x008F      AND      R0,R0,#0x8F
   \   000000C8   0xE05C             B.N      ??Reveal__QueueMessageU32_6
   1282              }
   1283              else
   1284              {
   1285                  ptr = Reveal__NewFeedback(api, opcode, node,4);
   \                     ??Reveal__QueueMessageU32_0: (+1)
   \   000000CA   0x2400             MOVS     R4,#+0
   \   000000CC   0xB30F             CBZ.N    R7,??Reveal__QueueMessageU32_7
   \   000000CE   0x2300             MOVS     R3,#+0
   \   000000D0   0x2803             CMP      R0,#+3
   \   000000D2   0xD016             BEQ.N    ??Reveal__QueueMessageU32_8
   \   000000D4   0xF05F 0x0301      MOVS.W   R3,#+1
   \   000000D8   0x.... 0x....      LDR.W    R7,??DataTable27_1
   \                     ??Reveal__QueueMessageU32_9: (+1)
   \   000000DC   0xF817 0xCB01      LDRB     R12,[R7], #+1
   \   000000E0   0x4560             CMP      R0,R12
   \   000000E2   0xBF1E             ITTT     NE 
   \   000000E4   0x1C5B             ADDNE    R3,R3,#+1
   \   000000E6   0xF817 0xCB01      LDRBNE   R12,[R7], #+1
   \   000000EA   0x4560             CMPNE    R0,R12
   \   000000EC   0xBF1E             ITTT     NE 
   \   000000EE   0x1C5B             ADDNE    R3,R3,#+1
   \   000000F0   0xF817 0xCB01      LDRBNE   R12,[R7], #+1
   \   000000F4   0x4560             CMPNE    R0,R12
   \   000000F6   0xD004             BEQ.N    ??Reveal__QueueMessageU32_8
   \   000000F8   0x1C5B             ADDS     R3,R3,#+1
   \   000000FA   0xB2DB             UXTB     R3,R3
   \   000000FC   0x2B13             CMP      R3,#+19
   \   000000FE   0xD3ED             BCC.N    ??Reveal__QueueMessageU32_9
   \   00000100   0xE007             B.N      ??Reveal__QueueMessageU32_7
   \                     ??Reveal__QueueMessageU32_8: (+1)
   \   00000102   0xB2DB             UXTB     R3,R3
   \   00000104   0xEB05 0x0383      ADD      R3,R5,R3, LSL #+2
   \   00000108   0xF8D3 0x3610      LDR      R3,[R3, #+1552]
   \   0000010C   0x40CB             LSRS     R3,R3,R1
   \   0000010E   0x07DB             LSLS     R3,R3,#+31
   \   00000110   0xD439             BMI.N    ??Reveal__QueueMessageU32_4
   \                     ??Reveal__QueueMessageU32_7: (+1)
   \   00000112   0x2A10             CMP      R2,#+16
   \   00000114   0xDA37             BGE.N    ??Reveal__QueueMessageU32_4
   \   00000116   0xF895 0x35CC      LDRB     R3,[R5, #+1484]
   \   0000011A   0x195F             ADDS     R7,R3,R5
   \   0000011C   0xF897 0xE5F0      LDRB     LR,[R7, #+1520]
   \   00000120   0xF1BE 0x0F00      CMP      LR,#+0
   \   00000124   0xD001             BEQ.N    ??Reveal__QueueMessageU32_10
   \                     ??Reveal__QueueMessageU32_5: (+1)
   \   00000126   0x1C76             ADDS     R6,R6,#+1
   \   00000128   0xE02D             B.N      ??Reveal__QueueMessageU32_4
   \                     ??Reveal__QueueMessageU32_10: (+1)
   \   0000012A   0x2408             MOVS     R4,#+8
   \   0000012C   0xF887 0x45F0      STRB     R4,[R7, #+1520]
   \   00000130   0x2445             MOVS     R4,#+69
   \   00000132   0xFB14 0x5403      SMLABB   R4,R4,R3,R5
   \   00000136   0x1C5B             ADDS     R3,R3,#+1
   \   00000138   0x3464             ADDS     R4,R4,#+100
   \   0000013A   0xB2DB             UXTB     R3,R3
   \   0000013C   0x2B0F             CMP      R3,#+15
   \   0000013E   0xBF28             IT       CS 
   \   00000140   0x2300             MOVCS    R3,#+0
   \   00000142   0xF885 0x35CC      STRB     R3,[R5, #+1484]
   \   00000146   0xF895 0x75CC      LDRB     R7,[R5, #+1484]
   \   0000014A   0xF895 0x35CD      LDRB     R3,[R5, #+1485]
   \   0000014E   0x429F             CMP      R7,R3
   \   00000150   0xBF26             ITTE     CS 
   \   00000152   0xF1C7 0x070F      RSBCS    R7,R7,#+15
   \   00000156   0x19DB             ADDCS    R3,R3,R7
   \   00000158   0x1BDB             SUBCC    R3,R3,R7
   \   0000015A   0xF895 0x75D5      LDRB     R7,[R5, #+1493]
   \   0000015E   0xB2DB             UXTB     R3,R3
   \   00000160   0x42BB             CMP      R3,R7
   \   00000162   0xBF88             IT       HI 
   \   00000164   0x463B             MOVHI    R3,R7
   \   00000166   0xF885 0x35D5      STRB     R3,[R5, #+1493]
   \   0000016A   0x7020             STRB     R0,[R4, #+0]
   \   0000016C   0x7061             STRB     R1,[R4, #+1]
   \   0000016E   0x78A0             LDRB     R0,[R4, #+2]
   \   00000170   0xF362 0x0003      BFI      R0,R2,#+0,#+4
   \   00000174   0x70A0             STRB     R0,[R4, #+2]
   \   00000176   0x2000             MOVS     R0,#+0
   \   00000178   0x70E0             STRB     R0,[R4, #+3]
   \   0000017A   0x78A0             LDRB     R0,[R4, #+2]
   \   0000017C   0xF000 0x009F      AND      R0,R0,#0x9F
   \   00000180   0xF040 0x0010      ORR      R0,R0,#0x10
   \                     ??Reveal__QueueMessageU32_6: (+1)
   \   00000184   0x70A0             STRB     R0,[R4, #+2]
   1286              }
   \                     ??Reveal__QueueMessageU32_4: (+1)
   \   00000186   0xF8A5 0x65E6      STRH     R6,[R5, #+1510]
   1287              if (ptr != (REVEAL_COMMAND_TYPE *) NULL)
   \   0000018A   0xB14C             CBZ.N    R4,??Reveal__QueueMessageU32_11
   1288              {
   1289                  Reveal__AddDataU32(ptr, data);
   \   0000018C   0x9907             LDR      R1,[SP, #+28]
   \   0000018E   0x4620             MOV      R0,R4
   \   00000190   0x.... 0x....      BL       Reveal__AddDataU32
   1290                  Reveal__QueueCommand(ptr);
   \   00000194   0x4620             MOV      R0,R4
   \   00000196   0x.... 0x....      BL       Reveal__QueueCommand
   1291                  return(TRUE);
   \   0000019A   0x2001             MOVS     R0,#+1
   \   0000019C   0xB001             ADD      SP,SP,#+4
   \   0000019E   0xBDF0             POP      {R4-R7,PC}
   1292              }
   1293              else
   1294              {
   1295                  return(FALSE);
   \                     ??Reveal__QueueMessageU32_11: (+1)
   \   000001A0   0x2000             MOVS     R0,#+0
   \   000001A2   0xB001             ADD      SP,SP,#+4
   \   000001A4   0xBDF0             POP      {R4-R7,PC}       ;; return
   1296              }
   1297          }
   1298          
   1299          //=====================================================================================================================
   1300          //-------------------------------------- Private Functions ------------------------------------------------------------
   1301          //=====================================================================================================================
   1302          
   1303          
   1304          //---------------------------------------------------------------------------------------------------------------------
   1305          /**
   1306           *    @brief    Determines if the combination of api and opcode are currently blocked
   1307           *
   1308           *    @param    api - the api id of the command
   1309           *    @param    opcode - the opcode of the command
   1310           *
   1311           *    @return  TRUE if the message is blocked, else FALSE
   1312           */
   1313          static BOOL_TYPE IsMessageBlocked(uint8 api, uint8 opcode)
   1314          {
   1315              BOOL_TYPE is_message_blocked = FALSE;
   1316          
   1317              // Walk the POSSIBLE_BLOCKED_APIS_LIST table to find the index that corresponds to Reveal_Blocked_Messages array
   1318              for (uint8 index = 0; index < ELEMENTS_IN_ARRAY(POSSIBLE_BLOCKED_APIS_LIST); index++)
   1319              {
   1320                  if (api == POSSIBLE_BLOCKED_APIS_LIST[index])
   1321                  {
   1322                      // Found index in POSSIBLE_BLOCKED_APIS_LIST table with the API
   1323                      // Check bit that corresponds to the opcode to know if it is currently blocked
   1324                      is_message_blocked = (BOOL_TYPE)(BIT_TEST(Reveal_Blocked_Messages[index], opcode));
   1325                      break;
   1326                  }
   1327              }
   1328          
   1329              return(is_message_blocked);
   1330          }
   1331          
   1332          //---------------------------------------------------------------------------------------------------------------------
   1333          /**
   1334           *    @brief    Checks if a message in the queue is in pending state
   1335           *
   1336           *    @param    msg_ptr - pointer to message
   1337           *
   1338           *    @return  TRUE if the message is not IDLE or QUEUED, else FALSE
   1339           */

   \                                 In section .text, align 2, keep-with-next
   1340          static BOOL_TYPE IsPendingMessage(REVEAL_COMMAND_TYPE *msg_ptr)
   1341          {
   \                     IsPendingMessage: (+1)
   \   00000000   0x4601             MOV      R1,R0
   1342              BOOL_TYPE ret_val = FALSE;
   \   00000002   0x2000             MOVS     R0,#+0
   1343              uint8 status = REVEAL_QUEUE_IDLE;
   1344          
   1345              if(msg_ptr != NULL)
   \   00000004   0xB339             CBZ.N    R1,??IsPendingMessage_0
   1346              {
   1347                  #if (REVEAL_QUEUE_PRIORITY == ENABLED)
   1348                      if(msg_ptr->priority == TRUE)
   \   00000006   0x788B             LDRB     R3,[R1, #+2]
   \   00000008   0x.... 0x....      LDR.W    R2,??DataTable27
   \   0000000C   0xF3C3 0x1380      UBFX     R3,R3,#+6,#+1
   \   00000010   0xB17B             CBZ.N    R3,??IsPendingMessage_1
   1349                      {
   1350                          if((msg_ptr >= Reveal_Queue_Priority) &&
   1351                          (msg_ptr < (Reveal_Queue_Priority + REVEAL_QUEUE_PRIORITY_SIZE)))
   \   00000012   0xF502 0x638E      ADD      R3,R2,#+1136
   \   00000016   0x4299             CMP      R1,R3
   \   00000018   0xD31D             BCC.N    ??IsPendingMessage_0
   \   0000001A   0xF202 0x5CC9      ADDW     R12,R2,#+1481
   \   0000001E   0x4561             CMP      R1,R12
   \   00000020   0xD219             BCS.N    ??IsPendingMessage_0
   1352                          {
   1353                              status = Reveal_Queue_Priority_Debounce[msg_ptr - Reveal_Queue_Priority];
   \   00000022   0x1AC9             SUBS     R1,R1,R3
   \   00000024   0x2345             MOVS     R3,#+69
   \   00000026   0xFB91 0xF1F3      SDIV     R1,R1,R3
   \   0000002A   0x1889             ADDS     R1,R1,R2
   \   0000002C   0xF891 0x104C      LDRB     R1,[R1, #+76]
   \   00000030   0xE00E             B.N      ??IsPendingMessage_2
   1354                          }
   1355                      }
   1356                      else
   1357                  #endif
   1358                  if((msg_ptr >= Reveal_Queue) &&
   1359                      (msg_ptr < (Reveal_Queue + REVEAL_QUEUE_SIZE)))
   \                     ??IsPendingMessage_1: (+1)
   \   00000032   0xF102 0x0364      ADD      R3,R2,#+100
   \   00000036   0x4299             CMP      R1,R3
   \   00000038   0xD30D             BCC.N    ??IsPendingMessage_0
   \   0000003A   0xF202 0x4C6F      ADDW     R12,R2,#+1135
   \   0000003E   0x4561             CMP      R1,R12
   \   00000040   0xD209             BCS.N    ??IsPendingMessage_0
   1360                  {
   1361                      status = Reveal_Queue_Debounce[msg_ptr - Reveal_Queue];
   \   00000042   0x1AC9             SUBS     R1,R1,R3
   \   00000044   0x2345             MOVS     R3,#+69
   \   00000046   0xFB91 0xF1F3      SDIV     R1,R1,R3
   \   0000004A   0x1889             ADDS     R1,R1,R2
   \   0000004C   0xF891 0x15F0      LDRB     R1,[R1, #+1520]
   1362                  }
   1363          
   1364                  if(IS_PENDING(status))
   \                     ??IsPendingMessage_2: (+1)
   \   00000050   0x2903             CMP      R1,#+3
   \   00000052   0xBFA8             IT       GE 
   1365                  {
   1366                      ret_val = TRUE;
   \   00000054   0x2001             MOVGE    R0,#+1
   1367                  }
   1368              }
   1369          
   1370              return(ret_val);
   \                     ??IsPendingMessage_0: (+1)
   \   00000056   0x4770             BX       LR               ;; return
   1371          }
   1372          
   1373          //---------------------------------------------------------------------------------------------------------------------
   1374          /**
   1375           *    @brief    This method provides next index from cur_index - rolling on max_item
   1376           *
   1377           *    @param    cur_item - current item index
   1378           *    @param    max_item - maximum number of items
   1379           *
   1380           *    @return  cur_item+1 if result is < max_item, 0 otherwise
   1381           */
   1382          static uint8 GetNextItem(uint8 cur_item, uint8 max_item)
   1383          {
   1384              cur_item++;
   1385              if(cur_item >= max_item)
   1386              {
   1387                  cur_item = 0;
   1388              }
   1389              return(cur_item);
   1390          }
   1391          
   1392          //---------------------------------------------------------------------------------------------------------------------
   1393          /**
   1394           * @brief This method handles the incoming messages
   1395           * @details This method shall be called every5ms
   1396           */

   \                                 In section .text, align 4, keep-with-next
   1397          static void RevealHandlerIncomming(void)
   1398          {
   \                     RevealHandlerIncomming: (+1)
   \   00000000   0xE92D 0x4FF0      PUSH     {R4-R11,LR}
   \   00000004   0xB081             SUB      SP,SP,#+4
   1399          #if (REVEAL_ROUTER_FEATURE != REVEAL_ROUTER_INTERNAL_ONLY)
   1400              REVEAL_RECIPE_STATUS_TYPE reason_code;
   1401              PT_RX_TYPE * pt;
   1402              REVEAL_COMMAND_TYPE * new_msg;
   1403              uint8 api;
   1404              uint8 op_code;
   1405              uint8 index;
   1406              uint8 count;
   1407              uint8 feedback;
   1408              uint32 opcode_bitmap;
   1409          #if (REVEAL_READ_EEPROM_FEATURE == ENABLED)
   1410              uint32 eeprom_address;
   1411              uint16 eeprom_size;
   1412          #endif
   1413          
   1414          #if (REVEAL_READ_MEMORY_FEATURE == ENABLED)
   1415              #if (REVEAL_READ_MEMORY_END > 0xFFFF)
   1416                  #ifndef FAR
   1417                      #define FAR
   1418                  #endif
   1419          
   1420                  #define REVEAL_MEM_POINTER_CAST FAR
   1421              #else
   1422                  #ifndef NEAR
   1423                      #define NEAR
   1424                  #endif
   1425                  #define REVEAL_MEM_POINTER_CAST NEAR
   1426              #endif
   1427              uint32 memory_idx;
   1428              uint8 memory_size;
   1429          #endif
   1430          
   1431              // Handle Incoming message
   1432              reason_code = NVO_RS_UNSUPPORTED;
   \   00000006   0x2404             MOVS     R4,#+4
   1433              pt = GET__MESSAGE(REVEAL_SAP);
   \   00000008   0x2004             MOVS     R0,#+4
   \   0000000A   0x.... 0x....      BL       Win__GetIncomingMessage
   \   0000000E   0x0005             MOVS     R5,R0
   1434              if (pt != (PT_RX_TYPE *)NULL)
   \   00000010   0xF000 0x8439      BEQ.W    ??RevealHandlerIncomming_1
   1435              {
   1436          
   1437                  BIT_SET(Reveal_Node_Status,pt->source);
   \   00000014   0x78A8             LDRB     R0,[R5, #+2]
   \   00000016   0x.... 0x....      LDR.W    R6,??DataTable27
   \   0000001A   0xF8B6 0x15EC      LDRH     R1,[R6, #+1516]
   \   0000001E   0x0902             LSRS     R2,R0,#+4
   \   00000020   0x2001             MOVS     R0,#+1
   \   00000022   0xFA00 0xF302      LSL      R3,R0,R2
   \   00000026   0x4319             ORRS     R1,R3,R1
   1438          
   1439                  if (Reveal_Heartbeat_Timer > 0)
   \   00000028   0xF8B6 0x35E0      LDRH     R3,[R6, #+1504]
   \   0000002C   0xF8A6 0x15EC      STRH     R1,[R6, #+1516]
   \   00000030   0xB13B             CBZ.N    R3,??RevealHandlerIncomming_2
   1440                  {
   1441                      // We reload the heartbeat even if the message is not a heartbeat.
   1442                      // the point is to if we see communication for a node that means that node is alive.
   1443                      // This implementation intend to reduce SIR for no communication when there is communication.
   1444                      if (pt->source < sizeof(Reveal_Heartbeat_Node_Counter))
   \   00000032   0x2A0F             CMP      R2,#+15
   \   00000034   0xD205             BCS.N    ??RevealHandlerIncomming_2
   1445                      {
   1446                          Reveal_Heartbeat_Node_Counter[pt->source] = (Reveal_Heartbeat_Timer * 3) + 1;
   \   00000036   0xEB03 0x0343      ADD      R3,R3,R3, LSL #+1
   \   0000003A   0x1992             ADDS     R2,R2,R6
   \   0000003C   0x1C5B             ADDS     R3,R3,#+1
   \   0000003E   0xF882 0x3600      STRB     R3,[R2, #+1536]
   1447                      }
   1448                  }
   1449          
   1450                  api = pt->payload[0];
   \                     ??RevealHandlerIncomming_2: (+1)
   \   00000042   0xF895 0x9005      LDRB     R9,[R5, #+5]
   1451                  op_code = (uint8)(pt->payload[1] & 0x1F);
   \   00000046   0x79AA             LDRB     R2,[R5, #+6]
   \   00000048   0xF002 0x081F      AND      R8,R2,#0x1F
   1452                  feedback = (uint8)((pt->payload[1] >> 5) & 1);
   \   0000004C   0xF3C2 0x1740      UBFX     R7,R2,#+5,#+1
   1453                  if (api == 0x1)
   \   00000050   0xF1B9 0x0F01      CMP      R9,#+1
   \   00000054   0xF040 0x83A6      BNE.W    ??RevealHandlerIncomming_3
   1454                  {
   1455                      if(feedback == TRUE)
   \   00000058   0x2F00             CMP      R7,#+0
   \   0000005A   0xF000 0x8121      BEQ.W    ??RevealHandlerIncomming_4
   1456                      {
   1457                          // Feedback
   1458                          switch (op_code)
   \   0000005E   0xF1B8 0x0F01      CMP      R8,#+1
   \   00000062   0xD011             BEQ.N    ??RevealHandlerIncomming_5
   \   00000064   0xF1B8 0x0F02      CMP      R8,#+2
   \   00000068   0xF000 0x83EB      BEQ.W    ??RevealHandlerIncomming_6
   \   0000006C   0xF1B8 0x0F11      CMP      R8,#+17
   \   00000070   0xF000 0x8110      BEQ.W    ??RevealHandlerIncomming_7
   \   00000074   0xF1B8 0x0F1E      CMP      R8,#+30
   \   00000078   0xF000 0x8091      BEQ.W    ??RevealHandlerIncomming_8
   \   0000007C   0xF1B8 0x0F1F      CMP      R8,#+31
   \   00000080   0xF000 0x80FF      BEQ.W    ??RevealHandlerIncomming_9
   1459                          {
   1460                              case API001_PUBLISH_ACK: // ACK
   1461                                  if (Reveal_Outgoing_State == REVEAL_OUTGOING_STATE_TIMING)
   1462                                  {
   1463                                     if ((Reveal_Queue[Reveal_Queue_Read].api == pt->payload[3]) &&
   1464                                         (Reveal_Queue[Reveal_Queue_Read].opcode == pt->payload[4]))
   1465                                     {
   1466                                         // Command acknowledge
   1467                                         DropMessageFromQueue(FALSE);
   1468                                         Reveal_Outgoing_State = REVEAL_OUTGOING_STATE_IDLE;
   1469                                         RevealHandleAckParser(pt->source, pt->payload[3], pt->payload[4],(REVEAL_RECIPE_STATUS_TYPE)pt->payload[2],FALSE);
   1470                                     }
   1471                                  }
   1472                              #if (REVEAL_QUEUE_PRIORITY == ENABLED)
   1473                                  else if (Reveal_Outgoing_State  == REVEAL_OUTGOING_STATE_TIMING_PRIORITY)
   1474                                  {
   1475                                      if ((Reveal_Queue_Priority[Reveal_Queue_Priority_Read].api == pt->payload[3]) &&
   1476                                          (Reveal_Queue_Priority[Reveal_Queue_Priority_Read].opcode == pt->payload[4]))
   1477                                      {
   1478                                          // Command acknowledge
   1479                                          DropMessageFromQueue(TRUE);
   1480                                          Reveal_Outgoing_State = REVEAL_OUTGOING_STATE_IDLE;
   1481                                          RevealHandleAckParser(pt->source, pt->payload[3], pt->payload[4],(REVEAL_RECIPE_STATUS_TYPE)pt->payload[2],FALSE);
   1482                                      }
   1483                                  }
   1484                              #endif
   1485                                  break;
   1486                              case API001_PUBLISH_HEARTBEAT: // Heart-beat
   1487                                  REVEAL_HEARTBEAT_CALLBACK(pt->source);
   1488                                  break;
   1489                              case API001_PUBLISH_WAKEUP:
   1490          
   1491                                  new_msg = Reveal__NewFeedback(0x1,API001_PUBLISH_ACK_WAKEUP, REVEAL_BROADCAST_NODE,1);
   1492                                  if (new_msg != (REVEAL_COMMAND_TYPE *)NULL)
   1493                                  {
   1494                                     Reveal__AddDataU8(new_msg,pt->source);
   1495                                     Reveal__QueueCommand(new_msg);
   1496                                  }
   1497          
   1498                                  break;
   1499                              case API001_PUBLISH_ACK_WAKEUP:
   1500                                  if (pt->payload[2] < 15)
   1501                                  {
   1502                                      BIT_SET(Reveal_Node_Status,pt->payload[2]);
   1503                                  }
   1504                                  break;
   1505                              case API001_MAX_MESSAGE_SIZE:
   1506                                  REVEAL_MAX_PAYLOAD_CALLBACK(pt->source,pt->payload[2]);
   1507                                  break;
   1508                              default:
   1509                                  reason_code = NVO_RS_UNSUP_OP_CODE;
   1510                                  break;
   1511                          }
   1512                      }
   1513                      else
   1514                      {
   1515                          // Command
   1516                          switch ((API001CORE_OPCODE_TYPE)op_code)
   1517                          {
   1518                              case API001_SET_HEARTBEAT: // Set Heart-beat
   1519                                  reason_code = NVO_RS_READY;
   1520                                  Reveal_Heartbeat_Timer = (((uint16)(pt->payload[2])) <<8) + (uint16)(pt->payload[3]);
   1521                                  new_msg = Reveal__NewFeedback(0x1,API001_PUBLISH_HEARTBEAT_PERIOD, 0xF,2);
   1522                                  if (new_msg != (REVEAL_COMMAND_TYPE *)NULL)
   1523                                  {
   1524                                      Reveal__AddDataU8(new_msg,pt->payload[2]);
   1525                                      Reveal__AddDataU8(new_msg,pt->payload[3]);
   1526                                      Reveal__QueueCommand(new_msg);
   1527                                  }
   1528                                  break;
   1529          #if (REVEAL_READ_EEPROM_FEATURE == ENABLED)
   1530                              case API001_READ_EE:  // Read eeprom
   1531                                  reason_code = NVO_RS_READY;
   1532                                  eeprom_address = ( ((uint32)pt->payload[2])<<16 );
   1533                                  eeprom_address +=( ((uint32)pt->payload[3])<<8 );
   1534                                  eeprom_address +=( ((uint32)pt->payload[4]) );
   1535                                  eeprom_size =( ((uint32)pt->payload[3])<<8 );
   1536                                  eeprom_size +=( ((uint32)pt->payload[4]) );
   1537                                  REVEAL_EEPROM_READ(pt->source,eeprom_address,eeprom_size);
   1538          
   1539                                  break;
   1540          #endif
   1541                              case API001_SEND_EVENTS: // Send Events
   1542                                  count = pt->sdu_length - 3; // remove API, OPCODE and API Id
   1543                                  while (count > 0)
   1544                                  {
   1545                                      REVEAL__SENDEVENTS(pt->payload[2],pt->payload[2+count]);
   1546                                      count--;
   1547                                  }
   1548                                  reason_code = NVO_RS_READY;
   1549                                  break;
   1550                          #if (REVEAL_READ_MEMORY_FEATURE == ENABLED)
   1551          
   1552                              #if (REVEAL_READ_MEMORY_END < 0x1FFFFFF)
   1553                                  case API001_READ_MEM_24B: // Read memory
   1554          
   1555                                      if ((pt->payload[5] > 0) ||
   1556                                          (pt->payload[6] > REVEAL_PAYLOAD_SIZE))
   1557                                      {
   1558                                          memory_size = REVEAL_PAYLOAD_SIZE;
   1559                                      }
   1560                                      else
   1561                                      {
   1562                                          memory_size = pt->payload[6];
   1563                                      }
   1564                                      memory_idx = ( ((uint32)pt->payload[2])<<16 );
   1565                                      memory_idx +=( ((uint32)pt->payload[3])<<8 );
   1566                                      memory_idx +=( ((uint32)pt->payload[4]) );
   1567                                      if (
   1568                                          #if (REVEAL_READ_MEMORY_START > 0)
   1569                                              (memory_idx < (uint32)REVEAL_READ_MEMORY_START) ||
   1570                                          #endif
   1571                                          (REVEAL_READ_MEMORY_END < memory_idx) ||
   1572                                          ((REVEAL_READ_MEMORY_END - memory_idx) < memory_size) ||
   1573                                          (memory_size == 0))
   1574                                      {
   1575                                          reason_code = NVO_RS_UNSUP_INVALID_PARAM;
   1576                                      }
   1577                                      else
   1578                                      {
   1579                                          new_msg = Reveal__NewFeedback(0x1,0x4, pt->source);
   1580                                          if (new_msg != NULL)
   1581                                          {
   1582                                              for (count=0;count<memory_size;count++)
   1583                                              {
   1584                                                  Reveal__AddDataU8(new_msg,*((REVEAL_MEM_POINTER_CAST uint8 *)memory_idx));
   1585                                                  memory_idx++;
   1586                                              }
   1587                                              Reveal__QueueCommand(new_msg);
   1588                                          }
   1589                                          reason_code = NVO_RS_READY;
   1590                                      }
   1591                                      break;
   1592                              #else
   1593          
   1594                                  case API001_READ_MEM_32B:
   1595                                      if ((pt->payload[6] > 0) ||
   1596                                          (pt->payload[7] > REVEAL_PAYLOAD_SIZE))
   1597                                      {
   1598                                          memory_size = REVEAL_PAYLOAD_SIZE;
   1599                                      }
   1600                                      else
   1601                                      {
   1602                                          memory_size = pt->payload[7];
   1603                                      }
   1604                                      memory_idx = ( ((uint32)pt->payload[2])<<24 );
   1605                                      memory_idx +=( ((uint32)pt->payload[3])<<16 );
   1606                                      memory_idx +=( ((uint32)pt->payload[4])<<8 );
   1607                                      memory_idx +=( ((uint32)pt->payload[5]) );
   1608                                      if (
   1609                                          #if (REVEAL_READ_MEMORY_START > 0)
   1610                                              (memory_idx < (uint32)REVEAL_READ_MEMORY_START) ||
   1611                                          #endif
   1612                                          #if (REVEAL_READ_MEMORY_END < 0xFFFFFFFF)
   1613                                              (REVEAL_READ_MEMORY_END < memory_idx) ||
   1614                                          #endif
   1615                                          ((REVEAL_READ_MEMORY_END - memory_idx + 1) < memory_size) ||
   1616                                          (memory_size == 0))
   1617                                      {
   1618                                          reason_code = NVO_RS_UNSUP_INVALID_PARAM;
   1619                                      }
   1620                                      else
   1621                                      {
   1622                                          new_msg = Reveal__NewFeedback(0x1,0x4, pt->source,memory_size);
   1623                                          if (new_msg != NULL)
   1624                                          {
   1625                                              for (count=0;count<memory_size;count++)
   1626                                              {
   1627                                                  Reveal__AddDataU8(new_msg,*((REVEAL_MEM_POINTER_CAST uint8 *)memory_idx));  //lint !e923 Suppress Info: cast from unsigned long to pointer [Encompasses MISRA 2004 Rule 11.1], [MISRA 2004 Rule 11.3]
   1628                                                  memory_idx++;
   1629                                              }
   1630                                              Reveal__QueueCommand(new_msg);
   1631                                          }
   1632                                          reason_code = NVO_RS_READY;
   1633                                      }
   1634                                      break;
   1635                                  case API001_MAX_MESSAGE_SIZE:
   1636                                      new_msg = Reveal__NewFeedback(0x1,API001_MAX_MESSAGE_SIZE, REVEAL_BROADCAST_NODE,2);
   1637                                      if (new_msg != NULL)
   1638                                      {
   1639                                          Reveal__AddDataU8(new_msg,REVEAL_PAYLOAD_SIZE);
   1640                                          Reveal__AddDataU8(new_msg,REVEAL_PAYLOAD_INCOMING_SIZE);
   1641          
   1642                                          Reveal__QueueCommand(new_msg);
   1643                                          reason_code = NVO_RS_READY;
   1644                                      }
   1645                                      else
   1646                                      {
   1647                                          reason_code = NVO_RS_BUSY;
   1648                                      }
   1649          
   1650                                      break;
   1651                                  case API001_BLOCK_MESSAGES:
   1652                                      //......................................................
   1653                                      // payload[2] = time to block the api(s) and opcode(s) in seconds
   1654                                      // payload[3] = api
   1655                                      // payload[4] = opcode bitmap byte (MSB)
   1656                                      // payload[5] = opcode bitmap byte
   1657                                      // payload[6] = opcode bitmap byte
   1658                                      // payload[7] = opcode bitmap byte (LSB)
   1659                                      // payload[8] = api
   1660                                      // payload[9] = opcode bitmap byte (MSB)
   1661                                      // payload[10] = .............
   1662                                      // pattern repeats as much or as little as required
   1663                                      //......................................................
   1664                                      // if a time of 0 is specified, un-block all apis and opcodes ELSE
   1665                                      // if first api is 0xFF and opcode is 0xFFFFFFFF, block all apis and opcodes
   1666                                      //......................................................
   1667          
   1668          
   1669                                      reason_code = NVO_RS_UNSUP_INVALID_PARAM;
   1670          
   1671                                      if (pt->sdu_length > 2)        // An empty payload is invalid
   1672                                      {
   1673                                          if (pt->payload[2] == 0)
   1674                                          {
   1675                                              // Clear all blocked api/opcodes
   1676                                              // No need to look at any other bytes in the payload
   1677                                              memset(Reveal_Blocked_Messages, 0, sizeof(Reveal_Blocked_Messages));
   1678          
   1679                                              Reveal_Blocked_Messages_Remaining_Time = 0;
   1680                                              reason_code = NVO_RS_READY;
   1681                                          }
   1682                                          else if ((pt->sdu_length > BLOCKED_API_OPCODE_BYTE_OFFSET_START) &&                                         // A payload with a non-zero blocking time but no api and opcodes to block is invalid
   1683                                                   (((pt->sdu_length - BLOCKED_API_OPCODE_BYTE_OFFSET_START) % BLOCKED_API_OPCODE_NUM_BYTES) == 0))   // A payload with the wrong number of bytes for the api and opcodes is invalid
   1684                                          {
   1685                                              // Check if the request is to block all APIs and Opcodes
   1686                                              if ((pt->payload[3] == 0xFF) &&
   1687                                                  (pt->payload[4] == 0xFF) &&
   1688                                                  (pt->payload[5] == 0xFF) &&
   1689                                                  (pt->payload[6] == 0xFF) &&
   1690                                                  (pt->payload[7] == 0xFF))
   1691                                              {
   1692                                                  // Block all api/opcodes (except API 1)
   1693                                                  memset(Reveal_Blocked_Messages, 0xFF, sizeof(Reveal_Blocked_Messages));
   1694          
   1695                                                  reason_code = NVO_RS_READY;
   1696                                              }
   1697                                              else if (RequestedAPIsCanBeBlocked(&(pt->payload[BLOCKED_API_OPCODE_BYTE_OFFSET_START]), (pt->sdu_length - BLOCKED_API_OPCODE_BYTE_OFFSET_START)) == TRUE) // Specific api(s) and opcode(s) requested to be blocked
   1698                                              {
   1699                                                  reason_code = NVO_RS_READY;
   1700          
   1701                                                  // Clear blocked api/opcodes
   1702                                                  memset(Reveal_Blocked_Messages, 0, sizeof(Reveal_Blocked_Messages));
   1703          
   1704                                                  // Set the opcodes that should be blocked for each API/Opcode pair in the payload
   1705                                                  // Starting at index BLOCKED_API_OPCODE_BYTE_OFFSET_START to skip over content at beginning of the payload
   1706                                                  // Incrementing by BLOCKED_API_OPCODE_NUM_BYTES to skip over api/opcode pairs which are BLOCKED_API_OPCODE_NUM_BYTES bytes each
   1707                                                  for (count = BLOCKED_API_OPCODE_BYTE_OFFSET_START; count < pt->sdu_length; count+=BLOCKED_API_OPCODE_NUM_BYTES)
   1708                                                  {
   1709                                                      // Walk the POSSIBLE_BLOCKED_APIS_LIST table to find the index that corresponds to Reveal_Blocked_Messages array
   1710                                                      for (index = 0; index < ELEMENTS_IN_ARRAY(POSSIBLE_BLOCKED_APIS_LIST); index++)
   1711                                                      {
   1712                                                          if (pt->payload[count] == POSSIBLE_BLOCKED_APIS_LIST[index])
   1713                                                          {
   1714                                                              opcode_bitmap  = (uint32)pt->payload[count + 1] << 24;
   1715                                                              opcode_bitmap += (uint32)pt->payload[count + 2] << 16;
   1716                                                              opcode_bitmap += (uint32)pt->payload[count + 3] << 8;
   1717                                                              opcode_bitmap += (uint32)pt->payload[count + 4];
   1718          
   1719                                                              Reveal_Blocked_Messages[index] |= opcode_bitmap;
   1720                                                              break;
   1721                                                          }
   1722                                                          //else, did not match API in POSSIBLE_BLOCKED_APIS_LIST, need to check next one
   1723                                                      }
   1724                                                  }
   1725                                              }
   1726          
   1727                                              if (reason_code == NVO_RS_READY)
   1728                                              {
   1729                                                  // Only set the blocking time if the message was successfully processed
   1730                                                  Reveal_Blocked_Messages_Remaining_Time = pt->payload[2];
   1731          
   1732                                                  // Convert time from seconds to 5ms increments based on call rate of Reveal__Handler()
   1733                                                  Reveal_Blocked_Messages_Remaining_Time *= REVEAL_BLOCKED_MESSAGES_TIME_TO_TICKS;
   1734                                              }
   1735                                          }
   1736                                      }
   1737          
   1738                                      break;
   1739          
   1740                              #endif
   1741                          #endif
   1742                              default:
   1743                                  reason_code = NVO_RS_UNSUP_OP_CODE;
   \   00000084   0x2405             MOVS     R4,#+5
   1744                                  break;
   \   00000086   0xE3DC             B.N      ??RevealHandlerIncomming_6
   \                     ??RevealHandlerIncomming_5: (+1)
   \   00000088   0xF896 0x05D4      LDRB     R0,[R6, #+1492]
   \   0000008C   0x2802             CMP      R0,#+2
   \   0000008E   0xD141             BNE.N    ??RevealHandlerIncomming_10
   \   00000090   0xF896 0x05CD      LDRB     R0,[R6, #+1485]
   \   00000094   0x7A2C             LDRB     R4,[R5, #+8]
   \   00000096   0x2245             MOVS     R2,#+69
   \   00000098   0xFB12 0x6200      SMLABB   R2,R2,R0,R6
   \   0000009C   0xF892 0x3064      LDRB     R3,[R2, #+100]
   \   000000A0   0x42A3             CMP      R3,R4
   \   000000A2   0xBF02             ITTT     EQ 
   \   000000A4   0xF892 0x2065      LDRBEQ   R2,[R2, #+101]
   \   000000A8   0x7A6B             LDRBEQ   R3,[R5, #+9]
   \   000000AA   0x429A             CMPEQ    R2,R3
   \   000000AC   0xF040 0x83E5      BNE.W    ??RevealHandlerIncomming_11
   \   000000B0   0x1981             ADDS     R1,R0,R6
   \   000000B2   0x1C40             ADDS     R0,R0,#+1
   \   000000B4   0x2200             MOVS     R2,#+0
   \   000000B6   0xB2C0             UXTB     R0,R0
   \   000000B8   0xF881 0x25F0      STRB     R2,[R1, #+1520]
   \   000000BC   0x280F             CMP      R0,#+15
   \   000000BE   0xBF28             IT       CS 
   \   000000C0   0x2000             MOVCS    R0,#+0
   \   000000C2   0xF886 0x05CD      STRB     R0,[R6, #+1485]
   \   000000C6   0xF886 0x25D4      STRB     R2,[R6, #+1492]
   \   000000CA   0x79EC             LDRB     R4,[R5, #+7]
   \   000000CC   0x7A6E             LDRB     R6,[R5, #+9]
   \   000000CE   0xF895 0x9008      LDRB     R9,[R5, #+8]
   \   000000D2   0x78A8             LDRB     R0,[R5, #+2]
   \   000000D4   0x.... 0x....      ADR.W    R7,REVEAL_PARSER+0x1
   \   000000D8   0x0905             LSRS     R5,R0,#+4
   \   000000DA   0x4690             MOV      R8,R2
   \                     ??RevealHandlerIncomming_12: (+1)
   \   000000DC   0x7838             LDRB     R0,[R7, #+0]
   \   000000DE   0x4548             CMP      R0,R9
   \   000000E0   0xBF18             IT       NE 
   \   000000E2   0x2800             CMPNE    R0,#+0
   \   000000E4   0xD10D             BNE.N    ??RevealHandlerIncomming_13
   \   000000E6   0xF8D7 0xC00B      LDR      R12,[R7, #+11]
   \   000000EA   0xF1BC 0x0F00      CMP      R12,#+0
   \   000000EE   0xD004             BEQ.N    ??RevealHandlerIncomming_14
   \   000000F0   0x4623             MOV      R3,R4
   \   000000F2   0x4632             MOV      R2,R6
   \   000000F4   0x4649             MOV      R1,R9
   \   000000F6   0x4628             MOV      R0,R5
   \   000000F8   0x47E0             BLX      R12
   \                     ??RevealHandlerIncomming_14: (+1)
   \   000000FA   0x7838             LDRB     R0,[R7, #+0]
   \   000000FC   0x2800             CMP      R0,#+0
   \   000000FE   0xF040 0x83BC      BNE.W    ??RevealHandlerIncomming_11
   \                     ??RevealHandlerIncomming_13: (+1)
   \   00000102   0xF108 0x0001      ADD      R0,R8,#+1
   \   00000106   0xFA5F 0xF880      UXTB     R8,R0
   \   0000010A   0x3710             ADDS     R7,R7,#+16
   \   0000010C   0xF1B8 0x0F0A      CMP      R8,#+10
   \   00000110   0xD3E4             BCC.N    ??RevealHandlerIncomming_12
   \   00000112   0xE3B2             B.N      ??RevealHandlerIncomming_11
   \                     ??RevealHandlerIncomming_10: (+1)
   \   00000114   0x2804             CMP      R0,#+4
   \   00000116   0xF040 0x83B0      BNE.W    ??RevealHandlerIncomming_11
   \   0000011A   0xF896 0x05D0      LDRB     R0,[R6, #+1488]
   \   0000011E   0x7A2C             LDRB     R4,[R5, #+8]
   \   00000120   0x2245             MOVS     R2,#+69
   \   00000122   0xFB12 0x6200      SMLABB   R2,R2,R0,R6
   \   00000126   0xF892 0x3470      LDRB     R3,[R2, #+1136]
   \   0000012A   0x42A3             CMP      R3,R4
   \   0000012C   0xBF02             ITTT     EQ 
   \   0000012E   0xF892 0x2471      LDRBEQ   R2,[R2, #+1137]
   \   00000132   0x7A6B             LDRBEQ   R3,[R5, #+9]
   \   00000134   0x429A             CMPEQ    R2,R3
   \   00000136   0xF040 0x83A0      BNE.W    ??RevealHandlerIncomming_11
   \   0000013A   0x1981             ADDS     R1,R0,R6
   \   0000013C   0x1C40             ADDS     R0,R0,#+1
   \   0000013E   0x2200             MOVS     R2,#+0
   \   00000140   0xB2C0             UXTB     R0,R0
   \   00000142   0xF881 0x204C      STRB     R2,[R1, #+76]
   \   00000146   0x2805             CMP      R0,#+5
   \   00000148   0xBF28             IT       CS 
   \   0000014A   0x2000             MOVCS    R0,#+0
   \   0000014C   0xF886 0x05D0      STRB     R0,[R6, #+1488]
   \   00000150   0xF886 0x25D4      STRB     R2,[R6, #+1492]
   \   00000154   0x79EC             LDRB     R4,[R5, #+7]
   \   00000156   0x7A6E             LDRB     R6,[R5, #+9]
   \   00000158   0xF895 0x9008      LDRB     R9,[R5, #+8]
   \   0000015C   0x78A8             LDRB     R0,[R5, #+2]
   \   0000015E   0x.... 0x....      ADR.W    R7,REVEAL_PARSER+0x1
   \   00000162   0x0905             LSRS     R5,R0,#+4
   \   00000164   0x4690             MOV      R8,R2
   \                     ??RevealHandlerIncomming_15: (+1)
   \   00000166   0x7838             LDRB     R0,[R7, #+0]
   \   00000168   0x4548             CMP      R0,R9
   \   0000016A   0xBF18             IT       NE 
   \   0000016C   0x2800             CMPNE    R0,#+0
   \   0000016E   0xD10D             BNE.N    ??RevealHandlerIncomming_16
   \   00000170   0xF8D7 0xC00B      LDR      R12,[R7, #+11]
   \   00000174   0xF1BC 0x0F00      CMP      R12,#+0
   \   00000178   0xD004             BEQ.N    ??RevealHandlerIncomming_17
   \   0000017A   0x4623             MOV      R3,R4
   \   0000017C   0x4632             MOV      R2,R6
   \   0000017E   0x4649             MOV      R1,R9
   \   00000180   0x4628             MOV      R0,R5
   \   00000182   0x47E0             BLX      R12
   \                     ??RevealHandlerIncomming_17: (+1)
   \   00000184   0x7838             LDRB     R0,[R7, #+0]
   \   00000186   0x2800             CMP      R0,#+0
   \   00000188   0xF040 0x8377      BNE.W    ??RevealHandlerIncomming_11
   \                     ??RevealHandlerIncomming_16: (+1)
   \   0000018C   0xF108 0x0001      ADD      R0,R8,#+1
   \   00000190   0xFA5F 0xF880      UXTB     R8,R0
   \   00000194   0x3710             ADDS     R7,R7,#+16
   \   00000196   0xF1B8 0x0F0A      CMP      R8,#+10
   \   0000019A   0xD3E4             BCC.N    ??RevealHandlerIncomming_15
   \   0000019C   0xE36D             B.N      ??RevealHandlerIncomming_11
   \                     ??RevealHandlerIncomming_8: (+1)
   \   0000019E   0xF8B6 0x05EE      LDRH     R0,[R6, #+1518]
   \   000001A2   0xB1F0             CBZ.N    R0,??RevealHandlerIncomming_18
   \   000001A4   0xF05F 0x0001      MOVS.W   R0,#+1
   \   000001A8   0x.... 0x....      ADR.W    R1,POSSIBLE_BLOCKED_APIS_LIST+0x1
   \                     ??RevealHandlerIncomming_19: (+1)
   \   000001AC   0xF811 0x2B01      LDRB     R2,[R1], #+1
   \   000001B0   0x2A01             CMP      R2,#+1
   \   000001B2   0xBF1E             ITTT     NE 
   \   000001B4   0x1C40             ADDNE    R0,R0,#+1
   \   000001B6   0xF811 0x2B01      LDRBNE   R2,[R1], #+1
   \   000001BA   0x2A01             CMPNE    R2,#+1
   \   000001BC   0xBF1E             ITTT     NE 
   \   000001BE   0x1C40             ADDNE    R0,R0,#+1
   \   000001C0   0xF811 0x2B01      LDRBNE   R2,[R1], #+1
   \   000001C4   0x2A01             CMPNE    R2,#+1
   \   000001C6   0xD004             BEQ.N    ??RevealHandlerIncomming_20
   \   000001C8   0x1C40             ADDS     R0,R0,#+1
   \   000001CA   0xB2C0             UXTB     R0,R0
   \   000001CC   0x2813             CMP      R0,#+19
   \   000001CE   0xD3ED             BCC.N    ??RevealHandlerIncomming_19
   \   000001D0   0xE007             B.N      ??RevealHandlerIncomming_18
   \                     ??RevealHandlerIncomming_20: (+1)
   \   000001D2   0xB2C0             UXTB     R0,R0
   \   000001D4   0xEB06 0x0080      ADD      R0,R6,R0, LSL #+2
   \   000001D8   0xF8D0 0x0610      LDR      R0,[R0, #+1552]
   \   000001DC   0x0FC0             LSRS     R0,R0,#+31
   \   000001DE   0xF040 0x834C      BNE.W    ??RevealHandlerIncomming_11
   \                     ??RevealHandlerIncomming_18: (+1)
   \   000001E2   0xF896 0x05CC      LDRB     R0,[R6, #+1484]
   \   000001E6   0x1983             ADDS     R3,R0,R6
   \   000001E8   0xF893 0x15F0      LDRB     R1,[R3, #+1520]
   \   000001EC   0x2900             CMP      R1,#+0
   \   000001EE   0xD142             BNE.N    ??RevealHandlerIncomming_21
   \   000001F0   0x2108             MOVS     R1,#+8
   \   000001F2   0xF883 0x15F0      STRB     R1,[R3, #+1520]
   \   000001F6   0x2145             MOVS     R1,#+69
   \   000001F8   0xFB11 0x6100      SMLABB   R1,R1,R0,R6
   \   000001FC   0x1C40             ADDS     R0,R0,#+1
   \   000001FE   0xB2C0             UXTB     R0,R0
   \   00000200   0xF101 0x0464      ADD      R4,R1,#+100
   \   00000204   0x280F             CMP      R0,#+15
   \   00000206   0xBF28             IT       CS 
   \   00000208   0x2000             MOVCS    R0,#+0
   \   0000020A   0xF886 0x05CC      STRB     R0,[R6, #+1484]
   \   0000020E   0xF896 0x15CC      LDRB     R1,[R6, #+1484]
   \   00000212   0xF896 0x05CD      LDRB     R0,[R6, #+1485]
   \   00000216   0x4281             CMP      R1,R0
   \   00000218   0xBF26             ITTE     CS 
   \   0000021A   0xF1C1 0x010F      RSBCS    R1,R1,#+15
   \   0000021E   0x1840             ADDCS    R0,R0,R1
   \   00000220   0x1A40             SUBCC    R0,R0,R1
   \   00000222   0xF896 0x15D5      LDRB     R1,[R6, #+1493]
   \   00000226   0xB2C0             UXTB     R0,R0
   \   00000228   0x4288             CMP      R0,R1
   \   0000022A   0xBF88             IT       HI 
   \   0000022C   0x4608             MOVHI    R0,R1
   \   0000022E   0xF886 0x05D5      STRB     R0,[R6, #+1493]
   \   00000232   0x2100             MOVS     R1,#+0
   \   00000234   0x2001             MOVS     R0,#+1
   \   00000236   0x7020             STRB     R0,[R4, #+0]
   \   00000238   0x201F             MOVS     R0,#+31
   \   0000023A   0x7060             STRB     R0,[R4, #+1]
   \   0000023C   0x78A0             LDRB     R0,[R4, #+2]
   \   0000023E   0xF040 0x000F      ORR      R0,R0,#0xF
   \   00000242   0x70A0             STRB     R0,[R4, #+2]
   \   00000244   0x70E1             STRB     R1,[R4, #+3]
   \   00000246   0xF000 0x009F      AND      R0,R0,#0x9F
   \   0000024A   0xF040 0x0010      ORR      R0,R0,#0x10
   \   0000024E   0x70A0             STRB     R0,[R4, #+2]
   \   00000250   0x78A8             LDRB     R0,[R5, #+2]
   \   00000252   0x0905             LSRS     R5,R0,#+4
   \   00000254   0x4620             MOV      R0,R4
   \   00000256   0x.... 0x....      BL       IsPendingMessage
   \   0000025A   0x2801             CMP      R0,#+1
   \   0000025C   0xD107             BNE.N    ??RevealHandlerIncomming_22
   \   0000025E   0x78E0             LDRB     R0,[R4, #+3]
   \   00000260   0x2841             CMP      R0,#+65
   \   00000262   0xDA04             BGE.N    ??RevealHandlerIncomming_22
   \   00000264   0x1900             ADDS     R0,R0,R4
   \   00000266   0x7105             STRB     R5,[R0, #+4]
   \   00000268   0x78E0             LDRB     R0,[R4, #+3]
   \   0000026A   0x1C40             ADDS     R0,R0,#+1
   \   0000026C   0x70E0             STRB     R0,[R4, #+3]
   \                     ??RevealHandlerIncomming_22: (+1)
   \   0000026E   0x4620             MOV      R0,R4
   \   00000270   0x.... 0x....      BL       Reveal__QueueCommand
   \   00000274   0xE301             B.N      ??RevealHandlerIncomming_11
   \                     ??RevealHandlerIncomming_21: (+1)
   \   00000276   0xF8B6 0x05E6      LDRH     R0,[R6, #+1510]
   \   0000027A   0x1C40             ADDS     R0,R0,#+1
   \   0000027C   0xF8A6 0x05E6      STRH     R0,[R6, #+1510]
   \   00000280   0xE2FB             B.N      ??RevealHandlerIncomming_11
   \                     ??RevealHandlerIncomming_9: (+1)
   \   00000282   0x79EA             LDRB     R2,[R5, #+7]
   \   00000284   0x2A0F             CMP      R2,#+15
   \   00000286   0xF280 0x82F8      BGE.W    ??RevealHandlerIncomming_11
   \   0000028A   0x4090             LSLS     R0,R0,R2
   \   0000028C   0x4308             ORRS     R0,R0,R1
   \   0000028E   0xF8A6 0x05EC      STRH     R0,[R6, #+1516]
   \   00000292   0xE2F2             B.N      ??RevealHandlerIncomming_11
   \                     ??RevealHandlerIncomming_7: (+1)
   \   00000294   0x78A8             LDRB     R0,[R5, #+2]
   \   00000296   0x79E9             LDRB     R1,[R5, #+7]
   \   00000298   0x0900             LSRS     R0,R0,#+4
   \   0000029A   0x.... 0x....      BL       SFUpdater__RxMaxPackage
   \   0000029E   0xE2EC             B.N      ??RevealHandlerIncomming_11
   \                     ??RevealHandlerIncomming_4: (+1)
   \   000002A0   0xF1A8 0x0203      SUB      R2,R8,#+3
   \   000002A4   0x2A0F             CMP      R2,#+15
   \   000002A6   0xF200 0x827B      BHI.W    ??RevealHandlerIncomming_23
   \   000002AA   0xE8DF 0xF012      TBH      [PC, R2, LSL #+1]
   \                     ??RevealHandlerIncomming_0:
   \   000002AE   0x0010 0x0279      DC16     0x10,0x279,0x279,0x279
   \              0x0279 0x0279
   \   000002B6   0x0098 0x0279      DC16     0x98,0x279,0xAA,0x279
   \              0x00AA 0x0279
   \   000002BE   0x0279 0x0279      DC16     0x279,0x279,0x279,0x279
   \              0x0279 0x0279
   \   000002C6   0x0279 0x0279      DC16     0x279,0x279,0x14A,0x1CA
   \              0x014A 0x01CA
   \                     ??RevealHandlerIncomming_24: (+1)
   \   000002CE   0x79E8             LDRB     R0,[R5, #+7]
   \   000002D0   0x7A29             LDRB     R1,[R5, #+8]
   \   000002D2   0xEB01 0x2000      ADD      R0,R1,R0, LSL #+8
   \   000002D6   0xF8A6 0x05E0      STRH     R0,[R6, #+1504]
   \   000002DA   0x2400             MOVS     R4,#+0
   \   000002DC   0xF8B6 0x05EE      LDRH     R0,[R6, #+1518]
   \   000002E0   0xB1E8             CBZ.N    R0,??RevealHandlerIncomming_25
   \   000002E2   0x.... 0x....      ADR.W    R1,POSSIBLE_BLOCKED_APIS_LIST+0x1
   \   000002E6   0x2001             MOVS     R0,#+1
   \                     ??RevealHandlerIncomming_26: (+1)
   \   000002E8   0xF811 0x2B01      LDRB     R2,[R1], #+1
   \   000002EC   0x2A01             CMP      R2,#+1
   \   000002EE   0xBF1E             ITTT     NE 
   \   000002F0   0x1C40             ADDNE    R0,R0,#+1
   \   000002F2   0xF811 0x2B01      LDRBNE   R2,[R1], #+1
   \   000002F6   0x2A01             CMPNE    R2,#+1
   \   000002F8   0xBF1E             ITTT     NE 
   \   000002FA   0x1C40             ADDNE    R0,R0,#+1
   \   000002FC   0xF811 0x2B01      LDRBNE   R2,[R1], #+1
   \   00000300   0x2A01             CMPNE    R2,#+1
   \   00000302   0xD004             BEQ.N    ??RevealHandlerIncomming_27
   \   00000304   0x1C40             ADDS     R0,R0,#+1
   \   00000306   0xB2C0             UXTB     R0,R0
   \   00000308   0x2813             CMP      R0,#+19
   \   0000030A   0xD3ED             BCC.N    ??RevealHandlerIncomming_26
   \   0000030C   0xE007             B.N      ??RevealHandlerIncomming_25
   \                     ??RevealHandlerIncomming_27: (+1)
   \   0000030E   0xB2C0             UXTB     R0,R0
   \   00000310   0xEB06 0x0080      ADD      R0,R6,R0, LSL #+2
   \   00000314   0xF8D0 0x0610      LDR      R0,[R0, #+1552]
   \   00000318   0x03C0             LSLS     R0,R0,#+15
   \   0000031A   0xF100 0x8295      BMI.W    ??RevealHandlerIncomming_28
   \                     ??RevealHandlerIncomming_25: (+1)
   \   0000031E   0xF896 0x05CC      LDRB     R0,[R6, #+1484]
   \   00000322   0x1983             ADDS     R3,R0,R6
   \   00000324   0xF893 0x15F0      LDRB     R1,[R3, #+1520]
   \   00000328   0x2900             CMP      R1,#+0
   \   0000032A   0xD152             BNE.N    ??RevealHandlerIncomming_29
   \   0000032C   0x2108             MOVS     R1,#+8
   \   0000032E   0xF883 0x15F0      STRB     R1,[R3, #+1520]
   \   00000332   0x2145             MOVS     R1,#+69
   \   00000334   0xFB11 0x6100      SMLABB   R1,R1,R0,R6
   \   00000338   0x1C40             ADDS     R0,R0,#+1
   \   0000033A   0xB2C0             UXTB     R0,R0
   \   0000033C   0xF101 0x0764      ADD      R7,R1,#+100
   \   00000340   0x280F             CMP      R0,#+15
   \   00000342   0xBF28             IT       CS 
   \   00000344   0x2000             MOVCS    R0,#+0
   \   00000346   0xF886 0x05CC      STRB     R0,[R6, #+1484]
   \   0000034A   0xF896 0x15CC      LDRB     R1,[R6, #+1484]
   \   0000034E   0xF896 0x05CD      LDRB     R0,[R6, #+1485]
   \   00000352   0x4281             CMP      R1,R0
   \   00000354   0xBF26             ITTE     CS 
   \   00000356   0xF1C1 0x010F      RSBCS    R1,R1,#+15
   \   0000035A   0x1840             ADDCS    R0,R0,R1
   \   0000035C   0x1A40             SUBCC    R0,R0,R1
   \   0000035E   0xF896 0x15D5      LDRB     R1,[R6, #+1493]
   \   00000362   0xB2C0             UXTB     R0,R0
   \   00000364   0x4288             CMP      R0,R1
   \   00000366   0xBF88             IT       HI 
   \   00000368   0x4608             MOVHI    R0,R1
   \   0000036A   0xF886 0x05D5      STRB     R0,[R6, #+1493]
   \   0000036E   0x2001             MOVS     R0,#+1
   \   00000370   0x7038             STRB     R0,[R7, #+0]
   \   00000372   0x2010             MOVS     R0,#+16
   \   00000374   0x7078             STRB     R0,[R7, #+1]
   \   00000376   0x78B8             LDRB     R0,[R7, #+2]
   \   00000378   0xF040 0x000F      ORR      R0,R0,#0xF
   \   0000037C   0x70B8             STRB     R0,[R7, #+2]
   \   0000037E   0x70FC             STRB     R4,[R7, #+3]
   \   00000380   0xF000 0x009F      AND      R0,R0,#0x9F
   \   00000384   0xF040 0x0010      ORR      R0,R0,#0x10
   \   00000388   0x70B8             STRB     R0,[R7, #+2]
   \   0000038A   0x4638             MOV      R0,R7
   \   0000038C   0xF895 0xA007      LDRB     R10,[R5, #+7]
   \   00000390   0x.... 0x....      BL       IsPendingMessage
   \   00000394   0x2801             CMP      R0,#+1
   \   00000396   0xD108             BNE.N    ??RevealHandlerIncomming_30
   \   00000398   0x78F8             LDRB     R0,[R7, #+3]
   \   0000039A   0x2841             CMP      R0,#+65
   \   0000039C   0xDA05             BGE.N    ??RevealHandlerIncomming_30
   \   0000039E   0x19C0             ADDS     R0,R0,R7
   \   000003A0   0xF880 0xA004      STRB     R10,[R0, #+4]
   \   000003A4   0x78F8             LDRB     R0,[R7, #+3]
   \   000003A6   0x1C40             ADDS     R0,R0,#+1
   \   000003A8   0x70F8             STRB     R0,[R7, #+3]
   \                     ??RevealHandlerIncomming_30: (+1)
   \   000003AA   0x4638             MOV      R0,R7
   \   000003AC   0xF895 0xA008      LDRB     R10,[R5, #+8]
   \   000003B0   0x.... 0x....      BL       IsPendingMessage
   \   000003B4   0x2801             CMP      R0,#+1
   \   000003B6   0xD108             BNE.N    ??RevealHandlerIncomming_31
   \   000003B8   0x78F8             LDRB     R0,[R7, #+3]
   \   000003BA   0x2841             CMP      R0,#+65
   \   000003BC   0xDA05             BGE.N    ??RevealHandlerIncomming_31
   \   000003BE   0x19C0             ADDS     R0,R0,R7
   \   000003C0   0xF880 0xA004      STRB     R10,[R0, #+4]
   \   000003C4   0x78F8             LDRB     R0,[R7, #+3]
   \   000003C6   0x1C40             ADDS     R0,R0,#+1
   \   000003C8   0x70F8             STRB     R0,[R7, #+3]
   \                     ??RevealHandlerIncomming_31: (+1)
   \   000003CA   0x4638             MOV      R0,R7
   \   000003CC   0x.... 0x....      BL       Reveal__QueueCommand
   \   000003D0   0xE23A             B.N      ??RevealHandlerIncomming_28
   \                     ??RevealHandlerIncomming_29: (+1)
   \   000003D2   0xF8B6 0x05E6      LDRH     R0,[R6, #+1510]
   \   000003D6   0x1C40             ADDS     R0,R0,#+1
   \   000003D8   0xF8A6 0x05E6      STRH     R0,[R6, #+1510]
   \   000003DC   0xE234             B.N      ??RevealHandlerIncomming_28
   \                     ??RevealHandlerIncomming_32: (+1)
   \   000003DE   0x7928             LDRB     R0,[R5, #+4]
   \   000003E0   0x1EC1             SUBS     R1,R0,#+3
   \   000003E2   0xB2C9             UXTB     R1,R1
   \   000003E4   0x2900             CMP      R1,#+0
   \   000003E6   0xF000 0x8123      BEQ.W    ??RevealHandlerIncomming_33
   \   000003EA   0xF011 0x0003      ANDS     R0,R1,#0x3
   \   000003EE   0xD001             BEQ.N    ??RevealHandlerIncomming_34
   \                     ??RevealHandlerIncomming_35: (+1)
   \   000003F0   0x1E40             SUBS     R0,R0,#+1
   \   000003F2   0xD1FD             BNE.N    ??RevealHandlerIncomming_35
   \                     ??RevealHandlerIncomming_34: (+1)
   \   000003F4   0x0888             LSRS     R0,R1,#+2
   \   000003F6   0xF000 0x811B      BEQ.W    ??RevealHandlerIncomming_33
   \                     ??RevealHandlerIncomming_36: (+1)
   \   000003FA   0x1E40             SUBS     R0,R0,#+1
   \   000003FC   0xD1FD             BNE.N    ??RevealHandlerIncomming_36
   \   000003FE   0x2400             MOVS     R4,#+0
   \   00000400   0xE222             B.N      ??RevealHandlerIncomming_28
   \                     ??RevealHandlerIncomming_37: (+1)
   \   00000402   0x7AE8             LDRB     R0,[R5, #+11]
   \   00000404   0xB910             CBNZ.N   R0,??RevealHandlerIncomming_38
   \   00000406   0x7B2C             LDRB     R4,[R5, #+12]
   \   00000408   0x2C42             CMP      R4,#+66
   \   0000040A   0xDB00             BLT.N    ??RevealHandlerIncomming_39
   \                     ??RevealHandlerIncomming_38: (+1)
   \   0000040C   0x2441             MOVS     R4,#+65
   \                     ??RevealHandlerIncomming_39: (+1)
   \   0000040E   0x7A29             LDRB     R1,[R5, #+8]
   \   00000410   0x79E8             LDRB     R0,[R5, #+7]
   \   00000412   0x0409             LSLS     R1,R1,#+16
   \   00000414   0xEB01 0x6000      ADD      R0,R1,R0, LSL #+24
   \   00000418   0x7A69             LDRB     R1,[R5, #+9]
   \   0000041A   0xEB00 0x2001      ADD      R0,R0,R1, LSL #+8
   \   0000041E   0x7AA9             LDRB     R1,[R5, #+10]
   \   00000420   0x1847             ADDS     R7,R0,R1
   \   00000422   0x4278             RSBS     R0,R7,#+0
   \   00000424   0x42A0             CMP      R0,R4
   \   00000426   0xD201             BCS.N    ??RevealHandlerIncomming_40
   \                     ??RevealHandlerIncomming_41: (+1)
   \   00000428   0x2407             MOVS     R4,#+7
   \   0000042A   0xE20D             B.N      ??RevealHandlerIncomming_28
   \                     ??RevealHandlerIncomming_40: (+1)
   \   0000042C   0x2C00             CMP      R4,#+0
   \   0000042E   0xD0FB             BEQ.N    ??RevealHandlerIncomming_41
   \   00000430   0x78A8             LDRB     R0,[R5, #+2]
   \   00000432   0x0901             LSRS     R1,R0,#+4
   \   00000434   0xF8B6 0x05EE      LDRH     R0,[R6, #+1518]
   \   00000438   0xB1E8             CBZ.N    R0,??RevealHandlerIncomming_42
   \   0000043A   0x.... 0x....      ADR.W    R2,POSSIBLE_BLOCKED_APIS_LIST+0x1
   \   0000043E   0x2001             MOVS     R0,#+1
   \                     ??RevealHandlerIncomming_43: (+1)
   \   00000440   0xF812 0x3B01      LDRB     R3,[R2], #+1
   \   00000444   0x2B01             CMP      R3,#+1
   \   00000446   0xBF1E             ITTT     NE 
   \   00000448   0x1C40             ADDNE    R0,R0,#+1
   \   0000044A   0xF812 0x3B01      LDRBNE   R3,[R2], #+1
   \   0000044E   0x2B01             CMPNE    R3,#+1
   \   00000450   0xBF1E             ITTT     NE 
   \   00000452   0x1C40             ADDNE    R0,R0,#+1
   \   00000454   0xF812 0x3B01      LDRBNE   R3,[R2], #+1
   \   00000458   0x2B01             CMPNE    R3,#+1
   \   0000045A   0xD004             BEQ.N    ??RevealHandlerIncomming_44
   \   0000045C   0x1C40             ADDS     R0,R0,#+1
   \   0000045E   0xB2C0             UXTB     R0,R0
   \   00000460   0x2813             CMP      R0,#+19
   \   00000462   0xD3ED             BCC.N    ??RevealHandlerIncomming_43
   \   00000464   0xE007             B.N      ??RevealHandlerIncomming_42
   \                     ??RevealHandlerIncomming_44: (+1)
   \   00000466   0xB2C0             UXTB     R0,R0
   \   00000468   0xEB06 0x0080      ADD      R0,R6,R0, LSL #+2
   \   0000046C   0xF890 0x0610      LDRB     R0,[R0, #+1552]
   \   00000470   0x06C0             LSLS     R0,R0,#+27
   \   00000472   0xF100 0x80DD      BMI.W    ??RevealHandlerIncomming_33
   \                     ??RevealHandlerIncomming_42: (+1)
   \   00000476   0x2910             CMP      R1,#+16
   \   00000478   0xF280 0x80DA      BGE.W    ??RevealHandlerIncomming_33
   \   0000047C   0xF896 0x05CC      LDRB     R0,[R6, #+1484]
   \   00000480   0x4602             MOV      R2,R0
   \   00000482   0x1993             ADDS     R3,R2,R6
   \   00000484   0xF893 0xC5F0      LDRB     R12,[R3, #+1520]
   \   00000488   0xF1BC 0x0F00      CMP      R12,#+0
   \   0000048C   0xD152             BNE.N    ??RevealHandlerIncomming_45
   \   0000048E   0xF04F 0x0C08      MOV      R12,#+8
   \   00000492   0xF883 0xC5F0      STRB     R12,[R3, #+1520]
   \   00000496   0x2345             MOVS     R3,#+69
   \   00000498   0x1C40             ADDS     R0,R0,#+1
   \   0000049A   0xFB13 0x6202      SMLABB   R2,R3,R2,R6
   \   0000049E   0xB2C0             UXTB     R0,R0
   \   000004A0   0xF102 0x0A64      ADD      R10,R2,#+100
   \   000004A4   0x280F             CMP      R0,#+15
   \   000004A6   0xBF28             IT       CS 
   \   000004A8   0x2000             MOVCS    R0,#+0
   \   000004AA   0xF886 0x05CC      STRB     R0,[R6, #+1484]
   \   000004AE   0xF896 0x25CC      LDRB     R2,[R6, #+1484]
   \   000004B2   0xF896 0x05CD      LDRB     R0,[R6, #+1485]
   \   000004B6   0x4282             CMP      R2,R0
   \   000004B8   0xBF26             ITTE     CS 
   \   000004BA   0xF1C2 0x020F      RSBCS    R2,R2,#+15
   \   000004BE   0x1880             ADDCS    R0,R0,R2
   \   000004C0   0x1A80             SUBCC    R0,R0,R2
   \   000004C2   0xF896 0x25D5      LDRB     R2,[R6, #+1493]
   \   000004C6   0xB2C0             UXTB     R0,R0
   \   000004C8   0x4290             CMP      R0,R2
   \   000004CA   0xBF88             IT       HI 
   \   000004CC   0x4610             MOVHI    R0,R2
   \   000004CE   0xF886 0x05D5      STRB     R0,[R6, #+1493]
   \   000004D2   0x2001             MOVS     R0,#+1
   \   000004D4   0xF88A 0x0000      STRB     R0,[R10, #+0]
   \   000004D8   0x2004             MOVS     R0,#+4
   \   000004DA   0xF88A 0x0001      STRB     R0,[R10, #+1]
   \   000004DE   0xF89A 0x0002      LDRB     R0,[R10, #+2]
   \   000004E2   0xF000 0x00F0      AND      R0,R0,#0xF0
   \   000004E6   0x4308             ORRS     R0,R1,R0
   \   000004E8   0xF88A 0x0002      STRB     R0,[R10, #+2]
   \   000004EC   0x2100             MOVS     R1,#+0
   \   000004EE   0xF000 0x009F      AND      R0,R0,#0x9F
   \   000004F2   0xF88A 0x1003      STRB     R1,[R10, #+3]
   \   000004F6   0xF040 0x0010      ORR      R0,R0,#0x10
   \   000004FA   0xF88A 0x0002      STRB     R0,[R10, #+2]
   \   000004FE   0x2C01             CMP      R4,#+1
   \   00000500   0xF2C0 0x8016      BLT.W    ??RevealHandlerIncomming_46
   \                     ??RevealHandlerIncomming_47: (+1)
   \   00000504   0xF897 0xB000      LDRB     R11,[R7, #+0]
   \   00000508   0x4650             MOV      R0,R10
   \   0000050A   0x.... 0x....      BL       IsPendingMessage
   \   0000050E   0x2801             CMP      R0,#+1
   \   00000510   0xD10B             BNE.N    ??RevealHandlerIncomming_48
   \   00000512   0xF89A 0x0003      LDRB     R0,[R10, #+3]
   \   00000516   0x2841             CMP      R0,#+65
   \   00000518   0xDA07             BGE.N    ??RevealHandlerIncomming_48
   \   0000051A   0x4450             ADD      R0,R0,R10
   \   0000051C   0xF880 0xB004      STRB     R11,[R0, #+4]
   \   00000520   0xF89A 0x0003      LDRB     R0,[R10, #+3]
   \   00000524   0x1C40             ADDS     R0,R0,#+1
   \   00000526   0xF88A 0x0003      STRB     R0,[R10, #+3]
   \                     ??RevealHandlerIncomming_48: (+1)
   \   0000052A   0x1C7F             ADDS     R7,R7,#+1
   \   0000052C   0x1E64             SUBS     R4,R4,#+1
   \   0000052E   0xD1E9             BNE.N    ??RevealHandlerIncomming_47
   \                     ??RevealHandlerIncomming_46: (+1)
   \   00000530   0x4650             MOV      R0,R10
   \   00000532   0xE07B             B.N      ??RevealHandlerIncomming_49
   \                     ??RevealHandlerIncomming_45: (+1)
   \   00000534   0xF8B6 0x05E6      LDRH     R0,[R6, #+1510]
   \   00000538   0x1C40             ADDS     R0,R0,#+1
   \   0000053A   0xF8A6 0x05E6      STRH     R0,[R6, #+1510]
   \   0000053E   0x2400             MOVS     R4,#+0
   \   00000540   0xE182             B.N      ??RevealHandlerIncomming_28
   \                     ??RevealHandlerIncomming_50: (+1)
   \   00000542   0xF8B6 0x05EE      LDRH     R0,[R6, #+1518]
   \   00000546   0xB1E8             CBZ.N    R0,??RevealHandlerIncomming_51
   \   00000548   0xF05F 0x0001      MOVS.W   R0,#+1
   \   0000054C   0x.... 0x....      ADR.W    R1,POSSIBLE_BLOCKED_APIS_LIST+0x1
   \                     ??RevealHandlerIncomming_52: (+1)
   \   00000550   0xF811 0x2B01      LDRB     R2,[R1], #+1
   \   00000554   0x2A01             CMP      R2,#+1
   \   00000556   0xBF1E             ITTT     NE 
   \   00000558   0x1C40             ADDNE    R0,R0,#+1
   \   0000055A   0xF811 0x2B01      LDRBNE   R2,[R1], #+1
   \   0000055E   0x2A01             CMPNE    R2,#+1
   \   00000560   0xBF1E             ITTT     NE 
   \   00000562   0x1C40             ADDNE    R0,R0,#+1
   \   00000564   0xF811 0x2B01      LDRBNE   R2,[R1], #+1
   \   00000568   0x2A01             CMPNE    R2,#+1
   \   0000056A   0xD004             BEQ.N    ??RevealHandlerIncomming_53
   \   0000056C   0x1C40             ADDS     R0,R0,#+1
   \   0000056E   0xB2C0             UXTB     R0,R0
   \   00000570   0x2813             CMP      R0,#+19
   \   00000572   0xD3ED             BCC.N    ??RevealHandlerIncomming_52
   \   00000574   0xE006             B.N      ??RevealHandlerIncomming_51
   \                     ??RevealHandlerIncomming_53: (+1)
   \   00000576   0xB2C0             UXTB     R0,R0
   \   00000578   0xEB06 0x0080      ADD      R0,R6,R0, LSL #+2
   \   0000057C   0xF8D0 0x0610      LDR      R0,[R0, #+1552]
   \   00000580   0x0380             LSLS     R0,R0,#+14
   \   00000582   0xD45C             BMI.N    ??RevealHandlerIncomming_54
   \                     ??RevealHandlerIncomming_51: (+1)
   \   00000584   0xF896 0x05CC      LDRB     R0,[R6, #+1484]
   \   00000588   0x1983             ADDS     R3,R0,R6
   \   0000058A   0xF893 0x15F0      LDRB     R1,[R3, #+1520]
   \   0000058E   0x2900             CMP      R1,#+0
   \   00000590   0xD150             BNE.N    ??RevealHandlerIncomming_55
   \   00000592   0x2108             MOVS     R1,#+8
   \   00000594   0xF883 0x15F0      STRB     R1,[R3, #+1520]
   \   00000598   0x2145             MOVS     R1,#+69
   \   0000059A   0xFB11 0x6100      SMLABB   R1,R1,R0,R6
   \   0000059E   0x1C40             ADDS     R0,R0,#+1
   \   000005A0   0xB2C0             UXTB     R0,R0
   \   000005A2   0xF101 0x0464      ADD      R4,R1,#+100
   \   000005A6   0x280F             CMP      R0,#+15
   \   000005A8   0xBF28             IT       CS 
   \   000005AA   0x2000             MOVCS    R0,#+0
   \   000005AC   0xF886 0x05CC      STRB     R0,[R6, #+1484]
   \   000005B0   0xF896 0x15CC      LDRB     R1,[R6, #+1484]
   \   000005B4   0xF896 0x05CD      LDRB     R0,[R6, #+1485]
   \   000005B8   0x4281             CMP      R1,R0
   \   000005BA   0xBF26             ITTE     CS 
   \   000005BC   0xF1C1 0x010F      RSBCS    R1,R1,#+15
   \   000005C0   0x1840             ADDCS    R0,R0,R1
   \   000005C2   0x1A40             SUBCC    R0,R0,R1
   \   000005C4   0xF896 0x15D5      LDRB     R1,[R6, #+1493]
   \   000005C8   0xB2C0             UXTB     R0,R0
   \   000005CA   0x4288             CMP      R0,R1
   \   000005CC   0xBF88             IT       HI 
   \   000005CE   0x4608             MOVHI    R0,R1
   \   000005D0   0xF886 0x05D5      STRB     R0,[R6, #+1493]
   \   000005D4   0x2100             MOVS     R1,#+0
   \   000005D6   0x2001             MOVS     R0,#+1
   \   000005D8   0x7020             STRB     R0,[R4, #+0]
   \   000005DA   0x2011             MOVS     R0,#+17
   \   000005DC   0x7060             STRB     R0,[R4, #+1]
   \   000005DE   0x78A0             LDRB     R0,[R4, #+2]
   \   000005E0   0xF040 0x000F      ORR      R0,R0,#0xF
   \   000005E4   0x70A0             STRB     R0,[R4, #+2]
   \   000005E6   0x70E1             STRB     R1,[R4, #+3]
   \   000005E8   0xF000 0x009F      AND      R0,R0,#0x9F
   \   000005EC   0xF040 0x0010      ORR      R0,R0,#0x10
   \   000005F0   0x70A0             STRB     R0,[R4, #+2]
   \   000005F2   0x4620             MOV      R0,R4
   \   000005F4   0x.... 0x....      BL       IsPendingMessage
   \   000005F8   0x2801             CMP      R0,#+1
   \   000005FA   0xD108             BNE.N    ??RevealHandlerIncomming_56
   \   000005FC   0x78E0             LDRB     R0,[R4, #+3]
   \   000005FE   0x2841             CMP      R0,#+65
   \   00000600   0xDA05             BGE.N    ??RevealHandlerIncomming_56
   \   00000602   0x1900             ADDS     R0,R0,R4
   \   00000604   0x2141             MOVS     R1,#+65
   \   00000606   0x7101             STRB     R1,[R0, #+4]
   \   00000608   0x78E0             LDRB     R0,[R4, #+3]
   \   0000060A   0x1C40             ADDS     R0,R0,#+1
   \   0000060C   0x70E0             STRB     R0,[R4, #+3]
   \                     ??RevealHandlerIncomming_56: (+1)
   \   0000060E   0x4620             MOV      R0,R4
   \   00000610   0x.... 0x....      BL       IsPendingMessage
   \   00000614   0x2801             CMP      R0,#+1
   \   00000616   0xD108             BNE.N    ??RevealHandlerIncomming_57
   \   00000618   0x78E0             LDRB     R0,[R4, #+3]
   \   0000061A   0x2841             CMP      R0,#+65
   \   0000061C   0xDA05             BGE.N    ??RevealHandlerIncomming_57
   \   0000061E   0x1900             ADDS     R0,R0,R4
   \   00000620   0x2141             MOVS     R1,#+65
   \   00000622   0x7101             STRB     R1,[R0, #+4]
   \   00000624   0x78E0             LDRB     R0,[R4, #+3]
   \   00000626   0x1C40             ADDS     R0,R0,#+1
   \   00000628   0x70E0             STRB     R0,[R4, #+3]
   \                     ??RevealHandlerIncomming_57: (+1)
   \   0000062A   0x4620             MOV      R0,R4
   \                     ??RevealHandlerIncomming_49: (+1)
   \   0000062C   0x.... 0x....      BL       Reveal__QueueCommand
   \                     ??RevealHandlerIncomming_33: (+1)
   \   00000630   0x2400             MOVS     R4,#+0
   \   00000632   0xE109             B.N      ??RevealHandlerIncomming_28
   \                     ??RevealHandlerIncomming_55: (+1)
   \   00000634   0xF8B6 0x05E6      LDRH     R0,[R6, #+1510]
   \   00000638   0x1C40             ADDS     R0,R0,#+1
   \   0000063A   0xF8A6 0x05E6      STRH     R0,[R6, #+1510]
   \                     ??RevealHandlerIncomming_54: (+1)
   \   0000063E   0x2401             MOVS     R4,#+1
   \   00000640   0xE102             B.N      ??RevealHandlerIncomming_28
   \                     ??RevealHandlerIncomming_58: (+1)
   \   00000642   0x2407             MOVS     R4,#+7
   \   00000644   0x7928             LDRB     R0,[R5, #+4]
   \   00000646   0x2803             CMP      R0,#+3
   \   00000648   0xF2C0 0x80FE      BLT.W    ??RevealHandlerIncomming_28
   \   0000064C   0x79EA             LDRB     R2,[R5, #+7]
   \   0000064E   0xB94A             CBNZ.N   R2,??RevealHandlerIncomming_59
   \   00000650   0x214C             MOVS     R1,#+76
   \   00000652   0xF506 0x60C2      ADD      R0,R6,#+1552
   \   00000656   0x.... 0x....      BL       __aeabi_memclr4
   \   0000065A   0x2000             MOVS     R0,#+0
   \   0000065C   0xF8A6 0x05EE      STRH     R0,[R6, #+1518]
   \   00000660   0x2400             MOVS     R4,#+0
   \   00000662   0xE0F1             B.N      ??RevealHandlerIncomming_28
   \                     ??RevealHandlerIncomming_59: (+1)
   \   00000664   0x2804             CMP      R0,#+4
   \   00000666   0xF2C0 0x80EF      BLT.W    ??RevealHandlerIncomming_28
   \   0000066A   0x1EC1             SUBS     R1,R0,#+3
   \   0000066C   0x2205             MOVS     R2,#+5
   \   0000066E   0xFB91 0xF2F2      SDIV     R2,R1,R2
   \   00000672   0xEB02 0x0282      ADD      R2,R2,R2, LSL #+2
   \   00000676   0x1A89             SUBS     R1,R1,R2
   \   00000678   0xF040 0x80E6      BNE.W    ??RevealHandlerIncomming_28
   \   0000067C   0x7A29             LDRB     R1,[R5, #+8]
   \   0000067E   0x29FF             CMP      R1,#+255
   \   00000680   0xBF04             ITT      EQ 
   \   00000682   0x7A69             LDRBEQ   R1,[R5, #+9]
   \   00000684   0x29FF             CMPEQ    R1,#+255
   \   00000686   0xD10F             BNE.N    ??RevealHandlerIncomming_60
   \   00000688   0x7AA9             LDRB     R1,[R5, #+10]
   \   0000068A   0x29FF             CMP      R1,#+255
   \   0000068C   0xBF01             ITTTT    EQ 
   \   0000068E   0x7AE9             LDRBEQ   R1,[R5, #+11]
   \   00000690   0x29FF             CMPEQ    R1,#+255
   \   00000692   0x7B29             LDRBEQ   R1,[R5, #+12]
   \   00000694   0x29FF             CMPEQ    R1,#+255
   \   00000696   0xD107             BNE.N    ??RevealHandlerIncomming_60
   \   00000698   0x22FF             MOVS     R2,#+255
   \   0000069A   0x214C             MOVS     R1,#+76
   \   0000069C   0xF506 0x60C2      ADD      R0,R6,#+1552
   \   000006A0   0x.... 0x....      BL       __aeabi_memset4
   \   000006A4   0x2400             MOVS     R4,#+0
   \   000006A6   0xE074             B.N      ??RevealHandlerIncomming_61
   \                     ??RevealHandlerIncomming_60: (+1)
   \   000006A8   0x1EC0             SUBS     R0,R0,#+3
   \   000006AA   0xB2C7             UXTB     R7,R0
   \   000006AC   0x2100             MOVS     R1,#+0
   \   000006AE   0xF105 0x0208      ADD      R2,R5,#+8
   \   000006B2   0x.... 0x....      ADR.W    R0,POSSIBLE_BLOCKED_APIS_LIST
   \   000006B6   0xE026             B.N      ??RevealHandlerIncomming_62
   \                     ??RevealHandlerIncomming_63: (+1)
   \   000006B8   0x7813             LDRB     R3,[R2, #+0]
   \   000006BA   0x2B03             CMP      R3,#+3
   \   000006BC   0xF000 0x8020      BEQ.W    ??RevealHandlerIncomming_64
   \   000006C0   0xF04F 0x0E01      MOV      LR,#+1
   \   000006C4   0xF100 0x0C01      ADD      R12,R0,#+1
   \                     ??RevealHandlerIncomming_65: (+1)
   \   000006C8   0xF81C 0xAB01      LDRB     R10,[R12], #+1
   \   000006CC   0x4553             CMP      R3,R10
   \   000006CE   0xBF1E             ITTT     NE 
   \   000006D0   0xF10E 0x0E01      ADDNE    LR,LR,#+1
   \   000006D4   0xF81C 0xAB01      LDRBNE   R10,[R12], #+1
   \   000006D8   0x4553             CMPNE    R3,R10
   \   000006DA   0xBF1E             ITTT     NE 
   \   000006DC   0xF10E 0x0E01      ADDNE    LR,LR,#+1
   \   000006E0   0xF81C 0xAB01      LDRBNE   R10,[R12], #+1
   \   000006E4   0x4553             CMPNE    R3,R10
   \   000006E6   0xD006             BEQ.N    ??RevealHandlerIncomming_66
   \   000006E8   0xF10E 0x0E01      ADD      LR,LR,#+1
   \   000006EC   0xFA5F 0xFE8E      UXTB     LR,LR
   \   000006F0   0xF1BE 0x0F13      CMP      LR,#+19
   \   000006F4   0xD3E8             BCC.N    ??RevealHandlerIncomming_65
   \                     ??RevealHandlerIncomming_66: (+1)
   \   000006F6   0xFA5F 0xF38E      UXTB     R3,LR
   \   000006FA   0x2B13             CMP      R3,#+19
   \   000006FC   0xF000 0x80A4      BEQ.W    ??RevealHandlerIncomming_28
   \                     ??RevealHandlerIncomming_64: (+1)
   \   00000700   0x1D49             ADDS     R1,R1,#+5
   \   00000702   0xB2C9             UXTB     R1,R1
   \   00000704   0x1D52             ADDS     R2,R2,#+5
   \                     ??RevealHandlerIncomming_62: (+1)
   \   00000706   0x42B9             CMP      R1,R7
   \   00000708   0xDBD6             BLT.N    ??RevealHandlerIncomming_63
   \   0000070A   0x2400             MOVS     R4,#+0
   \   0000070C   0x214C             MOVS     R1,#+76
   \   0000070E   0xF506 0x60C2      ADD      R0,R6,#+1552
   \   00000712   0x.... 0x....      BL       __aeabi_memclr4
   \   00000716   0x792A             LDRB     R2,[R5, #+4]
   \   00000718   0x.... 0x....      ADR.W    R0,POSSIBLE_BLOCKED_APIS_LIST
   \   0000071C   0x2103             MOVS     R1,#+3
   \   0000071E   0x2A04             CMP      R2,#+4
   \   00000720   0xDB37             BLT.N    ??RevealHandlerIncomming_61
   \                     ??RevealHandlerIncomming_67: (+1)
   \   00000722   0x194A             ADDS     R2,R1,R5
   \   00000724   0x2300             MOVS     R3,#+0
   \   00000726   0x7957             LDRB     R7,[R2, #+5]
   \   00000728   0x2F03             CMP      R7,#+3
   \   0000072A   0xD009             BEQ.N    ??RevealHandlerIncomming_68
   \   0000072C   0xF05F 0x0301      MOVS.W   R3,#+1
   \   00000730   0xF100 0x0C01      ADD      R12,R0,#+1
   \                     ??RevealHandlerIncomming_69: (+1)
   \   00000734   0xF892 0xE005      LDRB     LR,[R2, #+5]
   \   00000738   0xF81C 0x7B01      LDRB     R7,[R12], #+1
   \   0000073C   0x45BE             CMP      LR,R7
   \   0000073E   0xD113             BNE.N    ??RevealHandlerIncomming_70
   \                     ??RevealHandlerIncomming_68: (+1)
   \   00000740   0x79D7             LDRB     R7,[R2, #+7]
   \   00000742   0xF892 0xE006      LDRB     LR,[R2, #+6]
   \   00000746   0x043F             LSLS     R7,R7,#+16
   \   00000748   0xEB07 0x6E0E      ADD      LR,R7,LR, LSL #+24
   \   0000074C   0x7A17             LDRB     R7,[R2, #+8]
   \   0000074E   0x7A52             LDRB     R2,[R2, #+9]
   \   00000750   0xEB06 0x0383      ADD      R3,R6,R3, LSL #+2
   \   00000754   0xEB0E 0x2707      ADD      R7,LR,R7, LSL #+8
   \   00000758   0xF8D3 0xC610      LDR      R12,[R3, #+1552]
   \   0000075C   0x443A             ADD      R2,R7,R2
   \   0000075E   0xEA42 0x020C      ORR      R2,R2,R12
   \   00000762   0xF8C3 0x2610      STR      R2,[R3, #+1552]
   \   00000766   0xE00F             B.N      ??RevealHandlerIncomming_71
   \                     ??RevealHandlerIncomming_70: (+1)
   \   00000768   0xF81C 0x7B01      LDRB     R7,[R12], #+1
   \   0000076C   0x1C5B             ADDS     R3,R3,#+1
   \   0000076E   0xB2DB             UXTB     R3,R3
   \   00000770   0x45BE             CMP      LR,R7
   \   00000772   0xBF1F             ITTTT    NE 
   \   00000774   0x1C5B             ADDNE    R3,R3,#+1
   \   00000776   0xB2DB             UXTBNE   R3,R3
   \   00000778   0xF81C 0x7B01      LDRBNE   R7,[R12], #+1
   \   0000077C   0x45BE             CMPNE    LR,R7
   \   0000077E   0xD0DF             BEQ.N    ??RevealHandlerIncomming_68
   \   00000780   0x1C5B             ADDS     R3,R3,#+1
   \   00000782   0xB2DB             UXTB     R3,R3
   \   00000784   0x2B13             CMP      R3,#+19
   \   00000786   0xD3D5             BCC.N    ??RevealHandlerIncomming_69
   \                     ??RevealHandlerIncomming_71: (+1)
   \   00000788   0x1D49             ADDS     R1,R1,#+5
   \   0000078A   0x792A             LDRB     R2,[R5, #+4]
   \   0000078C   0xB2C9             UXTB     R1,R1
   \   0000078E   0x4291             CMP      R1,R2
   \   00000790   0xDBC7             BLT.N    ??RevealHandlerIncomming_67
   \                     ??RevealHandlerIncomming_61: (+1)
   \   00000792   0x79E8             LDRB     R0,[R5, #+7]
   \   00000794   0x21C8             MOVS     R1,#+200
   \   00000796   0xFB10 0xF001      SMULBB   R0,R0,R1
   \   0000079A   0xF8A6 0x05EE      STRH     R0,[R6, #+1518]
   \   0000079E   0xE053             B.N      ??RevealHandlerIncomming_28
   \                     ??RevealHandlerIncomming_23: (+1)
   \   000007A0   0x2405             MOVS     R4,#+5
   \   000007A2   0xE04E             B.N      ??RevealHandlerIncomming_6
   1745                          }
   1746                      }
   1747                  }
   1748                  else
   1749                  {
   1750                      if (pt->sdu_length <= (REVEAL_PAYLOAD_INCOMING_SIZE + REVEAL_API_OP_SIZE))
   \                     ??RevealHandlerIncomming_3: (+1)
   \   000007A4   0x7928             LDRB     R0,[R5, #+4]
   \   000007A6   0x2844             CMP      R0,#+68
   \   000007A8   0xDA4B             BGE.N    ??RevealHandlerIncomming_6
   1751                      {
   1752                          Reveal_Adapter_Buffer.destination = pt->destination;
   \   000007AA   0x78A8             LDRB     R0,[R5, #+2]
   \   000007AC   0x7831             LDRB     R1,[R6, #+0]
   \   000007AE   0xF000 0x000F      AND      R0,R0,#0xF
   \   000007B2   0xF001 0x01F0      AND      R1,R1,#0xF0
   \   000007B6   0x4308             ORRS     R0,R0,R1
   \   000007B8   0x7030             STRB     R0,[R6, #+0]
   1753                          Reveal_Adapter_Buffer.node_id = pt->source;
   \   000007BA   0xF000 0x000F      AND      R0,R0,#0xF
   \   000007BE   0x78A9             LDRB     R1,[R5, #+2]
   \   000007C0   0x0909             LSRS     R1,R1,#+4
   \   000007C2   0xEA40 0x1001      ORR      R0,R0,R1, LSL #+4
   \   000007C6   0x7030             STRB     R0,[R6, #+0]
   1754                          Reveal_Adapter_Buffer.sdu_length = pt->sdu_length;
   \   000007C8   0x7928             LDRB     R0,[R5, #+4]
   1755                          Reveal_Adapter_Buffer.sap = pt->sap;
   \   000007CA   0x78B1             LDRB     R1,[R6, #+2]
   \   000007CC   0x7070             STRB     R0,[R6, #+1]
   \   000007CE   0xF001 0x010F      AND      R1,R1,#0xF
   \   000007D2   0x78E8             LDRB     R0,[R5, #+3]
   \   000007D4   0xF000 0x000F      AND      R0,R0,#0xF
   \   000007D8   0xEA41 0x1000      ORR      R0,R1,R0, LSL #+4
   \   000007DC   0x70B0             STRB     R0,[R6, #+2]
   1756                          memcpy(&Reveal_Adapter_Buffer.api_id,pt->payload,pt->sdu_length + REVEAL_LLC_CRC_SIZE);
   \   000007DE   0x1D69             ADDS     R1,R5,#+5
   \   000007E0   0x7928             LDRB     R0,[R5, #+4]
   \   000007E2   0x1C82             ADDS     R2,R0,#+2
   \   000007E4   0x1CF0             ADDS     R0,R6,#+3
   \   000007E6   0x.... 0x....      BL       __aeabi_memcpy
   1757          
   1758                          reason_code = RevealHandleParser(&Reveal_Adapter_Buffer,feedback,FALSE,FALSE);
   \   000007EA   0x2406             MOVS     R4,#+6
   \   000007EC   0xF04F 0x0A00      MOV      R10,#+0
   \   000007F0   0x.... 0x....      ADR.W    R11,REVEAL_PARSER+0x1
   \                     ??RevealHandlerIncomming_72: (+1)
   \   000007F4   0xF89B 0x0000      LDRB     R0,[R11, #+0]
   \   000007F8   0x78F1             LDRB     R1,[R6, #+3]
   \   000007FA   0x4288             CMP      R0,R1
   \   000007FC   0xBF18             IT       NE 
   \   000007FE   0x2800             CMPNE    R0,#+0
   \   00000800   0xD116             BNE.N    ??RevealHandlerIncomming_73
   \   00000802   0x7870             LDRB     R0,[R6, #+1]
   \   00000804   0x1E80             SUBS     R0,R0,#+2
   \   00000806   0xF886 0x0048      STRB     R0,[R6, #+72]
   \   0000080A   0xB13F             CBZ.N    R7,??RevealHandlerIncomming_74
   \   0000080C   0x2400             MOVS     R4,#+0
   \   0000080E   0xF8DB 0x1007      LDR      R1,[R11, #+7]
   \   00000812   0x0008             MOVS     R0,R1
   \   00000814   0xD009             BEQ.N    ??RevealHandlerIncomming_75
   \   00000816   0x4630             MOV      R0,R6
   \   00000818   0x4788             BLX      R1
   \   0000081A   0xE006             B.N      ??RevealHandlerIncomming_75
   \                     ??RevealHandlerIncomming_74: (+1)
   \   0000081C   0xF8DB 0x1003      LDR      R1,[R11, #+3]
   \   00000820   0x0008             MOVS     R0,R1
   \   00000822   0xD002             BEQ.N    ??RevealHandlerIncomming_75
   \   00000824   0x4630             MOV      R0,R6
   \   00000826   0x4788             BLX      R1
   \   00000828   0x4604             MOV      R4,R0
   \                     ??RevealHandlerIncomming_75: (+1)
   \   0000082A   0xF89B 0x0000      LDRB     R0,[R11, #+0]
   \   0000082E   0xB940             CBNZ.N   R0,??RevealHandlerIncomming_6
   \                     ??RevealHandlerIncomming_73: (+1)
   \   00000830   0xF10A 0x0001      ADD      R0,R10,#+1
   \   00000834   0xFA5F 0xFA80      UXTB     R10,R0
   \   00000838   0xF10B 0x0B10      ADD      R11,R11,#+16
   \   0000083C   0xF1BA 0x0F0A      CMP      R10,#+10
   \   00000840   0xD3D8             BCC.N    ??RevealHandlerIncomming_72
   1759                      }
   1760                      else
   1761                      {
   1762                          //reason_code
   1763                      }
   1764                  }
   1765          
   1766                  if ((feedback == 0) &&  // If this is a command, it prepares the ack message
   1767                      (reason_code != NVO_RS_DONT_SEND_ACK))
   \                     ??RevealHandlerIncomming_6: (+1)
   \   00000842   0xB9D7             CBNZ.N   R7,??RevealHandlerIncomming_11
   \   00000844   0x2C0D             CMP      R4,#+13
   \   00000846   0xD018             BEQ.N    ??RevealHandlerIncomming_11
   1768                  {
   1769                      // Command
   1770                      uint8 new_index = (uint8)(Reveal_Ack_Write + 1);
   \                     ??RevealHandlerIncomming_28: (+1)
   \   00000848   0xF896 0x05D2      LDRB     R0,[R6, #+1490]
   \   0000084C   0x1C41             ADDS     R1,R0,#+1
   1771                      if (new_index >= REVEAL_ACK_FIFO)
   \   0000084E   0xB2C9             UXTB     R1,R1
   \   00000850   0x2904             CMP      R1,#+4
   \   00000852   0xBFA8             IT       GE 
   1772                      {
   1773                          new_index = 0;
   \   00000854   0x2100             MOVGE    R1,#+0
   1774                      }
   1775          
   1776                      if (new_index != Reveal_Ack_Read)
   \   00000856   0xF896 0x25D3      LDRB     R2,[R6, #+1491]
   \   0000085A   0x4291             CMP      R1,R2
   \   0000085C   0xD00D             BEQ.N    ??RevealHandlerIncomming_11
   \   0000085E   0x78AA             LDRB     R2,[R5, #+2]
   \   00000860   0xEB06 0x0080      ADD      R0,R6,R0, LSL #+2
   \   00000864   0x0912             LSRS     R2,R2,#+4
   \   00000866   0xF880 0x2057      STRB     R2,[R0, #+87]
   1777                      {
   1778                          Reveal_Ack_Buffer[Reveal_Ack_Write].node = pt->source;
   1779                          Reveal_Ack_Buffer[Reveal_Ack_Write].api = api;
   \   0000086A   0xF880 0x9055      STRB     R9,[R0, #+85]
   1780                          Reveal_Ack_Buffer[Reveal_Ack_Write].op_code = op_code;
   \   0000086E   0xF880 0x8056      STRB     R8,[R0, #+86]
   1781                          Reveal_Ack_Buffer[Reveal_Ack_Write].reason_code = reason_code;
   \   00000872   0xF880 0x4054      STRB     R4,[R0, #+84]
   1782                          Reveal_Ack_Write = new_index;
   \   00000876   0xF886 0x15D2      STRB     R1,[R6, #+1490]
   1783                      }
   1784                      else
   1785                      {
   1786                          REVEAL_EXCEPTION_ACK_QUEUE_FULL(pt->source,api,op_code,reason_code);
   1787                      }
   1788          
   1789                      REVEAL__ACK_INCOMING_MESSAGE(pt->source,api,op_code,reason_code);
   1790                  }
   1791                  FREE_MESSAGER(REVEAL_SAP);
   \                     ??RevealHandlerIncomming_11: (+1)
   \   0000087A   0xB001             ADD      SP,SP,#+4
   \   0000087C   0xE8BD 0x4FF0      POP      {R4-R11,LR}
   \   00000880   0x2004             MOVS     R0,#+4
   \   00000882   0x.... 0x....      B.W      Win__FreeIncomingMessage
   1792              }
   1793          #endif
   1794          }
   \                     ??RevealHandlerIncomming_1: (+1)
   \   00000886   0xB001             ADD      SP,SP,#+4
   \   00000888   0xE8BD 0x8FF0      POP      {R4-R11,PC}      ;; return
   1795          
   1796          //---------------------------------------------------------------------------------------------------------------------
   1797          /**
   1798           * @brief This method handles the outgoing messages
   1799           * @details This method could be called every 25ms or every 5ms depending on the system demand.
   1800           */

   \                                 In section .text, align 4, keep-with-next
   1801          static void RevealHandlerOutgoing(void)
   1802          {
   \                     RevealHandlerOutgoing: (+1)
   \   00000000   0xE92D 0x41F0      PUSH     {R4-R8,LR}
   1803          #if (REVEAL_ROUTER_FEATURE != REVEAL_ROUTER_INTERNAL_ONLY)
   1804              LLC_QUEUED_TYPE queue_retval;
   1805              uint8 index;
   1806              uint8 count;
   1807              uint8 api;
   1808              PT_TX_TYPE * pt;
   1809              REVEAL_COMMAND_TYPE * ptr;
   1810          #endif
   1811          
   1812          #if (REVEAL_ROUTER_FEATURE != REVEAL_ROUTER_INTERNAL_ONLY)
   1813          
   1814              // Review Debounce counter on pending messages
   1815              #if (REVEAL_QUEUE_PRIORITY == ENABLED)
   1816                  for(index = 0; index < REVEAL_QUEUE_PRIORITY_SIZE; index++)
   1817                  {
   1818                      if(IS_PENDING(Reveal_Queue_Priority_Debounce[index]))
   \   00000004   0x.... 0x....      LDR.W    R4,??DataTable28
   \   00000008   0xF894 0x104C      LDRB     R1,[R4, #+76]
   \   0000000C   0xF8B4 0x05DC      LDRH     R0,[R4, #+1500]
   \   00000010   0x2903             CMP      R1,#+3
   \   00000012   0xDB06             BLT.N    ??RevealHandlerOutgoing_1
   1819                      {
   1820                          Reveal_Queue_Priority_Debounce[index]--;
   \   00000014   0x1E49             SUBS     R1,R1,#+1
   \   00000016   0xF884 0x104C      STRB     R1,[R4, #+76]
   1821                          #if (REVEAL_QUEUE_DEBUG == ENABLED)
   1822                              if(IS_TIMEOUT(Reveal_Queue_Priority_Debounce[index]))
   \   0000001A   0xB2C9             UXTB     R1,R1
   \   0000001C   0x2902             CMP      R1,#+2
   \   0000001E   0xBF08             IT       EQ 
   1823                              {
   1824                                  Reveal_Priority_Self_Drop_Counter++;
   \   00000020   0x1C40             ADDEQ    R0,R0,#+1
   \                     ??RevealHandlerOutgoing_1: (+1)
   \   00000022   0xF894 0x104D      LDRB     R1,[R4, #+77]
   \   00000026   0x2903             CMP      R1,#+3
   \   00000028   0xDB06             BLT.N    ??RevealHandlerOutgoing_2
   \   0000002A   0x1E49             SUBS     R1,R1,#+1
   \   0000002C   0xF884 0x104D      STRB     R1,[R4, #+77]
   \   00000030   0xB2C9             UXTB     R1,R1
   \   00000032   0x2902             CMP      R1,#+2
   \   00000034   0xBF08             IT       EQ 
   \   00000036   0x1C40             ADDEQ    R0,R0,#+1
   \                     ??RevealHandlerOutgoing_2: (+1)
   \   00000038   0xF894 0x104E      LDRB     R1,[R4, #+78]
   \   0000003C   0x2903             CMP      R1,#+3
   \   0000003E   0xDB06             BLT.N    ??RevealHandlerOutgoing_3
   \   00000040   0x1E49             SUBS     R1,R1,#+1
   \   00000042   0xF884 0x104E      STRB     R1,[R4, #+78]
   \   00000046   0xB2C9             UXTB     R1,R1
   \   00000048   0x2902             CMP      R1,#+2
   \   0000004A   0xBF08             IT       EQ 
   \   0000004C   0x1C40             ADDEQ    R0,R0,#+1
   \                     ??RevealHandlerOutgoing_3: (+1)
   \   0000004E   0xF894 0x104F      LDRB     R1,[R4, #+79]
   \   00000052   0x2903             CMP      R1,#+3
   \   00000054   0xDB06             BLT.N    ??RevealHandlerOutgoing_4
   \   00000056   0x1E49             SUBS     R1,R1,#+1
   \   00000058   0xF884 0x104F      STRB     R1,[R4, #+79]
   \   0000005C   0xB2C9             UXTB     R1,R1
   \   0000005E   0x2902             CMP      R1,#+2
   \   00000060   0xBF08             IT       EQ 
   \   00000062   0x1C40             ADDEQ    R0,R0,#+1
   \                     ??RevealHandlerOutgoing_4: (+1)
   \   00000064   0xF894 0x1050      LDRB     R1,[R4, #+80]
   \   00000068   0x2903             CMP      R1,#+3
   \   0000006A   0xDB06             BLT.N    ??RevealHandlerOutgoing_5
   \   0000006C   0x1E49             SUBS     R1,R1,#+1
   \   0000006E   0xF884 0x1050      STRB     R1,[R4, #+80]
   \   00000072   0xB2C9             UXTB     R1,R1
   \   00000074   0x2902             CMP      R1,#+2
   \   00000076   0xBF08             IT       EQ 
   \   00000078   0x1C40             ADDEQ    R0,R0,#+1
   \                     ??RevealHandlerOutgoing_5: (+1)
   \   0000007A   0xF8A4 0x05DC      STRH     R0,[R4, #+1500]
   1825                              }
   1826                          #endif
   1827                      }
   1828                  }
   1829              #endif
   1830          
   1831              for(index = 0; index < REVEAL_QUEUE_SIZE; index++)
   \   0000007E   0xF504 0x61BE      ADD      R1,R4,#+1520
   \   00000082   0x2000             MOVS     R0,#+0
   1832              {
   1833                  if(IS_PENDING(Reveal_Queue_Debounce[index]))
   \                     ??RevealHandlerOutgoing_6: (+1)
   \   00000084   0x780B             LDRB     R3,[R1, #+0]
   \   00000086   0xF8B4 0x25E8      LDRH     R2,[R4, #+1512]
   \   0000008A   0x2B03             CMP      R3,#+3
   \   0000008C   0xDB05             BLT.N    ??RevealHandlerOutgoing_7
   1834                  {
   1835                      Reveal_Queue_Debounce[index]--;
   \   0000008E   0x1E5B             SUBS     R3,R3,#+1
   \   00000090   0x700B             STRB     R3,[R1, #+0]
   1836                      #if (REVEAL_QUEUE_DEBUG == ENABLED)
   1837                          if(IS_TIMEOUT(Reveal_Queue_Debounce[index]))
   \   00000092   0xB2DB             UXTB     R3,R3
   \   00000094   0x2B02             CMP      R3,#+2
   \   00000096   0xBF08             IT       EQ 
   1838                          {
   1839                              Reveal_Self_Drop_Counter++;
   \   00000098   0x1C52             ADDEQ    R2,R2,#+1
   \                     ??RevealHandlerOutgoing_7: (+1)
   \   0000009A   0x784B             LDRB     R3,[R1, #+1]
   \   0000009C   0x1C40             ADDS     R0,R0,#+1
   \   0000009E   0x2B03             CMP      R3,#+3
   \   000000A0   0xDB05             BLT.N    ??RevealHandlerOutgoing_8
   \   000000A2   0x1E5B             SUBS     R3,R3,#+1
   \   000000A4   0x704B             STRB     R3,[R1, #+1]
   \   000000A6   0xB2DB             UXTB     R3,R3
   \   000000A8   0x2B02             CMP      R3,#+2
   \   000000AA   0xBF08             IT       EQ 
   \   000000AC   0x1C52             ADDEQ    R2,R2,#+1
   \                     ??RevealHandlerOutgoing_8: (+1)
   \   000000AE   0x788B             LDRB     R3,[R1, #+2]
   \   000000B0   0x1C40             ADDS     R0,R0,#+1
   \   000000B2   0x2B03             CMP      R3,#+3
   \   000000B4   0xDB05             BLT.N    ??RevealHandlerOutgoing_9
   \   000000B6   0x1E5B             SUBS     R3,R3,#+1
   \   000000B8   0x708B             STRB     R3,[R1, #+2]
   \   000000BA   0xB2DB             UXTB     R3,R3
   \   000000BC   0x2B02             CMP      R3,#+2
   \   000000BE   0xBF08             IT       EQ 
   \   000000C0   0x1C52             ADDEQ    R2,R2,#+1
   1840                          }
   1841                      #endif
   1842                  }
   1843              }
   \                     ??RevealHandlerOutgoing_9: (+1)
   \   000000C2   0x1C40             ADDS     R0,R0,#+1
   \   000000C4   0x1CC9             ADDS     R1,R1,#+3
   \   000000C6   0xF8A4 0x25E8      STRH     R2,[R4, #+1512]
   \   000000CA   0x280F             CMP      R0,#+15
   \   000000CC   0xDBDA             BLT.N    ??RevealHandlerOutgoing_6
   1844          
   1845              // Handle Outgoing message
   1846              if (Reveal_Ack_Write != Reveal_Ack_Read)
   \   000000CE   0xF894 0x05D2      LDRB     R0,[R4, #+1490]
   \   000000D2   0xF894 0x15D3      LDRB     R1,[R4, #+1491]
   \   000000D6   0x4288             CMP      R0,R1
   \   000000D8   0xD033             BEQ.N    ??RevealHandlerOutgoing_10
   1847              {
   1848                  // process acknowledgment
   1849                  pt = ALLOCATE_BUFFER(Reveal_Ack_Buffer[Reveal_Ack_Read].node);
   \   000000DA   0x.... 0x....      BL       Win__AllocateMessage
   \   000000DE   0x0005             MOVS     R5,R0
   1850                  if (pt != (PT_TX_TYPE *)NULL)
   \   000000E0   0xF000 0x81FA      BEQ.W    ??RevealHandlerOutgoing_11
   \   000000E4   0xF894 0x05D3      LDRB     R0,[R4, #+1491]
   \   000000E8   0x78AA             LDRB     R2,[R5, #+2]
   \   000000EA   0xEB04 0x0080      ADD      R0,R4,R0, LSL #+2
   \   000000EE   0xF890 0x1057      LDRB     R1,[R0, #+87]
   \   000000F2   0xF361 0x0203      BFI      R2,R1,#+0,#+4
   \   000000F6   0x70AA             STRB     R2,[R5, #+2]
   1851                  {
   1852                      // Transfer the package from Reveal to LLC in here
   1853                      pt->destination = Reveal_Ack_Buffer[Reveal_Ack_Read].node;
   1854                      pt->sap = REVEAL_SAP;
   \   000000F8   0x78E9             LDRB     R1,[R5, #+3]
   \   000000FA   0xF001 0x01F0      AND      R1,R1,#0xF0
   \   000000FE   0xF041 0x0104      ORR      R1,R1,#0x4
   \   00000102   0x70E9             STRB     R1,[R5, #+3]
   1855                      pt->sdu_length = 5;
   \   00000104   0x2105             MOVS     R1,#+5
   \   00000106   0x7129             STRB     R1,[R5, #+4]
   1856                      pt->payload[0] = REVEAL_API_CORE;
   \   00000108   0x2101             MOVS     R1,#+1
   \   0000010A   0x7169             STRB     R1,[R5, #+5]
   1857                      pt->payload[1] = 0x21;
   \   0000010C   0x2121             MOVS     R1,#+33
   \   0000010E   0x71A9             STRB     R1,[R5, #+6]
   1858                      pt->payload[2] = Reveal_Ack_Buffer[Reveal_Ack_Read].reason_code;
   \   00000110   0xF890 0x1054      LDRB     R1,[R0, #+84]
   \   00000114   0x71E9             STRB     R1,[R5, #+7]
   1859                      pt->payload[3] = Reveal_Ack_Buffer[Reveal_Ack_Read].api;
   \   00000116   0xF890 0x1055      LDRB     R1,[R0, #+85]
   \   0000011A   0x7229             STRB     R1,[R5, #+8]
   1860                      pt->payload[4] = Reveal_Ack_Buffer[Reveal_Ack_Read].op_code;
   \   0000011C   0xF890 0x0056      LDRB     R0,[R0, #+86]
   \   00000120   0x7268             STRB     R0,[R5, #+9]
   1861                      QUEUE_MESSAGER(Reveal_Ack_Buffer[Reveal_Ack_Read].node);
   \   00000122   0x.... 0x....      BL       Win__QueueMessage
   1862                      Reveal_Ack_Read++;
   \   00000126   0xF894 0x05D3      LDRB     R0,[R4, #+1491]
   \   0000012A   0x1C40             ADDS     R0,R0,#+1
   \   0000012C   0xF884 0x05D3      STRB     R0,[R4, #+1491]
   1863                      if (Reveal_Ack_Read >= REVEAL_ACK_FIFO)
   \   00000130   0xB2C0             UXTB     R0,R0
   \   00000132   0x2804             CMP      R0,#+4
   \   00000134   0xF2C0 0x81D0      BLT.W    ??RevealHandlerOutgoing_11
   1864                      {
   1865                          Reveal_Ack_Read= 0;
   \   00000138   0x2000             MOVS     R0,#+0
   \   0000013A   0xF884 0x05D3      STRB     R0,[R4, #+1491]
   1866                      }
   1867                  }
   1868              }
   1869              else
   1870              {
   1871                  switch (Reveal_Outgoing_State)
   1872                  {
   1873                      case REVEAL_OUTGOING_STATE_IDLE:
   1874                          #if (REVEAL_QUEUE_PRIORITY == ENABLED)
   1875                              do
   1876                              {
   1877                                  if (IS_QUEUED(Reveal_Queue_Priority_Debounce[Reveal_Queue_Priority_Read]))
   1878                                  {
   1879                                      Reveal_Outgoing_State = REVEAL_OUTGOING_STATE_SENDING_PRIORITY;
   1880                                      Reveal_Queue_Retry = REVEAL_RETRY_TIMES;
   1881                                      //Falls through to REVEAL_OUTGOING_STATE_SENDING_PRIORITY case
   1882                                  }
   1883                                  else if (IS_TIMEOUT(Reveal_Queue_Priority_Debounce[Reveal_Queue_Priority_Read]))
   1884                                  {
   1885                                      // Restore IDLE state on TIMEOUT item to make it available
   1886                                      Reveal_Queue_Priority_Debounce[Reveal_Queue_Priority_Read] = REVEAL_QUEUE_IDLE;
   1887                                      Reveal_Queue_Priority_Read = GetNextItem(Reveal_Queue_Priority_Read, REVEAL_QUEUE_PRIORITY_SIZE);
   1888                                  }
   1889                                  // When there are no messages in queue, Reveal_Queue_Priority_Read queue item should be in IDLE state
   1890                                  // and Reveal_Queue_Priority_Read == Reveal_Queue_Priority_Write; this is the correct behaviour.
   1891                                  else if ((IS_IDLE(Reveal_Queue_Priority_Debounce[Reveal_Queue_Priority_Read])) &&
   1892                                      (Reveal_Queue_Priority_Read != Reveal_Queue_Priority_Write))
   1893                                  {
   1894                                      // If IDLE state and Read/Write index don't match, there is a misalignment.
   1895                                      // This condition should never happen.
   1896                                      // Slowly increment the read pointer until it matches the write pointer.
   1897                                      #if (REVEAL_QUEUE_DEBUG == ENABLED)
   1898                                          Reveal_Priority_Realign_Counter++;
   1899                                      #endif
   1900                                      Reveal_Queue_Priority_Read = GetNextItem(Reveal_Queue_Priority_Read, REVEAL_QUEUE_PRIORITY_SIZE);
   1901                                  }
   1902                                  // else if (IS_PENDING()) then wait for PENDING state to expire.
   1903                              }
   1904                              while((Reveal_Outgoing_State != REVEAL_OUTGOING_STATE_SENDING_PRIORITY) &&
   1905                                  (!IS_PENDING(Reveal_Queue_Priority_Debounce[Reveal_Queue_Priority_Read])) &&
   1906                                  (Reveal_Queue_Priority_Read != Reveal_Queue_Priority_Write));
   1907          
   1908                              #if (REVEAL_QUEUE_DEBUG == ENABLED)
   1909                                  // If queue was full before, reset Min space counter when it becomes free
   1910                                  if ((Reveal_Outgoing_State == REVEAL_OUTGOING_STATE_IDLE) &&
   1911                                      (Reveal_Priority_Min_Space == 0))
   1912                                  {
   1913                                      Reveal_Priority_Min_Space = REVEAL_QUEUE_PRIORITY_SIZE;
   1914                                  }
   1915                              #endif
   1916                          #endif
   1917          
   1918                          // Check if no Priority message is ready to be sent - progress with normal queue
   1919                          if (Reveal_Outgoing_State != REVEAL_OUTGOING_STATE_SENDING_PRIORITY)
   1920                          {
   1921                              do
   1922                              {
   1923                                  if (IS_QUEUED(Reveal_Queue_Debounce[Reveal_Queue_Read]))
   1924                                  {
   1925                                      Reveal_Outgoing_State = REVEAL_OUTGOING_STATE_SENDING;
   1926                                      Reveal_Queue_Retry = REVEAL_RETRY_TIMES;
   1927                                      //Falls through to REVEAL_OUTGOING_STATE_SENDING case
   1928                                  }
   1929                                  else if (IS_TIMEOUT(Reveal_Queue_Debounce[Reveal_Queue_Read]))
   1930                                  {
   1931                                      // Restore IDLE state on TIMEOUT item to make it available
   1932                                      Reveal_Queue_Debounce[Reveal_Queue_Read] = REVEAL_QUEUE_IDLE;
   1933                                      Reveal_Queue_Read = GetNextItem(Reveal_Queue_Read, REVEAL_QUEUE_SIZE);
   1934                                  }
   1935                                  // When there are no messages in queue, Reveal_Queue_Read queue item should be in IDLE state
   1936                                  // and Reveal_Queue_Read == Reveal_Queue_Write; this is the correct behaviour.
   1937                                  else if ((IS_IDLE(Reveal_Queue_Debounce[Reveal_Queue_Read])) &&
   1938                                          (Reveal_Queue_Read != Reveal_Queue_Write))
   1939                                  {
   1940                                      // If IDLE state and Read/Write index don't match, there is a misalignment.
   1941                                      // This condition should never happen.
   1942                                      // Slowly increment the read pointer until it matches the write pointer.
   1943                                      #if (REVEAL_QUEUE_DEBUG == ENABLED)
   1944                                          Reveal_Realign_Counter++;
   1945                                      #endif
   1946                                      Reveal_Queue_Read = GetNextItem(Reveal_Queue_Read, REVEAL_QUEUE_SIZE);
   1947                                  }
   1948                                  // else if (IS_PENDING()) then wait for PENDING state to expire.
   1949                              }
   1950                              while((Reveal_Outgoing_State != REVEAL_OUTGOING_STATE_SENDING) &&
   1951                                  (!IS_PENDING(Reveal_Queue_Debounce[Reveal_Queue_Read])) &&
   1952                                  (Reveal_Queue_Read != Reveal_Queue_Write));
   1953          
   1954                              if(Reveal_Outgoing_State == REVEAL_OUTGOING_STATE_IDLE)
   1955                              {
   1956                                  #if (REVEAL_QUEUE_DEBUG == ENABLED)
   1957                                      // If queue was full before, reset Min space counter
   1958                                      if (Reveal_Min_Space == 0)
   1959                                      {
   1960                                          Reveal_Min_Space = REVEAL_QUEUE_SIZE;
   1961                                      }
   1962                                  #endif
   1963                                  break;
   1964                              }
   1965                          }
   1966                          //lint -fallthrough
   1967                      case REVEAL_OUTGOING_STATE_SENDING:
   1968                      #if (REVEAL_QUEUE_PRIORITY == ENABLED)
   1969                          case REVEAL_OUTGOING_STATE_SENDING_PRIORITY:
   1970                      #endif
   1971                          // Transfer the package from Reveal to LLC protocol in here
   1972                          #if (REVEAL_QUEUE_PRIORITY == ENABLED)
   1973                              if (Reveal_Outgoing_State == REVEAL_OUTGOING_STATE_SENDING)
   1974                              {
   1975                                  ptr = &Reveal_Queue[Reveal_Queue_Read];
   1976                              }
   1977                              else
   1978                              {
   1979                                  ptr = &Reveal_Queue_Priority[Reveal_Queue_Priority_Read];
   1980                              }
   1981                          #else
   1982                              ptr = &Reveal_Queue[Reveal_Queue_Read];
   1983                          #endif
   1984          
   1985                          Reveal_Drop_flag = FALSE;
   1986                          #if (REVEAL_SYNCH_PROCESS == ENABLED)
   1987                              if ((ptr->node < REVEAL_BROADCAST_NODE)
   1988                                  &&
   1989                                  (BIT_TEST(Reveal_Node_Status, ptr->node) == 0  ))
   1990                              {
   1991                                  // force the message to be dropped
   1992                                  Reveal_Queue_Timeout = 0;
   1993                                  Reveal_Queue_Retry = 1;
   1994          
   1995                                  #if (REVEAL_QUEUE_PRIORITY == ENABLED)
   1996                                      if (Reveal_Outgoing_State == REVEAL_OUTGOING_STATE_SENDING)
   1997                                      {
   1998                                          Reveal_Outgoing_State = REVEAL_OUTGOING_STATE_TIMING;
   1999                                      }
   2000                                      else
   2001                                      {
   2002                                          Reveal_Outgoing_State = REVEAL_OUTGOING_STATE_TIMING_PRIORITY;
   2003                                      }
   2004                                  #else
   2005                                      Reveal_Outgoing_State = REVEAL_OUTGOING_STATE_TIMING;
   2006                                  #endif
   2007          
   2008                                  Reveal_Drop_flag = TRUE;
   2009                              }
   2010                              else
   2011                          #endif
   2012                              {
   2013          
   2014                                  pt = ALLOCATE_BUFFER(ptr->node);
   2015                                  if (pt != (PT_TX_TYPE *)NULL)
   2016                                  {
   2017                                      pt->destination = ptr->node;
   2018                                      pt->sap = REVEAL_SAP;
   2019                                      pt->payload[0] = ptr->api;
   2020                                      pt->payload[1] = ptr->opcode;
   2021                                      if (ptr->feedback == 1)
   2022                                      {
   2023                                          pt->payload[1] |= 0x20;
   2024                                      }
   2025                                      else
   2026                                      {
   2027                                          pt->payload[1] &= 0xDF;
   2028                                      }
   2029                                      memcpy(&(pt->payload[2]),ptr->data,ptr->length);
   2030                                      pt->sdu_length = (uint8)(ptr->length + 2);
   2031                                      if (ptr->feedback == 0)
   2032                                      {
   2033                                          // Command
   2034                                          Reveal_Queue_Timeout = (REVEAL_TIMEOUT * (ptr->timeout + 1));
   2035                                          #if (REVEAL_QUEUE_PRIORITY == ENABLED)
   2036                                              if (Reveal_Outgoing_State == REVEAL_OUTGOING_STATE_SENDING)
   2037                                              {
   2038                                                  Reveal_Outgoing_State = REVEAL_OUTGOING_STATE_TIMING;
   2039                                              }
   2040                                              else
   2041                                              {
   2042                                                  Reveal_Outgoing_State = REVEAL_OUTGOING_STATE_TIMING_PRIORITY;
   2043                                              }
   2044                                          #else
   2045                                              Reveal_Outgoing_State = REVEAL_OUTGOING_STATE_TIMING;
   2046                                          #endif
   2047                                      }
   2048                                      else
   2049                                      {
   2050                                          // Feedback
   2051                                          #if (REVEAL_QUEUE_PRIORITY == ENABLED)
   2052                                              if (Reveal_Outgoing_State == REVEAL_OUTGOING_STATE_SENDING)
   2053                                              {
   2054                                                  DropMessageFromQueue(FALSE);
   2055                                              }
   2056                                              else
   2057                                              {
   2058                                                  DropMessageFromQueue(TRUE);
   2059                                              }
   2060                                          #else
   2061                                              DropMessageFromQueue(FALSE);
   2062                                          #endif
   2063          
   2064                                          Reveal_Outgoing_State = REVEAL_OUTGOING_STATE_IDLE;
   2065                                      }
   2066                                      queue_retval = QUEUE_MESSAGER(ptr->node);
   2067                                      // The following code prevents the Reveal to trying to send a external message to himself
   2068                                      if ((queue_retval == LLC_INVALID_ADDRESS) ||
   2069                                          (queue_retval == LLC_INVALID_SIZE))
   2070                                      {
   2071                                          #if (REVEAL_QUEUE_PRIORITY == ENABLED)
   2072                                              if (Reveal_Outgoing_State == REVEAL_OUTGOING_STATE_TIMING)
   2073                                              {
   2074                                                  DropMessageFromQueue(FALSE);
   2075                                              }
   2076                                              else
   2077                                              {
   2078                                                  DropMessageFromQueue(TRUE);
   2079                                              }
   2080                                          #else
   2081                                              DropMessageFromQueue(FALSE);
   2082                                          #endif
   2083                                           Reveal_Outgoing_State = REVEAL_OUTGOING_STATE_IDLE;
   2084                                      }
   2085                                  }
   2086                              }
   2087                          break;
   2088                      case REVEAL_OUTGOING_STATE_TIMING:
   2089                  #if (REVEAL_QUEUE_PRIORITY == ENABLED)
   2090                      case REVEAL_OUTGOING_STATE_TIMING_PRIORITY:
   2091                  #endif
   2092                          if (Reveal_Queue_Timeout)
   2093                          {
   2094                              Reveal_Queue_Timeout--;
   2095                          }
   2096                          else
   2097                          {
   2098                              Reveal_Queue_Retry--;
   2099                              if (Reveal_Queue_Retry)
   2100                              {
   2101                                  #if (REVEAL_QUEUE_PRIORITY == ENABLED)
   2102                                      if (Reveal_Outgoing_State == REVEAL_OUTGOING_STATE_TIMING)
   2103                                      {
   2104                                          Reveal_Outgoing_State = REVEAL_OUTGOING_STATE_SENDING;
   2105                                      }
   2106                                      else
   2107                                      {
   2108                                          Reveal_Outgoing_State = REVEAL_OUTGOING_STATE_SENDING_PRIORITY;
   2109                                      }
   2110                                  #else
   2111                                      Reveal_Outgoing_State = REVEAL_OUTGOING_STATE_SENDING;
   2112                                  #endif
   2113                              }
   2114                              else
   2115                              {
   2116                                  #if (REVEAL_QUEUE_PRIORITY == ENABLED)
   2117                                      if (Reveal_Outgoing_State == REVEAL_OUTGOING_STATE_TIMING)
   2118                                      {
   2119                                          api = Reveal_Queue[Reveal_Queue_Read].api;
   2120                                      }
   2121                                      else
   2122                                      {
   2123                                          api = Reveal_Queue_Priority[Reveal_Queue_Priority_Read].api;
   2124                                      }
   2125                                  #else
   2126                                      api = Reveal_Queue[Reveal_Queue_Read].api;
   2127                                  #endif
   2128          
   2129          
   2130                                  for (count=0;count< REVEAL_NUM_PARSERS;count++)
   2131                                  {
   2132                                     if ((REVEAL_PARSER[count].API == api) ||    // Specific API parser or
   2133                                         (REVEAL_PARSER[count].API == 0))        // Generic parser (API = 0) which should receive all APIs
   2134                                     {
   2135                                         if (REVEAL_PARSER[count].ACK_PARSER != NULL)
   2136                                         {
   2137                                              #if (REVEAL_QUEUE_PRIORITY == ENABLED)
   2138                                                  if (Reveal_Outgoing_State == REVEAL_OUTGOING_STATE_TIMING)
   2139                                                  {
   2140                                                      REVEAL_PARSER[count].ACK_PARSER(Reveal_Queue[Reveal_Queue_Read].node,
   2141                                                                                      Reveal_Queue[Reveal_Queue_Read].api,
   2142                                                                                      Reveal_Queue[Reveal_Queue_Read].opcode,
   2143                                                                                      NVO_RS_TIMEOUT);
   2144          
   2145                                                  }
   2146                                                  else
   2147                                                  {
   2148                                                      REVEAL_PARSER[count].ACK_PARSER(Reveal_Queue_Priority[Reveal_Queue_Priority_Read].node,
   2149                                                                                      Reveal_Queue_Priority[Reveal_Queue_Priority_Read].api,
   2150                                                                                      Reveal_Queue_Priority[Reveal_Queue_Priority_Read].opcode,
   2151                                                                                      NVO_RS_TIMEOUT);
   2152          
   2153                                                  }
   2154                                              #else
   2155                                                  REVEAL_PARSER[count].ACK_PARSER(Reveal_Queue[Reveal_Queue_Read].node,
   2156                                                                                  Reveal_Queue[Reveal_Queue_Read].api,
   2157                                                                                  Reveal_Queue[Reveal_Queue_Read].opcode,
   2158                                                                                  NVO_RS_TIMEOUT);
   2159          
   2160                                              #endif
   2161                                         }
   2162                                         if (REVEAL_PARSER[count].API != 0)      // If the generic parser is found it keeps searching for the specific parsers, otherwise it breaks and stop searching
   2163                                         {
   2164                                             break;
   2165                                         }
   2166                                     }
   2167                                  }
   2168          
   2169          
   2170                                  // If there is a message trying to be sent and it fail all retries it will set the node to fail state
   2171                                  if ((Reveal_Queue[Reveal_Queue_Read].node < 15) &&
   2172                                      (Reveal_Drop_flag == FALSE))
   2173                                  {
   2174                                      BIT_CLR(Reveal_Node_Status,Reveal_Queue[Reveal_Queue_Read].node);
   2175                                  }
   2176          
   2177          
   2178                                  #if (REVEAL_QUEUE_PRIORITY == ENABLED)
   2179                                      if (Reveal_Outgoing_State == REVEAL_OUTGOING_STATE_TIMING)
   2180                                      {
   2181                                          REVEAL_DROPPED_MESSAGE_EXCEPTION(Reveal_Queue[Reveal_Queue_Read].api,
   2182                                                                          Reveal_Queue[Reveal_Queue_Read].opcode,
   2183                                                                          Reveal_Queue[Reveal_Queue_Read].node);
   2184                                      }
   2185                                      else
   2186                                      {
   2187                                          REVEAL_DROPPED_MESSAGE_EXCEPTION(Reveal_Queue_Priority[Reveal_Queue_Priority_Read].api,
   2188                                                                           Reveal_Queue_Priority[Reveal_Queue_Priority_Read].opcode,
   2189                                                                           Reveal_Queue_Priority[Reveal_Queue_Priority_Read].node);
   2190                                      }
   2191                                  #else
   2192          
   2193                                      REVEAL_DROPPED_MESSAGE_EXCEPTION(Reveal_Queue[Reveal_Queue_Read].api,
   2194                                                                      Reveal_Queue[Reveal_Queue_Read].opcode,
   2195                                                                      Reveal_Queue[Reveal_Queue_Read].node);
   2196          
   2197                                  #endif
   2198          
   2199          
   2200          
   2201                                  #if (REVEAL_QUEUE_PRIORITY == ENABLED)
   2202                                      if (Reveal_Outgoing_State == REVEAL_OUTGOING_STATE_TIMING)
   2203                                      {
   2204                                          DropMessageFromQueue(FALSE);
   2205                                      }
   2206                                      else
   2207                                      {
   2208                                          DropMessageFromQueue(TRUE);
   2209                                      }
   2210                                  #else
   2211          
   2212                                          DropMessageFromQueue(FALSE);
   2213          
   2214                                  #endif
   2215                                  Reveal_Outgoing_State = REVEAL_OUTGOING_STATE_IDLE;
   2216                              }
   2217                          }
   2218                          break;
   2219                      default:
   2220                          Reveal_Outgoing_State = REVEAL_OUTGOING_STATE_IDLE;
   2221                          break;
   2222                  }
   2223              }
   2224          #endif
   2225          }
   \   0000013E   0xE8BD 0x81F0      POP      {R4-R8,PC}
   \                     ??RevealHandlerOutgoing_10: (+1)
   \   00000142   0xF894 0x05D4      LDRB     R0,[R4, #+1492]
   \   00000146   0x2804             CMP      R0,#+4
   \   00000148   0xF200 0x81C3      BHI.W    ??RevealHandlerOutgoing_12
   \   0000014C   0xE8DF 0xF010      TBH      [PC, R0, LSL #+1]
   \                     ??RevealHandlerOutgoing_0:
   \   00000150   0x0006 0x00B3      DC16     0x6,0xB3,0x134,0xB3
   \              0x0134 0x00B3
   \   00000158   0x0134             DC16     0x134
   \   0000015A   0x00 0x00          DC8      0, 0
   \                     ??RevealHandlerOutgoing_13: (+1)
   \   0000015C   0xF894 0x15D0      LDRB     R1,[R4, #+1488]
   \   00000160   0x460A             MOV      R2,R1
   \   00000162   0x1909             ADDS     R1,R1,R4
   \   00000164   0xF891 0x304C      LDRB     R3,[R1, #+76]
   \   00000168   0x2B01             CMP      R3,#+1
   \   0000016A   0xD12E             BNE.N    ??RevealHandlerOutgoing_14
   \   0000016C   0x2003             MOVS     R0,#+3
   \   0000016E   0xF884 0x05D4      STRB     R0,[R4, #+1492]
   \   00000172   0xF884 0x05CE      STRB     R0,[R4, #+1486]
   \                     ??RevealHandlerOutgoing_15: (+1)
   \   00000176   0x2145             MOVS     R1,#+69
   \   00000178   0xF894 0x05D0      LDRB     R0,[R4, #+1488]
   \   0000017C   0xFB11 0x4000      SMLABB   R0,R1,R0,R4
   \   00000180   0xF500 0x668E      ADD      R6,R0,#+1136
   \                     ??RevealHandlerOutgoing_16: (+1)
   \   00000184   0x2000             MOVS     R0,#+0
   \   00000186   0xF884 0x05D6      STRB     R0,[R4, #+1494]
   \   0000018A   0x78B0             LDRB     R0,[R6, #+2]
   \   0000018C   0xF000 0x000F      AND      R0,R0,#0xF
   \   00000190   0x280F             CMP      R0,#+15
   \   00000192   0xF280 0x809B      BGE.W    ??RevealHandlerOutgoing_17
   \   00000196   0xF8B4 0x15EC      LDRH     R1,[R4, #+1516]
   \   0000019A   0xFA21 0xF000      LSR      R0,R1,R0
   \   0000019E   0x07C0             LSLS     R0,R0,#+31
   \   000001A0   0xF100 0x8094      BMI.W    ??RevealHandlerOutgoing_17
   \   000001A4   0x2000             MOVS     R0,#+0
   \   000001A6   0xF8A4 0x05D8      STRH     R0,[R4, #+1496]
   \   000001AA   0x2001             MOVS     R0,#+1
   \   000001AC   0xF884 0x05CE      STRB     R0,[R4, #+1486]
   \   000001B0   0xF894 0x05D4      LDRB     R0,[R4, #+1492]
   \   000001B4   0x2801             CMP      R0,#+1
   \   000001B6   0xBF0C             ITE      EQ 
   \   000001B8   0x2002             MOVEQ    R0,#+2
   \   000001BA   0x2004             MOVNE    R0,#+4
   \   000001BC   0xF884 0x05D4      STRB     R0,[R4, #+1492]
   \   000001C0   0x2001             MOVS     R0,#+1
   \   000001C2   0xF884 0x05D6      STRB     R0,[R4, #+1494]
   \   000001C6   0xE8BD 0x81F0      POP      {R4-R8,PC}
   \                     ??RevealHandlerOutgoing_14: (+1)
   \   000001CA   0x2B02             CMP      R3,#+2
   \   000001CC   0xD108             BNE.N    ??RevealHandlerOutgoing_18
   \   000001CE   0x1C52             ADDS     R2,R2,#+1
   \   000001D0   0x2300             MOVS     R3,#+0
   \   000001D2   0xB2D2             UXTB     R2,R2
   \   000001D4   0xF881 0x304C      STRB     R3,[R1, #+76]
   \   000001D8   0x2A05             CMP      R2,#+5
   \   000001DA   0xD310             BCC.N    ??RevealHandlerOutgoing_19
   \   000001DC   0x2200             MOVS     R2,#+0
   \   000001DE   0xE00E             B.N      ??RevealHandlerOutgoing_19
   \                     ??RevealHandlerOutgoing_18: (+1)
   \   000001E0   0xB96B             CBNZ.N   R3,??RevealHandlerOutgoing_19
   \   000001E2   0xF894 0x15CF      LDRB     R1,[R4, #+1487]
   \   000001E6   0x428A             CMP      R2,R1
   \   000001E8   0xD009             BEQ.N    ??RevealHandlerOutgoing_19
   \   000001EA   0xF8B4 0x15DE      LDRH     R1,[R4, #+1502]
   \   000001EE   0x1C52             ADDS     R2,R2,#+1
   \   000001F0   0x1C49             ADDS     R1,R1,#+1
   \   000001F2   0xB2D2             UXTB     R2,R2
   \   000001F4   0xF8A4 0x15DE      STRH     R1,[R4, #+1502]
   \   000001F8   0x2A05             CMP      R2,#+5
   \   000001FA   0xBF28             IT       CS 
   \   000001FC   0x2200             MOVCS    R2,#+0
   \                     ??RevealHandlerOutgoing_19: (+1)
   \   000001FE   0xF884 0x25D0      STRB     R2,[R4, #+1488]
   \   00000202   0x2803             CMP      R0,#+3
   \   00000204   0xD00A             BEQ.N    ??RevealHandlerOutgoing_20
   \   00000206   0xF894 0x25D0      LDRB     R2,[R4, #+1488]
   \   0000020A   0x1913             ADDS     R3,R2,R4
   \   0000020C   0xF893 0x304C      LDRB     R3,[R3, #+76]
   \   00000210   0x2B03             CMP      R3,#+3
   \   00000212   0xDA03             BGE.N    ??RevealHandlerOutgoing_20
   \   00000214   0xF894 0x35CF      LDRB     R3,[R4, #+1487]
   \   00000218   0x429A             CMP      R2,R3
   \   0000021A   0xD19F             BNE.N    ??RevealHandlerOutgoing_13
   \                     ??RevealHandlerOutgoing_20: (+1)
   \   0000021C   0xB930             CBNZ.N   R0,??RevealHandlerOutgoing_21
   \   0000021E   0xF894 0x25D1      LDRB     R2,[R4, #+1489]
   \   00000222   0xB92A             CBNZ.N   R2,??RevealHandlerOutgoing_22
   \   00000224   0x2205             MOVS     R2,#+5
   \   00000226   0xF884 0x25D1      STRB     R2,[R4, #+1489]
   \   0000022A   0xE001             B.N      ??RevealHandlerOutgoing_22
   \                     ??RevealHandlerOutgoing_21: (+1)
   \   0000022C   0x2803             CMP      R0,#+3
   \   0000022E   0xD0A2             BEQ.N    ??RevealHandlerOutgoing_15
   \                     ??RevealHandlerOutgoing_22: (+1)
   \   00000230   0xF894 0x25CD      LDRB     R2,[R4, #+1485]
   \   00000234   0x4613             MOV      R3,R2
   \   00000236   0x1912             ADDS     R2,R2,R4
   \   00000238   0xF892 0x55F0      LDRB     R5,[R2, #+1520]
   \   0000023C   0x2D01             CMP      R5,#+1
   \   0000023E   0xD106             BNE.N    ??RevealHandlerOutgoing_23
   \   00000240   0x2001             MOVS     R0,#+1
   \   00000242   0xF884 0x05D4      STRB     R0,[R4, #+1492]
   \   00000246   0x2003             MOVS     R0,#+3
   \   00000248   0xF884 0x05CE      STRB     R0,[R4, #+1486]
   \   0000024C   0xE036             B.N      ??RevealHandlerOutgoing_24
   \                     ??RevealHandlerOutgoing_23: (+1)
   \   0000024E   0x2D02             CMP      R5,#+2
   \   00000250   0xD108             BNE.N    ??RevealHandlerOutgoing_25
   \   00000252   0x1C5B             ADDS     R3,R3,#+1
   \   00000254   0x2500             MOVS     R5,#+0
   \   00000256   0xB2DB             UXTB     R3,R3
   \   00000258   0xF882 0x55F0      STRB     R5,[R2, #+1520]
   \   0000025C   0x2B0F             CMP      R3,#+15
   \   0000025E   0xD310             BCC.N    ??RevealHandlerOutgoing_26
   \   00000260   0x2300             MOVS     R3,#+0
   \   00000262   0xE00E             B.N      ??RevealHandlerOutgoing_26
   \                     ??RevealHandlerOutgoing_25: (+1)
   \   00000264   0xB96D             CBNZ.N   R5,??RevealHandlerOutgoing_26
   \   00000266   0xF894 0x25CC      LDRB     R2,[R4, #+1484]
   \   0000026A   0x4293             CMP      R3,R2
   \   0000026C   0xD009             BEQ.N    ??RevealHandlerOutgoing_26
   \   0000026E   0xF8B4 0x25EA      LDRH     R2,[R4, #+1514]
   \   00000272   0x1C5B             ADDS     R3,R3,#+1
   \   00000274   0x1C52             ADDS     R2,R2,#+1
   \   00000276   0xB2DB             UXTB     R3,R3
   \   00000278   0xF8A4 0x25EA      STRH     R2,[R4, #+1514]
   \   0000027C   0x2B0F             CMP      R3,#+15
   \   0000027E   0xBF28             IT       CS 
   \   00000280   0x2300             MOVCS    R3,#+0
   \                     ??RevealHandlerOutgoing_26: (+1)
   \   00000282   0xF884 0x35CD      STRB     R3,[R4, #+1485]
   \   00000286   0x2801             CMP      R0,#+1
   \   00000288   0xD00A             BEQ.N    ??RevealHandlerOutgoing_27
   \   0000028A   0xF894 0x25CD      LDRB     R2,[R4, #+1485]
   \   0000028E   0x1913             ADDS     R3,R2,R4
   \   00000290   0xF893 0x35F0      LDRB     R3,[R3, #+1520]
   \   00000294   0x2B03             CMP      R3,#+3
   \   00000296   0xDA03             BGE.N    ??RevealHandlerOutgoing_27
   \   00000298   0xF894 0x35CC      LDRB     R3,[R4, #+1484]
   \   0000029C   0x429A             CMP      R2,R3
   \   0000029E   0xD1C7             BNE.N    ??RevealHandlerOutgoing_22
   \                     ??RevealHandlerOutgoing_27: (+1)
   \   000002A0   0xB948             CBNZ.N   R0,??RevealHandlerOutgoing_28
   \   000002A2   0xF894 0x05D5      LDRB     R0,[R4, #+1493]
   \   000002A6   0x2800             CMP      R0,#+0
   \   000002A8   0xF040 0x8116      BNE.W    ??RevealHandlerOutgoing_11
   \   000002AC   0x200F             MOVS     R0,#+15
   \   000002AE   0xF884 0x05D5      STRB     R0,[R4, #+1493]
   \   000002B2   0xE8BD 0x81F0      POP      {R4-R8,PC}
   \                     ??RevealHandlerOutgoing_28: (+1)
   \   000002B6   0x2801             CMP      R0,#+1
   \   000002B8   0xF47F 0xAF5D      BNE.W    ??RevealHandlerOutgoing_15
   \                     ??RevealHandlerOutgoing_24: (+1)
   \   000002BC   0x2145             MOVS     R1,#+69
   \   000002BE   0xF894 0x05CD      LDRB     R0,[R4, #+1485]
   \   000002C2   0xFB11 0x4000      SMLABB   R0,R1,R0,R4
   \   000002C6   0xF100 0x0664      ADD      R6,R0,#+100
   \   000002CA   0xE75B             B.N      ??RevealHandlerOutgoing_16
   \                     ??RevealHandlerOutgoing_17: (+1)
   \   000002CC   0x.... 0x....      BL       Win__AllocateMessage
   \   000002D0   0x0005             MOVS     R5,R0
   \   000002D2   0xF000 0x8101      BEQ.W    ??RevealHandlerOutgoing_11
   \   000002D6   0x78B0             LDRB     R0,[R6, #+2]
   \   000002D8   0x78A9             LDRB     R1,[R5, #+2]
   \   000002DA   0xF360 0x0103      BFI      R1,R0,#+0,#+4
   \   000002DE   0x70A9             STRB     R1,[R5, #+2]
   \   000002E0   0x78E8             LDRB     R0,[R5, #+3]
   \   000002E2   0xF000 0x00F0      AND      R0,R0,#0xF0
   \   000002E6   0xF040 0x0004      ORR      R0,R0,#0x4
   \   000002EA   0x70E8             STRB     R0,[R5, #+3]
   \   000002EC   0x7830             LDRB     R0,[R6, #+0]
   \   000002EE   0x7168             STRB     R0,[R5, #+5]
   \   000002F0   0x7870             LDRB     R0,[R6, #+1]
   \   000002F2   0x71A8             STRB     R0,[R5, #+6]
   \   000002F4   0x78B1             LDRB     R1,[R6, #+2]
   \   000002F6   0xF3C1 0x1100      UBFX     R1,R1,#+4,#+1
   \   000002FA   0x2900             CMP      R1,#+0
   \   000002FC   0xBF14             ITE      NE 
   \   000002FE   0xF040 0x0020      ORRNE    R0,R0,#0x20
   \   00000302   0xF000 0x00DF      ANDEQ    R0,R0,#0xDF
   \   00000306   0x71A8             STRB     R0,[R5, #+6]
   \   00000308   0x1D31             ADDS     R1,R6,#+4
   \   0000030A   0x78F2             LDRB     R2,[R6, #+3]
   \   0000030C   0x1DE8             ADDS     R0,R5,#+7
   \   0000030E   0x.... 0x....      BL       __aeabi_memcpy
   \   00000312   0x78F0             LDRB     R0,[R6, #+3]
   \   00000314   0x1C80             ADDS     R0,R0,#+2
   \   00000316   0x7128             STRB     R0,[R5, #+4]
   \   00000318   0x78B0             LDRB     R0,[R6, #+2]
   \   0000031A   0xF3C0 0x1100      UBFX     R1,R0,#+4,#+1
   \   0000031E   0xB971             CBNZ.N   R1,??RevealHandlerOutgoing_29
   \   00000320   0xF3C0 0x1040      UBFX     R0,R0,#+5,#+1
   \   00000324   0x1C40             ADDS     R0,R0,#+1
   \   00000326   0xEB00 0x0180      ADD      R1,R0,R0, LSL #+2
   \   0000032A   0x00C8             LSLS     R0,R1,#+3
   \   0000032C   0xF8A4 0x05D8      STRH     R0,[R4, #+1496]
   \   00000330   0xF894 0x05D4      LDRB     R0,[R4, #+1492]
   \   00000334   0x2801             CMP      R0,#+1
   \   00000336   0xBF14             ITE      NE 
   \   00000338   0x2004             MOVNE    R0,#+4
   \   0000033A   0x2002             MOVEQ    R0,#+2
   \   0000033C   0xE01F             B.N      ??RevealHandlerOutgoing_30
   \                     ??RevealHandlerOutgoing_29: (+1)
   \   0000033E   0xF894 0x05D4      LDRB     R0,[R4, #+1492]
   \   00000342   0x2801             CMP      R0,#+1
   \   00000344   0xD10D             BNE.N    ??RevealHandlerOutgoing_31
   \   00000346   0xF894 0x05CD      LDRB     R0,[R4, #+1485]
   \   0000034A   0x1902             ADDS     R2,R0,R4
   \   0000034C   0x1C40             ADDS     R0,R0,#+1
   \   0000034E   0x2100             MOVS     R1,#+0
   \   00000350   0xB2C0             UXTB     R0,R0
   \   00000352   0xF882 0x15F0      STRB     R1,[R2, #+1520]
   \   00000356   0x280F             CMP      R0,#+15
   \   00000358   0xBF28             IT       CS 
   \   0000035A   0x2000             MOVCS    R0,#+0
   \   0000035C   0xF884 0x05CD      STRB     R0,[R4, #+1485]
   \   00000360   0xE00C             B.N      ??RevealHandlerOutgoing_32
   \                     ??RevealHandlerOutgoing_31: (+1)
   \   00000362   0xF894 0x05D0      LDRB     R0,[R4, #+1488]
   \   00000366   0x1902             ADDS     R2,R0,R4
   \   00000368   0x1C40             ADDS     R0,R0,#+1
   \   0000036A   0x2100             MOVS     R1,#+0
   \   0000036C   0xB2C0             UXTB     R0,R0
   \   0000036E   0xF882 0x104C      STRB     R1,[R2, #+76]
   \   00000372   0x2805             CMP      R0,#+5
   \   00000374   0xBF28             IT       CS 
   \   00000376   0x2000             MOVCS    R0,#+0
   \   00000378   0xF884 0x05D0      STRB     R0,[R4, #+1488]
   \                     ??RevealHandlerOutgoing_32: (+1)
   \   0000037C   0x2000             MOVS     R0,#+0
   \                     ??RevealHandlerOutgoing_30: (+1)
   \   0000037E   0xF884 0x05D4      STRB     R0,[R4, #+1492]
   \   00000382   0x.... 0x....      BL       Win__QueueMessage
   \   00000386   0x2803             CMP      R0,#+3
   \   00000388   0xBF18             IT       NE 
   \   0000038A   0x2802             CMPNE    R0,#+2
   \   0000038C   0xF040 0x80A4      BNE.W    ??RevealHandlerOutgoing_11
   \   00000390   0xF894 0x05D4      LDRB     R0,[R4, #+1492]
   \   00000394   0x2802             CMP      R0,#+2
   \   00000396   0xF040 0x808F      BNE.W    ??RevealHandlerOutgoing_33
   \   0000039A   0xF894 0x05CD      LDRB     R0,[R4, #+1485]
   \   0000039E   0x1902             ADDS     R2,R0,R4
   \   000003A0   0x1C40             ADDS     R0,R0,#+1
   \   000003A2   0x2100             MOVS     R1,#+0
   \   000003A4   0xB2C0             UXTB     R0,R0
   \   000003A6   0xF882 0x15F0      STRB     R1,[R2, #+1520]
   \   000003AA   0x280F             CMP      R0,#+15
   \   000003AC   0xF0C0 0x8081      BCC.W    ??RevealHandlerOutgoing_34
   \   000003B0   0x2000             MOVS     R0,#+0
   \   000003B2   0xF884 0x05CD      STRB     R0,[R4, #+1485]
   \   000003B6   0xE08C             B.N      ??RevealHandlerOutgoing_12
   \                     ??RevealHandlerOutgoing_35: (+1)
   \   000003B8   0xF8B4 0x15D8      LDRH     R1,[R4, #+1496]
   \   000003BC   0xB121             CBZ.N    R1,??RevealHandlerOutgoing_36
   \   000003BE   0x1E48             SUBS     R0,R1,#+1
   \   000003C0   0xF8A4 0x05D8      STRH     R0,[R4, #+1496]
   \   000003C4   0xE8BD 0x81F0      POP      {R4-R8,PC}
   \                     ??RevealHandlerOutgoing_36: (+1)
   \   000003C8   0xF894 0x15CE      LDRB     R1,[R4, #+1486]
   \   000003CC   0x1E4A             SUBS     R2,R1,#+1
   \   000003CE   0xF884 0x25CE      STRB     R2,[R4, #+1486]
   \   000003D2   0xB2D2             UXTB     R2,R2
   \   000003D4   0xB122             CBZ.N    R2,??RevealHandlerOutgoing_37
   \   000003D6   0x2802             CMP      R0,#+2
   \   000003D8   0xBF14             ITE      NE 
   \   000003DA   0x2003             MOVNE    R0,#+3
   \   000003DC   0x2001             MOVEQ    R0,#+1
   \   000003DE   0xE079             B.N      ??RevealHandlerOutgoing_38
   \                     ??RevealHandlerOutgoing_37: (+1)
   \   000003E0   0x2545             MOVS     R5,#+69
   \   000003E2   0x2802             CMP      R0,#+2
   \   000003E4   0xD106             BNE.N    ??RevealHandlerOutgoing_39
   \   000003E6   0xF894 0x05CD      LDRB     R0,[R4, #+1485]
   \   000003EA   0xFB15 0x4000      SMLABB   R0,R5,R0,R4
   \   000003EE   0xF890 0x6064      LDRB     R6,[R0, #+100]
   \   000003F2   0xE005             B.N      ??RevealHandlerOutgoing_40
   \                     ??RevealHandlerOutgoing_39: (+1)
   \   000003F4   0xF894 0x05D0      LDRB     R0,[R4, #+1488]
   \   000003F8   0xFB15 0x4000      SMLABB   R0,R5,R0,R4
   \   000003FC   0xF890 0x6470      LDRB     R6,[R0, #+1136]
   \                     ??RevealHandlerOutgoing_40: (+1)
   \   00000400   0x.... 0x....      ADR.W    R8,REVEAL_PARSER+0xC
   \   00000404   0xF05F 0x0700      MOVS.W   R7,#+0
   \                     ??RevealHandlerOutgoing_41: (+1)
   \   00000408   0xF818 0x0C0B      LDRB     R0,[R8, #-11]
   \   0000040C   0x42B0             CMP      R0,R6
   \   0000040E   0xBF18             IT       NE 
   \   00000410   0x2800             CMPNE    R0,#+0
   \   00000412   0xD125             BNE.N    ??RevealHandlerOutgoing_42
   \   00000414   0xF8D8 0xC000      LDR      R12,[R8, #+0]
   \   00000418   0xF1BC 0x0F00      CMP      R12,#+0
   \   0000041C   0xD01D             BEQ.N    ??RevealHandlerOutgoing_43
   \   0000041E   0xF894 0x05D4      LDRB     R0,[R4, #+1492]
   \   00000422   0x2802             CMP      R0,#+2
   \   00000424   0xD10B             BNE.N    ??RevealHandlerOutgoing_44
   \   00000426   0xF894 0x05CD      LDRB     R0,[R4, #+1485]
   \   0000042A   0xFB15 0x4000      SMLABB   R0,R5,R0,R4
   \   0000042E   0xF890 0x2065      LDRB     R2,[R0, #+101]
   \   00000432   0xF890 0x1064      LDRB     R1,[R0, #+100]
   \   00000436   0xF890 0x0066      LDRB     R0,[R0, #+102]
   \   0000043A   0x230E             MOVS     R3,#+14
   \   0000043C   0xE00A             B.N      ??RevealHandlerOutgoing_45
   \                     ??RevealHandlerOutgoing_44: (+1)
   \   0000043E   0xF894 0x05D0      LDRB     R0,[R4, #+1488]
   \   00000442   0xFB15 0x4000      SMLABB   R0,R5,R0,R4
   \   00000446   0xF890 0x2471      LDRB     R2,[R0, #+1137]
   \   0000044A   0xF890 0x1470      LDRB     R1,[R0, #+1136]
   \   0000044E   0xF890 0x0472      LDRB     R0,[R0, #+1138]
   \   00000452   0x230E             MOVS     R3,#+14
   \                     ??RevealHandlerOutgoing_45: (+1)
   \   00000454   0xF000 0x000F      AND      R0,R0,#0xF
   \   00000458   0x47E0             BLX      R12
   \                     ??RevealHandlerOutgoing_43: (+1)
   \   0000045A   0xF818 0x0C0B      LDRB     R0,[R8, #-11]
   \   0000045E   0xB928             CBNZ.N   R0,??RevealHandlerOutgoing_46
   \                     ??RevealHandlerOutgoing_42: (+1)
   \   00000460   0x1C7F             ADDS     R7,R7,#+1
   \   00000462   0xB2FF             UXTB     R7,R7
   \   00000464   0xF108 0x0810      ADD      R8,R8,#+16
   \   00000468   0x2F0A             CMP      R7,#+10
   \   0000046A   0xD3CD             BCC.N    ??RevealHandlerOutgoing_41
   \                     ??RevealHandlerOutgoing_46: (+1)
   \   0000046C   0xF894 0x05CD      LDRB     R0,[R4, #+1485]
   \   00000470   0xFB15 0x4200      SMLABB   R2,R5,R0,R4
   \   00000474   0xF892 0x2066      LDRB     R2,[R2, #+102]
   \   00000478   0xF002 0x020F      AND      R2,R2,#0xF
   \   0000047C   0x2A0F             CMP      R2,#+15
   \   0000047E   0xDA0B             BGE.N    ??RevealHandlerOutgoing_47
   \   00000480   0xF894 0x35D6      LDRB     R3,[R4, #+1494]
   \   00000484   0xB943             CBNZ.N   R3,??RevealHandlerOutgoing_47
   \   00000486   0xF8B4 0x35EC      LDRH     R3,[R4, #+1516]
   \   0000048A   0x2501             MOVS     R5,#+1
   \   0000048C   0xFA05 0xF202      LSL      R2,R5,R2
   \   00000490   0xEA23 0x0202      BIC      R2,R3,R2
   \   00000494   0xF8A4 0x25EC      STRH     R2,[R4, #+1516]
   \                     ??RevealHandlerOutgoing_47: (+1)
   \   00000498   0xF894 0x25D4      LDRB     R2,[R4, #+1492]
   \   0000049C   0x2A02             CMP      R2,#+2
   \   0000049E   0xD10B             BNE.N    ??RevealHandlerOutgoing_33
   \   000004A0   0x1901             ADDS     R1,R0,R4
   \   000004A2   0x1C40             ADDS     R0,R0,#+1
   \   000004A4   0x2200             MOVS     R2,#+0
   \   000004A6   0xB2C0             UXTB     R0,R0
   \   000004A8   0xF881 0x25F0      STRB     R2,[R1, #+1520]
   \   000004AC   0x280F             CMP      R0,#+15
   \   000004AE   0xBF28             IT       CS 
   \   000004B0   0x2000             MOVCS    R0,#+0
   \                     ??RevealHandlerOutgoing_34: (+1)
   \   000004B2   0xF884 0x05CD      STRB     R0,[R4, #+1485]
   \   000004B6   0xE00C             B.N      ??RevealHandlerOutgoing_12
   \                     ??RevealHandlerOutgoing_33: (+1)
   \   000004B8   0xF894 0x05D0      LDRB     R0,[R4, #+1488]
   \   000004BC   0x1902             ADDS     R2,R0,R4
   \   000004BE   0x1C40             ADDS     R0,R0,#+1
   \   000004C0   0x2100             MOVS     R1,#+0
   \   000004C2   0xB2C0             UXTB     R0,R0
   \   000004C4   0xF882 0x104C      STRB     R1,[R2, #+76]
   \   000004C8   0x2805             CMP      R0,#+5
   \   000004CA   0xBF28             IT       CS 
   \   000004CC   0x2000             MOVCS    R0,#+0
   \   000004CE   0xF884 0x05D0      STRB     R0,[R4, #+1488]
   \                     ??RevealHandlerOutgoing_12: (+1)
   \   000004D2   0x2000             MOVS     R0,#+0
   \                     ??RevealHandlerOutgoing_38: (+1)
   \   000004D4   0xF884 0x05D4      STRB     R0,[R4, #+1492]
   \                     ??RevealHandlerOutgoing_11: (+1)
   \   000004D8   0xE8BD 0x81F0      POP      {R4-R8,PC}       ;; return

   \                                 In section .text, align 4, keep-with-next
   \                     ??DataTable22:
   \   00000000   0x........         DC32     Reveal_Adapter_Buffer

   \                                 In section .text, align 4, keep-with-next
   \                     ??DataTable22_1:
   \   00000000   0x........         DC32     POSSIBLE_BLOCKED_APIS_LIST+0x1

   \                                 In section .text, align 4, keep-with-next
   \                     ??DataTable23:
   \   00000000   0x........         DC32     Reveal_Adapter_Buffer

   \                                 In section .text, align 4, keep-with-next
   \                     ??DataTable24:
   \   00000000   0x........         DC32     POSSIBLE_BLOCKED_APIS_LIST+0x1

   \                                 In section .text, align 4, keep-with-next
   \                     ??DataTable27:
   \   00000000   0x........         DC32     Reveal_Adapter_Buffer

   \                                 In section .text, align 4, keep-with-next
   \                     ??DataTable27_1:
   \   00000000   0x........         DC32     POSSIBLE_BLOCKED_APIS_LIST+0x1

   \                                 In section .text, align 4, keep-with-next
   \                     ??DataTable28:
   \   00000000   0x........         DC32     Reveal_Adapter_Buffer
   2226          
   2227          #if (REVEAL_ROUTER_FEATURE != REVEAL_ROUTER_INTERNAL_ONLY)
   2228          //---------------------------------------------------------------------------------------------------------------------
   2229          /**
   2230           * @brief Drop the message in the head of the queue.
   2231           * @details This function is used when a message is acknowledged or it's a bad message and it must be dropped.
   2232           * @param priority
   2233           */
   2234          static void DropMessageFromQueue(uint8 priority)
   2235          {
   2236              #if (REVEAL_QUEUE_PRIORITY == ENABLED)
   2237                  if (priority == TRUE)
   2238                  {
   2239                      Reveal_Queue_Priority_Debounce[Reveal_Queue_Priority_Read] = REVEAL_QUEUE_IDLE;
   2240                      Reveal_Queue_Priority_Read = GetNextItem(Reveal_Queue_Priority_Read, REVEAL_QUEUE_PRIORITY_SIZE);
   2241                  }
   2242                  else
   2243              #endif
   2244              {
   2245                  Reveal_Queue_Debounce[Reveal_Queue_Read] = REVEAL_QUEUE_IDLE;
   2246                  Reveal_Queue_Read = GetNextItem(Reveal_Queue_Read, REVEAL_QUEUE_SIZE);
   2247              }
   2248          }
   2249          #endif
   2250          
   2251          //---------------------------------------------------------------------------------------------------------------------
   2252          /**
   2253           * @brief   Method to determine if the requested APIs from the Block Messages feature can be blocked. Result is based on
   2254           *          the list of possible APIs that can be blocked in the POSSIBLE_BLOCKED_APIS_LIST table.
   2255           * @param   pt: pointer to the list of APIs and opcodes requested to be blocked
   2256           * @param   number_of_bytes: number of bytes in the buffer pointed to by the "pt" argument
   2257           * @return  TRUE if all the requested APIs can be blocked, else FALSE.
   2258           */
   2259          static BOOL_TYPE RequestedAPIsCanBeBlocked(uint8 * pt, uint8 number_of_bytes)
   2260          {
   2261              uint8 index;
   2262              BOOL_TYPE apis_can_be_blocked = TRUE;
   2263          
   2264              // Verify all the requested APIs are in POSSIBLE_BLOCKED_APIS_LIST
   2265              for (uint8 count = 0; count < number_of_bytes; count+=BLOCKED_API_OPCODE_NUM_BYTES)   // Incrementing by BLOCKED_API_OPCODE_NUM_BYTES to skip over api/opcode pairs which are BLOCKED_API_OPCODE_NUM_BYTES bytes each
   2266              {
   2267                  // Walk the POSSIBLE_BLOCKED_APIS_LIST table to see if the requested API can be blocked
   2268                  for (index = 0; index < ELEMENTS_IN_ARRAY(POSSIBLE_BLOCKED_APIS_LIST); index++)
   2269                  {
   2270                      if (pt[count] == POSSIBLE_BLOCKED_APIS_LIST[index])
   2271                      {
   2272                          // Found the API is POSSIBLE_BLOCKED_APIS_LIST
   2273                          break;
   2274                      }
   2275                      //else, did not match API in POSSIBLE_BLOCKED_APIS_LIST, need to check next one
   2276                  }
   2277          
   2278                  // Check if the requested API was not found in the POSSIBLE_BLOCKED_APIS_LIST table
   2279                  if (index == ELEMENTS_IN_ARRAY(POSSIBLE_BLOCKED_APIS_LIST))
   2280                  {
   2281                      // API was not in the POSSIBLE_BLOCKED_APIS_LIST table and cannot be blocked
   2282                      apis_can_be_blocked = FALSE;
   2283                      break;
   2284                  }
   2285              }
   2286          
   2287              return(apis_can_be_blocked);
   2288          }
   2289          
   2290          //---------------------------------------------------------------------------------------------------------------------
   2291          /**
   2292           * @brief This method handles a incoming Ack message.
   2293           * @param    node - the node id to send the message to
   2294           * @param    api - the api id of the command
   2295           * @param    opcode - the opcode of the command
   2296           * @param reason
   2297           * @param full_seach
   2298           */
   2299          static void RevealHandleAckParser(uint8 node, uint8 api, uint8 op_code, REVEAL_RECIPE_STATUS_TYPE reason, uint8 full_search)
   2300          {
   2301              uint8 count;
   2302              for (count=0;count< REVEAL_NUM_PARSERS;count++)
   2303              {
   2304                 if ((REVEAL_PARSER[count].API == api) ||    // Specific API parser or
   2305                     (REVEAL_PARSER[count].API == 0))        // Generic parser (API = 0) which should receive all APIs
   2306                 {
   2307                     if (REVEAL_PARSER[count].ACK_PARSER != NULL) // If the parser for the feedback is present
   2308                     {
   2309                         REVEAL_PARSER[count].ACK_PARSER(node,api, op_code,reason);
   2310                     }
   2311          
   2312                     if (full_search == FALSE)
   2313                     {
   2314                         if (REVEAL_PARSER[count].API != 0)      // If the generic parser is found it keeps searching for the specific parsers, otherwise it breaks and stop searching
   2315                         {
   2316                             break;
   2317                         }
   2318                     }
   2319                 }
   2320              }
   2321          }
   2322          
   2323          //---------------------------------------------------------------------------------------------------------------------
   2324          /**
   2325           * @brief This method handles the incoming messages such as Commands and Feedbacks
   2326           * @param pt
   2327           * @param feedback
   2328           * @param address_checking
   2329           * @return The return depends how the specific parser will parse the message. It has to be with have the parser, api and opcode and be able to handle the parameters as they come.
   2330           */
   2331          static REVEAL_RECIPE_STATUS_TYPE RevealHandleParser(REVEAL_MSG_TYPE * pt,uint8 feedback, uint8 address_checking, uint8 full_search)
                                                                                                                ^
Remark[Pe826]: parameter "address_checking" was never referenced
   2332          {
   2333              REVEAL_RECIPE_STATUS_TYPE retval;
   2334              uint8 count;
   2335              retval = NVO_RS_UNSUP_UNAVAILABLE;
   2336          
   2337              for (count=0;count< REVEAL_NUM_PARSERS;count++)
   2338              {
   2339                  if ((REVEAL_PARSER[count].API == pt->api_id) ||    // Specific API parser or
   2340                      (REVEAL_PARSER[count].API == 0))        // Generic parser (API = 0) which should receive all APIs
   2341                  {
   2342          #if (REVEAL_ROUTER_FEATURE != REVEAL_ROUTER_DISABLED)
   2343                      if ((address_checking == FALSE) ||
   2344                          (REVEAL_PARSER[count].ADDRESS == pt->destination) ||
   2345                          (pt->destination == REVEAL_BROADCAST_NODE))
   2346          #endif
   2347                      {
   2348                          pt->size = (uint8)(pt->sdu_length-2);
   2349                          if (feedback == TRUE)                   // If it's a Feedback
   2350                          {
   2351                              retval = NVO_RS_READY;
   2352                              if (REVEAL_PARSER[count].FEEDBACK_PARSER != NULL) // If the parser for the feedback is present
   2353                              {
   2354                                  REVEAL_PARSER[count].FEEDBACK_PARSER(pt);
   2355                              }
   2356                          }
   2357                          else
   2358                          {
   2359                                                                  // If it's a command
   2360                              if (REVEAL_PARSER[count].COMMAND_PARSER != NULL)    // If the parser for the command is present
   2361                              {
   2362                                  retval = REVEAL_PARSER[count].COMMAND_PARSER(pt);
   2363                              }
   2364                          }
   2365                          if (full_search == FALSE)
   2366                          {
   2367                              if (REVEAL_PARSER[count].API != 0)      // If the generic parser is found it keeps searching for the specific parsers, otherwise it breaks and stop searching
   2368                              {
   2369                                  break;
   2370                              }
   2371                          }
   2372                      }
   2373                  }
   2374              }
   2375              return (retval);
   2376          }
   2377          
   2378          //---------------------------------------------------------------------------------------------------------------------
   2379          /**
   2380           * @brief Local 1s counter for heart-beat
   2381           */
   2382          static void Reveal1sTasks(void)
   2383          {
   2384              REVEAL_COMMAND_TYPE * ptr;
   2385              if (Reveal_Heartbeat_Timer > 0)
   2386              {
   2387                  Reveal_Heartbeat_Counter++;
   2388                  if (Reveal_Heartbeat_Counter >= Reveal_Heartbeat_Timer)
   2389                  {
   2390                      Reveal_Heartbeat_Counter = 0;
   2391                      ptr = Reveal__NewFeedback(0x1,0x22, 0xF,0);
   2392                      if (ptr != NULL)
   2393                      {
   2394                          Reveal__QueueCommand(ptr);
   2395                      }
   2396                  }
   2397              }
   2398          }
   2399          
   2400          //---------------------------------------------------------------------------------------------------------------------
   2401          /**
   2402           *  @brief      Controls the timer used to block api/opcode messages and clears all the blocked messages when the timer
   2403           *              expires
   2404           */
   2405          static void UpdateBlockedMessagesTimer(void)
   2406          {
   2407              if (Reveal_Blocked_Messages_Remaining_Time > 0)
   2408              {
   2409                  // Timer is still running, update the remaining time
   2410                  Reveal_Blocked_Messages_Remaining_Time--;
   2411          
   2412                  if (Reveal_Blocked_Messages_Remaining_Time == 0)
   2413                  {
   2414                      // Timer has expired, clear all blocked api/opcodes
   2415                      memset(Reveal_Blocked_Messages, 0, sizeof(Reveal_Blocked_Messages));
   2416                  }
   2417              }
   2418          }

   Maximum stack usage in bytes:

   .cstack Function
   ------- --------
       0   IsPendingMessage
      40   RevealHandlerIncomming
        40   -- Indirect call
        40   -> IsPendingMessage
        40   -> Reveal__QueueCommand
        40   -> SFUpdater__RxMaxPackage
         0   -> Win__FreeIncomingMessage
        40   -> Win__GetIncomingMessage
        40   -> __aeabi_memclr4
        40   -> __aeabi_memcpy
        40   -> __aeabi_memset4
      24   RevealHandlerOutgoing
        24   -- Indirect call
        24   -> Win__AllocateMessage
        24   -> Win__QueueMessage
        24   -> __aeabi_memcpy
      12   Reveal__AddDataS16
      12   Reveal__AddDataU16
      12   Reveal__AddDataU32
      12   Reveal__AddDataU8
      24   Reveal__AddDataU8Buffer
        24   -> IsPendingMessage
        24   -> __aeabi_memcpy
       0   Reveal__GetFreePriorityQueueSpace
       0   Reveal__GetFreeQueueSpace
       0   Reveal__GetMinimumPriorityQueueSpace
       0   Reveal__GetMinimumQueueSpace
       0   Reveal__GetNodestatus
       0   Reveal__GetNumMessagesPriorityQueue
       0   Reveal__GetNumMessagesQueue
       8   Reveal__Handler
         8   -> RevealHandlerIncomming
         8   -> RevealHandlerOutgoing
         0   -> __aeabi_memclr4
      16   Reveal__Handler1ms
        16   -> Reveal__QueueCommand
        16   -> Win__GetAddress
      16   Reveal__Initialize
        16   -> Reveal__QueueCommand
        16   -> Win__GetAddress
        16   -> __aeabi_memset4
      16   Reveal__NewCommand
      16   Reveal__NewFeedback
       8   Reveal__PriorityNewCommand
         8   -> Reveal__PriorityNewFeedback
      16   Reveal__PriorityNewFeedback
      16   Reveal__QueueCommand
      24   Reveal__QueueMessageNoData
        24   -> Reveal__QueueCommand
      24   Reveal__QueueMessageS16
        24   -> Reveal__AddDataS16
        24   -> Reveal__QueueCommand
      24   Reveal__QueueMessageU16
        24   -> Reveal__AddDataU16
        24   -> Reveal__QueueCommand
      24   Reveal__QueueMessageU32
        24   -> Reveal__AddDataU32
        24   -> Reveal__QueueCommand
      24   Reveal__QueueMessageU8
        24   -> IsPendingMessage
        24   -> Reveal__QueueCommand
      16   Reveal__SetNodeHeartBeat
        16   -> Reveal__AddDataU16
         0   -> Reveal__QueueCommand


   Section sizes:

   Bytes  Function/Label
   -----  --------------
       4  ??DataTable22
       4  ??DataTable22_1
       4  ??DataTable23
       4  ??DataTable24
       4  ??DataTable27
       4  ??DataTable27_1
       4  ??DataTable28
      88  IsPendingMessage
      20  POSSIBLE_BLOCKED_APIS_LIST
     160  REVEAL_PARSER
    2188  RevealHandlerIncomming
    1244  RevealHandlerOutgoing
    1628  Reveal_Adapter_Buffer
          Reveal_Queue_Priority_Debounce
          Reveal_Ack_Buffer
          Reveal_Queue
          Reveal_Queue_Priority
          Reveal_Queue_Write
          Reveal_Queue_Read
          Reveal_Queue_Retry
          Reveal_Queue_Priority_Write
          Reveal_Queue_Priority_Read
          Reveal_Priority_Min_Space
          Reveal_Ack_Write
          Reveal_Ack_Read
          Reveal_Outgoing_State
          Reveal_Min_Space
          Reveal_Drop_flag
          Reveal_Queue_Timeout
          Reveal_Priority_Queue_Full_Counter
          Reveal_Priority_Self_Drop_Counter
          Reveal_Priority_Realign_Counter
          Reveal_Heartbeat_Timer
          Reveal_Heartbeat_Counter
          Reveal_1s
          Reveal_Queue_Full_Counter
          Reveal_Self_Drop_Counter
          Reveal_Realign_Counter
          Reveal_Node_Status
          Reveal_Blocked_Messages_Remaining_Time
          Reveal_Queue_Debounce
          Reveal_Heartbeat_Node_Counter
          Reveal_Blocked_Messages
     114  Reveal__AddDataS16
     112  Reveal__AddDataU16
     120  Reveal__AddDataU32
     108  Reveal__AddDataU8
      64  Reveal__AddDataU8Buffer
      28  Reveal__GetFreePriorityQueueSpace
      28  Reveal__GetFreeQueueSpace
      10  Reveal__GetMinimumPriorityQueueSpace
      10  Reveal__GetMinimumQueueSpace
      10  Reveal__GetNodestatus
      28  Reveal__GetNumMessagesPriorityQueue
      28  Reveal__GetNumMessagesQueue
      52  Reveal__Handler
     290  Reveal__Handler1ms
     360  Reveal__Initialize
     208  Reveal__NewCommand
     212  Reveal__NewFeedback
      22  Reveal__PriorityNewCommand
     140  Reveal__PriorityNewFeedback
     244  Reveal__QueueCommand
     414  Reveal__QueueMessageNoData
     420  Reveal__QueueMessageS16
     414  Reveal__QueueMessageU16
     422  Reveal__QueueMessageU32
     442  Reveal__QueueMessageU8
     208  Reveal__SetNodeHeartBeat

 
 1 628 bytes in section .bss
 8 236 bytes in section .text
 
 8 236 bytes of CODE memory
 1 628 bytes of DATA memory

Errors: none
Warnings: none
