###############################################################################
#
# IAR ANSI C/C++ Compiler V7.20.5.7591/W32 for ARM        06/Aug/2024  13:41:56
# Copyright 1999-2014 IAR Systems AB.
#
#    Cpu mode     =  thumb
#    Endian       =  little
#    Source file  =  
#        C:\Data\Python\Self_Commissioning_Bpm\source\XCategory\Common\SettingFile\SettingFile.c
#    Command line =  
#        -I./ -I../cx/ -I../cx/inc/ -ICategory/ -ICategory/Application/
#        -ICategory/Application/ThermalModel/
#        -ICategory/Application/ThermalModel/ThermalModelCore_DD/
#        -ICategory/Application/ThermalModel/ThermalModelCore_sBPM/
#        -ICategory/Common/ -ICategory/Common/BoardDebugging/
#        -ICategory/Common/MasterCommander/
#        -ICategory/Common/MasterCommander/Source/
#        -ICategory/Common/MasterCommander/Source/HAL/
#        -ICategory/Common/SelfCommissioning/ -ICategory/Hbl/
#        -IProjectSpecific/ -IProjectSpecific/Application/
#        -IProjectSpecific/Application/API007App/
#        -IProjectSpecific/Application/ModeManagement/
#        -IProjectSpecific/Application/MotorSelector/
#        -IProjectSpecific/Application/ProductInfo/
#        -IProjectSpecific/Application/SRMcuSpeedMonitor/
#        -IProjectSpecific/Application/ThermalModel/
#        -IProjectSpecific/CommonCore/ -IProjectSpecific/Driver/
#        -IProjectSpecific/MasterCommander/ -IProjectSpecific/Mci/
#        -IProjectSpecific/Mci/Mcl/ -IProjectSpecific/Mci/Mcl/old_xls/
#        -IXCategory/ -IXCategory/Application/
#        -IXCategory/Application/MciParametersLoader/
#        -IXCategory/Application/Mode/ -IXCategory/Application/Reveal_APIs/
#        -IXCategory/Application/Reveal_APIs/API003Disc/
#        -IXCategory/Application/Reveal_APIs/API004Debug/
#        -IXCategory/Application/Reveal_APIs/API005LowLevel/
#        -IXCategory/Application/Reveal_APIs/API007Data/
#        -IXCategory/Application/Reveal_APIs/API009System/
#        -IXCategory/Application/Reveal_APIs/API010PollVar/
#        -IXCategory/Application/Reveal_APIs/API011AppCtr/
#        -IXCategory/Application/Reveal_APIs/API013RemoteFunction/
#        -IXCategory/Application/Reveal_APIs/API018Diagnostic/
#        -IXCategory/Application/Reveal_APIs/API019ProductInfo/
#        -IXCategory/Application/Reveal_APIs/API220MotorControl/
#        -IXCategory/Application/Reveal_APIs/API220MotorControl/API/
#        -IXCategory/Application/Reveal_APIs/API221MotionCtrl/
#        -IXCategory/Application/Reveal_APIs/SRAPI020Safety/
#        -IXCategory/Application/SFUpdater/ -IXCategory/Common/
#        -IXCategory/Common/Crc16/ -IXCategory/Common/Crc8/
#        -IXCategory/Common/Log/ -IXCategory/Common/Millis/
#        -IXCategory/Common/SettingFile/ -IXCategory/Common/SRClockMonitor/
#        -IXCategory/Common/SRData/ -IXCategory/Common/SRException/
#        -IXCategory/Common/SRFlow/ -IXCategory/Common/SRIsrMonitor/
#        -IXCategory/Common/SRMain/ -IXCategory/Common/SRMcuSpeedMonitor/
#        -IXCategory/Common/SRPowerMgr/ -IXCategory/Common/SRSignature/
#        -IXCategory/Common/SRSystemConfig/
#        -IXCategory/Common/SRTimerReference/ -IXCategory/Common/SystemConfig/
#        -IXCategory/Common/SystemTimers/ -IXCategory/Common/Utilities/
#        -IXCategory/Driver/ -IXCategory/Driver/API/
#        -IXCategory/Driver/API/Comparator/ -IXCategory/Driver/API/DataFlash/
#        -IXCategory/Driver/API/Dma/ -IXCategory/Driver/API/Flash/
#        -IXCategory/Driver/API/Gpio/ -IXCategory/Driver/API/Micro/
#        -IXCategory/Driver/API/Spi/ -IXCategory/Driver/API/SRMCAtod/
#        -IXCategory/Driver/API/SRMCInputCapture/
#        -IXCategory/Driver/API/SRMCPwm/ -IXCategory/Driver/API/TimerInterrupt/
#        -IXCategory/Driver/API/Uart/ -IXCategory/Driver/Comparator/
#        -IXCategory/Driver/DataFlash/ -IXCategory/Driver/Dma/
#        -IXCategory/Driver/Flash/ -IXCategory/Driver/Gpio/
#        -IXCategory/Driver/Micro/ -IXCategory/Driver/Spi/
#        -IXCategory/Driver/SRMCAtod/ -IXCategory/Driver/SRMCInputCapture/
#        -IXCategory/Driver/SRMCPwm/ -IXCategory/Driver/TimerInterrupt/
#        -IXCategory/Driver/Uart/ -IXCategory/Hbl/ -IXCategory/Hbl/Mci/
#        -IXCategory/Hbl/Mci/InverterTemp/ -IXCategory/Hbl/Mci/Mcl/
#        -IXCategory/Hbl/Mci/Mcl/Braking/ -IXCategory/Hbl/Mci/Mcl/MacroBlocks/
#        -IXCategory/Hbl/Mci/Mcl/MclFvt/ -IXCategory/Hbl/Mci/Mcl/MicroBlocks/
#        -IXCategory/Hbl/Mci/Mcl/MicroBlocks/ClrkPark/
#        -IXCategory/Hbl/Mci/Mcl/MicroBlocks/Filters/
#        -IXCategory/Hbl/Mci/Mcl/MicroBlocks/Math/
#        -IXCategory/Hbl/Mci/Mcl/MicroBlocks/ObserverPmsm/
#        -IXCategory/Hbl/Mci/Mcl/MicroBlocks/Pi/
#        -IXCategory/Hbl/Mci/Mcl/MicroBlocks/PwmModulation/
#        -IXCategory/Hbl/Mci/Mcl/ResistanceEstimation/
#        -IXCategory/Hbl/Mci/PowerModuleManager/
#        -IXCategory/Hbl/Mci/SpeedRefGen/ -IXCategory/Hbl/Mci/SurgeRelay/
#        -IXCategory/Hbl/SRMotorSafetyMgr/
#        -IXCategory/Hbl/SRMotorSafetyMgr/API/ -IXCategory/Service/
#        -IXCategory/Service/Reveal/ -IXCategory/Service/Win/ --remarks
#        --no_tbaa --debug --use_c++_inline --only_stdout --dlib_config
#        ..\cx\inc\DLib_Config_Normal.h -r -D
#        ENABLE_JUMP_TO_APPLICATION_WITHOUT_IAP_FIRMWARE -D
#        SET_FLASH_OPTION_CONFIGURATION -D ARM_MATH_CM4 -e --silent
#        --endian=little --cpu Cortex-M4 --fpu=VFPv4_sp -Ohs -o SettingFile.obj
#        -l ..\listings\SettingFile.lst
#        C:\Data\Python\Self_Commissioning_Bpm\source\XCategory\Common\SettingFile\SettingFile.c
#    List file    =  ..\listings\SettingFile.lst
#    Object file  =  SettingFile.obj
#
###############################################################################

C:\Data\Python\Self_Commissioning_Bpm\source\XCategory\Common\SettingFile\SettingFile.c
      1          /**
      2           *  @file
      3           *
      4           *  @brief      This module acts as an interface to the Setting File data and also provides some basic information
      5           *              about the setting file and setting file sections. It is written to meet Class B requirements due to
      6           *              the need to locate Class B parameters in the setting file.
      7           *
      8           *  @details    This module has the following responsibilities:
      9           *              - Iterates through all the sections of the setting file and determines if the proper setting file sections
     10           *                are found and validates the checksum of each section.
     11           *              - Provides "hard coded" setting file feature for the ACU and/or HMI sections as an alternative to
     12           *                storing setting file data on the main ACU. This feature only applies to an expansion board
     13           *                that requires one setting file section from the main ACU as well as some setting file data that cannot be modified.expansion boards. The binary
     14           *                output for the "hard coded" setting file(s) shall be merged with the firmware during the build process.
     15           *              - Determines the validity of the overall setting file. The setting file is not valid if: If at least one
     16           *                checksum validation fails, or if the ACU or HMI section is not found for an ACU, or if the HMI section
     17           *                is found for an HMI.
     18           *              - Provides an interface to load data from the setting file based on a pointer and a displacement.
     19           *              - Provides an interface to basic setting file information: CRC of each setting file section, size of each
     20           *                setting file section, size of entire setting file, start address of each setting file section and start
     21           *                address of the entire setting file.
     22           *
     23           *  @defgroup   CLASS_B
     24           *
     25              @startuml{SettingFile_ClassDiagram.png}
     26          
     27                  class "SettingFile" as core {
     28                      +SETTINGFILE_OFFSET_TYPE
     29                      +SETTINGFILE_CROSS_PRODUCT_DISPLACEMENT_TYPE
     30                      +void SettingFile__Initialize(void);
     31                      +BOOL_TYPE SettingFile__IsPlatformPointerUsed(uint8 sf_index, SETTINGFILE_OFFSET_TYPE platform_pointer);
     32                      +BOOL_TYPE SettingFile__IsValid(void);
     33                      +void SettingFile__CheckDataIntegrity(void);
     34                      +uint8 SettingFile__GetNumExtraSF(void);
     35                      +PASS_FAIL_TYPE SettingFile__BasicLoader(SETTINGFILE_OFFSET_TYPE pointer_id, uint16 displacement, SETTINGFILE_LOADER_TYPE * pointer_data_out);
     36                      +PASS_FAIL_TYPE SettingFile__MSettingBasicLoader( uint8 sf_index,  SETTINGFILE_OFFSET_TYPE  pointer_id, uint16 displacement,  SETTINGFILE_LOADER_TYPE * data_pointer);
     37                      +uint16 SettingFile__GetNumDisplacements(uint8 sf_index, SETTINGFILE_OFFSET_TYPE pointer_id);
     38                      +BOOL_TYPE SettingFile__IsExtendedDisplacement(uint8 sf_index,SETTINGFILE_OFFSET_TYPE pointer_id);
     39                      +uint16 SettingFile__GetSettingFileCRC(SF_ID_TYPE sf_id);
     40                      +void * SettingFile__GetSettingFileStart(SF_ID_TYPE sf_id);
     41                      +uint8 SettingFile__GetSectionIDs(SF_ID_TYPE* section_ids);
     42                      +uint32 SettingFile__GetSettingFileSize(SF_ID_TYPE sf_id);
     43                      +void * SettingFile__GetMemorySectionStart(void);
     44                      +uint32 SettingFile__GetMemorySectionSize(void);
     45                      +void * SettingFile__GetSettingFilePointerByIndex(SF_ID_TYPE sf_id,uint32 index);
     46                      +uint16 SettingFile__CalculateCRC(SF_ID_TYPE sf_id);
     47                      }
     48          
     49                 class "SettingFile_defs.h" as defs  <<interface>>{
     50                      +SETTINGFILE_CROSS_CATEGORY_SF_PTR
     51                 }
     52          
     53                 class "SettingFile_prm.h" as cat_dynamic  <<interface>>{
     54                      +SETTINGFILE_APPLICATION_SPECIFIC_SF_PTR
     55                 }
     56          
     57                 class "SettingFile_SRCat.h" as srcat_dynamic   <<interface>>{
     58                      +SETTINGFILE_APPLICATION_SPECIFIC_SR_SF_PTR
     59                 }
     60          	   
     61                 core ..> defs
     62                 core ..> cat_dynamic
     63                 core ..> srcat_dynamic
     64          
     65              @enduml
     66           *  @copyright  Copyright 2015-2017 Whirlpool Corporation. All rights reserved - CONFIDENTIAL
     67           */
     68          //---------------------------------------------------------------------------------------------------------------------
     69          //---------------------------------------------------------------------------------------------------------------------
     70          
     71          //-------------------------------------- Include Files ----------------------------------------------------------------
     72          #include "SRSystemConfig.h"
     73          #include "SystemConfig.h"
     74          #include "SettingFile.h"

  PACKED typedef struct
         ^
"C:\Data\Python\Self_Commissioning_Bpm\source\XCategory\Common\SettingFile\SettingFile.h",39  Remark[Pe082]: 
          storage class is not first
     75          #include "SettingFile_prv.h"
     76          
     77          #include "Crc16.h"
     78          #include "Log.h"
     79          #include "SRData.h"
     80          #if (SYSTEM_ENABLE_TASKSEQUENCE == ENABLED)
     81              #include "SRTaskSequence.h"
     82          #endif
     83          #include <string.h>
     84          
     85          //-------------------------------------- PUBLIC (Variables) -----------------------------------------------------------
     86          
     87          #ifndef SF_START_ADDRESS
     88              //! Linker symbol that must be defined in config.icf The value of the variable should contain the starting address of the setting file.
     89              extern uint16 __SetingFile_Start;
     90          
     91              /**
     92               *  @brief      Start address of the memory that contains the setting file data.
     93               *
     94               *  @details    There are 2 use cases for this macro.
     95               *              1. Typical usage of this macro: Get the setting file address from the linker symbol (__SetingFile_Start)
     96               *              defined in the config.icf file. This will require an extern statement before this macro.
     97               *              (Example: extern uint16 __SetingFile_Start; )
     98               *              2. A GUI project can utilize this macro to look up the address of the setting file data, as the address
     99               *              will change every time the system boots.
    100               */
    101              #define SF_START_ADDRESS   (&__SetingFile_Start)
    102          #endif
    103          
    104          #ifndef SF_SIZE
    105              //! Linker symbol that must be define in config.icf. The value of the variable should contain the maximum size of the setting file.
    106              extern uint32 __SetingFile_Size;
    107          
    108              /**
    109               *  @brief      Size of the memory section that contains the setting file data.
    110               *
    111               *  @details    There are 2 use cases for this macro.
    112               *              1. Typical usage of this macro: Get the setting file size from the linker symbol (__SetingFile_Size)
    113               *              defined in the config.icf file. This will require an extern statement before this macro.
    114               *              (Example: extern uint32 __SetingFile_Size; )
    115               *              2. A GUI project can utilize this macro to return the value of a constant that defines the setting file size.
    116               */
    117              #define SF_SIZE  (&__SetingFile_Size)
    118          #endif
    119          
    120          #ifdef ENDIANU16_STON
    121              // If the setting file endianess conversion macro is defined, then it must be defined for little endian data.
    122              CT_ASSERT(ENDIANU16_STON(0xABCD) == 0xABCD);
    123          #endif
    124          
    125          //-------------------------------------- PRIVATE (Variables, Constants & Defines) -------------------------------------
    126          
    127          //-------------------------------------- IDs FOR LOG messages----------------------------------------------------------
    128          //! A list of log message IDs that are generated by this module.
    129          typedef enum MODULE_SETTINGFILE_LOG_MESSAGE_ID_STRUCT
    130          {
    131              UNHANDLED_SECTION_ENDIANNESS,                   // Data: Section ID detected with big endianess.
    132              UNHANDLED_HARDCODED_ENDIANNESS                  // Data: Section ID detected with big endianess.
    133          } MODULE_SETTINGFILE_LOG_MESSAGE_ID_TYPE;
    134          
    135          //! The name of this module for use by the Log module.
    136          #define MODULE_NAME     MODULE_SETTINGFILE
    137          //------------------------------------------
    138          
    139          typedef enum SETTINGFILE_BSLDR_RETURN_ENUM
    140          {
    141              SETTINGFILE_BSLDR_OK                    =   0x00,   //BSLDR_OK                    0x00
    142              SETTINGFILE_BSLDR_INVALID_LENGTH        =   0x02,   //BSLDR_WRN_LENGHT            0x02
    143              SETTINGFILE_BSLDR_ERR_INVALID_DISPL     =   0x82,   //BSLDR_ERR_INVALID_DISPL     0x82
    144          } SETTINGFILE_BSLDR_RETURN_TYPE;
    145          
    146          // Defines the address of a hard coded ACU setting file (if used); Symbol should be defined in makefile.dat
    147          #if (USE_ACU_HARDCODED_SETTING_FILE == ENABLED)
    148              extern uint16 __ACU_Hardcoded_SettingFile_Start;
    149          #endif
    150          
    151          // Defines the address of a hard coded HMI setting file (if used); Symbol should be defined in makefile.dat
    152          #if (USE_HMI_HARDCODED_SETTING_FILE == ENABLED)
    153              extern uint16 __HMI_Hardcoded_SettingFile_Start;
    154          #endif
    155          
    156          #define SETTINGFILE_NULL_VALUE              0x0000
    157          #define SETTINGFILE_MASK_SECTION_ID_TYPE    0x0F
    158          #define SETTINGFILE_INITIAL_CRC             0xFFFF      // Initial value of the CRC to use during the calculation of the CRC
    159          
    160          //! A structure to describe the header of each setting file section.
    161          typedef PACKED struct SF_SECTION_HEADER_STRUCT
    162          {
    163              BOOL_TYPE Endianess : 1;                        //!< 0 = Big endian, 1 = Little endian.
    164              uint8 Unused : 7;
    165              SF_ID_TYPE Section_ID;
    166          } SF_SECTION_HEADER_TYPE;
    167          
    168          //! Validity of the setting file (FALSE if there is something wrong with the setting file, else TRUE)

   \                                 In section .bss, align 4
    169          static BOOL_TYPE Is_Settingfile_Valid;
   \                     Is_Settingfile_Valid:
   \   00000000                      DS8 1
   \   00000001                      DS8 1
   \   00000002                      DS8 2
   \   00000004                      DS8 4
   \   00000008                      DS8 1
   \   00000009                      DS8 1
    170          //! Inverted memory for the Class B variables used by this module.
    171          static BOOL_TYPE N_Is_Settingfile_Valid;
    172          
    173          //! Tracks the current setting file section whose content is being verified
    174          static uint8 Settingfile_Section_Position;
    175          //! Inverted memory for the Class B variable
    176          static uint8 N_Settingfile_Section_Position;
    177          
    178          //! Tracks the calculated CRC for the current setting file section whose content is being verified
    179          static uint16 Settingfile_Flash_Crc;
    180          
    181          //! Points to the current setting file data used during the validation of the CRC for a setting file section
    182          static uint32 * Settingfile_Flash_Crc_Ptr;
    183          
    184          //-------------------------------------- PRIVATE (Function Prototypes) ------------------------------------------------
    185          static uint16 CalculateSectionCRC(uint16 * section_start_address);
    186          static uint16 * GetSettingFileStartByID(SF_ID_TYPE sf_id);
    187          static uint16 * GetSettingFileStartByPosition(uint8 sf_position);
    188          static uint16 * ExtractAbsPointer(uint16 * data_struct_start_ptr , SETTINGFILE_OFFSET_TYPE pointer_id);
    189          static SETTINGFILE_BSLDR_RETURN_TYPE GetDisplacementData(uint16 * data_start_address, uint16 displacement, SETTINGFILE_LOADER_TYPE * data_out_ptr);
    190          #if ((USE_ACU_HARDCODED_SETTING_FILE == ENABLED) || (USE_HMI_HARDCODED_SETTING_FILE == ENABLED))
    191              static BOOL_TYPE IsHardCodedSettingFileValid(SF_ID_TYPE sf_id);
    192          #endif
    193          
    194          //=====================================================================================================================
    195          //-------------------------------------- Public Functions -------------------------------------------------------------
    196          //=====================================================================================================================
    197          
    198          //---------------------------------------------------------------------------------------------------------------------
    199          /**
    200           *  @brief      It Initializes the module SettingFile and its variables.
    201           *
    202           *  @details    - Iterates through all the sections of the setting file, where the start address is defined by
    203           *                the SF_START_ADDRESS macro.
    204           *              - For each section, assigns a position in a local buffer so it can be referenced later.
    205           *              - For each section, validates the checksum of each section in the setting file.
    206           *              - For each section, validates the endianness compared to the endianness expected by the firmware
    207           *              - If no setting file is found, this function will also search in alternative memory locations for a
    208           *                "hard coded" setting file (one for ACU and one for HMI).
    209           *              - Determines the validity of the setting file. The setting file is not valid if:
    210           *                      - If at least one checksum validation fails, OR
    211           *                      - If the ACU or HMI section is not found for an ACU, OR
    212           *                      - If the HMI section is found for an HMI OR
    213           *                      - The endianness of at least one of the sections does not match the endianness expected by the
    214           *                          firmware
    215           */

   \                                 In section .text, align 4, keep-with-next
    216          void SettingFile__Initialize(void)
    217          {
   \                     SettingFile__Initialize: (+1)
   \   00000000   0xE92D 0x47F0      PUSH     {R4-R10,LR}
    218              // The 'has_type' variable contains a bit for each possible section type.
    219              // If the bit is set, then at least one valid section of that type was found.
    220              // Bit 0 for ACU sections, Bit 1 for HMI sections, Bit 2 for MCU sections, etc.
    221              uint16 has_type = 0;
    222          
    223              // Start with assumption that setting file is invalid
    224              uint8 is_settingfile_valid = FALSE;
    225          
    226              // Go sequentially through all the setting file sections.
    227              uint16* pt16 = SF_START_ADDRESS;
   \   00000004   0x.... 0x....      LDR.W    R4,??DataTable11
    228              uint8 section_count = 0;
    229              for (uint8 sf_position = 0; sf_position < SF_MAX_SECTIONS; sf_position++)
   \   00000008   0x.... 0x....      LDR.W    R0,??DataTable11_1
   \   0000000C   0x2200             MOVS     R2,#+0
   \   0000000E   0x4625             MOV      R5,R4
   \   00000010   0x260A             MOVS     R6,#+10
   \   00000012   0x1907             ADDS     R7,R0,R4
   \   00000014   0xF64F 0x78FF      MOVW     R8,#+65535
    230              {
    231                  SF_ID_TYPE sf_id = ((SF_SECTION_HEADER_TYPE*)(void*)pt16)->Section_ID;
    232                  if (sf_id == SF_ID_END)
   \                     ??SettingFile__Initialize_0: (+1)
   \   00000018   0x7868             LDRB     R0,[R5, #+1]
   \   0000001A   0x28FF             CMP      R0,#+255
   \   0000001C   0xD029             BEQ.N    ??SettingFile__Initialize_1
    233                  {
    234                      // Reached the end of the setting file (no more sections).
    235                      break;                                  // Break out of the for() loop.
    236                  }
    237                  else if (((SF_SECTION_HEADER_TYPE*)(void*)pt16)->Endianess == 0)
   \   0000001E   0xF815 0x0B02      LDRB     R0,[R5], #+2
   \   00000022   0x07C0             LSLS     R0,R0,#+31
   \   00000024   0xD524             BPL.N    ??SettingFile__Initialize_2
    238                  {
    239                      // The section endianess is incorrect. Treat the whole setting file as invalid.
    240                      is_settingfile_valid = FALSE;
    241                      LOG_ADD_EXCEPTION(UNHANDLED_SECTION_ENDIANNESS, sf_id);
    242                      break;                                  // Break out of the for() loop.
    243                  }
    244                  else
    245                  {
    246                      pt16++;                                 // Point to the start of the section data.
    247                      uint16 calculated_crc = CalculateSectionCRC(pt16);
   \   00000026   0x2000             MOVS     R0,#+0
   \   00000028   0x2D00             CMP      R5,#+0
   \   0000002A   0xBF1E             ITTT     NE 
   \   0000002C   0x8869             LDRHNE   R1,[R5, #+2]
   \   0000002E   0x2900             CMPNE    R1,#+0
   \   00000030   0x4541             CMPNE    R1,R8
   \   00000032   0xD011             BEQ.N    ??SettingFile__Initialize_3
   \   00000034   0xEB05 0x0141      ADD      R1,R5,R1, LSL #+1
   \   00000038   0x4689             MOV      R9,R1
   \   0000003A   0x45B9             CMP      R9,R7
   \   0000003C   0xD20C             BCS.N    ??SettingFile__Initialize_3
   \   0000003E   0xB159             CBZ.N    R1,??SettingFile__Initialize_3
   \   00000040   0xF1A5 0x0A02      SUB      R10,R5,#+2
   \   00000044   0x4640             MOV      R0,R8
   \   00000046   0x45CA             CMP      R10,R9
   \   00000048   0xF080 0x8006      BCS.W    ??SettingFile__Initialize_3
   \                     ??SettingFile__Initialize_4: (+1)
   \   0000004C   0xF81A 0x1B01      LDRB     R1,[R10], #+1
   \   00000050   0x.... 0x....      BL       Crc16__ByteProcess
   \   00000054   0x45CA             CMP      R10,R9
   \   00000056   0xD3F9             BCC.N    ??SettingFile__Initialize_4
    248                      uint16 stored_crc = pt16[pt16[SF_PTR_ACU_CRC]];
    249                      section_count++;
    250                      if (stored_crc == calculated_crc)       // Verify the integrity of the setting file section by comparing the CRC
   \                     ??SettingFile__Initialize_3: (+1)
   \   00000058   0x8869             LDRH     R1,[R5, #+2]
   \   0000005A   0xF835 0x1011      LDRH     R1,[R5, R1, LSL #+1]
   \   0000005E   0x4281             CMP      R1,R0
   \   00000060   0xD106             BNE.N    ??SettingFile__Initialize_2
    251                      {
    252                          uint8 sf_type = (sf_id & SETTINGFILE_MASK_SECTION_ID_TYPE);
    253                          BIT_SET(has_type, sf_type);
    254                          is_settingfile_valid = TRUE;        // So far, all sections are good.
    255                      }
    256                      else
    257                      {
    258                          is_settingfile_valid = FALSE;       // This section is corrupt. Treat the whole setting file as corrupt.
    259                          break;                              // Break out of the for() loop.
    260                      }
    261          
    262                      // Point to the next section of the setting file.
    263                      pt16 = &pt16[pt16[SF_PTR_ACU_END_OF_SECTION]];
   \   00000062   0x8828             LDRH     R0,[R5, #+0]
   \   00000064   0x2201             MOVS     R2,#+1
   \   00000066   0xEB05 0x0540      ADD      R5,R5,R0, LSL #+1
   \   0000006A   0x1E76             SUBS     R6,R6,#+1
   \   0000006C   0xD001             BEQ.N    ??SettingFile__Initialize_1
   \   0000006E   0xE7D3             B.N      ??SettingFile__Initialize_0
   \                     ??SettingFile__Initialize_2: (+1)
   \   00000070   0x2200             MOVS     R2,#+0
    264                  }
    265              }
    266          
    267              // Look for hard-coded setting files.
    268              if (is_settingfile_valid == TRUE)
    269              {
    270                  #if (USE_ACU_HARDCODED_SETTING_FILE == ENABLED)
    271                      if ((IsHardCodedSettingFileValid(SF_ID_ACU) == FALSE) ||
    272                          (BIT_TEST(has_type, SF_ID_ACU) == TRUE))
    273                      {
    274                          is_settingfile_valid = FALSE;
    275                      }
    276                  #endif
    277                  #if (USE_HMI_HARDCODED_SETTING_FILE == ENABLED)
    278                      if ((IsHardCodedSettingFileValid(SF_ID_HMI) == FALSE) ||
    279                          (BIT_TEST(has_type, SF_ID_HMI) == TRUE))
    280                      {
    281                          is_settingfile_valid = FALSE;
    282                      }
    283                  #endif
    284              }
    285              else if (section_count == 0)
    286              {
    287                  #if ((USE_ACU_HARDCODED_SETTING_FILE == ENABLED) && (USE_HMI_HARDCODED_SETTING_FILE == ENABLED))
    288                      is_settingfile_valid = (BOOL_TYPE)(IsHardCodedSettingFileValid(SF_ID_ACU) &&
    289                                                         IsHardCodedSettingFileValid(SF_ID_HMI));
    290                  #elif (USE_ACU_HARDCODED_SETTING_FILE == ENABLED)
    291                      is_settingfile_valid = IsHardCodedSettingFileValid(SF_ID_ACU);
    292                  #elif (USE_HMI_HARDCODED_SETTING_FILE == ENABLED)
    293                      is_settingfile_valid = IsHardCodedSettingFileValid(SF_ID_HMI)
    294                  #endif
    295              }
    296          
    297              // Set module variable for validity of the setting file
    298              SRData__UpdateByte((uint8 *)(void *)&Is_Settingfile_Valid, (uint8 *)(void *)&N_Is_Settingfile_Valid, is_settingfile_valid);
   \                     ??SettingFile__Initialize_1: (+1)
   \   00000072   0x.... 0x....      LDR.W    R5,??DataTable11_2
   \   00000076   0xF105 0x0108      ADD      R1,R5,#+8
   \   0000007A   0x4628             MOV      R0,R5
   \   0000007C   0x.... 0x....      BL       SRData__UpdateByte
    299          
    300              // Initialize module variable for setting file position to start with the section at the first position
    301              SRData__UpdateByte(&Settingfile_Section_Position, &N_Settingfile_Section_Position, 0);
   \   00000080   0x2200             MOVS     R2,#+0
   \   00000082   0xF105 0x0109      ADD      R1,R5,#+9
   \   00000086   0x1C68             ADDS     R0,R5,#+1
   \   00000088   0x.... 0x....      BL       SRData__UpdateByte
    302          
    303              // Set initial value of the CRC for the setting file section CRC calculation
    304              Settingfile_Flash_Crc = SETTINGFILE_INITIAL_CRC;
   \   0000008C   0xF8A5 0x8002      STRH     R8,[R5, #+2]
    305          
    306              // Set pointer used during CRC calculation to the first setting file section
    307              Settingfile_Flash_Crc_Ptr = (uint32 *)(void *)SF_START_ADDRESS;
   \   00000090   0x606C             STR      R4,[R5, #+4]
    308          
    309              #if (SYSTEM_ENABLE_TASKSEQUENCE == ENABLED)
    310                  SRTaskSequence__SetSequenceStep(SRTASKSEQUENCE_INIT_PHASE, SRTASKSEQUENCE_INIT_SETTINGFILE);
    311              #endif
    312          }
   \   00000092   0xE8BD 0x87F0      POP      {R4-R10,PC}      ;; return
    313          
    314          //---------------------------------------------------------------------------------------------------------------------
    315          /**
    316           * @brief   Validates the integrity of the setting file data by calculating a CRC on each section of the setting file
    317           *          and comparing it to the CRC stored in the setting file data.
    318           *
    319           * @details Each time this function is called, a different section is checked. It starts with the first section. The next
    320           *          time the function is called, it will check the next section. After the last section is reached, the process
    321           *          repeats again starting with the first section.
    322           *          If there is a CRC mismatch, the function sets a variable that will allow external modules to know that the
    323           *          setting file is no longer valid. If a section is invalid, safe behavior shall be implemented outside
    324           *          of this function.
    325           */

   \                                 In section .text, align 2, keep-with-next
    326          void SettingFile__CheckDataIntegrity(void)
    327          {
   \                     SettingFile__CheckDataIntegrity: (+1)
   \   00000000   0xE92D 0x43F0      PUSH     {R4-R9,LR}
    328              // Validate protected variable
    329              if (SR_CHECK_BYTE(Settingfile_Section_Position) == SRDATA_OK)
   \   00000004   0x.... 0x....      LDR.W    R5,??DataTable11_2
   \   00000008   0xB081             SUB      SP,SP,#+4
   \   0000000A   0xF105 0x0109      ADD      R1,R5,#+9
   \   0000000E   0x1C68             ADDS     R0,R5,#+1
   \   00000010   0x.... 0x....      BL       SRData__CheckByte
   \   00000014   0x2800             CMP      R0,#+0
   \   00000016   0xD15E             BNE.N    ??SettingFile__CheckDataIntegrity_0
    330              {
    331                  uint8 current_settingfile_position = Settingfile_Section_Position;
   \   00000018   0x786E             LDRB     R6,[R5, #+1]
    332                  uint16 * section_ptr16 = GetSettingFileStartByPosition(current_settingfile_position);           // Point to the start of the section data
   \   0000001A   0xF105 0x0108      ADD      R1,R5,#+8
   \   0000001E   0x4628             MOV      R0,R5
   \   00000020   0x.... 0x....      BL       SRData__CheckByte
   \   00000024   0x2800             CMP      R0,#+0
   \   00000026   0xBF04             ITT      EQ 
   \   00000028   0x7828             LDRBEQ   R0,[R5, #+0]
   \   0000002A   0x2801             CMPEQ    R0,#+1
   \   0000002C   0xD153             BNE.N    ??SettingFile__CheckDataIntegrity_0
   \   0000002E   0x.... 0x....      LDR.W    R8,??DataTable11
   \   00000032   0x4640             MOV      R0,R8
   \   00000034   0x2100             MOVS     R1,#+0
   \                     ??SettingFile__CheckDataIntegrity_1: (+1)
   \   00000036   0x7842             LDRB     R2,[R0, #+1]
   \   00000038   0x2AFF             CMP      R2,#+255
   \   0000003A   0xD101             BNE.N    ??SettingFile__CheckDataIntegrity_2
   \   0000003C   0x2702             MOVS     R7,#+2
   \   0000003E   0xE00B             B.N      ??SettingFile__CheckDataIntegrity_3
   \                     ??SettingFile__CheckDataIntegrity_2: (+1)
   \   00000040   0x42B1             CMP      R1,R6
   \   00000042   0xD007             BEQ.N    ??SettingFile__CheckDataIntegrity_4
   \   00000044   0xF830 0x2F02      LDRH     R2,[R0, #+2]!
   \   00000048   0x1C49             ADDS     R1,R1,#+1
   \   0000004A   0xB2C9             UXTB     R1,R1
   \   0000004C   0xEB00 0x0042      ADD      R0,R0,R2, LSL #+1
   \   00000050   0x290A             CMP      R1,#+10
   \   00000052   0xDBF0             BLT.N    ??SettingFile__CheckDataIntegrity_1
   \                     ??SettingFile__CheckDataIntegrity_4: (+1)
   \   00000054   0x1C87             ADDS     R7,R0,#+2
    333                  uint16 * data_crc_address = ExtractAbsPointer(section_ptr16, SF_PTR_ACU_CRC);
   \   00000056   0xD03E             BEQ.N    ??SettingFile__CheckDataIntegrity_0
   \                     ??SettingFile__CheckDataIntegrity_3: (+1)
   \   00000058   0x8878             LDRH     R0,[R7, #+2]
   \   0000005A   0x2800             CMP      R0,#+0
   \   0000005C   0xBF1C             ITT      NE 
   \   0000005E   0xF64F 0x74FF      MOVWNE   R4,#+65535
   \   00000062   0x42A0             CMPNE    R0,R4
   \   00000064   0xD037             BEQ.N    ??SettingFile__CheckDataIntegrity_0
   \   00000066   0xEB07 0x0140      ADD      R1,R7,R0, LSL #+1
   \   0000006A   0x.... 0x....      LDR.W    R0,??DataTable11_1
   \   0000006E   0xEB00 0x0908      ADD      R9,R0,R8
   \   00000072   0x4549             CMP      R1,R9
   \   00000074   0xD22F             BCS.N    ??SettingFile__CheckDataIntegrity_0
   \   00000076   0xB371             CBZ.N    R1,??SettingFile__CheckDataIntegrity_0
    334          
    335                  // Validate pointers and protected variables before continuing
    336                  if ((section_ptr16 != NULL) &&
    337                      (data_crc_address != NULL))
    338                  {
    339                      uint16 remaining_bytes = (uint8 *)(void *)data_crc_address - (uint8 *)(void *)Settingfile_Flash_Crc_Ptr;
   \   00000078   0x6868             LDR      R0,[R5, #+4]
   \   0000007A   0x1A0A             SUBS     R2,R1,R0
    340          
    341                      if (remaining_bytes <= sizeof(uint32))                                                       // If at the end of the section
   \   0000007C   0x8869             LDRH     R1,[R5, #+2]
   \   0000007E   0xB292             UXTH     R2,R2
   \   00000080   0x2A05             CMP      R2,#+5
   \   00000082   0xD21E             BCS.N    ??SettingFile__CheckDataIntegrity_5
    342                      {
    343                          // Update the CRC of the setting file section based on the remaining byte(s)
    344                          Settingfile_Flash_Crc = Crc16__RangeProcess((uint8 *)(void *)Settingfile_Flash_Crc_Ptr, Settingfile_Flash_Crc, remaining_bytes);
   \   00000084   0x.... 0x....      BL       Crc16__RangeProcess
   \   00000088   0x8068             STRH     R0,[R5, #+2]
    345          
    346                          // Compare the CRC value stored in the section of the setting file to the calculated CRC
    347                          if (section_ptr16[section_ptr16[SF_PTR_ACU_CRC]] !=  Settingfile_Flash_Crc)             // If CRCs do not match, setting file is invalid
   \   0000008A   0x8879             LDRH     R1,[R7, #+2]
   \   0000008C   0xF837 0x1011      LDRH     R1,[R7, R1, LSL #+1]
   \   00000090   0x4281             CMP      R1,R0
   \   00000092   0xD120             BNE.N    ??SettingFile__CheckDataIntegrity_0
   \   00000094   0x8839             LDRH     R1,[R7, #+0]
   \   00000096   0x2000             MOVS     R0,#+0
   \   00000098   0x2900             CMP      R1,#+0
   \   0000009A   0xBF1C             ITT      NE 
   \   0000009C   0x42A1             CMPNE    R1,R4
   \   0000009E   0xEB07 0x0041      ADDNE    R0,R7,R1, LSL #+1
   \   000000A2   0x4548             CMP      R0,R9
   \   000000A4   0xBF28             IT       CS 
   \   000000A6   0x2000             MOVCS    R0,#+0
    348                          {
    349                              // Indicate that the setting file is invalid
    350                              SRData__UpdateByte((uint8 *)(void *)&Is_Settingfile_Valid, (uint8 *)(void *)&N_Is_Settingfile_Valid, FALSE);
    351                          }
    352                          else                                                                                    // If CRCs match, check another section
    353                          {
    354                              uint16 * end_of_section_ptr = ExtractAbsPointer(section_ptr16, SF_PTR_ACU_END_OF_SECTION);
    355                              SF_ID_TYPE section_id = ((SF_SECTION_HEADER_TYPE*)(void*)end_of_section_ptr)->Section_ID;
    356                              if (section_id == SF_ID_END)                                                        // If last section was validated, reset position so the first section is checked on the next iteration
   \   000000A8   0x7841             LDRB     R1,[R0, #+1]
   \   000000AA   0x29FF             CMP      R1,#+255
   \   000000AC   0xBF06             ITTE     EQ 
    357                              {
    358                                  current_settingfile_position = 0;
   \   000000AE   0x2600             MOVEQ    R6,#+0
    359                                  Settingfile_Flash_Crc_Ptr = (uint32 *)(void *)SF_START_ADDRESS;                 // Set pointer used during CRC calculation to the first setting file section
   \   000000B0   0x4640             MOVEQ    R0,R8
    360                              }
    361                              else                                                                                // If not at the last section, increment position so it is checked on the next iteration
    362                              {
    363                                  current_settingfile_position++;
   \   000000B2   0x1C76             ADDNE    R6,R6,#+1
    364                                  Settingfile_Flash_Crc_Ptr = (uint32 *)(void *)(end_of_section_ptr);             // Adjust pointer to skip over the word that contains the endianness and section ID (not included in CRC)
   \   000000B4   0x6068             STR      R0,[R5, #+4]
    365                              }
    366          
    367                              // Set initial value of the CRC for the setting file section CRC calculation
    368                              Settingfile_Flash_Crc = SETTINGFILE_INITIAL_CRC;
   \   000000B6   0x806C             STRH     R4,[R5, #+2]
    369          
    370                              // Update setting file position to check next section
    371                              SRData__UpdateByte(&Settingfile_Section_Position, &N_Settingfile_Section_Position, current_settingfile_position);
   \   000000B8   0xB2F2             UXTB     R2,R6
   \   000000BA   0xF105 0x0109      ADD      R1,R5,#+9
   \   000000BE   0x1C68             ADDS     R0,R5,#+1
   \   000000C0   0xE00D             B.N      ??SettingFile__CheckDataIntegrity_6
    372                          }
    373                      }
    374                      else    // Not at the end of the section yet
    375                      {
    376                          // Update the CRC of the setting file section based on the next bytes
    377                          Settingfile_Flash_Crc = Crc16__RangeProcess((uint8 *)(void *)Settingfile_Flash_Crc_Ptr, Settingfile_Flash_Crc, sizeof(uint32));
   \                     ??SettingFile__CheckDataIntegrity_5: (+1)
   \   000000C2   0x2204             MOVS     R2,#+4
   \   000000C4   0x.... 0x....      BL       Crc16__RangeProcess
   \   000000C8   0x8068             STRH     R0,[R5, #+2]
    378                          Settingfile_Flash_Crc_Ptr++;
    379                      }
    380                  }   // else, data_crc_address == NULL || section_ptr16 == NULL
    381                  else
    382                  {
    383                      // Indicate that the setting file is invalid
    384                      SRData__UpdateByte((uint8 *)(void *)&Is_Settingfile_Valid, (uint8 *)(void *)&N_Is_Settingfile_Valid, FALSE);
    385                  }
    386              }   // else, corrupted variable
    387              else
    388              {
    389                  // Indicate that the setting file is invalid
    390                  SRData__UpdateByte((uint8 *)(void *)&Is_Settingfile_Valid, (uint8 *)(void *)&N_Is_Settingfile_Valid, FALSE);
    391              }
    392          
    393              #if (SYSTEM_ENABLE_TASKSEQUENCE == ENABLED)
    394                  SRTaskSequence__SetSequenceStep(SRTASKSEQUENCE_APPL_SAFETY_THREAD, SRTASKSEQUENCE_APPL_SETTINGFILE_EXECUTED);
    395              #endif
    396          }
   \   000000CA   0xB001             ADD      SP,SP,#+4
   \   000000CC   0x6868             LDR      R0,[R5, #+4]
   \   000000CE   0x1D00             ADDS     R0,R0,#+4
   \   000000D0   0x6068             STR      R0,[R5, #+4]
   \   000000D2   0xE8BD 0x83F0      POP      {R4-R9,PC}
   \                     ??SettingFile__CheckDataIntegrity_0: (+1)
   \   000000D6   0x2200             MOVS     R2,#+0
   \   000000D8   0xF105 0x0108      ADD      R1,R5,#+8
   \   000000DC   0x4628             MOV      R0,R5
   \                     ??SettingFile__CheckDataIntegrity_6: (+1)
   \   000000DE   0xB001             ADD      SP,SP,#+4
   \   000000E0   0xE8BD 0x43F0      POP      {R4-R9,LR}
   \   000000E4   0x.... 0x....      B.W      SRData__UpdateByte
    397          
    398          //---------------------------------------------------------------------------------------------------------------------
    399          /**
    400           * @brief   Test platform_pointer to check if it is used (not equal to 0xFFFF).
    401           *
    402           * @param   sf_index: Not used, kept from previous idea of mSetting Files (may be removed in future)
    403           * @param   pointer_id: The pointer that specifies which section of the setting file to check.
    404           *
    405           * @return  TRUE if the platform pointer is used, else FALSE
    406           */

   \                                 In section .text, align 2, keep-with-next
    407          BOOL_TYPE SettingFile__IsPlatformPointerUsed(uint8 sf_index, SETTINGFILE_OFFSET_TYPE pointer_id)
                                                                    ^
Remark[Pe826]: parameter "sf_index" was never referenced
    408          {
   \                     SettingFile__IsPlatformPointerUsed: (+1)
   \   00000000   0xB510             PUSH     {R4,LR}
   \   00000002   0x460C             MOV      R4,R1
    409              uint16 * data_start_address;
    410          
    411              data_start_address = GetSettingFileStartByID((SF_ID_TYPE)(pointer_id >> 8));      // Extract upper 8 bits as the setting file id (ACU = 0, HMI = 1)
   \   00000004   0x0A20             LSRS     R0,R4,#+8
   \   00000006   0x.... 0x....      BL       GetSettingFileStartByID
    412              data_start_address = ExtractAbsPointer(data_start_address, pointer_id);
    413          
    414              if (data_start_address != NULL)
   \   0000000A   0x4621             MOV      R1,R4
   \   0000000C   0x.... 0x....      BL       ExtractAbsPointer
   \   00000010   0xB100             CBZ.N    R0,??SettingFile__IsPlatformPointerUsed_0
    415              {
    416                  return(TRUE);
   \   00000012   0x2001             MOVS     R0,#+1
    417              }
    418              else
    419              {
    420                  return(FALSE);
   \                     ??SettingFile__IsPlatformPointerUsed_0: (+1)
   \   00000014   0xBD10             POP      {R4,PC}          ;; return
    421              }
    422          }
    423          
    424          //---------------------------------------------------------------------------------------------------------------------
    425          /**
    426           * @brief   Returns the validity of the setting file.
    427           * @return  FALSE if there is something wrong with the setting file or the module variable is corrupt, else TRUE.
    428           */

   \                                 In section .text, align 2, keep-with-next
    429          BOOL_TYPE SettingFile__IsValid(void)
    430          {
   \                     SettingFile__IsValid: (+1)
   \   00000000   0xB510             PUSH     {R4,LR}
    431              if (SRData__CheckByte((uint8 *)(void *)&Is_Settingfile_Valid, (uint8 *)(void *)&N_Is_Settingfile_Valid) == SRDATA_OK)
   \   00000002   0x....             LDR.N    R4,??DataTable11_2
   \   00000004   0xF104 0x0108      ADD      R1,R4,#+8
   \   00000008   0x4620             MOV      R0,R4
   \   0000000A   0x.... 0x....      BL       SRData__CheckByte
   \   0000000E   0xB908             CBNZ.N   R0,??SettingFile__IsValid_0
    432              {
    433                  return (Is_Settingfile_Valid);
   \   00000010   0x7820             LDRB     R0,[R4, #+0]
   \   00000012   0xBD10             POP      {R4,PC}
    434              }
    435              else
    436              {
    437                  return(FALSE);      // If data integrity check fails, force return value to report that it is an invalid setting file
   \                     ??SettingFile__IsValid_0: (+1)
   \   00000014   0x2000             MOVS     R0,#+0
   \   00000016   0xBD10             POP      {R4,PC}          ;; return
    438              }
    439          }
    440          
    441          //---------------------------------------------------------------------------------------------------------------------
    442          /**
    443           * @brief   Returns the number of "Extra" setting files
    444           * @details This feature is not currently used.
    445           * @return  Number of "Extra" setting files
    446           */

   \                                 In section .text, align 2, keep-with-next
    447          uint8 SettingFile__GetNumExtraSF(void)
    448          {
    449              return (0);
   \                     SettingFile__GetNumExtraSF: (+1)
   \   00000000   0x2000             MOVS     R0,#+0
   \   00000002   0x4770             BX       LR               ;; return
    450          }
    451          
    452          //---------------------------------------------------------------------------------------------------------------------
    453          /**
    454           * @brief   Loads setting file data for a displacement within a pointer.
    455           * @param   pointer_id: See SETTINGFILE_OFFSET_TYPE
    456           * @param   displacement: The displacement (or offset) into the pointer where the data is located
    457           * @param   sf_data_ptr: Pointer to the setting file data (see SETTINGFILE_LOADER_TYPE)
    458           * @return  TRUE if valid data was found at the given pointer and displacement.
    459           */

   \                                 In section .text, align 2, keep-with-next
    460          PASS_FAIL_TYPE SettingFile__BasicLoader(SETTINGFILE_OFFSET_TYPE pointer_id, uint16 displacement, SETTINGFILE_LOADER_TYPE * sf_data_ptr)
    461          {
   \                     SettingFile__BasicLoader: (+1)
   \   00000000   0xB570             PUSH     {R4-R6,LR}
   \   00000002   0x4604             MOV      R4,R0
   \   00000004   0x460D             MOV      R5,R1
   \   00000006   0x4616             MOV      R6,R2
    462              uint16 * data_start_address;
    463          
    464              data_start_address = GetSettingFileStartByID((SF_ID_TYPE)(pointer_id >> 8));         // Extract upper 8 bits as the setting file id (ACU = 0, HMI = 1)
   \   00000008   0x0A20             LSRS     R0,R4,#+8
   \   0000000A   0x.... 0x....      BL       GetSettingFileStartByID
    465              data_start_address = ExtractAbsPointer(data_start_address, pointer_id);
   \   0000000E   0x4621             MOV      R1,R4
   \   00000010   0x.... 0x....      BL       ExtractAbsPointer
    466          
    467              if ((data_start_address != NULL) &&
    468                  (GetDisplacementData(data_start_address, displacement, sf_data_ptr) == SETTINGFILE_BSLDR_OK))
   \   00000014   0xB130             CBZ.N    R0,??SettingFile__BasicLoader_0
   \   00000016   0x4632             MOV      R2,R6
   \   00000018   0x4629             MOV      R1,R5
   \   0000001A   0x.... 0x....      BL       GetDisplacementData
   \   0000001E   0xB908             CBNZ.N   R0,??SettingFile__BasicLoader_0
    469              {
    470                  return(PASS);
   \   00000020   0x2001             MOVS     R0,#+1
   \   00000022   0xBD70             POP      {R4-R6,PC}
    471              }
    472              else
    473              {
    474                  return(FAIL);
   \                     ??SettingFile__BasicLoader_0: (+1)
   \   00000024   0x2000             MOVS     R0,#+0
   \   00000026   0xBD70             POP      {R4-R6,PC}       ;; return
    475              }
    476          }
    477          
    478          //---------------------------------------------------------------------------------------------------------------------
    479          /**
    480           * @brief   Loads setting file data from an mSetting File. NOTE: mSetting files are currently not supported.
    481           */

   \                                 In section .text, align 2, keep-with-next
    482          PASS_FAIL_TYPE SettingFile__MSettingBasicLoader(uint8 sf_index, SETTINGFILE_OFFSET_TYPE pointer_id, uint16 displacement, SETTINGFILE_LOADER_TYPE * sf_data_ptr)
                                                                       ^
Remark[Pe826]: parameter "sf_index" was never referenced
    483          {
   \                     SettingFile__MSettingBasicLoader: (+1)
   \   00000000   0xB570             PUSH     {R4-R6,LR}
   \   00000002   0x460C             MOV      R4,R1
   \   00000004   0x4615             MOV      R5,R2
   \   00000006   0x461E             MOV      R6,R3
    484              return(SettingFile__BasicLoader(pointer_id, displacement, sf_data_ptr));
   \   00000008   0x0A20             LSRS     R0,R4,#+8
   \   0000000A   0x.... 0x....      BL       GetSettingFileStartByID
   \   0000000E   0x4621             MOV      R1,R4
   \   00000010   0x.... 0x....      BL       ExtractAbsPointer
   \   00000014   0xB130             CBZ.N    R0,??SettingFile__MSettingBasicLoader_0
   \   00000016   0x4632             MOV      R2,R6
   \   00000018   0x4629             MOV      R1,R5
   \   0000001A   0x.... 0x....      BL       GetDisplacementData
   \   0000001E   0x1E40             SUBS     R0,R0,#+1
   \   00000020   0x4180             SBCS     R0,R0,R0
   \   00000022   0x0FC0             LSRS     R0,R0,#+31
   \                     ??SettingFile__MSettingBasicLoader_0: (+1)
   \   00000024   0xBD70             POP      {R4-R6,PC}       ;; return
    485          }
    486          
    487          //---------------------------------------------------------------------------------------------------------------------
    488          /**
    489           * @brief   Get the number of displacements referenced by a setting file index and a pointer.
    490           * @param   sf_index: The index that specifies which setting file to check. NOTE: mSetting Files not currently supported.
    491           * @param   pointer_id: The pointer that specifies which section of the setting file to check.
    492           * @return  The number of displacements referenced by a setting file index and a pointer.
    493           */

   \                                 In section .text, align 2, keep-with-next
    494          uint16 SettingFile__GetNumDisplacements(uint8 sf_index, SETTINGFILE_OFFSET_TYPE pointer_id)
                                                               ^
Remark[Pe826]: parameter "sf_index" was never referenced
    495          {
   \                     SettingFile__GetNumDisplacements: (+1)
   \   00000000   0xB530             PUSH     {R4,R5,LR}
   \   00000002   0x460C             MOV      R4,R1
   \   00000004   0xB081             SUB      SP,SP,#+4
    496              uint16 num_of_displacements = 0;
   \   00000006   0x2500             MOVS     R5,#+0
    497          
    498              uint16 *data_start_address = GetSettingFileStartByID((SF_ID_TYPE)(pointer_id >> 8));     // Extract upper 8 bits as the setting file id (ACU = 0, HMI = 1)
   \   00000008   0x0A20             LSRS     R0,R4,#+8
   \   0000000A   0x.... 0x....      BL       GetSettingFileStartByID
    499              data_start_address = ExtractAbsPointer(data_start_address, pointer_id);
   \   0000000E   0x4621             MOV      R1,R4
   \   00000010   0x.... 0x....      BL       ExtractAbsPointer
    500              if (data_start_address != NULL)
   \   00000014   0xB1A0             CBZ.N    R0,??SettingFile__GetNumDisplacements_0
    501              {
    502                  // Check for displacements that use the extended format.
    503                  uint8 *byte_ptr = (void*)data_start_address;
    504                  if ((byte_ptr[0] & 0x80) == 0)
   \   00000016   0x7801             LDRB     R1,[R0, #+0]
   \   00000018   0x060A             LSLS     R2,R1,#+24
   \   0000001A   0xD40F             BMI.N    ??SettingFile__GetNumDisplacements_1
    505                  {
    506                      // Displacements use normal format (1 byte per displacement).
    507                      data_start_address = &data_start_address[byte_ptr[0]];                  // Skip over extra-pointers field.
    508                      byte_ptr = (void*)data_start_address;
   \   0000001C   0xEB00 0x0041      ADD      R0,R0,R1, LSL #+1
    509                      num_of_displacements = (2 * byte_ptr[0]) - 1;
   \   00000020   0x7801             LDRB     R1,[R0, #+0]
   \   00000022   0x0049             LSLS     R1,R1,#+1
   \   00000024   0x1E4D             SUBS     R5,R1,#+1
    510                      if (byte_ptr[num_of_displacements - 1] == byte_ptr[num_of_displacements])
   \   00000026   0xB2AD             UXTH     R5,R5
   \   00000028   0x1829             ADDS     R1,R5,R0
   \   0000002A   0x5C28             LDRB     R0,[R5, R0]
   \   0000002C   0xF811 0x1C01      LDRB     R1,[R1, #-1]
   \   00000030   0x4281             CMP      R1,R0
   \   00000032   0xD105             BNE.N    ??SettingFile__GetNumDisplacements_0
    511                      {
    512                          num_of_displacements--;             // Don't count last displacement (zero-length).
   \   00000034   0x1E6D             SUBS     R5,R5,#+1
    513                      }
    514                  }
    515                  else
    516                  {
    517                      // Displacements use extended format (2 bytes per displacement).
    518                      data_start_address = &data_start_address[1];     // Skip over extra-pointers field.
    519                      num_of_displacements = (data_start_address[0]) - 1;
    520                  }
    521              }
    522          
    523              return (num_of_displacements);
   \   00000036   0xB2A8             UXTH     R0,R5
   \   00000038   0xB001             ADD      SP,SP,#+4
   \   0000003A   0xBD30             POP      {R4,R5,PC}
   \                     ??SettingFile__GetNumDisplacements_1: (+1)
   \   0000003C   0x8840             LDRH     R0,[R0, #+2]
   \   0000003E   0x1E45             SUBS     R5,R0,#+1
   \                     ??SettingFile__GetNumDisplacements_0: (+1)
   \   00000040   0xB2A8             UXTH     R0,R5
   \   00000042   0xB001             ADD      SP,SP,#+4
   \   00000044   0xBD30             POP      {R4,R5,PC}       ;; return
    524          }
    525          
    526          //---------------------------------------------------------------------------------------------------------------------
    527          /**
    528           * @brief   Determine whether the specified pointer uses the extended displacement format.
    529           *
    530           * @param   sf_index: The index of the setting file to check.
    531           * @param   pointer_id: The specific section of the setting file to check.
    532           *
    533           * @return TRUE if the specified pointer uses the extended displacement format, else FALSE.
    534           */

   \                                 In section .text, align 2, keep-with-next
    535          BOOL_TYPE SettingFile__IsExtendedDisplacement(uint8 sf_index, SETTINGFILE_OFFSET_TYPE pointer_id)
                                                                     ^
Remark[Pe826]: parameter "sf_index" was never referenced
    536          {
   \                     SettingFile__IsExtendedDisplacement: (+1)
   \   00000000   0xB510             PUSH     {R4,LR}
   \   00000002   0x460C             MOV      R4,R1
    537              uint16 * data_start_address;
    538          
    539              data_start_address = GetSettingFileStartByID((SF_ID_TYPE)(pointer_id >> 8));    // Extract upper 8 bits as the setting file id (ACU = 0, HMI = 1)
   \   00000004   0x0A20             LSRS     R0,R4,#+8
   \   00000006   0x.... 0x....      BL       GetSettingFileStartByID
    540              data_start_address = ExtractAbsPointer(data_start_address, pointer_id);
   \   0000000A   0x4621             MOV      R1,R4
   \   0000000C   0x.... 0x....      BL       ExtractAbsPointer
    541          
    542              if (data_start_address != NULL)
   \   00000010   0xB108             CBZ.N    R0,??SettingFile__IsExtendedDisplacement_0
    543              {
    544                  uint8* byte_ptr = (void*)data_start_address;
    545                  return ((BOOL_TYPE)((byte_ptr[0] & 0x80) != 0));
   \   00000012   0x7800             LDRB     R0,[R0, #+0]
   \   00000014   0x09C0             LSRS     R0,R0,#+7
    546              }
    547              else
    548              {
    549                  return(FALSE);
   \                     ??SettingFile__IsExtendedDisplacement_0: (+1)
   \   00000016   0xBD10             POP      {R4,PC}          ;; return
    550              }
    551          }
    552          
    553          //---------------------------------------------------------------------------------------------------------------------
    554          /**
    555           * @brief   Get the CRC of a specific setting file section.
    556           * @param   sf_id: ID of the setting file section (See SF_ID_TYPE)
    557           * @return  CRC of a setting file section
    558           */

   \                                 In section .text, align 2, keep-with-next
    559          uint16 SettingFile__GetSettingFileCRC(SF_ID_TYPE sf_id)
    560          {
   \                     SettingFile__GetSettingFileCRC: (+1)
   \   00000000   0xB500             PUSH     {LR}
   \   00000002   0xB081             SUB      SP,SP,#+4
    561              uint16 * data_crc_address;
    562              data_crc_address = ExtractAbsPointer(GetSettingFileStartByID(sf_id), SF_PTR_ACU_CRC);
   \   00000004   0x.... 0x....      BL       GetSettingFileStartByID
   \   00000008   0x2800             CMP      R0,#+0
   \   0000000A   0xBF1F             ITTTT    NE 
   \   0000000C   0x8841             LDRHNE   R1,[R0, #+2]
   \   0000000E   0x2900             CMPNE    R1,#+0
   \   00000010   0xF64F 0x72FF      MOVWNE   R2,#+65535
   \   00000014   0x4291             CMPNE    R1,R2
   \   00000016   0xD00A             BEQ.N    ??SettingFile__GetSettingFileCRC_0
   \   00000018   0xEB00 0x0041      ADD      R0,R0,R1, LSL #+1
   \   0000001C   0x....             LDR.N    R1,??DataTable11
   \   0000001E   0x....             LDR.N    R2,??DataTable11_1
   \   00000020   0x1851             ADDS     R1,R2,R1
   \   00000022   0x4288             CMP      R0,R1
   \   00000024   0xD203             BCS.N    ??SettingFile__GetSettingFileCRC_0
    563          
    564              if (data_crc_address != NULL)
   \   00000026   0xB110             CBZ.N    R0,??SettingFile__GetSettingFileCRC_0
    565              {
    566                  return (*data_crc_address);
   \   00000028   0x8800             LDRH     R0,[R0, #+0]
   \   0000002A   0xB001             ADD      SP,SP,#+4
   \   0000002C   0xBD00             POP      {PC}
    567              }
    568              else
    569              {
    570                  return 0;
   \                     ??SettingFile__GetSettingFileCRC_0: (+1)
   \   0000002E   0x2000             MOVS     R0,#+0
   \   00000030   0xB001             ADD      SP,SP,#+4
   \   00000032   0xBD00             POP      {PC}             ;; return
    571              }
    572          }
    573          
    574          //---------------------------------------------------------------------------------------------------------------------
    575          /**
    576           * Get a pointer to the start of the setting file.
    577           * @return A pointer to the start of the setting file.
    578           */

   \                                 In section .text, align 2, keep-with-next
    579          void * SettingFile__GetMemorySectionStart(void)
    580          {
    581              return ((void *)SF_START_ADDRESS);
   \                     SettingFile__GetMemorySectionStart: (+1)
   \   00000000   0x....             LDR.N    R0,??DataTable11
   \   00000002   0x4770             BX       LR               ;; return
    582          }
    583          
    584          //---------------------------------------------------------------------------------------------------------------------
    585          /**
    586           * @return  Size of the memory section reserved for the entire setting file.
    587           */

   \                                 In section .text, align 2, keep-with-next
    588          uint32 SettingFile__GetMemorySectionSize(void)
    589          {
    590              return ((uint32)SF_SIZE);       //lint !e923 cast from pointer to unsigned long [MISRA 2004 Rule 11.1],[MISRA 2004 Rule 11.3]
   \                     SettingFile__GetMemorySectionSize: (+1)
   \   00000000   0x....             LDR.N    R0,??DataTable11_1
   \   00000002   0x4770             BX       LR               ;; return
    591          }
    592          
    593          //---------------------------------------------------------------------------------------------------------------------
    594          /**
    595           * Get a pointer to the data in the specified section of the setting file.
    596           * @param sf_id = The section ID of the requested setting file section.
    597           * @return A pointer to the data in the specified section of the setting file.
    598           *         If the setting file section is not found, then return NULL.
    599           */

   \                                 In section .text, align 2, keep-with-next
    600          void * SettingFile__GetSettingFileStart(SF_ID_TYPE sf_id)
    601          {
   \                     SettingFile__GetSettingFileStart: (+1)
   \   00000000   0xB500             PUSH     {LR}
   \   00000002   0xB081             SUB      SP,SP,#+4
    602              uint16 * pt;
    603              // Get the address of the first pointer
    604              pt = GetSettingFileStartByID(sf_id);
   \   00000004   0x.... 0x....      BL       GetSettingFileStartByID
    605          
    606              if (pt != NULL)
   \   00000008   0xB100             CBZ.N    R0,??SettingFile__GetSettingFileStart_0
    607              {
    608                  //Decrement to include the SF ID
    609                  pt--;
   \   0000000A   0x1E80             SUBS     R0,R0,#+2
    610              }
    611              return ((void *)pt);
   \                     ??SettingFile__GetSettingFileStart_0: (+1)
   \   0000000C   0xB001             ADD      SP,SP,#+4
   \   0000000E   0xBD00             POP      {PC}             ;; return
    612          }
    613          
    614          //---------------------------------------------------------------------------------------------------------------------
    615          /**
    616           * @brief   Determine the section ID of the section at the specified position.
    617           * @param   section_ids: Pointer to a list of section IDs, See SF_ID_TYPE
    618           * @return  The section ID of the section at the specified position.
    619           *          If there is no section at the specified position, then return SF_ID_END.
    620           */

   \                                 In section .text, align 2, keep-with-next
    621          uint8 SettingFile__GetSectionIDs(SF_ID_TYPE * section_ids)
    622          {
   \                     SettingFile__GetSectionIDs: (+1)
   \   00000000   0xB570             PUSH     {R4-R6,LR}
   \   00000002   0x4604             MOV      R4,R0
    623              memset(section_ids, SF_ID_END, SF_MAX_SECTIONS);
   \   00000004   0x22FF             MOVS     R2,#+255
   \   00000006   0x210A             MOVS     R1,#+10
   \   00000008   0x.... 0x....      BL       __aeabi_memset
    624              uint8 position = 0;
    625          
    626              if (SettingFile__IsValid() == TRUE)
   \   0000000C   0x....             LDR.N    R6,??DataTable11_2
   \   0000000E   0x2500             MOVS     R5,#+0
   \   00000010   0xF106 0x0108      ADD      R1,R6,#+8
   \   00000014   0x4630             MOV      R0,R6
   \   00000016   0x.... 0x....      BL       SRData__CheckByte
   \   0000001A   0x2800             CMP      R0,#+0
   \   0000001C   0xBF04             ITT      EQ 
   \   0000001E   0x7830             LDRBEQ   R0,[R6, #+0]
   \   00000020   0x2801             CMPEQ    R0,#+1
   \   00000022   0xD117             BNE.N    ??SettingFile__GetSectionIDs_0
    627              {
    628                  uint16* ptr = SF_START_ADDRESS;
   \   00000024   0x....             LDR.N    R0,??DataTable11
    629                  for (position = 0; position < SF_MAX_SECTIONS; position++)
    630                  {
    631                      SF_ID_TYPE section_id = ((SF_SECTION_HEADER_TYPE*)(void*)ptr)->Section_ID;
   \                     ??SettingFile__GetSectionIDs_1: (+1)
   \   00000026   0x7841             LDRB     R1,[R0, #+1]
    632                      if (section_id == SF_ID_END)
   \   00000028   0x29FF             CMP      R1,#+255
   \   0000002A   0xD013             BEQ.N    ??SettingFile__GetSectionIDs_0
    633                      {
    634                          break;                                  // Break out of the for() loop.
    635                      }
    636                      section_ids[position] = section_id;
   \   0000002C   0xF804 0x1B01      STRB     R1,[R4], #+1
    637                      ptr++;
    638                      ptr = &ptr[ptr[SF_PTR_ACU_END_OF_SECTION]];
   \   00000030   0x1C6D             ADDS     R5,R5,#+1
   \   00000032   0xF830 0x1F02      LDRH     R1,[R0, #+2]!
   \   00000036   0xEB00 0x0041      ADD      R0,R0,R1, LSL #+1
   \   0000003A   0x7841             LDRB     R1,[R0, #+1]
   \   0000003C   0x29FF             CMP      R1,#+255
   \   0000003E   0xD009             BEQ.N    ??SettingFile__GetSectionIDs_0
   \   00000040   0xF804 0x1B01      STRB     R1,[R4], #+1
    639                  }
   \   00000044   0x1C6D             ADDS     R5,R5,#+1
   \   00000046   0xF830 0x1F02      LDRH     R1,[R0, #+2]!
   \   0000004A   0xB2ED             UXTB     R5,R5
   \   0000004C   0xEB00 0x0041      ADD      R0,R0,R1, LSL #+1
   \   00000050   0x2D0A             CMP      R5,#+10
   \   00000052   0xDBE8             BLT.N    ??SettingFile__GetSectionIDs_1
    640              }
    641              return position;
   \                     ??SettingFile__GetSectionIDs_0: (+1)
   \   00000054   0xB2E8             UXTB     R0,R5
   \   00000056   0xBD70             POP      {R4-R6,PC}       ;; return
    642          }
    643          
    644          //---------------------------------------------------------------------------------------------------------------------
    645          /**
    646           * Get the address of a specific byte in a section of the setting file.
    647           * @param sf_id = The section of the setting file that contains the byte.
    648           * @param index = The index of the byte from the beginning of the setting file section.
    649           * @return The address of a specific byte in a section of the setting file.
    650           */

   \                                 In section .text, align 2, keep-with-next
    651          void * SettingFile__GetSettingFilePointerByIndex(SF_ID_TYPE sf_id, uint32 index)
    652          {
   \                     SettingFile__GetSettingFilePointerByIndex: (+1)
   \   00000000   0xB510             PUSH     {R4,LR}
   \   00000002   0x460C             MOV      R4,R1
    653              uint8 * pt;
    654              pt = SettingFile__GetSettingFileStart(sf_id);
   \   00000004   0x.... 0x....      BL       GetSettingFileStartByID
   \   00000008   0xB100             CBZ.N    R0,??SettingFile__GetSettingFilePointerByIndex_0
   \   0000000A   0x1E80             SUBS     R0,R0,#+2
    655          
    656              //Check if the accessed memory within the setting file range
    657              if ((pt != NULL) &&
    658                  ((uint16 *)(&pt[index]) < (uint16 *)((uint32)(void *)SF_START_ADDRESS + (uint32)SF_SIZE))) //lint !e927 Lint: 927 cast from pointer to pointer [MISRA 2004 Rule 11.4]
   \                     ??SettingFile__GetSettingFilePointerByIndex_0: (+1)
   \   0000000C   0xB128             CBZ.N    R0,??SettingFile__GetSettingFilePointerByIndex_1
   \   0000000E   0x....             LDR.N    R1,??DataTable11
   \   00000010   0x....             LDR.N    R2,??DataTable11_1
   \   00000012   0x1820             ADDS     R0,R4,R0
   \   00000014   0x1851             ADDS     R1,R2,R1
   \   00000016   0x4288             CMP      R0,R1
   \   00000018   0xD300             BCC.N    ??SettingFile__GetSettingFilePointerByIndex_2
    659              {
    660                  return ((void *)&pt[index]);
    661              }
    662              else
    663              {
    664              	return NULL;
   \                     ??SettingFile__GetSettingFilePointerByIndex_1: (+1)
   \   0000001A   0x2000             MOVS     R0,#+0
   \                     ??SettingFile__GetSettingFilePointerByIndex_2: (+1)
   \   0000001C   0xBD10             POP      {R4,PC}          ;; return
    665              }
    666          }
    667          
    668          //---------------------------------------------------------------------------------------------------------------------
    669          /**
    670           * Get the number of bytes in a the specified section of the setting file.
    671           * @param sf_id = The section ID for the requested section of the setting file.
    672           * @return The number of bytes in a the specified section of the setting file.
    673           *         If the specified section does not exist, then return 0.
    674           */

   \                                 In section .text, align 2, keep-with-next
    675          uint32 SettingFile__GetSettingFileSize(SF_ID_TYPE sf_id)
    676          {
   \                     SettingFile__GetSettingFileSize: (+1)
   \   00000000   0xB510             PUSH     {R4,LR}
    677              uint16 size = 0;    // Initialize to zero in case setting file with ID is not found
   \   00000002   0x2400             MOVS     R4,#+0
    678          
    679              // Get the first pointer of the specific setting file
    680              uint16 * data_address = GetSettingFileStartByID(sf_id);
   \   00000004   0x.... 0x....      BL       GetSettingFileStartByID
    681          
    682              if (data_address != NULL)
   \   00000008   0xB110             CBZ.N    R0,??SettingFile__GetSettingFileSize_0
    683              {
    684                  // offset by the pointer
    685                  // (Needed in case SF_PTR_ACU_END_OF_SECTION ever changes from 0 to something else.)
    686                  data_address += (SF_PTR_ACU_END_OF_SECTION & 0x00FF);
    687          
    688                  // Get the content
    689                  size = (*data_address);
    690          
    691                  // Convert from number of words to number of bytes.
    692                  size <<= 1;
    693          
    694                  // Add 2 to include the section header.
    695                  size += 2;
   \   0000000A   0x8800             LDRH     R0,[R0, #+0]
   \   0000000C   0x0040             LSLS     R0,R0,#+1
   \   0000000E   0x1C84             ADDS     R4,R0,#+2
    696              }
    697          
    698              return (size);
   \                     ??SettingFile__GetSettingFileSize_0: (+1)
   \   00000010   0xB2A0             UXTH     R0,R4
   \   00000012   0xBD10             POP      {R4,PC}          ;; return
    699          }
    700          
    701          //---------------------------------------------------------------------------------------------------------------------
    702          /**
    703           * @brief   Calculates the CRC of a setting file section.
    704           * @param   sf_id: see SF_ID_TYPE
    705           * @return  CRC of a setting file section
    706           */

   \                                 In section .text, align 4, keep-with-next
    707          uint16 SettingFile__CalculateCRC(SF_ID_TYPE sf_id)
    708          {
   \                     SettingFile__CalculateCRC: (+1)
   \   00000000   0xB570             PUSH     {R4-R6,LR}
    709              return (CalculateSectionCRC(GetSettingFileStartByID(sf_id)));
   \   00000002   0x.... 0x....      BL       GetSettingFileStartByID
   \   00000006   0x4601             MOV      R1,R0
   \   00000008   0x2000             MOVS     R0,#+0
   \   0000000A   0x2900             CMP      R1,#+0
   \   0000000C   0xBF1F             ITTTT    NE 
   \   0000000E   0x884A             LDRHNE   R2,[R1, #+2]
   \   00000010   0x2A00             CMPNE    R2,#+0
   \   00000012   0xF64F 0x73FF      MOVWNE   R3,#+65535
   \   00000016   0x429A             CMPNE    R2,R3
   \   00000018   0xD012             BEQ.N    ??SettingFile__CalculateCRC_0
   \   0000001A   0xEB01 0x0242      ADD      R2,R1,R2, LSL #+1
   \   0000001E   0x....             LDR.N    R5,??DataTable11
   \   00000020   0x....             LDR.N    R6,??DataTable11_1
   \   00000022   0x4614             MOV      R4,R2
   \   00000024   0x1975             ADDS     R5,R6,R5
   \   00000026   0x42AC             CMP      R4,R5
   \   00000028   0xD20A             BCS.N    ??SettingFile__CalculateCRC_0
   \   0000002A   0xB14A             CBZ.N    R2,??SettingFile__CalculateCRC_0
   \   0000002C   0x1E8D             SUBS     R5,R1,#+2
   \   0000002E   0x4618             MOV      R0,R3
   \   00000030   0x42A5             CMP      R5,R4
   \   00000032   0xD205             BCS.N    ??SettingFile__CalculateCRC_0
   \                     ??SettingFile__CalculateCRC_1: (+1)
   \   00000034   0xF815 0x1B01      LDRB     R1,[R5], #+1
   \   00000038   0x.... 0x....      BL       Crc16__ByteProcess
   \   0000003C   0x42A5             CMP      R5,R4
   \   0000003E   0xD3F9             BCC.N    ??SettingFile__CalculateCRC_1
   \                     ??SettingFile__CalculateCRC_0: (+1)
   \   00000040   0xBD70             POP      {R4-R6,PC}       ;; return
    710          }
    711          
    712          //=====================================================================================================================
    713          //-------------------------------------- Private Functions ------------------------------------------------------------
    714          //=====================================================================================================================
    715          
    716          //---------------------------------------------------------------------------------------------------------------------
    717          /**
    718           * @brief   Calculates the CRC of a setting file section
    719           * @param   section_start_address: Address of the start of the setting file data (does not include first word that
    720           *          contains the section ID and endianness)
    721           * @return  CRC of the setting file section
    722           */
    723          static uint16 CalculateSectionCRC(uint16 * section_start_address)
    724          {
    725              uint16   crc = 0;   // Initialize value to zero in case the setting file with the requested ID is not found
    726              uint16 * data_crc_address;
    727          
    728              data_crc_address = ExtractAbsPointer(section_start_address, SF_PTR_ACU_CRC);
    729          
    730              if (data_crc_address != NULL)
    731              {
    732                  uint8 * byte_ptr = (void*)(section_start_address - 1);
    733                  uint8 * end_of_data_ptr = (void*)data_crc_address;
    734          
    735                  crc = 0xFFFF;
    736          
    737                  while (byte_ptr < end_of_data_ptr)
    738                  {
    739                      crc = Crc16__ByteProcess(crc,*byte_ptr);
    740                      byte_ptr++;
    741                  }
    742              }
    743          
    744              return (crc);
    745          }
    746          
    747          //---------------------------------------------------------------------------------------------------------------------
    748          /**
    749           * @brief   Get the offset to the start of a setting file section
    750           * @param   sf_id: see SF_ID_TYPE
    751           * @return  Number of words offset from the start of the whole setting file to the start of a setting file section
    752           */

   \                                 In section .text, align 4, keep-with-next
    753          static uint16 * GetSettingFileStartByID(SF_ID_TYPE sf_id)
    754          {
   \                     GetSettingFileStartByID: (+1)
   \   00000000   0xB5F0             PUSH     {R4-R7,LR}
   \   00000002   0x4604             MOV      R4,R0
    755              uint16 * ptr = NULL;
    756          
    757              if (SettingFile__IsValid() == TRUE)
   \   00000004   0x....             LDR.N    R6,??DataTable11_2
   \   00000006   0xB081             SUB      SP,SP,#+4
   \   00000008   0x2500             MOVS     R5,#+0
   \   0000000A   0xF106 0x0108      ADD      R1,R6,#+8
   \   0000000E   0x4630             MOV      R0,R6
   \   00000010   0x.... 0x....      BL       SRData__CheckByte
   \   00000014   0x2800             CMP      R0,#+0
   \   00000016   0xBF04             ITT      EQ 
   \   00000018   0x7830             LDRBEQ   R0,[R6, #+0]
   \   0000001A   0x2801             CMPEQ    R0,#+1
   \   0000001C   0xD11B             BNE.N    ??GetSettingFileStartByID_0
    758              {
    759                  BOOL_TYPE skip_search = FALSE;
    760          
    761                  #if (USE_ACU_HARDCODED_SETTING_FILE == ENABLED)
    762                      if (sf_id == SF_ID_ACU)
    763                      {
    764                          ptr = (void*)&__ACU_Hardcoded_SettingFile_Start;
    765                          ptr++;       // Adjust pointer to skip over the word for the section ID and point to the End Of Section data
    766                          skip_search = TRUE;
    767                      }
    768                  #endif
    769                  #if (USE_HMI_HARDCODED_SETTING_FILE == ENABLED)
    770                      if (sf_id == SF_ID_HMI)
    771                      {
    772                          ptr = (void*)&__HMI_Hardcoded_SettingFile_Start;
    773                          ptr++;       // Adjust pointer to skip over the word for the section ID and point to the End Of Section data
    774                          skip_search = TRUE;
    775                      }
    776                  #endif
    777          
    778                  uint8 sf_type = (sf_id & SETTINGFILE_MASK_SECTION_ID_TYPE);
    779                  uint16* remember_ptr = NULL;
    780                  if (skip_search == FALSE)
    781                  {
    782                      ptr = SF_START_ADDRESS;
    783                      SF_ID_TYPE section_id = ((SF_SECTION_HEADER_TYPE*)(void*)ptr)->Section_ID;
   \   0000001E   0x....             LDR.N    R2,??DataTable11
   \   00000020   0x7853             LDRB     R3,[R2, #+1]
    784                      ptr++;
   \   00000022   0x1C95             ADDS     R5,R2,#+2
   \   00000024   0xF004 0x000F      AND      R0,R4,#0xF
   \   00000028   0x2100             MOVS     R1,#+0
    785                      for (uint8 section_position = 0; section_position < SF_MAX_SECTIONS; section_position++)
   \   0000002A   0x220A             MOVS     R2,#+10
    786                      {
    787                          uint8 section_type = (section_id & SETTINGFILE_MASK_SECTION_ID_TYPE);
   \                     ??GetSettingFileStartByID_1: (+1)
   \   0000002C   0xF003 0x070F      AND      R7,R3,#0xF
    788                          if (section_id == sf_id)                // Found the requested setting file section.
   \   00000030   0x42A3             CMP      R3,R4
   \   00000032   0xD00B             BEQ.N    ??GetSettingFileStartByID_2
    789                          {
    790                              break;                              // Break out of the for() loop.
    791                          }
    792                          else if ((remember_ptr == NULL) && (section_type == sf_type))
   \   00000034   0x2900             CMP      R1,#+0
   \   00000036   0xBF08             IT       EQ 
   \   00000038   0x4287             CMPEQ    R7,R0
   \   0000003A   0xD10F             BNE.N    ??GetSettingFileStartByID_3
    793                          {
    794                              // This is the main ACU or main HMI section.
    795                              // Save the pointer in case it is what is really requested.
    796                              remember_ptr = ptr;
   \   0000003C   0x4629             MOV      R1,R5
    797                          }
    798                          else if (section_id == SF_ID_END)
    799                          {
    800                              ptr = NULL;
    801                              break;                              // Break out of the for() loop.
    802                          }
    803                          ptr = &ptr[ptr[SF_PTR_ACU_END_OF_SECTION]];
   \                     ??GetSettingFileStartByID_4: (+1)
   \   0000003E   0x882B             LDRH     R3,[R5, #+0]
   \   00000040   0xEB05 0x0543      ADD      R5,R5,R3, LSL #+1
    804                          section_id = ((SF_SECTION_HEADER_TYPE*)(void*)ptr)->Section_ID;
   \   00000044   0x786B             LDRB     R3,[R5, #+1]
    805                          ptr++;
   \   00000046   0x1CAD             ADDS     R5,R5,#+2
   \   00000048   0x1E52             SUBS     R2,R2,#+1
   \   0000004A   0xD1EF             BNE.N    ??GetSettingFileStartByID_1
    806                      }
    807                  }
    808                  // When an expansion board requests the main ACU or main HMI section, it will get the first ACU or HMI section.
    809                  if ((ptr == NULL) && ((sf_id == SF_ID_ACU) || (sf_id == SF_ID_HMI)))
   \                     ??GetSettingFileStartByID_2: (+1)
   \   0000004C   0xB91D             CBNZ.N   R5,??GetSettingFileStartByID_0
   \                     ??GetSettingFileStartByID_5: (+1)
   \   0000004E   0x2C00             CMP      R4,#+0
   \   00000050   0xBF14             ITE      NE 
   \   00000052   0x2C01             CMPNE    R4,#+1
    810                  {
    811                      ptr = remember_ptr;
   \   00000054   0x460D             MOVEQ    R5,R1
    812                  }
    813              }
    814              return (ptr);
   \                     ??GetSettingFileStartByID_0: (+1)
   \   00000056   0x4628             MOV      R0,R5
   \   00000058   0xB001             ADD      SP,SP,#+4
   \   0000005A   0xBDF0             POP      {R4-R7,PC}       ;; return
   \                     ??GetSettingFileStartByID_3: (+1)
   \   0000005C   0x2BFF             CMP      R3,#+255
   \   0000005E   0xD1EE             BNE.N    ??GetSettingFileStartByID_4
   \   00000060   0x2500             MOVS     R5,#+0
   \   00000062   0xE7F4             B.N      ??GetSettingFileStartByID_5
    815          }
    816          
    817          //---------------------------------------------------------------------------------------------------------------------
    818          /**
    819           * @brief   Returns the start address of the setting file data based on the position of the section in the setting file.
    820           * @param   sf_position: position of the section in the setting file
    821           */
    822          static uint16 * GetSettingFileStartByPosition(uint8 sf_position)
    823          {
    824              uint16* ptr16 = NULL;
    825          
    826              if (SettingFile__IsValid() == TRUE)
    827              {
    828                  ptr16 = SF_START_ADDRESS;
    829                  for (uint8 position = 0; position < SF_MAX_SECTIONS; position++)
    830                  {
    831                      SF_ID_TYPE section_id = ((SF_SECTION_HEADER_TYPE*)(void*)ptr16)->Section_ID;
    832                      if (section_id == SF_ID_END)
    833                      {
    834                          ptr16 = NULL;                           // Invalidate the pointer if the end of the setting file is reached
    835                          break;                                  // Break out of the for() loop.
    836                      }
    837                      else if (position == sf_position)
    838                      {
    839                          break;                                  // Reached the desired section so break out of the for() loop
    840                      }
    841          
    842                      ptr16++;                                    // Adjust pointer to point to the beginning of the data (excluded section ID and endianness)
    843                      ptr16 = &ptr16[ptr16[SF_PTR_ACU_END_OF_SECTION]];   // Adjust pointer to point to the start of the next section
    844                  }
    845          
    846                  ptr16++;                                        // Adjust pointer to point to the beginning of the data (excluded section ID and endianness)
    847              }
    848          
    849              return(ptr16);
    850          }
    851          
    852          //---------------------------------------------------------------------------------------------------------------------
    853          /**
    854           * @brief   This routine give absolute address in a big endian 16-bit pointers table
    855           * @details former LIB_SEF_GetBEWrdRelShort_Ptr
    856           * @param   data_struct_start_ptr
    857           * @param   pointer_id
    858           * @return
    859           */

   \                                 In section .text, align 2, keep-with-next
    860          static uint16 * ExtractAbsPointer(uint16 * data_struct_start_ptr, SETTINGFILE_OFFSET_TYPE pointer_id)
    861          {
    862              uint16 * retval;
    863              uint16 pointer_offset;
    864          
    865              retval = NULL;
   \                     ExtractAbsPointer: (+1)
   \   00000000   0x2200             MOVS     R2,#+0
    866          
    867              if ((pointer_id != SF_PTR_INVALID_VALUE) &&
    868                  (data_struct_start_ptr != NULL))
   \   00000002   0xF64F 0x73FF      MOVW     R3,#+65535
   \   00000006   0x4299             CMP      R1,R3
   \   00000008   0xBF18             IT       NE 
   \   0000000A   0x2800             CMPNE    R0,#+0
   \   0000000C   0xD00D             BEQ.N    ??ExtractAbsPointer_0
    869              {
    870                  // Find the offset to apply to the start address
    871                  pointer_offset = (data_struct_start_ptr[pointer_id & 0x00FF]);   // Extract lower 8 bits to get the pointer
   \   0000000E   0xB2C9             UXTB     R1,R1
   \   00000010   0xF830 0x1011      LDRH     R1,[R0, R1, LSL #+1]
    872          
    873                  if ((SETTINGFILE_NULL_VALUE != pointer_offset) &&
    874                      (SF_PTR_INVALID_VALUE != pointer_offset))
   \   00000014   0x2900             CMP      R1,#+0
   \   00000016   0xBF1C             ITT      NE 
   \   00000018   0x4299             CMPNE    R1,R3
    875                  {
    876                      retval = data_struct_start_ptr + pointer_offset;
   \   0000001A   0xEB00 0x0241      ADDNE    R2,R0,R1, LSL #+1
    877                  }
    878          
    879                  //Check if the accessed memory within the setting file range
    880                  if (retval >= (uint16 *)((uint32)(void *)SF_START_ADDRESS + (uint32)SF_SIZE)) //lint !e923 Lint: 923 cast from pointer to unsigned long [Encompasses MISRA 2004 Rule 11.1], [MISRA 2004 Rule 11.3]
   \   0000001E   0x....             LDR.N    R0,??DataTable11
   \   00000020   0x....             LDR.N    R1,??DataTable11_1
   \   00000022   0x1808             ADDS     R0,R1,R0
   \   00000024   0x4282             CMP      R2,R0
   \   00000026   0xBF28             IT       CS 
    881                  {
    882                      retval = NULL;
   \   00000028   0x2200             MOVCS    R2,#+0
    883                  }
    884              }
    885          
    886              return retval;
   \                     ??ExtractAbsPointer_0: (+1)
   \   0000002A   0x4610             MOV      R0,R2
   \   0000002C   0x4770             BX       LR               ;; return
    887          }
    888          
    889          //---------------------------------------------------------------------------------------------------------------------
    890          /**
    891           *  @brief      Get the address and size of the data block associated with the specified displacement.
    892           *
    893           *  @details    former LIB_SEF_GetDisplData
    894           *
    895           *  @param data_start_address = Address of the start of the data in the setting file referenced by a pointer.
    896           *  @param displacement = The displacement used to get the data block.
    897           *  @param data_out_ptr = A structure to fill with the address and length of the data block.
    898           *
    899           *  @return SETTINGFILE_BSLDR_OK if the data is found and referenced successfully.
    900           */

   \                                 In section .text, align 4, keep-with-next
    901          static SETTINGFILE_BSLDR_RETURN_TYPE GetDisplacementData(uint16 * data_start_address, uint16 displacement, SETTINGFILE_LOADER_TYPE * data_out_ptr)
    902          {
   \                     GetDisplacementData: (+1)
   \   00000000   0xE92D 0x43F0      PUSH     {R4-R9,LR}
   \   00000004   0x4606             MOV      R6,R0
   \   00000006   0x4688             MOV      R8,R1
    903              SETTINGFILE_BSLDR_RETURN_TYPE retval = SETTINGFILE_BSLDR_ERR_INVALID_DISPL;
    904          
    905              if (SettingFile__IsValid() == TRUE)
   \   00000008   0x....             LDR.N    R7,??DataTable11_2
   \   0000000A   0xB081             SUB      SP,SP,#+4
   \   0000000C   0x4614             MOV      R4,R2
   \   0000000E   0x2582             MOVS     R5,#+130
   \   00000010   0xF107 0x0108      ADD      R1,R7,#+8
   \   00000014   0x4638             MOV      R0,R7
   \   00000016   0x.... 0x....      BL       SRData__CheckByte
   \   0000001A   0x2800             CMP      R0,#+0
   \   0000001C   0xBF04             ITT      EQ 
   \   0000001E   0x7838             LDRBEQ   R0,[R7, #+0]
   \   00000020   0x2801             CMPEQ    R0,#+1
   \   00000022   0xD152             BNE.N    ??GetDisplacementData_0
    906              {
    907                  BOOL_TYPE is_extended_displacement;
    908                  uint16 num_page;
    909                  uint16 num_page_end;
    910                  uint16 num_extra_ptr_word;
    911                  uint8 * data_ptr;
    912          
    913                  retval = SETTINGFILE_BSLDR_OK;
    914          
    915                  uint8* byte_ptr = (void*)data_start_address;
    916                  is_extended_displacement = (BOOL_TYPE)((byte_ptr[0] & 0x80) != 0);
    917                  if (is_extended_displacement)
   \   00000024   0x7831             LDRB     R1,[R6, #+0]
   \   00000026   0x2500             MOVS     R5,#+0
   \   00000028   0x4640             MOV      R0,R8
   \   0000002A   0x09C9             LSRS     R1,R1,#+7
   \   0000002C   0xD014             BEQ.N    ??GetDisplacementData_1
    918                  {
    919                      /* Extended Displacement => 16 bit */
    920                      //data_start_address points to the begin of the displacement array
    921                      data_start_address++;
    922          
    923                      // Check for a displacement that is out of range. (This includes a displacement of 0xFFFF.)
    924                      if (displacement >= ((*data_start_address) - 1))
   \   0000002E   0xF836 0x1F02      LDRH     R1,[R6, #+2]!
   \   00000032   0x1E49             SUBS     R1,R1,#+1
   \   00000034   0x4288             CMP      R0,R1
   \   00000036   0xDA30             BGE.N    ??GetDisplacementData_2
    925                      {
    926                          retval = SETTINGFILE_BSLDR_ERR_INVALID_DISPL;
    927                      }
    928                      else
    929                      {
    930                          // the calculation is valid even in a case where *( EepData + Displacement + 1 ) < *( EepData + Displacement ) which
    931                          // can cause a page overflow
    932                          data_out_ptr->Length = ((data_start_address[displacement + 1]) - (data_start_address[displacement])) * 2;
   \   00000038   0xEB06 0x0140      ADD      R1,R6,R0, LSL #+1
   \   0000003C   0xF836 0x2010      LDRH     R2,[R6, R0, LSL #+1]
   \   00000040   0x8849             LDRH     R1,[R1, #+2]
   \   00000042   0x1A89             SUBS     R1,R1,R2
   \   00000044   0x0049             LSLS     R1,R1,#+1
   \   00000046   0x80A1             STRH     R1,[R4, #+4]
    933                          data_out_ptr->Data = (void*)&data_start_address[(data_start_address[displacement])];
    934                          if (0 == data_out_ptr->Length)
   \   00000048   0xB289             UXTH     R1,R1
   \   0000004A   0xF836 0x0010      LDRH     R0,[R6, R0, LSL #+1]
   \   0000004E   0xEB06 0x0040      ADD      R0,R6,R0, LSL #+1
   \   00000052   0x6020             STR      R0,[R4, #+0]
   \   00000054   0x2900             CMP      R1,#+0
   \   00000056   0xE036             B.N      ??GetDisplacementData_3
    935                          {
    936                              retval = SETTINGFILE_BSLDR_INVALID_LENGTH;
    937                          }
    938                      }
    939                  }
    940                  else
    941                  {
    942                      byte_ptr = (void*)data_start_address;
    943                      num_extra_ptr_word = byte_ptr[0];
   \                     ??GetDisplacementData_1: (+1)
   \   00000058   0x7833             LDRB     R3,[R6, #+0]
    944          
    945                      // Control the ExtraPointer forcing the safe page
    946                      num_page = 0;
    947                      num_page_end = 0;
   \   0000005A   0x2200             MOVS     R2,#+0
    948          
    949                      data_ptr = (void*)(data_start_address);
    950          
    951                      for (uint8 i = 1; i < (2 * num_extra_ptr_word); i++)
   \   0000005C   0x005F             LSLS     R7,R3,#+1
   \   0000005E   0xF04F 0x0C01      MOV      R12,#+1
   \   00000062   0xF100 0x0E01      ADD      LR,R0,#+1
   \   00000066   0x2F02             CMP      R7,#+2
   \   00000068   0xF2C0 0x8010      BLT.W    ??GetDisplacementData_4
    952                      {
    953                          /* displacement < 0xFF */
    954                          if (displacement >= data_ptr[i])
   \                     ??GetDisplacementData_5: (+1)
   \   0000006C   0xF81C 0x9006      LDRB     R9,[R12, R6]
   \   00000070   0x45C8             CMP      R8,R9
   \   00000072   0xBF28             IT       CS 
    955                          {
    956                              num_page += 0x0100U;
   \   00000074   0xF501 0x7180      ADDCS    R1,R1,#+256
    957                          }
    958          
    959                          if ((displacement+1) >= data_ptr[i])
   \   00000078   0x45CE             CMP      LR,R9
   \   0000007A   0xBFA8             IT       GE 
    960                          {
    961                              num_page_end += 0x0100U;
   \   0000007C   0xF502 0x7280      ADDGE    R2,R2,#+256
    962                          }
    963                      }
   \   00000080   0xF10C 0x0C01      ADD      R12,R12,#+1
   \   00000084   0xFA5F 0xFC8C      UXTB     R12,R12
   \   00000088   0x45BC             CMP      R12,R7
   \   0000008A   0xDBEF             BLT.N    ??GetDisplacementData_5
    964                      data_ptr += (2 * num_extra_ptr_word);/* data_ptr points to the begin of displacement */
   \                     ??GetDisplacementData_4: (+1)
   \   0000008C   0xEB06 0x0343      ADD      R3,R6,R3, LSL #+1
    965          
    966                      // Check for a displacement that is out of range. (This includes a displacement of 0xFF.)
    967                      if (displacement >= ((2 * (*data_ptr)) - 1))
   \   00000090   0x781E             LDRB     R6,[R3, #+0]
   \   00000092   0x0076             LSLS     R6,R6,#+1
   \   00000094   0x1E76             SUBS     R6,R6,#+1
   \   00000096   0x42B0             CMP      R0,R6
   \   00000098   0xDB04             BLT.N    ??GetDisplacementData_6
    968                      {
    969                          retval = SETTINGFILE_BSLDR_ERR_INVALID_DISPL;
   \                     ??GetDisplacementData_2: (+1)
   \   0000009A   0x2582             MOVS     R5,#+130
    970                      }
    971                      else
    972                      {
    973                          data_out_ptr->Length = ( num_page_end + *( data_ptr + displacement + 1 ) - ( *( data_ptr + displacement ) + num_page) ) * 2;
    974          
    975                          data_out_ptr->Data = (data_ptr + (2 * (*(data_ptr + displacement) + num_page)));
    976          
    977                          if (0 == data_out_ptr->Length)
    978                          {
    979                              retval = SETTINGFILE_BSLDR_INVALID_LENGTH;
    980                          }
    981                      }
    982                  }
    983              }
    984          
    985              return (retval);
   \   0000009C   0x4628             MOV      R0,R5
   \   0000009E   0xB001             ADD      SP,SP,#+4
   \   000000A0   0xE8BD 0x83F0      POP      {R4-R9,PC}
   \                     ??GetDisplacementData_6: (+1)
   \   000000A4   0x18C6             ADDS     R6,R0,R3
   \   000000A6   0x7876             LDRB     R6,[R6, #+1]
   \   000000A8   0xFA52 0xF286      UXTAB    R2,R2,R6
   \   000000AC   0x5CC6             LDRB     R6,[R0, R3]
   \   000000AE   0x1B92             SUBS     R2,R2,R6
   \   000000B0   0x1A52             SUBS     R2,R2,R1
   \   000000B2   0x0052             LSLS     R2,R2,#+1
   \   000000B4   0x80A2             STRH     R2,[R4, #+4]
   \   000000B6   0xB292             UXTH     R2,R2
   \   000000B8   0x5CC0             LDRB     R0,[R0, R3]
   \   000000BA   0xFA10 0xF081      UXTAH    R0,R0,R1
   \   000000BE   0xEB03 0x0040      ADD      R0,R3,R0, LSL #+1
   \   000000C2   0x6020             STR      R0,[R4, #+0]
   \   000000C4   0x2A00             CMP      R2,#+0
   \                     ??GetDisplacementData_3: (+1)
   \   000000C6   0xBF08             IT       EQ 
   \   000000C8   0x2502             MOVEQ    R5,#+2
   \                     ??GetDisplacementData_0: (+1)
   \   000000CA   0x4628             MOV      R0,R5
   \   000000CC   0xB001             ADD      SP,SP,#+4
   \   000000CE   0xE8BD 0x83F0      POP      {R4-R9,PC}       ;; return
    986          }

   \                                 In section .text, align 4, keep-with-next
   \                     ??DataTable11:
   \   00000000   0x........         DC32     __SetingFile_Start

   \                                 In section .text, align 4, keep-with-next
   \                     ??DataTable11_1:
   \   00000000   0x........         DC32     __SetingFile_Size

   \                                 In section .text, align 4, keep-with-next
   \                     ??DataTable11_2:
   \   00000000   0x........         DC32     Is_Settingfile_Valid
    987          
    988          #if ((USE_ACU_HARDCODED_SETTING_FILE == ENABLED) || (USE_HMI_HARDCODED_SETTING_FILE == ENABLED))
    989          //---------------------------------------------------------------------------------------------------------------------
    990          /**
    991           * @brief   Checks if the hard coded setting file is valid, if it exists
    992           * @param   sf_id: see SF_ID_TYPE
    993           * @return  TRUE if there is a hard coded setting file for the requested setting file ID and its CRC is valid, else FALSE
    994           */
    995          static BOOL_TYPE IsHardCodedSettingFileValid(SF_ID_TYPE sf_id)
    996          {
    997              BOOL_TYPE crc_matches = FALSE;
    998          
    999              if (SettingFile__IsValid() == TRUE)
   1000              {
   1001                  uint16 calculated_crc;
   1002                  uint16 * crc_address = NULL;
   1003                  uint16 * sf_start_address = NULL;
   1004                  uint16 stored_crc;
   1005          
   1006                  #if (USE_ACU_HARDCODED_SETTING_FILE == ENABLED) // Note: Intentionally not calling GetSettingFileStartByID() here because this function is limited
   1007                      if (sf_id == SF_ID_ACU)                     //       to hard-coded setting files only
   1008                      {
   1009                          sf_start_address = (void*)&__ACU_Hardcoded_SettingFile_Start;
   1010                      }
   1011                  #endif
   1012          
   1013                  #if (USE_HMI_HARDCODED_SETTING_FILE == ENABLED)
   1014                      if (sf_id == SF_ID_HMI)
   1015                      {
   1016                          sf_start_address = (void*)&__HMI_Hardcoded_SettingFile_Start;
   1017                      }
   1018                  #endif
   1019          
   1020                  if (sf_start_address != NULL)
   1021                  {
   1022                      if (((SF_SECTION_HEADER_TYPE*)(void*)sf_start_address)->Endianess == 0)
   1023                      {
   1024                          // The section endianess is incorrect. Treat the whole setting file as invalid.
   1025                          LOG_ADD_EXCEPTION(UNHANDLED_HARDCODED_ENDIANNESS, sf_id);
   1026                      }
   1027                      else
   1028                      {
   1029                          sf_start_address++;                     // Adjust pointer to skip over the word for the section ID and point to the End Of Section data
   1030          
   1031                          /**
   1032                           * This routine give absolute address in a big endian 16-bit pointers table
   1033                           */
   1034                          if (sf_start_address != NULL)
   1035                          {
   1036                              // Find the offset to apply to the start address
   1037                              uint16 pointer_offset = (sf_start_address[SF_PTR_ACU_CRC & 0x00FF]);   // Extract lower 8 bits to get the pointer
   1038          
   1039                              if ((SETTINGFILE_NULL_VALUE != pointer_offset) &&
   1040                                  (SF_PTR_INVALID_VALUE != pointer_offset))
   1041                              {
   1042                                  crc_address = sf_start_address + pointer_offset;
   1043                              }
   1044                          }
   1045          
   1046                          if (crc_address != NULL)
   1047                          {
   1048                              calculated_crc = SettingFile__CalculateCRC(sf_id);  // Calculate the CRC based on the data in the setting file memory location
   1049                              stored_crc = (*crc_address);        // Extract the CRC stored in the setting file
   1050          
   1051                              if (stored_crc == calculated_crc)
   1052                              {
   1053                                  crc_matches = TRUE;
   1054                              }
   1055                          }
   1056                      }
   1057                  }
   1058              }
   1059          
   1060              return(crc_matches);
   1061          }
   1062          #endif

   Maximum stack usage in bytes:

   .cstack Function
   ------- --------
       0   ExtractAbsPointer
      32   GetDisplacementData
        32   -> SRData__CheckByte
      24   GetSettingFileStartByID
        24   -> SRData__CheckByte
      16   SettingFile__BasicLoader
        16   -> ExtractAbsPointer
        16   -> GetDisplacementData
        16   -> GetSettingFileStartByID
      16   SettingFile__CalculateCRC
        16   -> Crc16__ByteProcess
        16   -> GetSettingFileStartByID
      32   SettingFile__CheckDataIntegrity
        32   -> Crc16__RangeProcess
        32   -> SRData__CheckByte
         0   -> SRData__UpdateByte
       0   SettingFile__GetMemorySectionSize
       0   SettingFile__GetMemorySectionStart
      16   SettingFile__GetNumDisplacements
        16   -> ExtractAbsPointer
        16   -> GetSettingFileStartByID
       0   SettingFile__GetNumExtraSF
      16   SettingFile__GetSectionIDs
        16   -> SRData__CheckByte
        16   -> __aeabi_memset
       8   SettingFile__GetSettingFileCRC
         8   -> GetSettingFileStartByID
       8   SettingFile__GetSettingFilePointerByIndex
         8   -> GetSettingFileStartByID
       8   SettingFile__GetSettingFileSize
         8   -> GetSettingFileStartByID
       8   SettingFile__GetSettingFileStart
         8   -> GetSettingFileStartByID
      32   SettingFile__Initialize
        32   -> Crc16__ByteProcess
        32   -> SRData__UpdateByte
       8   SettingFile__IsExtendedDisplacement
         8   -> ExtractAbsPointer
         8   -> GetSettingFileStartByID
       8   SettingFile__IsPlatformPointerUsed
         8   -> ExtractAbsPointer
         8   -> GetSettingFileStartByID
       8   SettingFile__IsValid
         8   -> SRData__CheckByte
      16   SettingFile__MSettingBasicLoader
        16   -> ExtractAbsPointer
        16   -> GetDisplacementData
        16   -> GetSettingFileStartByID


   Section sizes:

   Bytes  Function/Label
   -----  --------------
       4  ??DataTable11
       4  ??DataTable11_1
       4  ??DataTable11_2
      46  ExtractAbsPointer
     210  GetDisplacementData
     100  GetSettingFileStartByID
      10  Is_Settingfile_Valid
          Settingfile_Section_Position
          Settingfile_Flash_Crc
          Settingfile_Flash_Crc_Ptr
          N_Is_Settingfile_Valid
          N_Settingfile_Section_Position
      40  SettingFile__BasicLoader
      66  SettingFile__CalculateCRC
     232  SettingFile__CheckDataIntegrity
       4  SettingFile__GetMemorySectionSize
       4  SettingFile__GetMemorySectionStart
      70  SettingFile__GetNumDisplacements
       4  SettingFile__GetNumExtraSF
      88  SettingFile__GetSectionIDs
      52  SettingFile__GetSettingFileCRC
      30  SettingFile__GetSettingFilePointerByIndex
      20  SettingFile__GetSettingFileSize
      16  SettingFile__GetSettingFileStart
     150  SettingFile__Initialize
      24  SettingFile__IsExtendedDisplacement
      22  SettingFile__IsPlatformPointerUsed
      24  SettingFile__IsValid
      38  SettingFile__MSettingBasicLoader

 
    10 bytes in section .bss
 1 252 bytes in section .text
 
 1 252 bytes of CODE memory
    10 bytes of DATA memory

Errors: none
Warnings: none
