###############################################################################
#
# IAR ANSI C/C++ Compiler V7.20.5.7591/W32 for ARM        06/Aug/2024  13:42:10
# Copyright 1999-2014 IAR Systems AB.
#
#    Cpu mode     =  thumb
#    Endian       =  little
#    Source file  =  
#        C:\Data\Python\Self_Commissioning_Bpm\source\XCategory\Driver\Spi\Spi.c
#    Command line =  
#        -I./ -I../cx/ -I../cx/inc/ -ICategory/ -ICategory/Application/
#        -ICategory/Application/ThermalModel/
#        -ICategory/Application/ThermalModel/ThermalModelCore_DD/
#        -ICategory/Application/ThermalModel/ThermalModelCore_sBPM/
#        -ICategory/Common/ -ICategory/Common/BoardDebugging/
#        -ICategory/Common/MasterCommander/
#        -ICategory/Common/MasterCommander/Source/
#        -ICategory/Common/MasterCommander/Source/HAL/
#        -ICategory/Common/SelfCommissioning/ -ICategory/Hbl/
#        -IProjectSpecific/ -IProjectSpecific/Application/
#        -IProjectSpecific/Application/API007App/
#        -IProjectSpecific/Application/ModeManagement/
#        -IProjectSpecific/Application/MotorSelector/
#        -IProjectSpecific/Application/ProductInfo/
#        -IProjectSpecific/Application/SRMcuSpeedMonitor/
#        -IProjectSpecific/Application/ThermalModel/
#        -IProjectSpecific/CommonCore/ -IProjectSpecific/Driver/
#        -IProjectSpecific/MasterCommander/ -IProjectSpecific/Mci/
#        -IProjectSpecific/Mci/Mcl/ -IProjectSpecific/Mci/Mcl/old_xls/
#        -IXCategory/ -IXCategory/Application/
#        -IXCategory/Application/MciParametersLoader/
#        -IXCategory/Application/Mode/ -IXCategory/Application/Reveal_APIs/
#        -IXCategory/Application/Reveal_APIs/API003Disc/
#        -IXCategory/Application/Reveal_APIs/API004Debug/
#        -IXCategory/Application/Reveal_APIs/API005LowLevel/
#        -IXCategory/Application/Reveal_APIs/API007Data/
#        -IXCategory/Application/Reveal_APIs/API009System/
#        -IXCategory/Application/Reveal_APIs/API010PollVar/
#        -IXCategory/Application/Reveal_APIs/API011AppCtr/
#        -IXCategory/Application/Reveal_APIs/API013RemoteFunction/
#        -IXCategory/Application/Reveal_APIs/API018Diagnostic/
#        -IXCategory/Application/Reveal_APIs/API019ProductInfo/
#        -IXCategory/Application/Reveal_APIs/API220MotorControl/
#        -IXCategory/Application/Reveal_APIs/API220MotorControl/API/
#        -IXCategory/Application/Reveal_APIs/API221MotionCtrl/
#        -IXCategory/Application/Reveal_APIs/SRAPI020Safety/
#        -IXCategory/Application/SFUpdater/ -IXCategory/Common/
#        -IXCategory/Common/Crc16/ -IXCategory/Common/Crc8/
#        -IXCategory/Common/Log/ -IXCategory/Common/Millis/
#        -IXCategory/Common/SettingFile/ -IXCategory/Common/SRClockMonitor/
#        -IXCategory/Common/SRData/ -IXCategory/Common/SRException/
#        -IXCategory/Common/SRFlow/ -IXCategory/Common/SRIsrMonitor/
#        -IXCategory/Common/SRMain/ -IXCategory/Common/SRMcuSpeedMonitor/
#        -IXCategory/Common/SRPowerMgr/ -IXCategory/Common/SRSignature/
#        -IXCategory/Common/SRSystemConfig/
#        -IXCategory/Common/SRTimerReference/ -IXCategory/Common/SystemConfig/
#        -IXCategory/Common/SystemTimers/ -IXCategory/Common/Utilities/
#        -IXCategory/Driver/ -IXCategory/Driver/API/
#        -IXCategory/Driver/API/Comparator/ -IXCategory/Driver/API/DataFlash/
#        -IXCategory/Driver/API/Dma/ -IXCategory/Driver/API/Flash/
#        -IXCategory/Driver/API/Gpio/ -IXCategory/Driver/API/Micro/
#        -IXCategory/Driver/API/Spi/ -IXCategory/Driver/API/SRMCAtod/
#        -IXCategory/Driver/API/SRMCInputCapture/
#        -IXCategory/Driver/API/SRMCPwm/ -IXCategory/Driver/API/TimerInterrupt/
#        -IXCategory/Driver/API/Uart/ -IXCategory/Driver/Comparator/
#        -IXCategory/Driver/DataFlash/ -IXCategory/Driver/Dma/
#        -IXCategory/Driver/Flash/ -IXCategory/Driver/Gpio/
#        -IXCategory/Driver/Micro/ -IXCategory/Driver/Spi/
#        -IXCategory/Driver/SRMCAtod/ -IXCategory/Driver/SRMCInputCapture/
#        -IXCategory/Driver/SRMCPwm/ -IXCategory/Driver/TimerInterrupt/
#        -IXCategory/Driver/Uart/ -IXCategory/Hbl/ -IXCategory/Hbl/Mci/
#        -IXCategory/Hbl/Mci/InverterTemp/ -IXCategory/Hbl/Mci/Mcl/
#        -IXCategory/Hbl/Mci/Mcl/Braking/ -IXCategory/Hbl/Mci/Mcl/MacroBlocks/
#        -IXCategory/Hbl/Mci/Mcl/MclFvt/ -IXCategory/Hbl/Mci/Mcl/MicroBlocks/
#        -IXCategory/Hbl/Mci/Mcl/MicroBlocks/ClrkPark/
#        -IXCategory/Hbl/Mci/Mcl/MicroBlocks/Filters/
#        -IXCategory/Hbl/Mci/Mcl/MicroBlocks/Math/
#        -IXCategory/Hbl/Mci/Mcl/MicroBlocks/ObserverPmsm/
#        -IXCategory/Hbl/Mci/Mcl/MicroBlocks/Pi/
#        -IXCategory/Hbl/Mci/Mcl/MicroBlocks/PwmModulation/
#        -IXCategory/Hbl/Mci/Mcl/ResistanceEstimation/
#        -IXCategory/Hbl/Mci/PowerModuleManager/
#        -IXCategory/Hbl/Mci/SpeedRefGen/ -IXCategory/Hbl/Mci/SurgeRelay/
#        -IXCategory/Hbl/SRMotorSafetyMgr/
#        -IXCategory/Hbl/SRMotorSafetyMgr/API/ -IXCategory/Service/
#        -IXCategory/Service/Reveal/ -IXCategory/Service/Win/ --remarks
#        --no_tbaa --debug --use_c++_inline --only_stdout --dlib_config
#        ..\cx\inc\DLib_Config_Normal.h -r -D
#        ENABLE_JUMP_TO_APPLICATION_WITHOUT_IAP_FIRMWARE -D
#        SET_FLASH_OPTION_CONFIGURATION -D ARM_MATH_CM4 -e --silent
#        --endian=little --cpu Cortex-M4 --fpu=VFPv4_sp -Ohs -o Spi.obj -l
#        ..\listings\Spi.lst
#        C:\Data\Python\Self_Commissioning_Bpm\source\XCategory\Driver\Spi\Spi.c
#    List file    =  ..\listings\Spi.lst
#    Object file  =  Spi.obj
#
###############################################################################

C:\Data\Python\Self_Commissioning_Bpm\source\XCategory\Driver\Spi\Spi.c
      1          /**
      2           *  @file
      3           *  @brief      Spi GDM module for MV31x and MKV30x implements the Spi Standard API (Application Programming Interface).
      4           *  @details    This module provides the synchronous serial communication services to the application,
      5           *              such as initialization of Spi module, transmission/reception of byte and multiple bytes
      6           *              via Spi and status of Spi communication.
      7           * <pre>
      8           * The Spi0 is available in the below port pins in MKV3x Controllers
      9           * ------------------------------------------------------         ----------------------------------------
     10           * |                    MKV3x_FAMILY                    |        |              MKV3x_FAMILY             |
     11           * |----------------------------------------------------|        |---------------------------------------|
     12           * |SPI com      | REMAP 0 | REMAP 1 | REMAP 2 |REMAP 3 |        |SPI com     |REMAP 0| REMAP 1 |   NA   |
     13           * |-------------|---------|---------|---------|--------|        |------------|-------|---------|--------|
     14           * |      | MOSI |PORTE 19 |PORTA 16 | PORTC 6 |PORTD 2 |        |     | MOSI |PORTE 1| PORTB 16|PORTD 7 |
     15           * |      |------|---------|---------|---------|--------|        |     |------|-------|---------|--------|
     16           * |      | MISO |PORTE 18 |PORTA 17 | PORTC 7 |PORTD 3 |        |     | MISO |PORTE 3| PORTB 17|PORTD 6 |
     17           * | SPI0 |------|---------|---------|---------|--------|        |SPI1 |------|-------|---------|--------|
     18           * |      | SCK  |PORTE 17 |PORTA 15 | PORTC 5 |PORTD 1 |        |     | SCK  |PORTE 2| PORTB 11|PORTD 5 |
     19           * |      |------|---------|---------|---------|--------|        |     |------|-------|---------|--------|
     20           * |      | PCS0*|PORTE 16 |PORTA 14 | PORTC 4 |PORTD 0 |        |     | PCS0*|PORTE 4| PORTB 10|PORTD 4 |
     21           * |      |------|---------|---------|---------|--------|        |     |------|-------|---------|--------|
     22           * |      | PCS1*|   N/A   |   N/A   | PORTC 3 |PORTD 4 |        |     | PCS1*|PORTE 0| PORTB 9 |  N/A   |
     23           * |      |------|---------|---------|---------|--------|        |     |------|-------|---------|--------|
     24           * |      | PCS2*|   N/A   |   N/A   | PORTC 2 |PORTD 5 |        |     | PCS2*|PORTE 5|   N/A   |  N/A   |
     25           * |      |------|---------|---------|---------|--------|         ---------------------------------------
     26           * |      | PCS3*|   N/A   |   N/A   | PORTC 1 |PORTD 6 |
     27           * |      |------|---------|---------|---------|--------|
     28           * |      | PCS4*|   N/A   |   N/A   | PORTC 0 |  N/A   |
     29           * -----------------------------------------------------
     30           * </pre>
     31           * * PCSx is used only if SPIy_USE_PCSx is enabled
     32           *
     33           *
     34           *  @section    Applicable_Documents
     35           *              Requirement ID - 50717 - https://rm.whirlpool.oncloudone.com/rm/web#action=com.ibm.rdm.web.pages.showArtifact&artifactURI=https%3A%2F%2Frm.whirlpool.oncloudone.com%2Frm%2Fresources%2F_f67yIS8REearGv06AJXz5w&vvc.configuration=https%3A%2F%2Frm.whirlpool.oncloudone.com%2Frm%2Fcm%2Fstream%2F_qZzlsCEkEea1esD_TUzLUg&componentURI=https%3A%2F%2Frm.whirlpool.oncloudone.com%2Frm%2Frm-projects%2F_qYFucSEkEea1esD_TUzLUg%2Fcomponents%2F_qZvUQCEkEea1esD_TUzLUg
     36           *
     37           *  $Header: Spi.c $
     38           *
     39           *  @copyright  Copyright 2019-$Date$. Whirlpool Corporation. All rights reserved - CONFIDENTIAL
     40           */
     41          //-------------------------------------- Include Files ----------------------------------------------------------------
     42          #include "C_Extensions.h"
     43          #include "Spi.h"
     44          #include "uc.h"
     45          #include "Micro.h"
     46          #include "Gpio.h"

  PACKED typedef struct
         ^
"C:\Data\Python\Self_Commissioning_Bpm\source\XCategory\Driver\API\Gpio\Gpio.h",44  Remark[Pe082]: 
          storage class is not first
     47          #include <string.h>
     48          #include "Dma.h"

  }DMA_INIT_TYPE;;
                 ^
"C:\Data\Python\Self_Commissioning_Bpm\source\XCategory\Driver\Dma\Dma_def.h",84  Remark[Pe381]: 
          extra ";" ignored
     49          
     50          //-------------------------------------- PRIVATE (Variables, Constants & Defines) -------------------------------------
     51          //=====================================================================================================================
     52          //Compiler directive
     53          //=====================================================================================================================
     54          #ifndef SPI0_TX_RX_MODE
     55              #define SPI0_TX_RX_MODE         ENABLED
     56          #endif
     57          
     58          #if (SPI0_BUFFER_SIZE == 0)
     59              #error : " SPI0_BUFFER_SIZE macro value must be non-zero in the Spi_prm.h file"
     60          #endif
     61          
     62          #if (SPI0_REMAP > 3)
     63              #error : " SPI0_REMAP macro value must be either 0 or 1 in the Spi_prm.h file"
     64          #endif
     65          
     66          #ifndef SPI0_USE_PCS0
     67              #define SPI0_USE_PCS0           DISABLED
     68          #endif
     69          #ifndef SPI0_USE_PCS1
     70              #define SPI0_USE_PCS1           DISABLED
     71          #endif
     72          #ifndef SPI0_USE_PCS2
     73              #define SPI0_USE_PCS2           DISABLED
     74          #endif
     75          #ifndef SPI0_USE_PCS3
     76              #define SPI0_USE_PCS3           DISABLED
     77          #endif
     78          #ifndef SPI0_USE_PCS4
     79              #define SPI0_USE_PCS4           DISABLED
     80          #endif
     81          
     82          // Configure PCS flags, if enabled
     83          #if(SPI0_USE_PCS0 == ENABLED)
     84              #define SPI0_PCS0_FLAG          0x01U
     85          #else
     86              #define SPI0_PCS0_FLAG          0x00U
     87          #endif
     88          #if(SPI0_USE_PCS1 == ENABLED)
     89              #define SPI0_PCS1_FLAG          0x02U
     90          #else
     91              #define SPI0_PCS1_FLAG          0x00U
     92          #endif
     93          #if(SPI0_USE_PCS2 == ENABLED)
     94              #define SPI0_PCS2_FLAG          0x04U
     95          #else
     96              #define SPI0_PCS2_FLAG          0x00U
     97          #endif
     98          #if(SPI0_USE_PCS3 == ENABLED)
     99              #define SPI0_PCS3_FLAG          0x08U
    100          #else
    101              #define SPI0_PCS3_FLAG          0x00U
    102          #endif
    103          #if(SPI0_USE_PCS4 == ENABLED)
    104              #define SPI0_PCS4_FLAG          0x10U
    105          #else
    106              #define SPI0_PCS4_FLAG          0x00U
    107          #endif
    108          #define SPI0_PCS_MASK               (SPI0_PCS0_FLAG | SPI0_PCS1_FLAG | SPI0_PCS2_FLAG | SPI0_PCS3_FLAG | SPI0_PCS4_FLAG)
    109          
    110          
    111          // Configure PCSIS flags, if enabled
    112          #if(SPI0_INVERT_PCS == ENABLE)
                     ^
Remark[Pe193]: zero used for undefined preprocessing identifier
          "SPI0_INVERT_PCS"

  #if(SPI0_INVERT_PCS == ENABLE)
                         ^
"C:\Data\Python\Self_Commissioning_Bpm\source\XCategory\Driver\Spi\Spi.c",112  Remark[Pe193]: 
          zero used for undefined preprocessing identifier "ENABLE"
    113              #define SPI0_PCSIS_MASK     SPI0_PCS_MASK
    114          #else
    115              #define SPI0_PCSIS_MASK     0U
    116          #endif
    117          
    118          
    119          //=====================================================================================================================
    120          // Spi and Dma Configuration
    121          //=====================================================================================================================
    122          #define DSPI_MASTER_BASEADDR                            SPI_0
    123          #define DSPI_MASTER_DMA_RX_REQUEST_SOURCE               kDmaRequestMux0SPI0Rx
    124          #define DSPI_MASTER_DMA_TX_REQUEST_SOURCE               kDmaRequestMux0SPI0Tx
    125          #define DSPI_MASTER_PCS_FOR_INIT                        kDSPI_Pcs0
    126          #define DSPI_MASTER_PCS_FOR_TRANSFER                    kDSPI_MasterPcs0
    127          #define DSPI_MASTER_DMA_MUX_BASEADDR                    ((DMAMUX_Type *)(EXAMPLE_DSPI_MASTER_DMA_MUX_BASE))
    128          #define TRANSFER_baud_rate                               6000000U /*! Transfer baud_rate - 6M */
    129          #define DSPI_CTAR0                                      0U  //DSPI Clock and Transfer Attributes Register (CTAR) selection.
    130          //DSPI Peripheral Chip Select (Pcs) Polarity configuration
    131          #define DSPI_PCS_ACTIVE_HIGH                            SPI0_PCSIS_MASK
    132          #define DSPI_SCK_TO_SIN0_CLOCK                          0U /*!< 0 system clocks between SCK edge and SIN sample.*/
    133          #define DSPI_MASTER_PCS_CONTINUOS                       1U << 20      /*!< Indicates whether the PCS signal is continuous. */
    134          #define DSPI_MASTER_ACTIVE_AFTER_TRANSFER               1U << 21 /*!< Indicates whether the PCS signal is active after the last frame transfer.*/
    135          #define FSL_FEATURE_DSPI_HAS_SEPARATE_DMA_RX_TX_REQn(x) ((x) == DSPI0 ? (1) : \
    136                                                                  ((x) == DSPI1 ? (0) : (-1)))  /* @brief Has separate DMA RX and TX requests. */
    137          
    138          #define FSL_FEATURE_DSPI_FIFO_SIZEn(x)                  ((x) == DSPI0 ? (4) : \
    139                                                                  ((x) == DSPI1 ? (1) : (-1))) //specifies the size for the fifo buffer
    140          
    141          #define DSPI_BUSY                                       1
    142          #define DSPI_DUMMY_DATA                                 0
    143          
    144          #if ((SPI0_FEATURE == ENABLED) || (SPI1_FEATURE == ENABLED))
    145              #define SPI_DMA_FEATURE                             ENABLED
    146          #else
    147              #define SPI_DMA_FEATURE                             DISABLED
    148          #endif
    149          #define DSPI_MASTER                                     1
    150          
    151          // Set CONT flag if PCS lines are used
    152          #if(SPI0_PCS_MASK != 0)
    153              #define HANDLE_COMMAND                              (0x80000000U | SPI0_PCS_MASK)
    154          #else
    155              #define HANDLE_COMMAND                              (0x00000000U)
    156          #endif
    157          
    158          // Set EOQ flag if END Callback is used
    159          #if defined(SPI0_END_CALLBACK)
    160              #define HANDLE_LAST_COMMAND                         (0x08000000U)
    161          #else
    162              #define HANDLE_LAST_COMMAND                         (0x00000000U)
    163          #endif
    164          
    165          //=====================================================================================================================
    166          //Variable section
    167          //=====================================================================================================================
    168          /* Defines constant value arrays for the baud rate pre-scalar and scalar divider values.*/

   \                                 In section .text, align 4, keep-with-next
    169          static const uint32 BAUD_RATE_PRESCALAR[] = {2, 3, 5, 7};
   \                     BAUD_RATE_PRESCALAR:
   \   00000000   0x00000002         DC32 2, 3, 5, 7
   \              0x00000003   
   \              0x00000005   
   \              0x00000007   

   \                                 In section .text, align 4, keep-with-next
    170          static const uint32 BAUD_RATE_SCALAR[] = {2,4,6,8,16,32,64,128,256,512,1024,2048,4096,8192,16384,32768};
   \                     BAUD_RATE_SCALAR:
   \   00000000   0x00000002         DC32 2, 4, 6, 8, 16, 32, 64, 128, 256, 512, 1024, 2048, 4096, 8192
   \              0x00000004   
   \              0x00000006   
   \              0x00000008   
   \              0x00000010   
   \              0x00000020   
   \              0x00000040   
   \              0x00000080   
   \              0x00000100   
   \              0x00000200   
   \              0x00000400   
   \              0x00000800   
   \              0x00001000   
   \              0x00002000   
   \   00000038   0x00004000         DC32 16384, 32768
   \              0x00008000   
    171          /*! @brief DSPI clock polarity configuration for a given CTAR.*/
    172          typedef enum
    173          {
    174              DSPI_CLOCK_POLARITY_ACTIVE_HIGH = 0U, /*!< CPOL=0. Active-high DSPI clock (idles low).*/
    175              DSPI_CLOCK_POLARITY_ACTIVE_LOW = 1U   /*!< CPOL=1. Active-low DSPI clock (idles high).*/
    176          } DSPI_CLOCK_POLARITY;
    177          
    178          /*! @brief DSPI clock phase configuration for a given CTAR.*/
    179          typedef enum
    180          {
    181              DSPI_CLOCK_PHASE_FIRST_EDGE = 0U, /*!< CPHA=0. Data is captured on the leading edge of the SCK and changed on the
    182                                                   following edge.*/
    183              DSPI_ClLOCK_PHASE_SECOND_EDGE = 1U /*!< CPHA=1. Data is changed on the leading edge of the SCK and captured on the
    184                                                  following edge.*/
    185          } DSPI_CLOCK_PHASE;
    186          
    187          /*! @brief DSPI data shifter direction options for a given CTAR.*/
    188          typedef enum
    189          {
    190              DSPI_MSB_FIRST = 0U, /*!< Data transfers start with the most significant bit.*/
    191              DSPI_LSB_FIRST = 1U  /*!< Data transfers start with the least significant bit.*/
    192          } DSPI_SHIFT_DIRECTION;
    193          
    194          /*! @brief eDMA transfer configuration */
    195          typedef enum
    196          {
    197              DMA_TRANSFER_SIZE_ONE_BYTE = 0x0U,  /*!< Source/Destination data transfer size is 1 byte every time */
    198              DMA_TRANSFER_SIZE_TWO_BYTE = 0x1U,  /*!< Source/Destination data transfer size is 2 bytes every time */
    199              DMA_TRANSFER_SIZE_FOUR_BYTE = 0x2U,  /*!< Source/Destination data transfer size is 4 bytes every time */
    200              DMA_TRANSFER_SIZE_SIXTEEN_BYTE = 0x4U, /*!< Source/Destination data transfer size is 16 bytes every time */
    201              DMA_TRANSFER_SIZE_THIRTY_TWO_BYTE = 0x5U, /*!< Source/Destination data transfer size is 32 bytes every time */
    202          } EDMA_TRANSFER_SIZE;
    203          
    204          /*!
    205           * @brief eDMA TCD.
    206           *
    207           * This structure is the same as the TCD register, which is described in the chip reference manual
    208           * and is used to configure scatter/gather feature as a next hardware TCD.
    209           */
    210          typedef struct
    211          {
    212              volatile uint32 SADDR;     /*!< SADDR register, used to save source address */
    213              volatile uint16 SOFF;      /*!< SOFF register, save offset bytes every transfer */
    214              volatile uint16 ATTR;      /*!< ATTR register, source/destination transfer size and modulo */
    215              volatile uint32 NBYTES;    /*!< Nbytes register, minor loop length in bytes */
    216              volatile uint32 SLAST;     /*!< SLAST register */
    217              volatile uint32 DADDR;     /*!< DADDR register, used for destination address */
    218              volatile uint16 DOFF;      /*!< DOFF register, used for destination offset */
    219              volatile uint16 CITER;     /*!< CITER register, current minor loop numbers, for unfinished minor loop.*/
    220              volatile uint32 DLAST_SGA; /*!< DLASTSGA register, next stcd address used in scatter-gather mode */
    221              volatile uint16 CSR;       /*!< CSR register, for TCD control status */
    222              volatile uint16 BITER;     /*!< BITER register, begin minor loop count. */
    223          } EDMA_TCD;
    224          /*! @brief eDMA transfer handle structure */
    225          typedef struct
    226          {
    227              void *userdata;          /*!< Callback function parameter. */
    228              DMA_TYPE *base;          /*!< eDMA peripheral base address. */
    229              EDMA_TCD *tcd_pool;     /*!< Pointer to memory stored TCDs. */
    230              uint8 channel;         /*!< eDMA channel number. */
    231              volatile uint8 header;  /*!< The first TCD index. */
    232              volatile uint8 tail;    /*!< The last TCD index. */
    233              volatile uint8 tcd_used; /*!< The number of used TCD slots. */
    234              volatile uint8 tcd_size; /*!< The total number of TCD slots in the queue. */
    235              uint8 flags;           /*!< The status of the current channel. */
    236          } EDMA_HANDLE;
    237          /*!
    238           * @brief eDMA TCD.
    239           *
    240           * This structure is the same as the TCD register, which is described in the chip reference manual
    241           * and is used to configure scatter/gather feature as a next hardware TCD.
    242           */
    243          /*! @brief DSPI master eDMA transfer handle structure used for the transactional API. */
    244          typedef struct
    245          {
    246              uint32 bits_per_frame;         /*!< The desired number of bits per frame. */
    247              volatile uint32 command;     /*!< The desired data command. */
    248              volatile uint32 last_command; /*!< The desired last data command. */
    249          
    250              uint8 fifoSize; /*!< FIFO data_size. */
    251          
    252              BOOL_TYPE is_pcs_active_after_transfer; /*!< Indicates whether the PCS signal keeps active after the last frame transfer.*/
    253              BOOL_TYPE is_there_extra_byte;         /*!< Indicates whether there is an extra byte.*/
    254          
    255              uint8 *volatile tx_data;                  /*!< Send buffer. */
    256              uint8 *volatile rx_data;                  /*!< Receive buffer. */
    257              volatile size_t remaining_send_byte_count;    /*!< A number of bytes remaining to send.*/
    258              volatile size_t remaining_receive_byte_count; /*!< A number of bytes remaining to receive.*/
    259              size_t total_byte_count;                     /*!< A number of transfer bytes*/
    260          
    261              uint32 rx_buff_If_null; /*!< Used if there is not rx_data for DMA purpose.*/
    262              uint32 tx_buff_if_null; /*!< Used if there is not tx_data for DMA purpose.*/
    263          
    264              volatile uint8 state; /*!< DSPI transfer state, see _dspi_transfer_state.*/
    265          
    266              void *userdata;                                /*!< Callback user data. */
    267          
    268              EDMA_HANDLE *edma_rx_reg_to_rx_data_handle;        /*!<EDMA_HANDLE_t handle point used for RxReg to rx_data buff*/
    269              EDMA_HANDLE *edma_tx_data_to_intermediary_handle; /*!<EDMA_HANDLE_t handle point used for tx_data to Intermediary*/
    270              EDMA_HANDLE *edma_intermediary_to_tx_reg_handle;  /*!<EDMA_HANDLE_t handle point used for Intermediary to TxReg*/
    271          
    272              EDMA_TCD dspi_software_tcd[2]; /*!<software_tcd , internal used*/
    273          }SPI_MASTER_DMA_HANDLE;
    274          /*! @brief DSPI master/slave transfer structure.*/
    275          typedef struct DSPI_TRANSFER
    276          {
    277              uint8 *tx_data;          /*!< Send buffer. */
    278              uint8 *rx_data;          /*!< Receive buffer. */
    279              volatile size_t data_size; /*!< Transfer bytes. */
    280          
    281              uint32 config_flags; /*!< Transfer transfer configuration flags; set from _dspi_transfer_config_flag_for_master if the
    282                                  transfer is used for master or _dspi_transfer_config_flag_for_slave enumeration if the transfer
    283                                  is used for slave.*/
    284          } dspi_transfer;
    285          /*!
    286           * @brief eDMA transfer configuration
    287           *
    288           * This structure configures the source/destination transfer attribute.
    289           * This figure shows the eDMA's transfer model:
    290           *  _________________________________________________
    291           *              | Transfer Size |                    |
    292           *   Minor Loop |_______________| Major loop Count 1 |
    293           *     Bytes    | Transfer Size |                    |
    294           *  ____________|_______________|____________________|--> Minor loop complete
    295           *               ____________________________________
    296           *              |               |                    |
    297           *              |_______________| Major Loop Count 2 |
    298           *              |               |                    |
    299           *              |_______________|____________________|--> Minor loop  Complete
    300           *
    301           *               ---------------------------------------------------------> Transfer complete
    302           */
    303          /*! @brief DSPI master command data configuration used for the SPIx_PUSHR.*/
    304          typedef struct
    305          {
    306              BOOL_TYPE is_pcs_continuous;            /*!< Option to enable the continuous assertion of the chip select between transfers.*/
    307              BOOL_TYPE is_end_of_queue;               /*!< Signals that the current transfer is the last in the queue.*/
    308              BOOL_TYPE clear_transfer_count;         /*!< Clears the SPI Transfer Counter (SPI_TCNT) before transmission starts.*/
    309          } DSPI_COMMAND_DATA_CONFIG;
    310          
    311          /*! @brief DSPI master transfer data configuration used for the transfer*/
    312          typedef struct
    313          {
    314              uint32 src_addr;                      /*!< Source data address. */
    315              uint32 dest_addr;                     /*!< Destination data address. */
    316              EDMA_TRANSFER_SIZE source_transfer_size;  /*!< Source data transfer size. */
    317              EDMA_TRANSFER_SIZE dest_transfer_size; /*!< Destination data transfer size. */
    318              uint16 source_offset;                     /*!< Sign-extended offset applied to the current source address to
    319                                                          form the next-state value as each source read is completed. */
    320              uint16 dest_offset;                    /*!< Sign-extended offset applied to the current destination address to
    321                                                          form the next-state value as each destination write is completed. */
    322              uint32 minor_loop_bytes;               /*!< Bytes to transfer in a minor loop*/
    323              uint32 major_loop_counts;              /*!< Major loop iteration count. */
    324          }EDMA_TRANSFER_CONFIG;
    325          
    326          /*! @brief DSPI master ctar configuration structure.*/
    327          typedef struct
    328          {
    329              uint32 baud_rate;                /*!< Baud Rate for DSPI. */
    330              uint32 bits_per_frame;            /*!< Bits per frame, minimum 4, maximum 16.*/
    331              DSPI_CLOCK_POLARITY cpol;       /*!< Clock polarity. */
    332              DSPI_CLOCK_PHASE cpha;          /*!< Clock phase. */
    333              DSPI_SHIFT_DIRECTION direction; /*!< MSB or LSB data shift direction. */
    334          
    335              uint32 pcs_to_sck_delay_in_nano_sec;        /*!< PCS to SCK delay time in nanoseconds; setting to 0 sets the minimum
    336                                                         delay. It also sets the boundary value if out of range.*/
    337              uint32 last_sck_to_pcs_delay_nano_sec;    /*!< The last SCK to PCS delay time in nanoseconds; setting to 0 sets the
    338                                                         minimum delay. It also sets the boundary value if out of range.*/
    339          
    340              uint32 between_transfer_delay_in_nano_sec; /*!< After the SCK delay time in nanoseconds; setting to 0 sets the minimum
    341                                                       delay. It also sets the boundary value if out of range.*/
    342          }DSPI_MASTER_CTAR_CONFIG;
    343          
    344          /*! @brief DSPI master configuration structure.*/
    345          typedef struct
    346          {
    347              DSPI_MASTER_CTAR_CONFIG ctar_config; /*!< Set the ctar_config to the desired CTAR. */
    348              BOOL_TYPE enable_continuos_sck;   /*!< CONT_SCKE, continuous SCK enable. Note that the continuous SCK is only
    349                                               supported for CPHA = 1.*/
    350              BOOL_TYPE enable_rx_fifo_over_write; /*!< ROOE, receive FIFO overflow overwrite enable. If ROOE = 0, the incoming
    351                                               data is ignored and the data from the transfer that generated the overflow
    352                                               is also ignored. If ROOE = 1, the incoming data is shifted to the
    353                                               shift register. */
    354          
    355              BOOL_TYPE enable_modified_timing_format;        /*!< Enables a modified transfer format to be used if true.*/
    356          }DSPI_MASTER_CONFIG;
    357          
    358          #if ((SPI0_BUFFER_SIZE > 255) || (SPI1_BUFFER_SIZE > 255))
    359              typedef uint16 SPI_BUFFER_TYPE;
    360          #else
    361              typedef uint8 SPI_BUFFER_TYPE;
    362          #endif
    363          
    364          #if (SPI0_FEATURE == ENABLED)

   \                                 In section .bss, align 4
    365              static uint8 Spi0_Tx_Buffer[SPI0_BUFFER_SIZE];
    366              static SPI_BUFFER_TYPE Spi0_Tx_Write;
    367              static SPI_BUFFER_TYPE Spi0_Tx_Read;
    368              static BOOL_TYPE Spi0_Busy;
    369          
    370              #if (SPI0_TX_RX_MODE == ENABLED)
    371                  static uint8 Spi0_Rx_Buffer[SPI0_BUFFER_SIZE];
    372                  static SPI_BUFFER_TYPE Spi0_Rx_Write;
    373                  static SPI_BUFFER_TYPE Spi0_Rx_Read;
    374              #endif
    375          #endif
    376          
    377          static    uint32 masterRxChannel , masterTxChannel;
    378          static    DSPI_MASTER_CONFIG masterConfig;
   \                     masterConfig:
   \   00000000                      DS8 28
   \   0000001C                      DS8 16
   \   0000002C                      DS8 1
   \   0000002D                      DS8 1
   \   0000002E                      DS8 1
   \   0000002F                      DS8 1
   \   00000030                      DS8 52
   \   00000064                      DS8 52
   \   00000098                      DS8 128

   \                                 In section .bss, align 1
   \   00000000                      DS8 1

   \                                 In section .bss, align 1
   \   00000000                      DS8 1

   \                                 In section .bss, align 4
   \   00000000                      DS8 4

   \                                 In section .bss, align 4
   \   00000000                      DS8 4
    379          
    380          #if(SPI_DMA_FEATURE==ENABLED)
    381          

   \                                 In section .bss, align 4
    382              static uint16 word_to_send;
    383              static uint8 dummy_data;
    384              static uint32 rxAddr;
    385              static uint32 txAddr;
    386              static uint32 tmpreg;
    387          
    388              static SPI_MASTER_DMA_HANDLE  Spi_Master_Dma_Handle;
    389              static dspi_transfer master_transfer;
    390          
    391          
    392          
    393              static EDMA_TRANSFER_CONFIG transfer_config_a;
   \                     transfer_config_a:
   \   00000000                      DS8 24
   \   00000018                      DS8 24
   \   00000030                      DS8 24
   \   00000048                      DS8 2

   \                                 In section .bss, align 1
   \   00000000                      DS8 1

   \                                 In section .bss, align 4
   \   00000000                      DS8 4

   \                                 In section .bss, align 4
   \   00000000                      DS8 4

   \                                 In section .bss, align 4
   \   00000000                      DS8 4
    394              static EDMA_TRANSFER_CONFIG transfer_config_b;
    395              static EDMA_TRANSFER_CONFIG transfer_config_c;
    396          
    397          #endif
    398          
    399          //-------------------------------------- PRIVATE (Function Prototypes) ------------------------------------------------
    400          void DspiMasterTransferEdma(SPI_TYPE *base, SPI_MASTER_DMA_HANDLE *handle, dspi_transfer *transfer);
    401          void DspiSetConfig(DMA_ENGINE_TYPE dma_engine,DMA_CHANNEL_TYPE channel,EDMA_TRANSFER_CONFIG *transfer_config, EDMA_TCD *next_tcd);
    402          void EdmaTcdReset( EDMA_TCD *tcd);
    403          void EdmaTcdSetTransferConfig( EDMA_TCD *tcd, const EDMA_TRANSFER_CONFIG *config);
    404          void EdmaStartTransfer(EDMA_HANDLE *handle);
    405          void DspiMasterInit(SPI_TYPE *base, const DSPI_MASTER_CONFIG *masterConfig, uint32 src_clock_hz);
    406          uint32 DspiMasterSetBaudrate(SPI_TYPE *base,uint32  which_ctar,uint32 baud_rate_bps,uint32 src_clock_hz);
    407          void   DspiDisable(DMA_ENGINE_TYPE dma_engine, DMA_CHANNEL_TYPE channel);
    408          
    409          //=====================================================================================================================
    410          //-------------------------------------- Public Functions -------------------------------------------------------------
    411          //=====================================================================================================================
    412          //---------------------------------------------------------------------------------------------------------------------
    413          //---------------------------------------------------------------------------------------------------------------------
    414          /**
    415           *    @brief    This method initializes a specific SPI module by reading the Spi Configuration parameters
    416           *              defined in the Spi_prm.h file.
    417           *    @details  Before using Spi module this method should be called to initialize specific Spi module.
    418           *              To make use of this API the following configuration macros must be defined in the Spi_prm.h file-
    419           *              "#define SPI_x_pre_scaler"\n
    420           *              "#define SPI_x_LSBFIRST"\n
    421           *              "#define SPI_x_POL"\n
    422           *              "#define SPI_x_CPHA_EDGE"
    423           *    @param    spi : specific SPI module
    424           *    @image    html    Spi__Initialize.jpg
    425           */

   \                                 In section .text, align 2, keep-with-next
    426          void Spi__Initialize(SPI_ENUM_DEF spi)
    427          {
   \                     Spi__Initialize: (+1)
   \   00000000   0xB530             PUSH     {R4,R5,LR}
   \   00000002   0xB081             SUB      SP,SP,#+4
    428          
    429              Spi__Clear(spi);                                                        //Clear the buffers
   \   00000004   0x.... 0x....      LDR.W    R1,??DataTable14  ;; 0x4004803c
   \   00000008   0x.... 0x....      LDR.W    R4,??DataTable14_1
   \   0000000C   0xB980             CBNZ.N   R0,??Spi__Initialize_0
   \   0000000E   0xF884 0x002C      STRB     R0,[R4, #+44]
   \   00000012   0xF884 0x002D      STRB     R0,[R4, #+45]
   \   00000016   0xF884 0x002E      STRB     R0,[R4, #+46]
   \   0000001A   0xF44F 0x7200      MOV      R2,#+512
    430          
    431              #if (SPI0_FEATURE == ENABLED)
    432                  if (spi == SPI0)                                                    //Initialize SPI0
    433                  {
    434                      SIM.SCGC6 |= SIM_SCGC6_SPI0_MASK;                               //Enable the clock for Spi0 module
   \   0000001E   0x6808             LDR      R0,[R1, #+0]
   \   00000020   0xF440 0x5080      ORR      R0,R0,#0x1000
   \   00000024   0x6008             STR      R0,[R1, #+0]
    435          
    436                      if (SPI0_REMAP == 0)
    437                      {
    438                          PCIPORTE.PCR[17] = PORT_PCR_MUX(2);                         //Set PortE pin 17 of SPI0 com: SCK
    439                          PCIPORTE.PCR[18] = PORT_PCR_MUX(2);                         //Set PortE pin 18 of SPI0 com: SOUT(MOSI)
    440                          PCIPORTE.PCR[19] = PORT_PCR_MUX(2);                         //Set PortE pin 19 of SPI0 com: SIN (MISO)
    441                          #if(SPI0_USE_PCS0 == ENABLED)
    442                              PCIPORTE.PCR[16] = PORT_PCR_MUX(2);                     //Set PortE pin 16 of SPI0 com: PCS
    443                          #endif
    444                      }
    445                      else if (SPI0_REMAP == 1)
    446                      {
    447                          PCIPORTA.PCR[15] = PORT_PCR_MUX(2);                         //Set PortA pin 15 of SPI0 com: SCK
    448                          PCIPORTA.PCR[16] = PORT_PCR_MUX(2);                         //Set PortA pin 16 of SPI0 com: SOUT(MOSI)
    449                          PCIPORTA.PCR[17] = PORT_PCR_MUX(2);                         //Set PortA pin 17 of SPI0 com: SIN (MISO)
    450                          #if(SPI0_USE_PCS0 == ENABLED)
    451                              PCIPORTA.PCR[14] = PORT_PCR_MUX(2);                     //Set PortA pin 14 of SPI0 com: PCS
    452                          #endif
    453                      }
    454                      else if (SPI0_REMAP == 2)
    455                      {
    456                          PCIPORTC.PCR[5] = PORT_PCR_MUX(2);                          //Set PortC pin 5 of SPI0 com: SCK
   \   00000026   0x.... 0x....      LDR.W    R0,??DataTable14_2  ;; 0x4004b014
   \   0000002A   0x6002             STR      R2,[R0, #+0]
    457                          PCIPORTC.PCR[6] = PORT_PCR_MUX(2);                          //Set PortC pin 6 of SPI0 com: SOUT(MOSI)
   \   0000002C   0x6042             STR      R2,[R0, #+4]
    458                          PCIPORTC.PCR[7] = PORT_PCR_MUX(2);                          //Set PortC pin 7 of SPI0 com: SIN (MISO)
   \   0000002E   0x6082             STR      R2,[R0, #+8]
    459                          #if(SPI0_USE_PCS0 == ENABLED)
    460                              PCIPORTC.PCR[4] = PORT_PCR_MUX(2);                      //Set PortC pin 4 of SPI0 com: PCS
    461                          #elif(SPI0_USE_PCS1 == ENABLED)
    462                              PCIPORTC.PCR[3] = PORT_PCR_MUX(2);                      //Set PortC pin 3 of SPI0 com: PCS
    463                          #elif(SPI0_USE_PCS2 == ENABLED)
    464                              PCIPORTC.PCR[2] = PORT_PCR_MUX(2);                      //Set PortC pin 2 of SPI0 com: PCS
    465                          #elif(SPI0_USE_PCS3 == ENABLED)
    466                              PCIPORTC.PCR[1] = PORT_PCR_MUX(2);                      //Set PortC pin 1 of SPI0 com: PCS
    467                          #elif(SPI0_USE_PCS4 == ENABLED)
    468                              PCIPORTC.PCR[0] = PORT_PCR_MUX(2);                      //Set PortC pin 0 of SPI0 com: PCS
    469                          #endif
    470                      }
    471                      else
    472                      {
    473                          PCIPORTD.PCR[1] = PORT_PCR_MUX(2);                          //Set PortD pin 1 of SPI0 com: SCK
    474                          PCIPORTD.PCR[2] = PORT_PCR_MUX(2);                          //Set PortD pin 2 of SPI0 com: SOUT(MOSI)
    475                          PCIPORTD.PCR[3] = PORT_PCR_MUX(2);                          //Set PortD pin 3 of SPI0 com: SIN (MISO)
    476                          #if(SPI0_USE_PCS0 == ENABLED)
    477                              PCIPORTD.PCR[0] = PORT_PCR_MUX(2);                      //Set PortD pin 0 of SPI0 com: PCS
    478                          #elif(SPI0_USE_PCS1 == ENABLED)
    479                              PCIPORTD.PCR[4] = PORT_PCR_MUX(2);                      //Set PortD pin 4 of SPI0 com: PCS
    480                          #elif(SPI0_USE_PCS2 == ENABLED)
    481                              PCIPORTD.PCR[5] = PORT_PCR_MUX(2);                      //Set PortD pin 5 of SPI0 com: PCS
    482                          #elif(SPI0_USE_PCS3 == ENABLED)
    483                              PCIPORTD.PCR[6] = PORT_PCR_MUX(2);                      //Set PortD pin 6 of SPI0 com: PCS
    484                          #endif
    485                      }
    486                  }
    487          
    488                  #if(SPI_DMA_FEATURE==ENABLED)
    489                      masterRxChannel = 0U;
    490                      masterTxChannel = 2U;
    491                      /*Master config*/
    492                      masterConfig.ctar_config.baud_rate = TRANSFER_baud_rate;
   \                     ??Spi__Initialize_0: (+1)
   \   00000030   0x.... 0x....      LDR.W    R0,??DataTable14_3  ;; 0x5b8d80
   \   00000034   0x6020             STR      R0,[R4, #+0]
    493                      masterConfig.ctar_config.bits_per_frame = 8U;
   \   00000036   0x2008             MOVS     R0,#+8
   \   00000038   0x6060             STR      R0,[R4, #+4]
    494                      masterConfig.ctar_config.cpol = DSPI_CLOCK_POLARITY_ACTIVE_HIGH;
   \   0000003A   0x2000             MOVS     R0,#+0
   \   0000003C   0x8120             STRH     R0,[R4, #+8]
    495                      masterConfig.ctar_config.cpha = DSPI_CLOCK_PHASE_FIRST_EDGE;
    496                      masterConfig.ctar_config.direction = DSPI_MSB_FIRST;
   \   0000003E   0x72A0             STRB     R0,[R4, #+10]
    497                      masterConfig.ctar_config.pcs_to_sck_delay_in_nano_sec = 1000000000U / TRANSFER_baud_rate;
   \   00000040   0x20A6             MOVS     R0,#+166
   \   00000042   0x60E0             STR      R0,[R4, #+12]
    498                      masterConfig.ctar_config.last_sck_to_pcs_delay_nano_sec = 1000000000U / TRANSFER_baud_rate;
   \   00000044   0x6120             STR      R0,[R4, #+16]
    499                      masterConfig.ctar_config.between_transfer_delay_in_nano_sec = 1000000000U / TRANSFER_baud_rate;
   \   00000046   0x6160             STR      R0,[R4, #+20]
    500                      masterConfig.enable_continuos_sck = FALSE;
   \   00000048   0x2000             MOVS     R0,#+0
   \   0000004A   0x8320             STRH     R0,[R4, #+24]
    501                      masterConfig.enable_rx_fifo_over_write = FALSE;
    502                      masterConfig.enable_modified_timing_format = FALSE;
   \   0000004C   0x76A0             STRB     R0,[R4, #+26]
    503                      /* DMA MUX init */
    504                      SIM.SCGC6 |= SIM_SCGC6_DMAMUX_MASK;
   \   0000004E   0x6808             LDR      R0,[R1, #+0]
   \   00000050   0xF040 0x0002      ORR      R0,R0,#0x2
   \   00000054   0x6008             STR      R0,[R1, #+0]
    505                      DMAMUX->CHCFG[masterRxChannel] = ((DMAMUX->CHCFG[masterRxChannel] & ~DMAMUX_CHCFG_SOURCE_MASK) | DMAMUX_CHCFG_SOURCE(DSPI_MASTER_DMA_RX_REQUEST_SOURCE));
   \   00000056   0x.... 0x....      LDR.W    R0,??DataTable14_4  ;; 0x40021000
   \   0000005A   0x7801             LDRB     R1,[R0, #+0]
   \   0000005C   0xF001 0x01C0      AND      R1,R1,#0xC0
   \   00000060   0xF041 0x010E      ORR      R1,R1,#0xE
   \   00000064   0x7001             STRB     R1,[R0, #+0]
    506                      DMAMUX->CHCFG[masterRxChannel] |= DMAMUX_CHCFG_ENBL_MASK;
   \   00000066   0x7801             LDRB     R1,[R0, #+0]
   \   00000068   0xF041 0x0180      ORR      R1,R1,#0x80
   \   0000006C   0x7001             STRB     R1,[R0, #+0]
    507                      DMAMUX->CHCFG[masterTxChannel] = ((DMAMUX->CHCFG[masterTxChannel] & ~DMAMUX_CHCFG_SOURCE_MASK)| DMAMUX_CHCFG_SOURCE(DSPI_MASTER_DMA_TX_REQUEST_SOURCE));
   \   0000006E   0x7881             LDRB     R1,[R0, #+2]
   \   00000070   0xF001 0x01C0      AND      R1,R1,#0xC0
   \   00000074   0xF041 0x010F      ORR      R1,R1,#0xF
   \   00000078   0x7081             STRB     R1,[R0, #+2]
    508                      DMAMUX->CHCFG[masterTxChannel] |= DMAMUX_CHCFG_ENBL_MASK;
   \   0000007A   0x7881             LDRB     R1,[R0, #+2]
   \   0000007C   0xF041 0x0180      ORR      R1,R1,#0x80
   \   00000080   0x7081             STRB     R1,[R0, #+2]
    509          
    510                      DspiMasterInit(SPI_0, &masterConfig, Micro__GetClock()->SYSCLK_Frequency);
   \   00000082   0x.... 0x....      BL       Micro__GetClock
   \   00000086   0x6803             LDR      R3,[R0, #+0]
   \   00000088   0x.... 0x....      LDR.W    R5,??DataTable14_5  ;; 0x4002c000
   \   0000008C   0x.... 0x....      LDR.W    R1,??DataTable14_6  ;; 0xbaffccff
   \   00000090   0x6828             LDR      R0,[R5, #+0]
   \   00000092   0xF420 0x4080      BIC      R0,R0,#0x4000
   \   00000096   0x6028             STR      R0,[R5, #+0]
   \   00000098   0x6828             LDR      R0,[R5, #+0]
   \   0000009A   0xF040 0x0001      ORR      R0,R0,#0x1
   \   0000009E   0x6028             STR      R0,[R5, #+0]
   \   000000A0   0x6828             LDR      R0,[R5, #+0]
   \   000000A2   0xF040 0x4000      ORR      R0,R0,#0x80000000
   \   000000A6   0x6028             STR      R0,[R5, #+0]
   \   000000A8   0x6828             LDR      R0,[R5, #+0]
   \   000000AA   0x4008             ANDS     R0,R1,R0
   \   000000AC   0x7E21             LDRB     R1,[R4, #+24]
   \   000000AE   0x0789             LSLS     R1,R1,#+30
   \   000000B0   0xF001 0x4180      AND      R1,R1,#0x40000000
   \   000000B4   0x4308             ORRS     R0,R1,R0
   \   000000B6   0x7EA1             LDRB     R1,[R4, #+26]
   \   000000B8   0x0689             LSLS     R1,R1,#+26
   \   000000BA   0xF001 0x6180      AND      R1,R1,#0x4000000
   \   000000BE   0x4308             ORRS     R0,R1,R0
   \   000000C0   0x7E61             LDRB     R1,[R4, #+25]
   \   000000C2   0x0609             LSLS     R1,R1,#+24
   \   000000C4   0xF001 0x7180      AND      R1,R1,#0x1000000
   \   000000C8   0x4308             ORRS     R0,R1,R0
   \   000000CA   0x6028             STR      R0,[R5, #+0]
   \   000000CC   0x2100             MOVS     R1,#+0
   \   000000CE   0x6828             LDR      R0,[R5, #+0]
   \   000000D0   0x6028             STR      R0,[R5, #+0]
   \   000000D2   0x4628             MOV      R0,R5
   \   000000D4   0x6822             LDR      R2,[R4, #+0]
   \   000000D6   0x.... 0x....      BL       DspiMasterSetBaudrate
   \   000000DA   0x68E8             LDR      R0,[R5, #+12]
   \   000000DC   0x6861             LDR      R1,[R4, #+4]
   \   000000DE   0x1E49             SUBS     R1,R1,#+1
   \   000000E0   0x06C9             LSLS     R1,R1,#+27
   \   000000E2   0xF020 0x40FE      BIC      R0,R0,#0x7F000000
   \   000000E6   0xF001 0x41F0      AND      R1,R1,#0x78000000
   \   000000EA   0x4308             ORRS     R0,R1,R0
   \   000000EC   0x7A21             LDRB     R1,[R4, #+8]
   \   000000EE   0x0689             LSLS     R1,R1,#+26
   \   000000F0   0xF001 0x6180      AND      R1,R1,#0x4000000
   \   000000F4   0x4308             ORRS     R0,R1,R0
   \   000000F6   0x7A61             LDRB     R1,[R4, #+9]
   \   000000F8   0x0649             LSLS     R1,R1,#+25
   \   000000FA   0xF001 0x7100      AND      R1,R1,#0x2000000
   \   000000FE   0x4308             ORRS     R0,R1,R0
   \   00000100   0x7AA1             LDRB     R1,[R4, #+10]
   \   00000102   0x0609             LSLS     R1,R1,#+24
   \   00000104   0xF001 0x7180      AND      R1,R1,#0x1000000
   \   00000108   0x4308             ORRS     R0,R1,R0
   \   0000010A   0x60E8             STR      R0,[R5, #+12]
   \   0000010C   0x6828             LDR      R0,[R5, #+0]
   \   0000010E   0x0840             LSRS     R0,R0,#+1
   \   00000110   0x0040             LSLS     R0,R0,#+1
   \   00000112   0x6028             STR      R0,[R5, #+0]
    511                      Spi0_Busy = FALSE;
    512          
    513                  #endif
    514              #endif
    515          }
   \   00000114   0xB001             ADD      SP,SP,#+4
   \   00000116   0x2000             MOVS     R0,#+0
   \   00000118   0xF884 0x002C      STRB     R0,[R4, #+44]
   \   0000011C   0xBD30             POP      {R4,R5,PC}       ;; return
    516          
    517          //---------------------------------------------------------------------------------------------------------------------
    518          /**
    519           *    @brief    It enables a specific Spi device.
    520           *    @details  This method should be called after disabling the Spi module.
    521           *    @param    spi : specific spi device
    522           */

   \                                 In section .text, align 2, keep-with-next
    523          void Spi__Enable(SPI_ENUM_DEF spi)
    524          {
    525              #if (SPI0_FEATURE == ENABLED)
    526                  if (spi == SPI0)
   \                     Spi__Enable: (+1)
   \   00000000   0xB928             CBNZ.N   R0,??Spi__Enable_0
    527                  {
    528                      SPI_0->MCR &= ~SPI_MCR_HALT_MASK;
   \   00000002   0x.... 0x....      LDR.W    R0,??DataTable14_5  ;; 0x4002c000
   \   00000006   0x6801             LDR      R1,[R0, #+0]
   \   00000008   0x0849             LSRS     R1,R1,#+1
   \   0000000A   0x0049             LSLS     R1,R1,#+1
   \   0000000C   0x6001             STR      R1,[R0, #+0]
    529                  }
    530              #endif
    531          }
   \                     ??Spi__Enable_0: (+1)
   \   0000000E   0x4770             BX       LR               ;; return
    532          
    533          //---------------------------------------------------------------------------------------------------------------------
    534          /**
    535           *    @brief    It disables a specific Spi device.
    536           *    @details  The Spi must be enabled by calling Spi_Enable() after disable before performing the Spi communication.
    537           *    @param    spi : specific spi device
    538           */

   \                                 In section .text, align 2, keep-with-next
    539          void Spi__Disable(SPI_ENUM_DEF spi)
    540          {
    541              #if (SPI0_FEATURE == ENABLED)
    542                  if (spi == SPI0)
   \                     Spi__Disable: (+1)
   \   00000000   0xB928             CBNZ.N   R0,??Spi__Disable_0
    543                  {
    544                      SPI_0->MCR |= SPI_MCR_HALT_MASK;
   \   00000002   0x.... 0x....      LDR.W    R0,??DataTable14_5  ;; 0x4002c000
   \   00000006   0x6801             LDR      R1,[R0, #+0]
   \   00000008   0xF041 0x0101      ORR      R1,R1,#0x1
   \   0000000C   0x6001             STR      R1,[R0, #+0]
    545                  }
    546              #endif
    547          }
   \                     ??Spi__Disable_0: (+1)
   \   0000000E   0x4770             BX       LR               ;; return
    548          
    549          //---------------------------------------------------------------------------------------------------------------------
    550          /**
    551           *    @brief    This method clears transmit and receive buffers of a specific Spi.
    552           *    @param    spi : specific spi device
    553           *    @image    html    Spi__Clear.jpg
    554           */

   \                                 In section .text, align 2, keep-with-next
    555          void Spi__Clear(SPI_ENUM_DEF spi)
    556          {
    557          	#if (SPI0_FEATURE == ENABLED)
    558          		if (spi == SPI0)
   \                     Spi__Clear: (+1)
   \   00000000   0xB928             CBNZ.N   R0,??Spi__Clear_0
    559          		{
    560          			Spi0_Tx_Write = 0;
    561          			Spi0_Tx_Read = 0;
    562          			Spi0_Busy=FALSE;
   \   00000002   0x.... 0x....      LDR.W    R0,??DataTable14_1
   \   00000006   0x2100             MOVS     R1,#+0
   \   00000008   0x8581             STRH     R1,[R0, #+44]
    563          
    564          			#if (SPI0_TX_RX_MODE == ENABLED)
    565          				Spi0_Rx_Write = 0;
    566          				Spi0_Rx_Read = 0;
   \   0000000A   0xF880 0x102E      STRB     R1,[R0, #+46]
    567          			#endif
    568          
    569          			Spi0_Busy = FALSE;
    570          
    571          		}
    572          	#endif
    573          }
   \                     ??Spi__Clear_0: (+1)
   \   0000000E   0x4770             BX       LR               ;; return
    574          
    575          //---------------------------------------------------------------------------------------------------------------------
    576          /**
    577           *    @brief    This method writes data from "source" (buffer address mentioned by the Application)
    578           *              to the "destination" (Transmitter FIFO) as per the size mentioned to the specific Spi and also
    579           *              returns the response for the write operation.
    580           *    @details  The data in the Transmitter FIFO is sent to other Spi node through the specified Spi COM port
    581           *              whenever the Transmitter is free. Before writing into the Transmitter FIFO check for the
    582           *              FIFO availability using Spi__GetStatus() API to avoid the over writing on the existing data.
    583           *    @param    spi  : specific Spi device
    584           *    @param    buf  : source buffer from where the data to be sent
    585           *    @param    size : defines the amount of data to be sent
    586           *      @return   uint8
    587           *      @retval   True  : desired request is successfully executed
    588           *                False : desired request is not successfully executed
    589           *    @image    html    Spi__Write.jpg
    590           */

   \                                 In section .text, align 2, keep-with-next
    591          BOOL_TYPE Spi__Write(SPI_ENUM_DEF spi ,uint8 * buf ,uint16 size )
    592          {
   \                     Spi__Write: (+1)
   \   00000000   0xB530             PUSH     {R4,R5,LR}
   \   00000002   0x4603             MOV      R3,R0
   \   00000004   0xB081             SUB      SP,SP,#+4
   \   00000006   0x4614             MOV      R4,R2
    593              BOOL_TYPE response;
    594              response = FALSE;
   \   00000008   0x2000             MOVS     R0,#+0
    595          
    596              #if ((SPI0_FEATURE == ENABLED) && (SPI_DMA_FEATURE==ENABLED))
    597                  if (spi == SPI0)
   \   0000000A   0xB9F3             CBNZ.N   R3,??Spi__Write_0
    598                  {
    599                      Spi0_Busy=TRUE;
   \   0000000C   0x.... 0x....      LDR.W    R5,??DataTable14_1
   \   00000010   0x2001             MOVS     R0,#+1
   \   00000012   0xF885 0x002C      STRB     R0,[R5, #+44]
    600                      #ifdef SPI0_START_CALLBACK
    601                          SPI0_START_CALLBACK();
    602                      #endif
    603          
    604                      /* Start master transfer */
    605                      memcpy(Spi0_Tx_Buffer, buf, size);
   \   00000016   0xF105 0x0030      ADD      R0,R5,#+48
   \   0000001A   0x.... 0x....      BL       __aeabi_memcpy
    606                      master_transfer.tx_data = Spi0_Tx_Buffer;
   \   0000001E   0xF105 0x0030      ADD      R0,R5,#+48
   \   00000022   0x61E8             STR      R0,[R5, #+28]
   \   00000024   0xF105 0x021C      ADD      R2,R5,#+28
    607                      master_transfer.rx_data = Spi0_Rx_Buffer;
   \   00000028   0xF105 0x0064      ADD      R0,R5,#+100
   \   0000002C   0x6228             STR      R0,[R5, #+32]
    608                      master_transfer.data_size = size;
   \   0000002E   0x626C             STR      R4,[R5, #+36]
   \   00000030   0xF105 0x0198      ADD      R1,R5,#+152
    609                      Spi0_Rx_Write=master_transfer.data_size;
   \   00000034   0x6A68             LDR      R0,[R5, #+36]
   \   00000036   0xF885 0x002D      STRB     R0,[R5, #+45]
    610          
    611          
    612                      #ifdef SPI0_END_CALLBACK
    613                                  SPI_0->RSER |= SPI_RSER_EOQF_RE_MASK;
    614                                  Micro__NVICEnableIRQ(SPI0_IRQ_CHANNEL, SPI0_INTERRUPT_PREEMPTION_PRIORITY, SPI0_INTERRUPT_SUB_PRIORITY);
    615                      #endif
    616                      DspiMasterTransferEdma(SPI_0, &Spi_Master_Dma_Handle, &master_transfer);
   \   0000003A   0x.... 0x....      LDR.W    R0,??DataTable14_5  ;; 0x4002c000
   \   0000003E   0x.... 0x....      BL       DspiMasterTransferEdma
    617                      #ifndef SPI0_END_CALLBACK
    618                          Spi0_Busy=FALSE;
   \   00000042   0x2000             MOVS     R0,#+0
   \   00000044   0xF885 0x002C      STRB     R0,[R5, #+44]
    619                      #endif
    620                      response = TRUE;
   \   00000048   0x2001             MOVS     R0,#+1
    621                  }
    622              #endif
    623          
    624              return(response);
   \                     ??Spi__Write_0: (+1)
   \   0000004A   0xB001             ADD      SP,SP,#+4
   \   0000004C   0xBD30             POP      {R4,R5,PC}       ;; return
    625          }
    626          
    627          //---------------------------------------------------------------------------------------------------------------------
    628          /**
    629           *    @brief    This method reads data from "receive FIFO" and copies to the "address of the buffer" mentioned by the
    630           *              Application as per the size and also returns the response for the read operation.
    631           *    @details  Before reading the Receiver FIFO check for the
    632           *              data availability in the Receiver FIFO using Spi__GetStatus() API.
    633           *    @param    spi : specific spi device
    634           *    @param    buf : Indicates the buffer’s address where the read data is stored
    635           *    @param    size : defines the amount of data to be read
    636           *    @return   True(1)   : desired request is successfully executed
    637           *              False(0)  : desired request is not successfully executed
    638           *    @image    html    Spi__Read.jpg
    639           */

   \                                 In section .text, align 2, keep-with-next
    640          BOOL_TYPE Spi__Read(SPI_ENUM_DEF spi, uint8 * buf, uint16 size)
    641           {
   \                     Spi__Read: (+1)
   \   00000000   0xB530             PUSH     {R4,R5,LR}
   \   00000002   0x4603             MOV      R3,R0
   \   00000004   0x4608             MOV      R0,R1
   \   00000006   0xB081             SUB      SP,SP,#+4
   \   00000008   0x4614             MOV      R4,R2
    642          	BOOL_TYPE response;
    643          	response = FALSE;
   \   0000000A   0x2100             MOVS     R1,#+0
    644          
    645          	#if (SPI0_FEATURE == ENABLED)					//Read SPI0
    646          		if (spi == SPI0)
   \   0000000C   0xB99B             CBNZ.N   R3,??Spi__Read_0
    647          		{
    648          			if (size <= (Spi0_Rx_Write - Spi0_Rx_Read))
   \   0000000E   0x.... 0x....      LDR.W    R5,??DataTable14_1
   \   00000012   0xF895 0x302E      LDRB     R3,[R5, #+46]
   \   00000016   0xF895 0x202D      LDRB     R2,[R5, #+45]
   \   0000001A   0x1AD2             SUBS     R2,R2,R3
   \   0000001C   0x42A2             CMP      R2,R4
   \   0000001E   0xDB0A             BLT.N    ??Spi__Read_0
    649          			{
    650          				memcpy(buf, (Spi0_Rx_Buffer + Spi0_Rx_Read), size);
   \   00000020   0x1959             ADDS     R1,R3,R5
   \   00000022   0x4622             MOV      R2,R4
   \   00000024   0x3164             ADDS     R1,R1,#+100
   \   00000026   0x.... 0x....      BL       __aeabi_memcpy
    651          
    652          				Spi0_Rx_Read = Spi0_Rx_Read + size;
   \   0000002A   0xF895 0x002E      LDRB     R0,[R5, #+46]
   \   0000002E   0x1820             ADDS     R0,R4,R0
   \   00000030   0xF885 0x002E      STRB     R0,[R5, #+46]
    653          
    654          				response = TRUE;
   \   00000034   0x2101             MOVS     R1,#+1
    655          			}
    656          
    657          		}
    658          	#endif
    659          
    660          		return (response);
   \                     ??Spi__Read_0: (+1)
   \   00000036   0x4608             MOV      R0,R1
   \   00000038   0xB001             ADD      SP,SP,#+4
   \   0000003A   0xBD30             POP      {R4,R5,PC}       ;; return
    661          
    662          }
    663          
    664          //---------------------------------------------------------------------------------------------------------------------
    665          /**
    666           *    @brief    This method gets the status of a specific SPI device.
    667           *    @details  This method is used to get status from specific SPI module.
    668           *    @param    spi : specific spi device
    669           *    @param    index : Index would be SPI_STATUS_STATE or SPI_STATUS_BUFFER_IN
    670           *    @return   For SPI_STATUS_STATE the return would be-
    671           *               SPI_STATE_BUSY – The Spi communication is going on
    672           *               SPI_STATE_IDLE – The Spi is ready to transfer the data
    673           *               SPI_STATE_ERROR – The Spi module encounter an error
    674           *               For SPI_STATUS_BUFFER_IN it returns the number of data bytes available to read
    675           */

   \                                 In section .text, align 2, keep-with-next
    676          uint16 Spi__GetStatus(SPI_ENUM_DEF spi, SPI_STATUS_DEF index)
    677          {
    678          	uint16 response;
    679          
    680              response = FALSE;
   \                     Spi__GetStatus: (+1)
   \   00000000   0x2200             MOVS     R2,#+0
    681          	#if (SPI0_FEATURE == ENABLED)
    682          		if(spi == SPI0)
   \   00000002   0xB968             CBNZ.N   R0,??Spi__GetStatus_0
    683          		{
    684          			if (index == SPI_STATUS_STATE)
   \   00000004   0x.... 0x....      LDR.W    R0,??DataTable14_1
   \   00000008   0xB929             CBNZ.N   R1,??Spi__GetStatus_1
    685          			{
    686          				if (Spi0_Busy == FALSE)
   \   0000000A   0xF890 0x002C      LDRB     R0,[R0, #+44]
   \   0000000E   0xB938             CBNZ.N   R0,??Spi__GetStatus_0
    687          				{
    688          					response = SPI_STATE_IDLE;
   \   00000010   0x2201             MOVS     R2,#+1
    689          				}
    690          				else
    691          				{
    692          					response = SPI_STATE_BUSY;
    693          				}
    694          			}
    695          			#if (SPI0_TX_RX_MODE == ENABLED)
    696          				else
    697          				{
    698          					response = Spi0_Rx_Write - Spi0_Rx_Read;
    699          				}
    700          			#endif
    701          		}
    702          
    703          	#endif
    704          
    705              return (response);
   \   00000012   0xB290             UXTH     R0,R2
   \   00000014   0x4770             BX       LR
   \                     ??Spi__GetStatus_1: (+1)
   \   00000016   0xF890 0x102D      LDRB     R1,[R0, #+45]
   \   0000001A   0xF890 0x002E      LDRB     R0,[R0, #+46]
   \   0000001E   0x1A0A             SUBS     R2,R1,R0
   \                     ??Spi__GetStatus_0: (+1)
   \   00000020   0xB290             UXTH     R0,R2
   \   00000022   0x4770             BX       LR               ;; return
    706          
    707          }
    708          
    709          //---------------------------------------------------------------------------------------------------------------------
    710          /**
    711           *  @brief      Reconfigure a specific Spi for a customised setting
    712           *
    713           *  @details    This function changes the configureation of a specific SPI and must called after the Spi has being initialzie
    714           *              Every time that the Spi is initialized it starts with the default parameters
    715           *
    716           *  @param      spi the specific spi device
    717           *  @param      pol defines the polarity of SCK signal
    718           *  @param      edge defines the the edge of action for the SCK line
    719           *  @param      order defines if the MSB bit goes first or the LSB bit goes first
    720           *  @image    html    Spi__SetConfiguration.jpg
    721           */

   \                                 In section .text, align 2, keep-with-next
    722          void Spi__SetConfiguration(SPI_ENUM_DEF spi, SPI_POLARITY_TYPE pol,SPI_EDGE_TYPE edge, SPI_ORDER_TYPE order)
                                                         ^
Remark[Pe826]: parameter "spi" was never referenced

  void Spi__SetConfiguration(SPI_ENUM_DEF spi, SPI_POLARITY_TYPE pol,SPI_EDGE_TYPE edge, SPI_ORDER_TYPE order)
                                                                 ^
"C:\Data\Python\Self_Commissioning_Bpm\source\XCategory\Driver\Spi\Spi.c",722  Remark[Pe826]: 
          parameter "pol" was never referenced

  void Spi__SetConfiguration(SPI_ENUM_DEF spi, SPI_POLARITY_TYPE pol,SPI_EDGE_TYPE edge, SPI_ORDER_TYPE order)
                                                                                   ^
"C:\Data\Python\Self_Commissioning_Bpm\source\XCategory\Driver\Spi\Spi.c",722  Remark[Pe826]: 
          parameter "edge" was never referenced

  void Spi__SetConfiguration(SPI_ENUM_DEF spi, SPI_POLARITY_TYPE pol,SPI_EDGE_TYPE edge, SPI_ORDER_TYPE order)
                                                                                                        ^
"C:\Data\Python\Self_Commissioning_Bpm\source\XCategory\Driver\Spi\Spi.c",722  Remark[Pe826]: 
          parameter "order" was never referenced
    723          {
    724          
    725          }
   \                     Spi__SetConfiguration: (+1)
   \   00000000   0x4770             BX       LR               ;; return
    726          
    727          //---------------------------------------------------------------------------------------------------------------------
    728          /**
    729           *  @brief      Spi0 Interrupt handler
    730           *
    731           *  @details
    732           *
    733           *
    734           */

   \                                 In section .text, align 2, keep-with-next
    735          void Spi__Interrupt0(void)
    736          {
    737              #if (SPI0_FEATURE == ENABLED)
    738              if ((SPI_0->SR & SPI_SR_EOQF_MASK))     // Data register empty interrupt
   \                     Spi__Interrupt0: (+1)
   \   00000000   0x.... 0x....      LDR.W    R0,??DataTable14_7  ;; 0x4002c02c
   \   00000004   0x6801             LDR      R1,[R0, #+0]
   \   00000006   0x00C9             LSLS     R1,R1,#+3
   \   00000008   0xD507             BPL.N    ??Spi__Interrupt0_0
    739              {
    740                  SPI_0->SR |= SPI_SR_EOQF_MASK;
   \   0000000A   0x6801             LDR      R1,[R0, #+0]
   \   0000000C   0xF041 0x5180      ORR      R1,R1,#0x10000000
   \   00000010   0x6001             STR      R1,[R0, #+0]
    741                  #if (SPI_DMA_FEATURE==ENABLED)
    742                      SPI_0->RSER &= ~SPI_SR_EOQF_MASK;
   \   00000012   0x6841             LDR      R1,[R0, #+4]
   \   00000014   0xF021 0x5180      BIC      R1,R1,#0x10000000
   \   00000018   0x6041             STR      R1,[R0, #+4]
    743                      #ifdef SPI0_END_CALLBACK
    744                          SPI0_END_CALLBACK();
    745                          Spi0_Busy = FALSE;
    746                      #endif
    747                  #endif
    748              }
    749              #endif
    750          }
   \                     ??Spi__Interrupt0_0: (+1)
   \   0000001A   0x4770             BX       LR               ;; return
    751          
    752          //=====================================================================================================================
    753          //-------------------------------------- Private Functions ------------------------------------------------------------
    754          //=====================================================================================================================
    755          
    756          //---------------------------------------------------------------------------------------------------------------------
    757          /**
    758           *  @brief      This API is used for SPI DMA Master communication
    759           *
    760           *  @details    This function  must be called to complete the SPI DMA configuration either for receiver and transmitter
    761           *
    762           *  @param      base     defines  the base address of device
    763           *  @param      handle   defines DSPI master eDMA transfer handle structure variable  used for the transactional API
    764           *  @param      transfer defines DSPI master/slave transfer structure
    765          */

   \                                 In section .text, align 2, keep-with-next
    766          void DspiMasterTransferEdma(SPI_TYPE *base, SPI_MASTER_DMA_HANDLE *handle, dspi_transfer *transfer)
    767          {
   \                     DspiMasterTransferEdma: (+1)
   \   00000000   0xE92D 0x41F0      PUSH     {R4-R8,LR}
    768              #if(SPI_DMA_FEATURE==ENABLED)
    769                  word_to_send = 0;
   \   00000004   0xF04F 0x0C00      MOV      R12,#+0
    770                  dummy_data = 0;
    771                  rxAddr =(uint32)&(base->POPR);
    772                  txAddr =(uint32)&(base->PUSHR);
    773                  EDMA_TCD *software_tcd = ( EDMA_TCD*)((uint32)(&handle->dspi_software_tcd[1]) & (~0x1FU));
    774                  handle->tx_buff_if_null = ((uint32)DSPI_DUMMY_DATA << 8) | DSPI_DUMMY_DATA;
   \   00000008   0xF8C1 0xC028      STR      R12,[R1, #+40]
    775                  handle->state = DSPI_BUSY;
   \   0000000C   0x2501             MOVS     R5,#+1
   \   0000000E   0xF881 0x502C      STRB     R5,[R1, #+44]
   \   00000012   0xF101 0x0460      ADD      R4,R1,#+96
    776                  base->MCR |= SPI_MCR_HALT_MASK;   //DSPI stop transfer
   \   00000016   0x6805             LDR      R5,[R0, #+0]
   \   00000018   0xF045 0x0501      ORR      R5,R5,#0x1
   \   0000001C   0x6005             STR      R5,[R0, #+0]
   \   0000001E   0x0964             LSRS     R4,R4,#+5
    777                  base->MCR = (base->MCR & (~(SPI_MCR_CLR_TXF_MASK | SPI_MCR_CLR_RXF_MASK))) | SPI_MCR_CLR_TXF(TRUE) |
    778                              SPI_MCR_CLR_RXF(TRUE); //flush fifo
   \   00000020   0x6805             LDR      R5,[R0, #+0]
   \   00000022   0xF445 0x6540      ORR      R5,R5,#0xC00
   \   00000026   0x6005             STR      R5,[R0, #+0]
   \   00000028   0x0164             LSLS     R4,R4,#+5
    779                  base->SR = SPI_SR_TCF_MASK | SPI_SR_EOQF_MASK | SPI_SR_TFUF_MASK | SPI_SR_TFFF_MASK | SPI_SR_RFOF_MASK |SPI_SR_RFDF_MASK | SPI_SR_TXRXS_MASK;/*!< The status flags are cleared by writing 1 (w1c).*/
   \   0000002A   0x.... 0x....      LDR.W    R5,??DataTable14_8  ;; 0xda0a0000
   \   0000002E   0x62C5             STR      R5,[R0, #+44]
    780                  handle->command=(uint32)HANDLE_COMMAND;
   \   00000030   0xF8C1 0xC004      STR      R12,[R1, #+4]
    781                  handle->last_command=(uint32)HANDLE_LAST_COMMAND;
   \   00000034   0xF8C1 0xC008      STR      R12,[R1, #+8]
   \   00000038   0xF100 0x0638      ADD      R6,R0,#+56
    782                  handle->bits_per_frame = ((base->CTAR[DSPI_CTAR0] & SPI_CTAR_FMSZ_MASK) >> SPI_CTAR_FMSZ_SHIFT) + 1;
   \   0000003C   0x68C5             LDR      R5,[R0, #+12]
   \   0000003E   0xF3C5 0x65C3      UBFX     R5,R5,#+27,#+4
   \   00000042   0x1C6D             ADDS     R5,R5,#+1
   \   00000044   0x600D             STR      R5,[R1, #+0]
   \   00000046   0xF100 0x0334      ADD      R3,R0,#+52
    783                  if ((base->MCR & SPI_MCR_DIS_RXF_MASK) || (base->MCR & SPI_MCR_DIS_TXF_MASK))
   \   0000004A   0x6807             LDR      R7,[R0, #+0]
   \   0000004C   0x.... 0x....      LDR.W    R5,??DataTable14_5  ;; 0x4002c000
   \   00000050   0x04FF             LSLS     R7,R7,#+19
   \   00000052   0xD402             BMI.N    ??DspiMasterTransferEdma_0
   \   00000054   0x6807             LDR      R7,[R0, #+0]
   \   00000056   0x04BF             LSLS     R7,R7,#+18
   \   00000058   0xD502             BPL.N    ??DspiMasterTransferEdma_1
    784                  {
    785                      handle->fifoSize = 1;
   \                     ??DspiMasterTransferEdma_0: (+1)
   \   0000005A   0x2701             MOVS     R7,#+1
   \   0000005C   0x730F             STRB     R7,[R1, #+12]
   \   0000005E   0xE00E             B.N      ??DspiMasterTransferEdma_2
    786                  }
    787                  else
    788                  {
    789                      handle->fifoSize = FSL_FEATURE_DSPI_FIFO_SIZEn(base);
   \                     ??DspiMasterTransferEdma_1: (+1)
   \   00000060   0x42A8             CMP      R0,R5
   \   00000062   0xBF08             IT       EQ 
   \   00000064   0xF04F 0x0E04      MOVEQ    LR,#+4
   \   00000068   0xD007             BEQ.N    ??DspiMasterTransferEdma_3
   \   0000006A   0x.... 0x....      LDR.W    R7,??DataTable14_9  ;; 0x4002d000
   \   0000006E   0x42B8             CMP      R0,R7
   \   00000070   0xBF0C             ITE      EQ 
   \   00000072   0xF04F 0x0E01      MOVEQ    LR,#+1
   \   00000076   0xF04F 0x0EFF      MOVNE    LR,#+255
   \                     ??DspiMasterTransferEdma_3: (+1)
   \   0000007A   0xF881 0xE00C      STRB     LR,[R1, #+12]
    790                  }
    791                  handle->tx_data = transfer->tx_data;
   \                     ??DspiMasterTransferEdma_2: (+1)
   \   0000007E   0x6817             LDR      R7,[R2, #+0]
   \   00000080   0x610F             STR      R7,[R1, #+16]
    792                  handle->rx_data = transfer->rx_data;
   \   00000082   0x6857             LDR      R7,[R2, #+4]
   \   00000084   0x614F             STR      R7,[R1, #+20]
    793                  handle->remaining_send_byte_count = transfer->data_size;
   \   00000086   0x6897             LDR      R7,[R2, #+8]
   \   00000088   0x618F             STR      R7,[R1, #+24]
    794                  handle->remaining_receive_byte_count = transfer->data_size;
   \   0000008A   0x6897             LDR      R7,[R2, #+8]
   \   0000008C   0x61CF             STR      R7,[R1, #+28]
    795                  handle->total_byte_count = transfer->data_size;
   \   0000008E   0x6892             LDR      R2,[R2, #+8]
    796                  base->RSER &= ~(SPI_RSER_TFFF_RE_MASK | SPI_RSER_TFFF_DIRS_MASK | SPI_RSER_RFDF_RE_MASK | SPI_RSER_RFDF_DIRS_MASK);
   \   00000090   0x.... 0x....      LDR.W    R7,??DataTable14_10  ;; 0xfcfcffff
   \   00000094   0x620A             STR      R2,[R1, #+32]
   \   00000096   0x6B02             LDR      R2,[R0, #+48]
   \   00000098   0x403A             ANDS     R2,R7,R2
   \   0000009A   0x6302             STR      R2,[R0, #+48]
    797                  handle->is_there_extra_byte = FALSE;
   \   0000009C   0xF881 0xC00E      STRB     R12,[R1, #+14]
    798              #endif
    799          
    800              #if (SPI0_FEATURE == ENABLED)
    801                  if (handle->bits_per_frame > 8)
   \   000000A0   0x680A             LDR      R2,[R1, #+0]
   \   000000A2   0x2A09             CMP      R2,#+9
   \   000000A4   0xD31C             BCC.N    ??DspiMasterTransferEdma_4
    802                  {
    803                      /* If it's the last word */
    804                      if (handle->remaining_send_byte_count <= 2)
   \   000000A6   0x698A             LDR      R2,[R1, #+24]
   \   000000A8   0x2A03             CMP      R2,#+3
   \   000000AA   0x690A             LDR      R2,[R1, #+16]
   \   000000AC   0xD20A             BCS.N    ??DspiMasterTransferEdma_5
    805                      {
    806                          if (handle->tx_data)
   \   000000AE   0xB312             CBZ.N    R2,??DspiMasterTransferEdma_6
    807                          {
    808                              if (handle->is_there_extra_byte)
    809                              {
    810                                  word_to_send = *(handle->tx_data) | ((uint32) dummy_data << 8);
    811                              }
    812                              else
    813                              {
    814                                  word_to_send = *(handle->tx_data);
   \   000000B0   0x690A             LDR      R2,[R1, #+16]
   \   000000B2   0x7812             LDRB     R2,[R2, #+0]
    815                                  ++handle->tx_data; /* increment to next data byte */
   \   000000B4   0x690F             LDR      R7,[R1, #+16]
   \   000000B6   0x1C7F             ADDS     R7,R7,#+1
   \   000000B8   0x610F             STR      R7,[R1, #+16]
    816                                  word_to_send |= (unsigned) (*(handle->tx_data)) << 8U;
   \   000000BA   0x690F             LDR      R7,[R1, #+16]
   \   000000BC   0x783F             LDRB     R7,[R7, #+0]
   \   000000BE   0xEA42 0x2C07      ORR      R12,R2,R7, LSL #+8
    817                              }
    818                          }
    819                          else
    820                          {
    821                              word_to_send = ((uint32) dummy_data << 8) | dummy_data;
    822                          }
    823                          handle->last_command = (handle->last_command & 0xffff0000U) | word_to_send;
   \   000000C2   0xE018             B.N      ??DspiMasterTransferEdma_6
    824                      }
    825                      else /* For all words except the last word , frame > 8bits */
    826                      {
    827                          if (handle->tx_data)
   \                     ??DspiMasterTransferEdma_5: (+1)
   \   000000C4   0xB1EA             CBZ.N    R2,??DspiMasterTransferEdma_7
    828                          {
    829                              word_to_send = *(handle->tx_data);
   \   000000C6   0x690A             LDR      R2,[R1, #+16]
   \   000000C8   0x7812             LDRB     R2,[R2, #+0]
    830                              ++handle->tx_data; /* increment to next data byte */
   \   000000CA   0x690F             LDR      R7,[R1, #+16]
   \   000000CC   0x1C7F             ADDS     R7,R7,#+1
   \   000000CE   0x610F             STR      R7,[R1, #+16]
    831                              word_to_send |= (unsigned) (*(handle->tx_data)) << 8U;
   \   000000D0   0x690F             LDR      R7,[R1, #+16]
   \   000000D2   0x783F             LDRB     R7,[R7, #+0]
   \   000000D4   0xEA42 0x2C07      ORR      R12,R2,R7, LSL #+8
    832                              ++handle->tx_data; /* increment to next data byte */
   \   000000D8   0x690A             LDR      R2,[R1, #+16]
   \   000000DA   0x1C52             ADDS     R2,R2,#+1
   \   000000DC   0x610A             STR      R2,[R1, #+16]
    833                          }
    834                          else
    835                          {
    836                              word_to_send = ((uint32) dummy_data << 8) | dummy_data;
    837                          }
    838                          handle->command = (handle->command & 0xffff0000U) | word_to_send;
   \   000000DE   0xE010             B.N      ??DspiMasterTransferEdma_7
    839                      }
    840                  }
    841                  else /* Optimized for bits/frame less than or equal to one byte. */
    842                  {
    843                      if (handle->tx_data)
   \                     ??DspiMasterTransferEdma_4: (+1)
   \   000000E0   0x690A             LDR      R2,[R1, #+16]
   \   000000E2   0xB12A             CBZ.N    R2,??DspiMasterTransferEdma_8
    844                      {
    845                          word_to_send = *(handle->tx_data);
   \   000000E4   0x690A             LDR      R2,[R1, #+16]
   \   000000E6   0xF892 0xC000      LDRB     R12,[R2, #+0]
    846                          ++handle->tx_data; /* increment to next data word*/
   \   000000EA   0x690A             LDR      R2,[R1, #+16]
   \   000000EC   0x1C52             ADDS     R2,R2,#+1
   \   000000EE   0x610A             STR      R2,[R1, #+16]
    847                      }
    848                      else
    849                      {
    850                          word_to_send = dummy_data;
    851                      }
    852          
    853                      if (handle->remaining_send_byte_count == 1)
   \                     ??DspiMasterTransferEdma_8: (+1)
   \   000000F0   0x698A             LDR      R2,[R1, #+24]
   \   000000F2   0x2A01             CMP      R2,#+1
   \   000000F4   0xD105             BNE.N    ??DspiMasterTransferEdma_7
    854                      {
    855                          handle->last_command = (handle->last_command & 0xffff0000U) | word_to_send;
   \                     ??DspiMasterTransferEdma_6: (+1)
   \   000000F6   0x688A             LDR      R2,[R1, #+8]
   \   000000F8   0x0C12             LSRS     R2,R2,#+16
   \   000000FA   0xEA4C 0x4202      ORR      R2,R12,R2, LSL #+16
   \   000000FE   0x608A             STR      R2,[R1, #+8]
   \   00000100   0xE004             B.N      ??DspiMasterTransferEdma_9
    856                      }
    857                      else
    858                      {
    859                          handle->command = (handle->command & 0xffff0000U) | word_to_send;
   \                     ??DspiMasterTransferEdma_7: (+1)
   \   00000102   0x684A             LDR      R2,[R1, #+4]
   \   00000104   0x0C12             LSRS     R2,R2,#+16
   \   00000106   0xEA4C 0x4202      ORR      R2,R12,R2, LSL #+16
   \   0000010A   0x604A             STR      R2,[R1, #+4]
    860                      }
    861                  }
    862              #endif
    863          
    864              #if(SPI_DMA_FEATURE==ENABLED)
    865                  DspiDisable(DMA_ENGINE1, DMA_CH0);
   \                     ??DspiMasterTransferEdma_9: (+1)
   \   0000010C   0x2700             MOVS     R7,#+0
   \   0000010E   0x.... 0x....      LDR.W    R2,??DataTable14_11  ;; 0x4000801b
   \   00000112   0x.... 0x....      LDR.W    R12,??DataTable14_12  ;; 0x4000901c
   \   00000116   0x.... 0x....      LDR.W    LR,??DataTable14_13
   \   0000011A   0xF8C2 0x7FE5      STR      R7,[R2, #+4069]
   \   0000011E   0xF8A2 0x7FE9      STRH     R7,[R2, #+4073]
   \   00000122   0xF8A2 0x7FEB      STRH     R7,[R2, #+4075]
   \   00000126   0xF8C2 0x7FED      STR      R7,[R2, #+4077]
   \   0000012A   0xF8C2 0x7FF1      STR      R7,[R2, #+4081]
   \   0000012E   0xF8C2 0x7FF5      STR      R7,[R2, #+4085]
   \   00000132   0xF8A2 0x7FF9      STRH     R7,[R2, #+4089]
   \   00000136   0xF8A2 0x7FFB      STRH     R7,[R2, #+4091]
   \   0000013A   0xF8C2 0x7FFD      STR      R7,[R2, #+4093]
   \   0000013E   0x2708             MOVS     R7,#+8
   \   00000140   0xF8AC 0x7000      STRH     R7,[R12, #+0]
   \   00000144   0x2700             MOVS     R7,#+0
   \   00000146   0xF8AC 0x7002      STRH     R7,[R12, #+2]
    866                  transfer_config_a.src_addr = (uint32) rxAddr;
    867                  transfer_config_a.source_offset = 0;
   \   0000014A   0xF8AE 0x700A      STRH     R7,[LR, #+10]
   \   0000014E   0xF8CE 0x6000      STR      R6,[LR, #+0]
    868          
    869                  if (handle->rx_data)
   \   00000152   0x694F             LDR      R7,[R1, #+20]
   \   00000154   0x2F00             CMP      R7,#+0
   \   00000156   0xBF19             ITTEE    NE 
    870                  {
    871                      transfer_config_a.dest_addr = (uint32) &(handle->rx_data[0]);
   \   00000158   0x694F             LDRNE    R7,[R1, #+20]
    872                      transfer_config_a.dest_offset = 1;
   \   0000015A   0xF04F 0x0801      MOVNE    R8,#+1
    873                  }
    874                  else
    875                  {
    876                      transfer_config_a.dest_addr = (uint32) &(handle->rx_buff_If_null);
   \   0000015E   0xF101 0x0724      ADDEQ    R7,R1,#+36
    877                      transfer_config_a.dest_offset = 0;
   \   00000162   0xF04F 0x0800      MOVEQ    R8,#+0
   \   00000166   0xF8CE 0x7004      STR      R7,[LR, #+4]
   \   0000016A   0xF8AE 0x800C      STRH     R8,[LR, #+12]
    878                  }
    879          
    880                  transfer_config_a.dest_transfer_size = DMA_TRANSFER_SIZE_ONE_BYTE;
   \   0000016E   0x2700             MOVS     R7,#+0
   \   00000170   0xF88E 0x7009      STRB     R7,[LR, #+9]
    881          
    882                  if (handle->bits_per_frame <= 8)
   \   00000174   0x680F             LDR      R7,[R1, #+0]
   \   00000176   0x2F09             CMP      R7,#+9
   \   00000178   0xD207             BCS.N    ??DspiMasterTransferEdma_10
    883                  {
    884                      transfer_config_a.source_transfer_size = DMA_TRANSFER_SIZE_ONE_BYTE;
   \   0000017A   0x2700             MOVS     R7,#+0
   \   0000017C   0xF88E 0x7008      STRB     R7,[LR, #+8]
    885                      transfer_config_a.minor_loop_bytes = 1;
   \   00000180   0x2701             MOVS     R7,#+1
   \   00000182   0xF8CE 0x7010      STR      R7,[LR, #+16]
    886                      transfer_config_a.major_loop_counts = handle->remaining_receive_byte_count;
   \   00000186   0x69CF             LDR      R7,[R1, #+28]
   \   00000188   0xE007             B.N      ??DspiMasterTransferEdma_11
    887                  }
    888                  else
    889                  {
    890                      transfer_config_a.source_transfer_size = DMA_TRANSFER_SIZE_TWO_BYTE;
   \                     ??DspiMasterTransferEdma_10: (+1)
   \   0000018A   0x2701             MOVS     R7,#+1
   \   0000018C   0xF88E 0x7008      STRB     R7,[LR, #+8]
    891                      transfer_config_a.minor_loop_bytes = 2;
   \   00000190   0x2702             MOVS     R7,#+2
   \   00000192   0xF8CE 0x7010      STR      R7,[LR, #+16]
    892                      transfer_config_a.major_loop_counts = handle->remaining_receive_byte_count / 2;
   \   00000196   0x69CF             LDR      R7,[R1, #+28]
   \   00000198   0x087F             LSRS     R7,R7,#+1
   \                     ??DspiMasterTransferEdma_11: (+1)
   \   0000019A   0xF8CE 0x7014      STR      R7,[LR, #+20]
    893                  }
    894                   DspiSetConfig(DMA_ENGINE1,DMA_CH0,&transfer_config_a,(EDMA_TCD *)NULL);
   \   0000019E   0xF8C2 0x6FE5      STR      R6,[R2, #+4069]
   \   000001A2   0xF8DE 0x6004      LDR      R6,[LR, #+4]
   \   000001A6   0xF8C2 0x6FF5      STR      R6,[R2, #+4085]
   \   000001AA   0xF89E 0x6008      LDRB     R6,[LR, #+8]
   \   000001AE   0xF89E 0x7009      LDRB     R7,[LR, #+9]
   \   000001B2   0x0236             LSLS     R6,R6,#+8
   \   000001B4   0xF406 0x66E0      AND      R6,R6,#0x700
   \   000001B8   0xF007 0x0707      AND      R7,R7,#0x7
   \   000001BC   0x433E             ORRS     R6,R7,R6
   \   000001BE   0xF8A2 0x6FEB      STRH     R6,[R2, #+4075]
   \   000001C2   0xF8BE 0x600A      LDRH     R6,[LR, #+10]
   \   000001C6   0xF8A2 0x6FE9      STRH     R6,[R2, #+4073]
   \   000001CA   0xF8BE 0x600C      LDRH     R6,[LR, #+12]
   \   000001CE   0xF8A2 0x6FF9      STRH     R6,[R2, #+4089]
   \   000001D2   0xF8DE 0x6010      LDR      R6,[LR, #+16]
   \   000001D6   0xF8C2 0x6FED      STR      R6,[R2, #+4077]
   \   000001DA   0xF8DE 0x6014      LDR      R6,[LR, #+20]
   \   000001DE   0xF8A2 0x6FFB      STRH     R6,[R2, #+4091]
   \   000001E2   0xF8DE 0x6014      LDR      R6,[LR, #+20]
   \   000001E6   0xF8AC 0x6002      STRH     R6,[R12, #+2]
    895                   DspiDisable(DMA_ENGINE1, DMA_CH1);
   \   000001EA   0x2600             MOVS     R6,#+0
   \   000001EC   0xF8CC 0x6004      STR      R6,[R12, #+4]
   \   000001F0   0xF8AC 0x6008      STRH     R6,[R12, #+8]
   \   000001F4   0xF8AC 0x600A      STRH     R6,[R12, #+10]
   \   000001F8   0xF8CC 0x600C      STR      R6,[R12, #+12]
   \   000001FC   0xF8CC 0x6010      STR      R6,[R12, #+16]
   \   00000200   0xF8CC 0x6014      STR      R6,[R12, #+20]
   \   00000204   0xF8AC 0x6018      STRH     R6,[R12, #+24]
   \   00000208   0xF8AC 0x601A      STRH     R6,[R12, #+26]
   \   0000020C   0xF8CC 0x601C      STR      R6,[R12, #+28]
   \   00000210   0x2608             MOVS     R6,#+8
   \   00000212   0xF8AC 0x6020      STRH     R6,[R12, #+32]
   \   00000216   0x2600             MOVS     R6,#+0
   \   00000218   0xF8AC 0x6022      STRH     R6,[R12, #+34]
    896          
    897                  if (handle->remaining_send_byte_count > 0)
   \   0000021C   0x698E             LDR      R6,[R1, #+24]
   \   0000021E   0x2E00             CMP      R6,#+0
   \   00000220   0xD059             BEQ.N    ??DspiMasterTransferEdma_12
    898                  {
    899                      if (handle->tx_data)
   \   00000222   0x690E             LDR      R6,[R1, #+16]
   \   00000224   0x2E00             CMP      R6,#+0
   \   00000226   0xBF19             ITTEE    NE 
    900                      {
    901                          transfer_config_b.src_addr = (uint32) (handle->tx_data);
   \   00000228   0x690E             LDRNE    R6,[R1, #+16]
    902                          transfer_config_b.source_offset = 1;
   \   0000022A   0x2701             MOVNE    R7,#+1
    903                      }
    904                      else
    905                      {
    906                          transfer_config_b.src_addr = (uint32) (&handle->tx_buff_if_null);
   \   0000022C   0xF101 0x0628      ADDEQ    R6,R1,#+40
    907                          transfer_config_b.source_offset = 0;
   \   00000230   0x2700             MOVEQ    R7,#+0
   \   00000232   0xF8CE 0x6018      STR      R6,[LR, #+24]
   \   00000236   0xF8AE 0x7022      STRH     R7,[LR, #+34]
    908                      }
    909          
    910                      transfer_config_b.dest_addr = (uint32) (&handle->command);
   \   0000023A   0x1D0E             ADDS     R6,R1,#+4
   \   0000023C   0xF8CE 0x601C      STR      R6,[LR, #+28]
    911                      transfer_config_b.dest_offset = 0;
   \   00000240   0x2600             MOVS     R6,#+0
   \   00000242   0xF8AE 0x6024      STRH     R6,[LR, #+36]
    912          
    913                      transfer_config_b.source_transfer_size = DMA_TRANSFER_SIZE_ONE_BYTE;
   \   00000246   0xF88E 0x6020      STRB     R6,[LR, #+32]
    914          
    915                      if (handle->bits_per_frame <= 8)
   \   0000024A   0x680E             LDR      R6,[R1, #+0]
   \   0000024C   0x2E09             CMP      R6,#+9
   \   0000024E   0xD20A             BCS.N    ??DspiMasterTransferEdma_13
    916                      {
    917                          transfer_config_b.dest_transfer_size = DMA_TRANSFER_SIZE_ONE_BYTE;
   \   00000250   0x2600             MOVS     R6,#+0
   \   00000252   0xF88E 0x6021      STRB     R6,[LR, #+33]
    918                          transfer_config_b.minor_loop_bytes = 1;
   \   00000256   0x2601             MOVS     R6,#+1
   \   00000258   0xF8CE 0x6028      STR      R6,[LR, #+40]
    919          
    920                          if (1 == FSL_FEATURE_DSPI_HAS_SEPARATE_DMA_RX_TX_REQn(base))
   \   0000025C   0x42A8             CMP      R0,R5
   \   0000025E   0x698E             LDR      R6,[R1, #+24]
   \   00000260   0xD10E             BNE.N    ??DspiMasterTransferEdma_14
    921                          {
    922                              /*already prepared the first data in "intermediary" , so minus 1 */
    923                              transfer_config_b.major_loop_counts = handle->remaining_send_byte_count - 1;
   \   00000262   0x1E76             SUBS     R6,R6,#+1
   \   00000264   0xE00D             B.N      ??DspiMasterTransferEdma_15
    924                          }
    925                          else
    926                          {
    927                              /*Only enable channel_B minorlink to channel_C , so need to add one count due to the last time is
    928                               majorlink , the majorlink would not trigger the channel_C*/
    929                              transfer_config_b.major_loop_counts = handle->remaining_send_byte_count + 1;
    930                          }
    931                      }
    932                      else
    933                      {
    934                          transfer_config_b.dest_transfer_size = DMA_TRANSFER_SIZE_TWO_BYTE;
   \                     ??DspiMasterTransferEdma_13: (+1)
   \   00000266   0x2601             MOVS     R6,#+1
   \   00000268   0xF88E 0x6021      STRB     R6,[LR, #+33]
    935                          transfer_config_b.minor_loop_bytes = 2;
   \   0000026C   0x2602             MOVS     R6,#+2
   \   0000026E   0xF8CE 0x6028      STR      R6,[LR, #+40]
    936                          if (1 == FSL_FEATURE_DSPI_HAS_SEPARATE_DMA_RX_TX_REQn(base))
   \   00000272   0x42A8             CMP      R0,R5
   \   00000274   0x698E             LDR      R6,[R1, #+24]
   \   00000276   0xD102             BNE.N    ??DspiMasterTransferEdma_16
    937                          {
    938                              /*already prepared the first data in "intermediary" , so minus 1 */
    939                              transfer_config_b.major_loop_counts = handle->remaining_send_byte_count / 2 - 1;
   \   00000278   0x0876             LSRS     R6,R6,#+1
   \   0000027A   0x1E76             SUBS     R6,R6,#+1
   \   0000027C   0xE001             B.N      ??DspiMasterTransferEdma_15
    940                          }
    941                          else
    942                          {
    943                              /*Only enable channel_B minorlink to channel_C , so need to add one count due to the last time is
    944                               * majorlink*/
    945                              transfer_config_b.major_loop_counts = handle->remaining_send_byte_count / 2 + 1;
   \                     ??DspiMasterTransferEdma_16: (+1)
   \   0000027E   0x0876             LSRS     R6,R6,#+1
   \                     ??DspiMasterTransferEdma_14: (+1)
   \   00000280   0x1C76             ADDS     R6,R6,#+1
   \                     ??DspiMasterTransferEdma_15: (+1)
   \   00000282   0xF8CE 0x602C      STR      R6,[LR, #+44]
    946                          }
    947                      }
    948          
    949                      DspiSetConfig(DMA_ENGINE1, DMA_CH1, &transfer_config_b, NULL);
   \   00000286   0xF8DE 0x6018      LDR      R6,[LR, #+24]
   \   0000028A   0xF8CC 0x6004      STR      R6,[R12, #+4]
   \   0000028E   0xF8DE 0x601C      LDR      R6,[LR, #+28]
   \   00000292   0xF8CC 0x6014      STR      R6,[R12, #+20]
   \   00000296   0xF89E 0x6020      LDRB     R6,[LR, #+32]
   \   0000029A   0xF89E 0x7021      LDRB     R7,[LR, #+33]
   \   0000029E   0x0236             LSLS     R6,R6,#+8
   \   000002A0   0xF406 0x66E0      AND      R6,R6,#0x700
   \   000002A4   0xF007 0x0707      AND      R7,R7,#0x7
   \   000002A8   0x433E             ORRS     R6,R7,R6
   \   000002AA   0xF8AC 0x600A      STRH     R6,[R12, #+10]
   \   000002AE   0xF8BE 0x6022      LDRH     R6,[LR, #+34]
   \   000002B2   0xF8AC 0x6008      STRH     R6,[R12, #+8]
   \   000002B6   0xF8BE 0x6024      LDRH     R6,[LR, #+36]
   \   000002BA   0xF8AC 0x6018      STRH     R6,[R12, #+24]
   \   000002BE   0xF8DE 0x6028      LDR      R6,[LR, #+40]
   \   000002C2   0xF8CC 0x600C      STR      R6,[R12, #+12]
   \   000002C6   0xF8DE 0x602C      LDR      R6,[LR, #+44]
   \   000002CA   0xF8AC 0x601A      STRH     R6,[R12, #+26]
   \   000002CE   0xF8DE 0x602C      LDR      R6,[LR, #+44]
   \   000002D2   0xF8AC 0x6022      STRH     R6,[R12, #+34]
    950                  }
    951          
    952                  /***channel_C ***carry the "intermediary" to SPIx_PUSHR. used the edma Scatter Gather function on channel_C to
    953                   handle the last data */
    954                  DspiDisable(DMA_ENGINE1, DMA_CH2);
   \                     ??DspiMasterTransferEdma_12: (+1)
   \   000002D6   0x2600             MOVS     R6,#+0
   \   000002D8   0xF8CC 0x6024      STR      R6,[R12, #+36]
   \   000002DC   0xF8AC 0x6028      STRH     R6,[R12, #+40]
   \   000002E0   0xF8AC 0x602A      STRH     R6,[R12, #+42]
   \   000002E4   0xF8CC 0x602C      STR      R6,[R12, #+44]
   \   000002E8   0xF8CC 0x6030      STR      R6,[R12, #+48]
   \   000002EC   0xF8CC 0x6034      STR      R6,[R12, #+52]
   \   000002F0   0xF8AC 0x6038      STRH     R6,[R12, #+56]
   \   000002F4   0xF8AC 0x603A      STRH     R6,[R12, #+58]
   \   000002F8   0xF8CC 0x603C      STR      R6,[R12, #+60]
   \   000002FC   0x2608             MOVS     R6,#+8
   \   000002FE   0xF8AC 0x6040      STRH     R6,[R12, #+64]
   \   00000302   0x2600             MOVS     R6,#+0
   \   00000304   0xF8AC 0x6042      STRH     R6,[R12, #+66]
    955          
    956                  if (((handle->remaining_send_byte_count > 0) && (1 != FSL_FEATURE_DSPI_HAS_SEPARATE_DMA_RX_TX_REQn(base)))
    957                   || ((((handle->remaining_send_byte_count > 1) && (handle->bits_per_frame <= 8))
    958                   || ((handle->remaining_send_byte_count > 2) && (handle->bits_per_frame > 8)))
    959                   && (1 == FSL_FEATURE_DSPI_HAS_SEPARATE_DMA_RX_TX_REQn(base))))
   \   00000308   0x698E             LDR      R6,[R1, #+24]
   \   0000030A   0x2E00             CMP      R6,#+0
   \   0000030C   0xBF18             IT       NE 
   \   0000030E   0x42A8             CMPNE    R0,R5
   \   00000310   0xD10D             BNE.N    ??DspiMasterTransferEdma_17
   \   00000312   0x698E             LDR      R6,[R1, #+24]
   \   00000314   0x2E02             CMP      R6,#+2
   \   00000316   0xD302             BCC.N    ??DspiMasterTransferEdma_18
   \   00000318   0x680E             LDR      R6,[R1, #+0]
   \   0000031A   0x2E09             CMP      R6,#+9
   \   0000031C   0xD305             BCC.N    ??DspiMasterTransferEdma_19
   \                     ??DspiMasterTransferEdma_18: (+1)
   \   0000031E   0x698E             LDR      R6,[R1, #+24]
   \   00000320   0x2E03             CMP      R6,#+3
   \   00000322   0xBF24             ITT      CS 
   \   00000324   0x680E             LDRCS    R6,[R1, #+0]
   \   00000326   0x2E09             CMPCS    R6,#+9
   \   00000328   0xD33D             BCC.N    ??DspiMasterTransferEdma_20
   \                     ??DspiMasterTransferEdma_19: (+1)
   \   0000032A   0x42A8             CMP      R0,R5
   \   0000032C   0xD13B             BNE.N    ??DspiMasterTransferEdma_20
    960                  {
    961                      if (handle->tx_data)
   \                     ??DspiMasterTransferEdma_17: (+1)
   \   0000032E   0x690E             LDR      R6,[R1, #+16]
   \   00000330   0xB39E             CBZ.N    R6,??DspiMasterTransferEdma_21
    962                      {
    963                          uint32 bufferIndex = 0;
    964          
    965                          if (1 == FSL_FEATURE_DSPI_HAS_SEPARATE_DMA_RX_TX_REQn(base))
   \   00000332   0x42A8             CMP      R0,R5
   \   00000334   0xD113             BNE.N    ??DspiMasterTransferEdma_22
    966                          {
    967                              if (handle->bits_per_frame <= 8)
   \   00000336   0x680E             LDR      R6,[R1, #+0]
   \   00000338   0x2E09             CMP      R6,#+9
   \   0000033A   0x698E             LDR      R6,[R1, #+24]
   \   0000033C   0xBF38             IT       CC 
    968                              {
    969                                  bufferIndex = handle->remaining_send_byte_count - 1;
   \   0000033E   0x1E76             SUBCC    R6,R6,#+1
   \   00000340   0xD311             BCC.N    ??DspiMasterTransferEdma_23
    970                              }
    971                              else
    972                              {
    973                                  bufferIndex = handle->remaining_send_byte_count - 2;
   \   00000342   0x1EB6             SUBS     R6,R6,#+2
    974                              }
    975                          }
    976                          else
    977                          {
    978                              bufferIndex = handle->remaining_send_byte_count;
    979                          }
    980          
    981                          if (handle->bits_per_frame <= 8)
    982                          {
    983                              handle->last_command = (handle->last_command & 0xffff0000U) | handle->tx_data[bufferIndex - 1];
    984                          }
    985                          else
    986                          {
    987                              if (handle->is_there_extra_byte)
   \                     ??DspiMasterTransferEdma_24: (+1)
   \   00000344   0x7B8F             LDRB     R7,[R1, #+14]
   \   00000346   0x2F00             CMP      R7,#+0
   \   00000348   0x688F             LDR      R7,[R1, #+8]
   \   0000034A   0xD016             BEQ.N    ??DspiMasterTransferEdma_25
    988                              {
    989                                  handle->last_command = (handle->last_command & 0xffff0000U) | handle->tx_data[bufferIndex - 2]
    990                                  | ((uint32) dummy_data << 8);
   \   0000034C   0xF8D1 0x8010      LDR      R8,[R1, #+16]
   \   00000350   0x4446             ADD      R6,R6,R8
   \   00000352   0x0C3F             LSRS     R7,R7,#+16
   \   00000354   0xF816 0x6C02      LDRB     R6,[R6, #-2]
   \   00000358   0xEA46 0x4607      ORR      R6,R6,R7, LSL #+16
   \   0000035C   0xE022             B.N      ??DspiMasterTransferEdma_26
    991                              }
   \                     ??DspiMasterTransferEdma_22: (+1)
   \   0000035E   0x698E             LDR      R6,[R1, #+24]
   \   00000360   0x680F             LDR      R7,[R1, #+0]
   \   00000362   0x2F09             CMP      R7,#+9
   \   00000364   0xD2EE             BCS.N    ??DspiMasterTransferEdma_24
   \                     ??DspiMasterTransferEdma_23: (+1)
   \   00000366   0x688F             LDR      R7,[R1, #+8]
   \   00000368   0xF8D1 0x8010      LDR      R8,[R1, #+16]
   \   0000036C   0x4446             ADD      R6,R6,R8
   \   0000036E   0x0C3F             LSRS     R7,R7,#+16
   \   00000370   0xF816 0x6C01      LDRB     R6,[R6, #-1]
   \   00000374   0xEA46 0x4607      ORR      R6,R6,R7, LSL #+16
   \   00000378   0xE014             B.N      ??DspiMasterTransferEdma_26
    992                              else
    993                              {
    994                                  handle->last_command = (handle->last_command & 0xffff0000U)
    995                                  | ((uint32) handle->tx_data[bufferIndex - 1] << 8) | handle->tx_data[bufferIndex - 2];
   \                     ??DspiMasterTransferEdma_25: (+1)
   \   0000037A   0xF8D1 0x8010      LDR      R8,[R1, #+16]
   \   0000037E   0x44B0             ADD      R8,R6,R8
   \   00000380   0x0C3F             LSRS     R7,R7,#+16
   \   00000382   0xF818 0x8C01      LDRB     R8,[R8, #-1]
   \   00000386   0x043F             LSLS     R7,R7,#+16
   \   00000388   0xEA47 0x2708      ORR      R7,R7,R8, LSL #+8
   \   0000038C   0xF8D1 0x8010      LDR      R8,[R1, #+16]
   \   00000390   0x4446             ADD      R6,R6,R8
   \   00000392   0xF816 0x6C02      LDRB     R6,[R6, #-2]
   \   00000396   0x433E             ORRS     R6,R6,R7
   \   00000398   0xE004             B.N      ??DspiMasterTransferEdma_26
    996                              }
    997                          }
    998                      }
   \                     ??DspiMasterTransferEdma_21: (+1)
   \   0000039A   0xF8AE 0x6048      STRH     R6,[LR, #+72]
    999                      else
   1000                      {
   1001                          if (handle->bits_per_frame <= 8)
   1002                          {
   1003                              word_to_send = dummy_data;
   1004                          }
   1005                          else
   1006                          {
   1007                              word_to_send = ((uint32) dummy_data << 8) | dummy_data;
   1008                          }
   1009                          handle->last_command = (handle->last_command & 0xffff0000U) | word_to_send;
   \   0000039E   0x688E             LDR      R6,[R1, #+8]
   \   000003A0   0x0C36             LSRS     R6,R6,#+16
   \   000003A2   0x0436             LSLS     R6,R6,#+16
   \                     ??DspiMasterTransferEdma_26: (+1)
   \   000003A4   0x608E             STR      R6,[R1, #+8]
   1010                      }
   1011                  }
   1012                  if ((1 == FSL_FEATURE_DSPI_HAS_SEPARATE_DMA_RX_TX_REQn(base))
   1013                   || ((1 != FSL_FEATURE_DSPI_HAS_SEPARATE_DMA_RX_TX_REQn(base)) && (handle->remaining_send_byte_count > 0)))
   \                     ??DspiMasterTransferEdma_20: (+1)
   \   000003A6   0x42A8             CMP      R0,R5
   \   000003A8   0xD002             BEQ.N    ??DspiMasterTransferEdma_27
   \   000003AA   0x698D             LDR      R5,[R1, #+24]
   \   000003AC   0x2D00             CMP      R5,#+0
   \   000003AE   0xD043             BEQ.N    ??DspiMasterTransferEdma_28
   1014                  {
   1015                      transfer_config_c.src_addr = (uint32) &(handle->last_command);
   \                     ??DspiMasterTransferEdma_27: (+1)
   \   000003B0   0xF101 0x0508      ADD      R5,R1,#+8
   \   000003B4   0xF8CE 0x5030      STR      R5,[LR, #+48]
   1016                      transfer_config_c.dest_addr = (uint32) txAddr;
   \   000003B8   0xF8CE 0x3034      STR      R3,[LR, #+52]
   1017                      transfer_config_c.source_transfer_size = DMA_TRANSFER_SIZE_FOUR_BYTE;
   \   000003BC   0x2502             MOVS     R5,#+2
   \   000003BE   0xF88E 0x5038      STRB     R5,[LR, #+56]
   1018                      transfer_config_c.dest_transfer_size = DMA_TRANSFER_SIZE_FOUR_BYTE;
   \   000003C2   0xF88E 0x5039      STRB     R5,[LR, #+57]
   1019                      transfer_config_c.source_offset = 0;
   \   000003C6   0x2500             MOVS     R5,#+0
   \   000003C8   0xF8AE 0x503A      STRH     R5,[LR, #+58]
   1020                      transfer_config_c.dest_offset = 0;
   \   000003CC   0xF8AE 0x503C      STRH     R5,[LR, #+60]
   1021                      transfer_config_c.minor_loop_bytes = 4;
   \   000003D0   0x2504             MOVS     R5,#+4
   \   000003D2   0xF8CE 0x5040      STR      R5,[LR, #+64]
   1022                      transfer_config_c.major_loop_counts = 1;
   \   000003D6   0x2501             MOVS     R5,#+1
   \   000003D8   0xF8CE 0x5044      STR      R5,[LR, #+68]
   1023          
   1024                      EdmaTcdReset(software_tcd);
   \   000003DC   0x2500             MOVS     R5,#+0
   \   000003DE   0x6025             STR      R5,[R4, #+0]
   \   000003E0   0x80A5             STRH     R5,[R4, #+4]
   \   000003E2   0x80E5             STRH     R5,[R4, #+6]
   \   000003E4   0x60A5             STR      R5,[R4, #+8]
   \   000003E6   0x60E5             STR      R5,[R4, #+12]
   \   000003E8   0x6125             STR      R5,[R4, #+16]
   \   000003EA   0x82A5             STRH     R5,[R4, #+20]
   \   000003EC   0x82E5             STRH     R5,[R4, #+22]
   \   000003EE   0x61A5             STR      R5,[R4, #+24]
   \   000003F0   0x2508             MOVS     R5,#+8
   \   000003F2   0x83A5             STRH     R5,[R4, #+28]
   \   000003F4   0x2500             MOVS     R5,#+0
   \   000003F6   0x83E5             STRH     R5,[R4, #+30]
   1025                      EdmaTcdSetTransferConfig(software_tcd, &transfer_config_c);
   \   000003F8   0xF8DE 0x5030      LDR      R5,[LR, #+48]
   \   000003FC   0x6025             STR      R5,[R4, #+0]
   \   000003FE   0xF8DE 0x5034      LDR      R5,[LR, #+52]
   \   00000402   0x6125             STR      R5,[R4, #+16]
   \   00000404   0xF89E 0x5038      LDRB     R5,[LR, #+56]
   \   00000408   0xF89E 0x6039      LDRB     R6,[LR, #+57]
   \   0000040C   0x022D             LSLS     R5,R5,#+8
   \   0000040E   0xF405 0x65E0      AND      R5,R5,#0x700
   \   00000412   0xF006 0x0607      AND      R6,R6,#0x7
   \   00000416   0x4335             ORRS     R5,R6,R5
   \   00000418   0x80E5             STRH     R5,[R4, #+6]
   \   0000041A   0xF8BE 0x503A      LDRH     R5,[LR, #+58]
   \   0000041E   0x80A5             STRH     R5,[R4, #+4]
   \   00000420   0xF8BE 0x503C      LDRH     R5,[LR, #+60]
   \   00000424   0x82A5             STRH     R5,[R4, #+20]
   \   00000426   0xF8DE 0x5040      LDR      R5,[LR, #+64]
   \   0000042A   0x60A5             STR      R5,[R4, #+8]
   \   0000042C   0xF8DE 0x5044      LDR      R5,[LR, #+68]
   \   00000430   0x82E5             STRH     R5,[R4, #+22]
   \   00000432   0xF8DE 0x5044      LDR      R5,[LR, #+68]
   \   00000436   0x83E5             STRH     R5,[R4, #+30]
   1026                  }
   1027                  if (((handle->remaining_send_byte_count > 1) && (handle->bits_per_frame <= 8))
   1028                   || ((handle->remaining_send_byte_count > 2) && (handle->bits_per_frame > 8)))
   \                     ??DspiMasterTransferEdma_28: (+1)
   \   00000438   0x698D             LDR      R5,[R1, #+24]
   \   0000043A   0x2D02             CMP      R5,#+2
   \   0000043C   0xD302             BCC.N    ??DspiMasterTransferEdma_29
   \   0000043E   0x680D             LDR      R5,[R1, #+0]
   \   00000440   0x2D09             CMP      R5,#+9
   \   00000442   0xD305             BCC.N    ??DspiMasterTransferEdma_30
   \                     ??DspiMasterTransferEdma_29: (+1)
   \   00000444   0x698D             LDR      R5,[R1, #+24]
   \   00000446   0x2D03             CMP      R5,#+3
   \   00000448   0xBF24             ITT      CS 
   \   0000044A   0x680D             LDRCS    R5,[R1, #+0]
   \   0000044C   0x2D09             CMPCS    R5,#+9
   \   0000044E   0xD353             BCC.N    ??DspiMasterTransferEdma_31
   1029                  {
   1030                      transfer_config_c.src_addr = (uint32) (&(handle->command));
   1031                      transfer_config_c.dest_addr = (uint32) txAddr;
   \                     ??DspiMasterTransferEdma_30: (+1)
   \   00000450   0xF8CE 0x3034      STR      R3,[LR, #+52]
   \   00000454   0x1D0D             ADDS     R5,R1,#+4
   1032          
   1033                      transfer_config_c.source_transfer_size = DMA_TRANSFER_SIZE_FOUR_BYTE;
   \   00000456   0x2302             MOVS     R3,#+2
   \   00000458   0xF88E 0x3038      STRB     R3,[LR, #+56]
   1034                      transfer_config_c.dest_transfer_size = DMA_TRANSFER_SIZE_FOUR_BYTE;
   \   0000045C   0xF88E 0x3039      STRB     R3,[LR, #+57]
   \   00000460   0xF8CE 0x5030      STR      R5,[LR, #+48]
   1035                      transfer_config_c.source_offset = 0;
   \   00000464   0x2300             MOVS     R3,#+0
   \   00000466   0xF8AE 0x303A      STRH     R3,[LR, #+58]
   1036                      transfer_config_c.dest_offset = 0;
   \   0000046A   0xF8AE 0x303C      STRH     R3,[LR, #+60]
   1037                      transfer_config_c.minor_loop_bytes = 4;
   \   0000046E   0x2304             MOVS     R3,#+4
   \   00000470   0xF8CE 0x3040      STR      R3,[LR, #+64]
   1038          
   1039                      if (handle->bits_per_frame <= 8)
   \   00000474   0x680B             LDR      R3,[R1, #+0]
   \   00000476   0x2B09             CMP      R3,#+9
   \   00000478   0x698B             LDR      R3,[R1, #+24]
   \   0000047A   0xBF28             IT       CS 
   1040                      {
   1041                          transfer_config_c.major_loop_counts = handle->remaining_send_byte_count - 1;
   1042                      }
   1043                      else
   1044                      {
   1045                          transfer_config_c.major_loop_counts = handle->remaining_send_byte_count / 2 - 1;
   \   0000047C   0x085B             LSRCS    R3,R3,#+1
   \   0000047E   0x1E5B             SUBS     R3,R3,#+1
   \   00000480   0xF8CE 0x3044      STR      R3,[LR, #+68]
   1046                      }
   1047          
   1048                      DspiSetConfig(DMA_ENGINE1, DMA_CH2, &transfer_config_c, software_tcd);
   \   00000484   0xF8CC 0x5024      STR      R5,[R12, #+36]
   \   00000488   0xF8DE 0x3034      LDR      R3,[LR, #+52]
   \   0000048C   0xF8CC 0x3034      STR      R3,[R12, #+52]
   \   00000490   0xF89E 0x3038      LDRB     R3,[LR, #+56]
   \   00000494   0xF89E 0x5039      LDRB     R5,[LR, #+57]
   \   00000498   0x021B             LSLS     R3,R3,#+8
   \   0000049A   0xF403 0x63E0      AND      R3,R3,#0x700
   \   0000049E   0xF005 0x0507      AND      R5,R5,#0x7
   \   000004A2   0x432B             ORRS     R3,R5,R3
   \   000004A4   0xF8AC 0x302A      STRH     R3,[R12, #+42]
   \   000004A8   0xF8BE 0x303A      LDRH     R3,[LR, #+58]
   \   000004AC   0xF8AC 0x3028      STRH     R3,[R12, #+40]
   \   000004B0   0xF8BE 0x303C      LDRH     R3,[LR, #+60]
   \   000004B4   0xF8AC 0x3038      STRH     R3,[R12, #+56]
   \   000004B8   0xF8DE 0x3040      LDR      R3,[LR, #+64]
   \   000004BC   0xF8CC 0x302C      STR      R3,[R12, #+44]
   \   000004C0   0xF8DE 0x3044      LDR      R3,[LR, #+68]
   \   000004C4   0xF8AC 0x303A      STRH     R3,[R12, #+58]
   \   000004C8   0xF8DE 0x3044      LDR      R3,[LR, #+68]
   \   000004CC   0xF8AC 0x3042      STRH     R3,[R12, #+66]
   \   000004D0   0xB154             CBZ.N    R4,??DspiMasterTransferEdma_32
   \   000004D2   0xF8CC 0x403C      STR      R4,[R12, #+60]
   \   000004D6   0xF64F 0x74F7      MOVW     R4,#+65527
   \   000004DA   0xF8BC 0x3040      LDRH     R3,[R12, #+64]
   \   000004DE   0x4023             ANDS     R3,R4,R3
   \   000004E0   0xF043 0x0310      ORR      R3,R3,#0x10
   \   000004E4   0xF8AC 0x3040      STRH     R3,[R12, #+64]
   1049                      //Enable auto stop request
   1050                      DMA0->TCD[DMA_CH2].CSR = (DMA0->TCD[DMA_CH2].CSR & (~DMA_CSR_DREQ_MASK)) | DMA_CSR_DREQ(FALSE);
   \                     ??DspiMasterTransferEdma_32: (+1)
   \   000004E8   0xF64F 0x74F7      MOVW     R4,#+65527
   \   000004EC   0xF8BC 0x3040      LDRH     R3,[R12, #+64]
   \   000004F0   0x4023             ANDS     R3,R4,R3
   \   000004F2   0xF8AC 0x3040      STRH     R3,[R12, #+64]
   \   000004F6   0xE027             B.N      ??DspiMasterTransferEdma_33
   1051          
   1052                  }
   1053                  else
   1054                  {
   1055                      DspiSetConfig(DMA_ENGINE1, DMA_CH2, &transfer_config_c, NULL);
   \                     ??DspiMasterTransferEdma_31: (+1)
   \   000004F8   0xF8DE 0x3030      LDR      R3,[LR, #+48]
   \   000004FC   0xF8CC 0x3024      STR      R3,[R12, #+36]
   \   00000500   0xF8DE 0x3034      LDR      R3,[LR, #+52]
   \   00000504   0xF8CC 0x3034      STR      R3,[R12, #+52]
   \   00000508   0xF89E 0x3038      LDRB     R3,[LR, #+56]
   \   0000050C   0xF89E 0x4039      LDRB     R4,[LR, #+57]
   \   00000510   0x021B             LSLS     R3,R3,#+8
   \   00000512   0xF403 0x63E0      AND      R3,R3,#0x700
   \   00000516   0xF004 0x0407      AND      R4,R4,#0x7
   \   0000051A   0x4323             ORRS     R3,R4,R3
   \   0000051C   0xF8AC 0x302A      STRH     R3,[R12, #+42]
   \   00000520   0xF8BE 0x303A      LDRH     R3,[LR, #+58]
   \   00000524   0xF8AC 0x3028      STRH     R3,[R12, #+40]
   \   00000528   0xF8BE 0x303C      LDRH     R3,[LR, #+60]
   \   0000052C   0xF8AC 0x3038      STRH     R3,[R12, #+56]
   \   00000530   0xF8DE 0x3040      LDR      R3,[LR, #+64]
   \   00000534   0xF8CC 0x302C      STR      R3,[R12, #+44]
   \   00000538   0xF8DE 0x3044      LDR      R3,[LR, #+68]
   \   0000053C   0xF8AC 0x303A      STRH     R3,[R12, #+58]
   \   00000540   0xF8DE 0x3044      LDR      R3,[LR, #+68]
   \   00000544   0xF8AC 0x3042      STRH     R3,[R12, #+66]
   1056                  }
   1057                  //EdmaStartTransfer(handle->edma_rx_reg_to_rx_data_handle);
   1058                  DMA0->SERQ = DMA_SERQ_SERQ(DMA_CH0);
   \                     ??DspiMasterTransferEdma_33: (+1)
   \   00000548   0x2300             MOVS     R3,#+0
   \   0000054A   0x7013             STRB     R3,[R2, #+0]
   1059                  DMA0->SERQ = DMA_SERQ_SERQ(DMA_CH1);
   \   0000054C   0x2301             MOVS     R3,#+1
   \   0000054E   0x7013             STRB     R3,[R2, #+0]
   1060                  DMA0->SERQ = DMA_SERQ_SERQ(DMA_CH2);
   \   00000550   0x2302             MOVS     R3,#+2
   \   00000552   0x7013             STRB     R3,[R2, #+0]
   1061              #endif
   1062          
   1063              #if (SPI0_FEATURE == ENABLED)
   1064                   /*if there is Tx DMA request , carry the 32bits data (handle->command) to PUSHR first , then link to channelB
   1065                   to prepare the next 32bits data (User_send_buffer to handle->command) */
   1066                   if (handle->remaining_send_byte_count > 1)
   \   00000554   0x6989             LDR      R1,[R1, #+24]
   \   00000556   0x2902             CMP      R1,#+2
   \   00000558   0xD31B             BCC.N    ??DspiMasterTransferEdma_34
   1067                   {
   1068                     /* Enable minor link */
   1069                       DMA0->TCD[DMA_CH2].CITER_ELINKNO |= DMA_CITER_ELINKYES_ELINK_MASK;
   \   0000055A   0xF8BC 0x103A      LDRH     R1,[R12, #+58]
   \   0000055E   0xF441 0x4100      ORR      R1,R1,#0x8000
   \   00000562   0xF8AC 0x103A      STRH     R1,[R12, #+58]
   \   00000566   0xF24E 0x12FF      MOVW     R2,#+57855
   1070                       DMA0->TCD[DMA_CH2].BITER_ELINKNO  |= DMA_BITER_ELINKYES_ELINK_MASK;
   \   0000056A   0xF8BC 0x1042      LDRH     R1,[R12, #+66]
   \   0000056E   0xF441 0x4100      ORR      R1,R1,#0x8000
   \   00000572   0xF8AC 0x1042      STRH     R1,[R12, #+66]
   1071                       /* Set likned channel */
   1072                       tmpreg = DMA0->TCD[DMA_CH2].CITER_ELINKNO  & (~DMA_CITER_ELINKYES_LINKCH_MASK);
   \   00000576   0xF8BC 0x103A      LDRH     R1,[R12, #+58]
   1073                       tmpreg |= DMA_CITER_ELINKYES_LINKCH(DMA_CH1);
   1074                       DMA0->TCD[DMA_CH2].CITER_ELINKNO  = tmpreg;
   \   0000057A   0x4011             ANDS     R1,R2,R1
   \   0000057C   0xF441 0x7100      ORR      R1,R1,#0x200
   \   00000580   0xF8AC 0x103A      STRH     R1,[R12, #+58]
   1075                       tmpreg = DMA0->TCD[DMA_CH2].BITER_ELINKNO & (~DMA_BITER_ELINKYES_LINKCH_MASK);
   \   00000584   0xF8BC 0x1042      LDRH     R1,[R12, #+66]
   1076                       tmpreg |= DMA_BITER_ELINKYES_LINKCH(DMA_CH1);
   1077                       DMA0->TCD[DMA_CH2].BITER_ELINKNO  = tmpreg;
   \   00000588   0x4011             ANDS     R1,R2,R1
   \   0000058A   0xF441 0x7100      ORR      R1,R1,#0x200
   \   0000058E   0xF8AC 0x1042      STRH     R1,[R12, #+66]
   1078                   }
   1079                  base->RSER |= (SPI_RSER_RFDF_RE_MASK | SPI_RSER_RFDF_DIRS_MASK)|(SPI_RSER_TFFF_RE_MASK | SPI_RSER_TFFF_DIRS_MASK);
   \                     ??DspiMasterTransferEdma_34: (+1)
   \   00000592   0x6B01             LDR      R1,[R0, #+48]
   \   00000594   0x....             LDR.N    R2,??DataTable14_14  ;; 0x3030000
   \   00000596   0x4311             ORRS     R1,R2,R1
   \   00000598   0x6301             STR      R1,[R0, #+48]
   1080              #endif
   1081          
   1082              #if(SPI_DMA_FEATURE==ENABLED)
   1083                  base->MCR &= ~SPI_MCR_HALT_MASK;
   \   0000059A   0x6801             LDR      R1,[R0, #+0]
   \   0000059C   0x0849             LSRS     R1,R1,#+1
   \   0000059E   0x0049             LSLS     R1,R1,#+1
   \   000005A0   0x6001             STR      R1,[R0, #+0]
   1084              #endif
   1085          }
   \   000005A2   0xE8BD 0x81F0      POP      {R4-R8,PC}       ;; return
   1086          //---------------------------------------------------------------------------------------------------------------------
   1087          /**
   1088           *  @brief      This API is used for SPI set TCD register configuration for  Master communication
   1089           *
   1090           *  @details    TThis API is used for SPI set TCD register source address,destination address,Number of bytes for  Master communication
   1091           *
   1092           *  @param      dma_engine          :this variable is used to to select which DMA ENGINE is using
   1093           *  @param      channel             :this variable is used to to select which channel is  using
   1094           *  @param      transfer_config     :DSPI master transfer data configuration used for the transfer*
   1095           *  @param      next_tcd            :is used to configure scatter/gather feature as a next hardware TCD.
   1096          */

   \                                 In section .text, align 2, keep-with-next
   1097          void DspiSetConfig(DMA_ENGINE_TYPE dma_engine,DMA_CHANNEL_TYPE channel,EDMA_TRANSFER_CONFIG *transfer_config, EDMA_TCD *next_tcd)
                                                    ^
Remark[Pe826]: parameter "dma_engine" was never referenced
   1098          {
   1099              DMA0->TCD[channel].SADDR = transfer_config->src_addr;
   \                     DspiSetConfig: (+1)
   \   00000000   0x0148             LSLS     R0,R1,#+5
   \   00000002   0x....             LDR.N    R1,??DataTable14_15  ;; 0x40009000
   \   00000004   0xF8D2 0xC000      LDR      R12,[R2, #+0]
   \   00000008   0xF840 0xC001      STR      R12,[R0, R1]
   1100               /* destination address */
   1101              DMA0->TCD[channel].DADDR = transfer_config->dest_addr;
   \   0000000C   0x1840             ADDS     R0,R0,R1
   \   0000000E   0x6851             LDR      R1,[R2, #+4]
   \   00000010   0x6101             STR      R1,[R0, #+16]
   1102               /* Source data and destination data transfer size */
   1103               DMA0->TCD[channel].ATTR = DMA_ATTR_SSIZE(transfer_config->source_transfer_size) | DMA_ATTR_DSIZE(transfer_config->dest_transfer_size);
   \   00000012   0x7A11             LDRB     R1,[R2, #+8]
   \   00000014   0xF892 0xC009      LDRB     R12,[R2, #+9]
   \   00000018   0x0209             LSLS     R1,R1,#+8
   \   0000001A   0xF401 0x61E0      AND      R1,R1,#0x700
   \   0000001E   0xF00C 0x0C07      AND      R12,R12,#0x7
   \   00000022   0xEA4C 0x0101      ORR      R1,R12,R1
   \   00000026   0x80C1             STRH     R1,[R0, #+6]
   1104               /* Source address signed offset */
   1105               DMA0->TCD[channel].SOFF = transfer_config->source_offset;
   \   00000028   0x8951             LDRH     R1,[R2, #+10]
   \   0000002A   0x8081             STRH     R1,[R0, #+4]
   1106               /* Destination address signed offset */
   1107               DMA0->TCD[channel].DOFF =transfer_config->dest_offset;
   \   0000002C   0x8991             LDRH     R1,[R2, #+12]
   \   0000002E   0x8281             STRH     R1,[R0, #+20]
   1108               /* Minor byte transfer count */
   1109               DMA0->TCD[channel].NBYTES_MLNO = transfer_config->minor_loop_bytes;
   \   00000030   0x6911             LDR      R1,[R2, #+16]
   \   00000032   0x6081             STR      R1,[R0, #+8]
   1110               /* Current major iteration count */
   1111               DMA0->TCD[channel].CITER_ELINKNO = transfer_config->major_loop_counts;
   \   00000034   0x6951             LDR      R1,[R2, #+20]
   \   00000036   0x82C1             STRH     R1,[R0, #+22]
   1112               /* Starting major iteration count */
   1113               DMA0->TCD[channel].BITER_ELINKNO = transfer_config->major_loop_counts;
   \   00000038   0x6951             LDR      R1,[R2, #+20]
   \   0000003A   0x83C1             STRH     R1,[R0, #+30]
   1114               if (next_tcd != NULL)
   \   0000003C   0xB13B             CBZ.N    R3,??DspiSetConfig_0
   1115               {
   1116                   DMA0->TCD[channel].DLAST_SGA = (uint32)next_tcd;
   \   0000003E   0x6183             STR      R3,[R0, #+24]
   1117                   /*
   1118                       Before call EdmaTcdSetTransferConfig or EDMA_SetTransferConfig,
   1119                       user must call EdmaTcdReset or EDMA_ResetChannel which will set
   1120                       DREQ, so must use "|" or "&" rather than "=".
   1121          
   1122                       Clear the DREQ bit because scatter gather has been enabled, so the
   1123                       previous transfer is not the last transfer, and channel request should
   1124                       be enabled at the next transfer(the next TCD).
   1125                   */
   1126                   DMA0->TCD[channel].CSR = (DMA0->TCD[channel].CSR | DMA_CSR_ESG_MASK) & ~DMA_CSR_DREQ_MASK;
   \   00000040   0xF64F 0x72F7      MOVW     R2,#+65527
   \   00000044   0x8B81             LDRH     R1,[R0, #+28]
   \   00000046   0x4011             ANDS     R1,R2,R1
   \   00000048   0xF041 0x0110      ORR      R1,R1,#0x10
   \   0000004C   0x8381             STRH     R1,[R0, #+28]
   1127               }
   1128          }
   \                     ??DspiSetConfig_0: (+1)
   \   0000004E   0x4770             BX       LR               ;; return
   1129          //---------------------------------------------------------------------------------------------------------------------
   1130          /**
   1131           *  @brief      This API is used for  TCD registers reset
   1132           *  @param      tcd            :is used to configure scatter/gather feature as a next hardware TCD.
   1133          */
   1134          

   \                                 In section .text, align 2, keep-with-next
   1135          void EdmaTcdReset( EDMA_TCD *tcd)
   1136          {
   1137          
   1138              /* Reset channel TCD */
   1139              tcd->SADDR = 0U;
   \                     EdmaTcdReset: (+1)
   \   00000000   0x2100             MOVS     R1,#+0
   \   00000002   0x6001             STR      R1,[R0, #+0]
   1140              tcd->SOFF = 0U;
   \   00000004   0x8081             STRH     R1,[R0, #+4]
   1141              tcd->ATTR = 0U;
   \   00000006   0x80C1             STRH     R1,[R0, #+6]
   1142              tcd->NBYTES = 0U;
   \   00000008   0x6081             STR      R1,[R0, #+8]
   1143              tcd->SLAST = 0U;
   \   0000000A   0x60C1             STR      R1,[R0, #+12]
   1144              tcd->DADDR = 0U;
   \   0000000C   0x6101             STR      R1,[R0, #+16]
   1145              tcd->DOFF = 0U;
   \   0000000E   0x8281             STRH     R1,[R0, #+20]
   1146              tcd->CITER = 0U;
   \   00000010   0x82C1             STRH     R1,[R0, #+22]
   1147              tcd->DLAST_SGA = 0U;
   \   00000012   0x6181             STR      R1,[R0, #+24]
   1148              /* Enable auto disable request feature */
   1149              tcd->CSR = DMA_CSR_DREQ(TRUE);
   \   00000014   0x2108             MOVS     R1,#+8
   \   00000016   0x8381             STRH     R1,[R0, #+28]
   1150              tcd->BITER = 0U;
   \   00000018   0x2100             MOVS     R1,#+0
   \   0000001A   0x83C1             STRH     R1,[R0, #+30]
   1151          }
   \   0000001C   0x4770             BX       LR               ;; return
   1152          //---------------------------------------------------------------------------------------------------------------------
   1153          /**
   1154           *  @brief      This API is used for  configure TCD registers
   1155           *  @details    This API is used for  configure TCD registers based on the  requirement like source address,destination address,and number of bytes etc
   1156           *  @param      tcd            :is used to configure scatter/gather feature as a next hardware TCD.
   1157           *  @param      config         :DSPI master transfer data configuration used for the transfer
   1158           *
   1159          */

   \                                 In section .text, align 2, keep-with-next
   1160          void EdmaTcdSetTransferConfig( EDMA_TCD *tcd, const EDMA_TRANSFER_CONFIG *config)
   1161          {
   1162              /* source address */
   1163              tcd->SADDR = config->src_addr;
   \                     EdmaTcdSetTransferConfig: (+1)
   \   00000000   0x680A             LDR      R2,[R1, #+0]
   \   00000002   0x6002             STR      R2,[R0, #+0]
   1164              /* destination address */
   1165              tcd->DADDR = config->dest_addr;
   \   00000004   0x684A             LDR      R2,[R1, #+4]
   \   00000006   0x6102             STR      R2,[R0, #+16]
   1166              /* Source data and destination data transfer size */
   1167              tcd->ATTR = DMA_ATTR_SSIZE(config->source_transfer_size) | DMA_ATTR_DSIZE(config->dest_transfer_size);
   \   00000008   0x7A0A             LDRB     R2,[R1, #+8]
   \   0000000A   0x7A4B             LDRB     R3,[R1, #+9]
   \   0000000C   0x0212             LSLS     R2,R2,#+8
   \   0000000E   0xF402 0x62E0      AND      R2,R2,#0x700
   \   00000012   0xF003 0x0307      AND      R3,R3,#0x7
   \   00000016   0x431A             ORRS     R2,R3,R2
   \   00000018   0x80C2             STRH     R2,[R0, #+6]
   1168              /* Source address signed offset */
   1169              tcd->SOFF = config->source_offset;
   \   0000001A   0x894A             LDRH     R2,[R1, #+10]
   \   0000001C   0x8082             STRH     R2,[R0, #+4]
   1170              /* Destination address signed offset */
   1171              tcd->DOFF = config->dest_offset;
   \   0000001E   0x898A             LDRH     R2,[R1, #+12]
   \   00000020   0x8282             STRH     R2,[R0, #+20]
   1172              /* Minor byte transfer count */
   1173              tcd->NBYTES = config->minor_loop_bytes;
   \   00000022   0x690A             LDR      R2,[R1, #+16]
   \   00000024   0x6082             STR      R2,[R0, #+8]
   1174              /* Current major iteration count */
   1175              tcd->CITER = config->major_loop_counts;
   \   00000026   0x694A             LDR      R2,[R1, #+20]
   \   00000028   0x82C2             STRH     R2,[R0, #+22]
   1176              /* Starting major iteration count */
   1177              tcd->BITER = config->major_loop_counts;
   \   0000002A   0x6949             LDR      R1,[R1, #+20]
   \   0000002C   0x83C1             STRH     R1,[R0, #+30]
   1178              /* Enable scatter/gather processing */
   1179          }
   \   0000002E   0x4770             BX       LR               ;; return
   1180          //---------------------------------------------------------------------------------------------------------------------
   1181          /**
   1182           *  @brief      This API is used  to start DMA transfer
   1183           *  @details    This API is used  to start DMA transfer
   1184           *  @param      handle            :it is a DMA transfer handle structure variable
   1185          */
   1186          

   \                                 In section .text, align 2, keep-with-next
   1187          void EdmaStartTransfer(EDMA_HANDLE *handle)
   1188          {
   1189          
   1190              handle->base->SERQ = DMA_SERQ_SERQ(handle->channel);
   \                     EdmaStartTransfer: (+1)
   \   00000000   0x7B01             LDRB     R1,[R0, #+12]
   \   00000002   0x6840             LDR      R0,[R0, #+4]
   \   00000004   0xF001 0x010F      AND      R1,R1,#0xF
   \   00000008   0x76C1             STRB     R1,[R0, #+27]
   1191          }
   \   0000000A   0x4770             BX       LR               ;; return
   1192          //---------------------------------------------------------------------------------------------------------------------
   1193          /**
   1194           *  @brief      This API is used  to initialize DMA_SPI Master initialization
   1195           *  @details    This API is used  to start DMA transfer
   1196           *  @param      base            :This variable contains base address of SPI
   1197           *  @param      masterConfig    :DSPI master configuration structure variable
   1198           *  @param      src_clock_hz    :This variable contains clock frequency of source
   1199          */
   1200          

   \                                 In section .text, align 2, keep-with-next
   1201          void DspiMasterInit(SPI_TYPE *base, const DSPI_MASTER_CONFIG  *masterConfig, uint32 src_clock_hz)
   1202          {
   \                     DspiMasterInit: (+1)
   \   00000000   0xB530             PUSH     {R4,R5,LR}
   \   00000002   0x4604             MOV      R4,R0
   \   00000004   0xB081             SUB      SP,SP,#+4
   1203          
   1204              uint32 temp;
   1205              base->MCR &= ~SPI_MCR_MDIS_MASK;
   \   00000006   0x6820             LDR      R0,[R4, #+0]
   \   00000008   0xF420 0x4080      BIC      R0,R0,#0x4000
   \   0000000C   0x6020             STR      R0,[R4, #+0]
   \   0000000E   0x460D             MOV      R5,R1
   1206              base->MCR |= SPI_MCR_HALT_MASK;
   \   00000010   0x6820             LDR      R0,[R4, #+0]
   \   00000012   0x....             LDR.N    R1,??DataTable14_6  ;; 0xbaffccff
   \   00000014   0xF040 0x0001      ORR      R0,R0,#0x1
   \   00000018   0x6020             STR      R0,[R4, #+0]
   \   0000001A   0x4613             MOV      R3,R2
   1207              base->MCR = (base->MCR & (~SPI_MCR_MSTR_MASK)) | SPI_MCR_MSTR(DSPI_MASTER);
   \   0000001C   0x6820             LDR      R0,[R4, #+0]
   \   0000001E   0xF040 0x4000      ORR      R0,R0,#0x80000000
   \   00000022   0x6020             STR      R0,[R4, #+0]
   1208          
   1209          
   1210              temp = base->MCR & (~(SPI_MCR_CONT_SCKE_MASK | SPI_MCR_MTFE_MASK | SPI_MCR_ROOE_MASK | SPI_MCR_SMPL_PT_MASK |
   1211                                    SPI_MCR_DIS_TXF_MASK | SPI_MCR_DIS_RXF_MASK));
   1212          
   1213              base->MCR = temp | SPI_MCR_CONT_SCKE(masterConfig->enable_continuos_sck) |
   1214                          SPI_MCR_MTFE(masterConfig->enable_modified_timing_format) |
   1215                          SPI_MCR_ROOE(masterConfig->enable_rx_fifo_over_write) | SPI_MCR_SMPL_PT(DSPI_SCK_TO_SIN0_CLOCK) |
   1216                          SPI_MCR_DIS_TXF(FALSE) | SPI_MCR_DIS_RXF(FALSE);
   \   00000024   0x6820             LDR      R0,[R4, #+0]
   \   00000026   0x4008             ANDS     R0,R1,R0
   \   00000028   0x7E29             LDRB     R1,[R5, #+24]
   \   0000002A   0x0789             LSLS     R1,R1,#+30
   \   0000002C   0xF001 0x4180      AND      R1,R1,#0x40000000
   \   00000030   0x4308             ORRS     R0,R1,R0
   \   00000032   0x7EA9             LDRB     R1,[R5, #+26]
   \   00000034   0x0689             LSLS     R1,R1,#+26
   \   00000036   0xF001 0x6180      AND      R1,R1,#0x4000000
   \   0000003A   0x4308             ORRS     R0,R1,R0
   \   0000003C   0x7E69             LDRB     R1,[R5, #+25]
   \   0000003E   0x0609             LSLS     R1,R1,#+24
   \   00000040   0xF001 0x7180      AND      R1,R1,#0x1000000
   \   00000044   0x4308             ORRS     R0,R1,R0
   \   00000046   0x6020             STR      R0,[R4, #+0]
   \   00000048   0x2100             MOVS     R1,#+0
   1217          
   1218              base->MCR |= SPI_MCR_PCSIS(DSPI_PCS_ACTIVE_HIGH );
   \   0000004A   0x6820             LDR      R0,[R4, #+0]
   \   0000004C   0x6020             STR      R0,[R4, #+0]
   1219              if (0 == DspiMasterSetBaudrate(base, DSPI_CTAR0, masterConfig->ctar_config.baud_rate, src_clock_hz))
   \   0000004E   0x4620             MOV      R0,R4
   \   00000050   0x682A             LDR      R2,[R5, #+0]
   \   00000052   0x.... 0x....      BL       DspiMasterSetBaudrate
   1220              {
   1221              }
   1222          
   1223              temp = base->CTAR[DSPI_CTAR0] &
   1224                     ~(SPI_CTAR_FMSZ_MASK | SPI_CTAR_CPOL_MASK | SPI_CTAR_CPHA_MASK | SPI_CTAR_LSBFE_MASK);
   1225          
   1226              base->CTAR[DSPI_CTAR0] =
   1227                  temp | SPI_CTAR_FMSZ(masterConfig->ctar_config.bits_per_frame - 1) | SPI_CTAR_CPOL(masterConfig->ctar_config.cpol) |
   1228                  SPI_CTAR_CPHA(masterConfig->ctar_config.cpha) | SPI_CTAR_LSBFE(masterConfig->ctar_config.direction);
   \   00000056   0x68E0             LDR      R0,[R4, #+12]
   \   00000058   0x6869             LDR      R1,[R5, #+4]
   \   0000005A   0x1E49             SUBS     R1,R1,#+1
   \   0000005C   0x06C9             LSLS     R1,R1,#+27
   \   0000005E   0xF020 0x40FE      BIC      R0,R0,#0x7F000000
   \   00000062   0xF001 0x41F0      AND      R1,R1,#0x78000000
   \   00000066   0x4308             ORRS     R0,R1,R0
   \   00000068   0x7A29             LDRB     R1,[R5, #+8]
   \   0000006A   0x0689             LSLS     R1,R1,#+26
   \   0000006C   0xF001 0x6180      AND      R1,R1,#0x4000000
   \   00000070   0x4308             ORRS     R0,R1,R0
   \   00000072   0x7A69             LDRB     R1,[R5, #+9]
   \   00000074   0x0649             LSLS     R1,R1,#+25
   \   00000076   0xF001 0x7100      AND      R1,R1,#0x2000000
   \   0000007A   0x4308             ORRS     R0,R1,R0
   \   0000007C   0x7AA9             LDRB     R1,[R5, #+10]
   \   0000007E   0x0609             LSLS     R1,R1,#+24
   \   00000080   0xF001 0x7180      AND      R1,R1,#0x1000000
   \   00000084   0x4308             ORRS     R0,R1,R0
   \   00000086   0x60E0             STR      R0,[R4, #+12]
   1229          
   1230              base->MCR &= ~SPI_MCR_HALT_MASK;
   \   00000088   0x6820             LDR      R0,[R4, #+0]
   \   0000008A   0x0840             LSRS     R0,R0,#+1
   \   0000008C   0x0040             LSLS     R0,R0,#+1
   \   0000008E   0x6020             STR      R0,[R4, #+0]
   1231          }
   \   00000090   0xB001             ADD      SP,SP,#+4
   \   00000092   0xBD30             POP      {R4,R5,PC}       ;; return
   1232          //---------------------------------------------------------------------------------------------------------------------
   1233          /**
   1234           *  @brief      This API is used  to set  DMA_SPI baud rate
   1235           *  @details    This API is used  to set  DMA_SPI baud rate
   1236           *  @param      base             :This variable contains base address of SPI
   1237           *  @param      baud_rate_bps    :This variable is used to select the baud rate defined by the user
   1238           *  @param      src_clock_hz     :This variable contains clock frequency of source
   1239          */

   \                                 In section .text, align 4, keep-with-next
   1240          uint32 DspiMasterSetBaudrate(SPI_TYPE *base,uint32  which_ctar,uint32 baud_rate_bps,uint32 src_clock_hz)
                                                                     ^
Remark[Pe826]: parameter "which_ctar" was never referenced
   1241          {
   \                     DspiMasterSetBaudrate: (+1)
   \   00000000   0xE92D 0x4FF1      PUSH     {R0,R4-R11,LR}
   1242              uint32 temp;
   1243              uint32 pre_scaler, best_pre_scaler;
   1244              uint32 scaler, best_scaler;
   1245              uint32 dbr, best_dbr;
   1246              uint32 real_baud_rate, best_baud_rate;
   1247              uint32 diff, min_diff;
   1248              uint32 baud_rate = baud_rate_bps;
   1249          
   1250              /* find combination of pre_scaler and scaler resulting in baud_rate closest to the requested value */
   1251              min_diff = 0xFFFFFFFFU;
   1252              best_pre_scaler = 0;
   \   00000004   0xF04F 0x0C00      MOV      R12,#+0
   1253              best_scaler = 0;
   1254              best_dbr = 1;
   1255              best_baud_rate = 0; /* required to avoid compilation warning */
   \   00000008   0x2000             MOVS     R0,#+0
   \   0000000A   0xF04F 0x37FF      MOV      R7,#-1
   \   0000000E   0x46E6             MOV      LR,R12
   \   00000010   0x2601             MOVS     R6,#+1
   1256          
   1257              /* In all for loops, if min_diff = 0, the exit for loop*/
   1258              for (pre_scaler = 0; (pre_scaler < 4) && min_diff; pre_scaler++)
   \   00000012   0x4601             MOV      R1,R0
   \   00000014   0x.... 0x....      ADR.W    R4,BAUD_RATE_PRESCALAR
   1259              {
   1260                  for (scaler = 0; (scaler < 16) && min_diff; scaler++)
   \                     ??DspiMasterSetBaudrate_0: (+1)
   \   00000018   0xF05F 0x0500      MOVS.W   R5,#+0
   \   0000001C   0x.... 0x....      ADR.W    R8,BAUD_RATE_SCALAR
   1261                  {
   1262                      for (dbr = 1; (dbr < 3) && min_diff; dbr++)
   \                     ??DspiMasterSetBaudrate_1: (+1)
   \   00000020   0xF8D4 0x9000      LDR      R9,[R4, #+0]
   \   00000024   0xF8D8 0xA000      LDR      R10,[R8, #+0]
   \   00000028   0xFB0A 0xF909      MUL      R9,R10,R9
   1263                      {
   1264                          real_baud_rate = ((src_clock_hz * dbr) / (BAUD_RATE_PRESCALAR[pre_scaler] * (BAUD_RATE_SCALAR[scaler])));
   \   0000002C   0xFBB3 0xFAF9      UDIV     R10,R3,R9
   1265          
   1266                          /* calculate the baud rate difference based on the conditional statement that states that the calculated
   1267                          * baud rate must not exceed the desired baud rate.
   1268                          */
   1269                          if (baud_rate >= real_baud_rate)
   \   00000030   0x4552             CMP      R2,R10
   \   00000032   0xD309             BCC.N    ??DspiMasterSetBaudrate_2
   1270                          {
   1271                              diff = baud_rate - real_baud_rate;
   \   00000034   0xEBA2 0x0B0A      SUB      R11,R2,R10
   1272                              if (min_diff > diff)
   \   00000038   0x45BB             CMP      R11,R7
   \   0000003A   0xD205             BCS.N    ??DspiMasterSetBaudrate_2
   1273                              {
   1274                                  /* a better match found */
   1275                                  min_diff = diff;
   \   0000003C   0x465F             MOV      R7,R11
   1276                                  best_pre_scaler = pre_scaler;
   \   0000003E   0x468C             MOV      R12,R1
   1277                                  best_scaler = scaler;
   \   00000040   0x46AE             MOV      LR,R5
   1278                                  best_baud_rate = real_baud_rate;
   \   00000042   0x4650             MOV      R0,R10
   1279                                  best_dbr = dbr;
   \   00000044   0x2601             MOVS     R6,#+1
   \   00000046   0xB177             CBZ.N    R7,??DspiMasterSetBaudrate_3
   \                     ??DspiMasterSetBaudrate_2: (+1)
   \   00000048   0xEA4F 0x0A43      LSL      R10,R3,#+1
   \   0000004C   0xFBBA 0xF9F9      UDIV     R9,R10,R9
   \   00000050   0x454A             CMP      R2,R9
   \   00000052   0xD308             BCC.N    ??DspiMasterSetBaudrate_3
   \   00000054   0xEBA2 0x0A09      SUB      R10,R2,R9
   \   00000058   0x45BA             CMP      R10,R7
   \   0000005A   0xD204             BCS.N    ??DspiMasterSetBaudrate_3
   \   0000005C   0x4657             MOV      R7,R10
   \   0000005E   0x468C             MOV      R12,R1
   \   00000060   0x46AE             MOV      LR,R5
   \   00000062   0x4648             MOV      R0,R9
   \   00000064   0x2602             MOVS     R6,#+2
   1280                              }
   1281                          }
   1282                      }
   1283                  }
   \                     ??DspiMasterSetBaudrate_3: (+1)
   \   00000066   0x1C6D             ADDS     R5,R5,#+1
   \   00000068   0xF108 0x0804      ADD      R8,R8,#+4
   \   0000006C   0x2D10             CMP      R5,#+16
   \   0000006E   0xD201             BCS.N    ??DspiMasterSetBaudrate_4
   \   00000070   0x2F00             CMP      R7,#+0
   \   00000072   0xD1D5             BNE.N    ??DspiMasterSetBaudrate_1
   1284              }
   \                     ??DspiMasterSetBaudrate_4: (+1)
   \   00000074   0x1C49             ADDS     R1,R1,#+1
   \   00000076   0x1D24             ADDS     R4,R4,#+4
   \   00000078   0x2904             CMP      R1,#+4
   \   0000007A   0xD201             BCS.N    ??DspiMasterSetBaudrate_5
   \   0000007C   0x2F00             CMP      R7,#+0
   \   0000007E   0xD1CB             BNE.N    ??DspiMasterSetBaudrate_0
   1285          
   1286              /* write the best dbr, prescalar, and baud rate scalar to the CTAR */
   1287              temp = base->CTAR[DSPI_CTAR0] & ~(SPI_CTAR_DBR_MASK | SPI_CTAR_PBR_MASK | SPI_CTAR_BR_MASK);
   1288          
   1289              base->CTAR[DSPI_CTAR0] = temp | ((best_dbr - 1) << SPI_CTAR_DBR_SHIFT) | (best_pre_scaler << SPI_CTAR_PBR_SHIFT) |
   1290                                      (best_scaler << SPI_CTAR_BR_SHIFT);
   \                     ??DspiMasterSetBaudrate_5: (+1)
   \   00000080   0x9900             LDR      R1,[SP, #+0]
   \   00000082   0x....             LDR.N    R2,??DataTable14_16  ;; 0x7ffcfff0
   \   00000084   0x68C9             LDR      R1,[R1, #+12]
   \   00000086   0x4011             ANDS     R1,R2,R1
   \   00000088   0x1E72             SUBS     R2,R6,#+1
   \   0000008A   0xEA41 0x71C2      ORR      R1,R1,R2, LSL #+31
   \   0000008E   0x9A00             LDR      R2,[SP, #+0]
   \   00000090   0xEA41 0x410C      ORR      R1,R1,R12, LSL #+16
   \   00000094   0xEA4E 0x0101      ORR      R1,LR,R1
   \   00000098   0x60D1             STR      R1,[R2, #+12]
   1291          
   1292              /* return the actual calculated baud rate */
   1293              return best_baud_rate;
   \   0000009A   0xB001             ADD      SP,SP,#+4
   \   0000009C   0xE8BD 0x8FF0      POP      {R4-R11,PC}      ;; return
   1294          }
   1295          //---------------------------------------------------------------------------------------------------------------------
   1296          /**
   1297            * @brief  Disables the specified DMAy Channelx.
   1298            * @param  channel: Defines the specific Dma channel from the DMA_CHANNEL_TYPE
   1299            */

   \                                 In section .text, align 2, keep-with-next
   1300          void DspiDisable(DMA_ENGINE_TYPE dma_engine, DMA_CHANNEL_TYPE channel)
                                                  ^
Remark[Pe826]: parameter "dma_engine" was never referenced

      static SPI_BUFFER_TYPE Spi0_Tx_Write;
                             ^
"C:\Data\Python\Self_Commissioning_Bpm\source\XCategory\Driver\Spi\Spi.c",366  Warning[Pe550]: 
          variable "Spi0_Tx_Write" was set but never used

      static SPI_BUFFER_TYPE Spi0_Tx_Read;
                             ^
"C:\Data\Python\Self_Commissioning_Bpm\source\XCategory\Driver\Spi\Spi.c",367  Warning[Pe550]: 
          variable "Spi0_Tx_Read" was set but never used

                      handle->last_command = (handle->last_command & 0xffff0000U) | handle->tx_data[bufferIndex - 1];
                      ^
"C:\Data\Python\Self_Commissioning_Bpm\source\XCategory\Driver\Spi\Spi.c",983  Warning[Pa082]: 
          undefined behavior: the order of volatile accesses is undefined in
          this statement

                          handle->last_command = (handle->last_command & 0xffff0000U) | handle->tx_data[bufferIndex - 2]
                          ^
"C:\Data\Python\Self_Commissioning_Bpm\source\XCategory\Driver\Spi\Spi.c",989  Warning[Pa082]: 
          undefined behavior: the order of volatile accesses is undefined in
          this statement

                          handle->last_command = (handle->last_command & 0xffff0000U)
                          ^
"C:\Data\Python\Self_Commissioning_Bpm\source\XCategory\Driver\Spi\Spi.c",994  Warning[Pa082]: 
          undefined behavior: the order of volatile accesses is undefined in
          this statement
   1301          {
   1302              /* Reset channel TCD */
   1303               DMA0->TCD[channel].SADDR = 0U;
   \                     DspiDisable: (+1)
   \   00000000   0x0148             LSLS     R0,R1,#+5
   \   00000002   0x....             LDR.N    R1,??DataTable14_15  ;; 0x40009000
   \   00000004   0x2200             MOVS     R2,#+0
   \   00000006   0x5042             STR      R2,[R0, R1]
   1304               DMA0->TCD[channel].SOFF = 0U;
   \   00000008   0x1840             ADDS     R0,R0,R1
   \   0000000A   0x2108             MOVS     R1,#+8
   \   0000000C   0x8082             STRH     R2,[R0, #+4]
   1305               DMA0->TCD[channel].ATTR = 0U;
   \   0000000E   0x80C2             STRH     R2,[R0, #+6]
   1306               DMA0->TCD[channel].NBYTES_MLNO = 0U;
   \   00000010   0x6082             STR      R2,[R0, #+8]
   1307               DMA0->TCD[channel].SLAST = 0U;
   \   00000012   0x60C2             STR      R2,[R0, #+12]
   1308               DMA0->TCD[channel].DADDR = 0U;
   \   00000014   0x6102             STR      R2,[R0, #+16]
   1309               DMA0->TCD[channel].DOFF = 0U;
   \   00000016   0x8282             STRH     R2,[R0, #+20]
   1310               DMA0->TCD[channel].CITER_ELINKNO = 0U;
   \   00000018   0x82C2             STRH     R2,[R0, #+22]
   1311               DMA0->TCD[channel].DLAST_SGA = 0U;
   \   0000001A   0x6182             STR      R2,[R0, #+24]
   1312               /* Enable auto disable request feature */
   1313               DMA0->TCD[channel].CSR = DMA_CSR_DREQ(TRUE);
   \   0000001C   0x8381             STRH     R1,[R0, #+28]
   1314               DMA0->TCD[channel].BITER_ELINKNO = 0U;
   \   0000001E   0x83C2             STRH     R2,[R0, #+30]
   1315          }
   \   00000020   0x4770             BX       LR               ;; return

   \                                 In section .text, align 4, keep-with-next
   \                     ??DataTable14:
   \   00000000   0x4004803C         DC32     0x4004803c

   \                                 In section .text, align 4, keep-with-next
   \                     ??DataTable14_1:
   \   00000000   0x........         DC32     masterConfig

   \                                 In section .text, align 4, keep-with-next
   \                     ??DataTable14_2:
   \   00000000   0x4004B014         DC32     0x4004b014

   \                                 In section .text, align 4, keep-with-next
   \                     ??DataTable14_3:
   \   00000000   0x005B8D80         DC32     0x5b8d80

   \                                 In section .text, align 4, keep-with-next
   \                     ??DataTable14_4:
   \   00000000   0x40021000         DC32     0x40021000

   \                                 In section .text, align 4, keep-with-next
   \                     ??DataTable14_5:
   \   00000000   0x4002C000         DC32     0x4002c000

   \                                 In section .text, align 4, keep-with-next
   \                     ??DataTable14_6:
   \   00000000   0xBAFFCCFF         DC32     0xbaffccff

   \                                 In section .text, align 4, keep-with-next
   \                     ??DataTable14_7:
   \   00000000   0x4002C02C         DC32     0x4002c02c

   \                                 In section .text, align 4, keep-with-next
   \                     ??DataTable14_8:
   \   00000000   0xDA0A0000         DC32     0xda0a0000

   \                                 In section .text, align 4, keep-with-next
   \                     ??DataTable14_9:
   \   00000000   0x4002D000         DC32     0x4002d000

   \                                 In section .text, align 4, keep-with-next
   \                     ??DataTable14_10:
   \   00000000   0xFCFCFFFF         DC32     0xfcfcffff

   \                                 In section .text, align 4, keep-with-next
   \                     ??DataTable14_11:
   \   00000000   0x4000801B         DC32     0x4000801b

   \                                 In section .text, align 4, keep-with-next
   \                     ??DataTable14_12:
   \   00000000   0x4000901C         DC32     0x4000901c

   \                                 In section .text, align 4, keep-with-next
   \                     ??DataTable14_13:
   \   00000000   0x........         DC32     transfer_config_a

   \                                 In section .text, align 4, keep-with-next
   \                     ??DataTable14_14:
   \   00000000   0x03030000         DC32     0x3030000

   \                                 In section .text, align 4, keep-with-next
   \                     ??DataTable14_15:
   \   00000000   0x40009000         DC32     0x40009000

   \                                 In section .text, align 4, keep-with-next
   \                     ??DataTable14_16:
   \   00000000   0x7FFCFFF0         DC32     0x7ffcfff0
   1316          

   Maximum stack usage in bytes:

   .cstack Function
   ------- --------
       0   DspiDisable
      16   DspiMasterInit
        16   -> DspiMasterSetBaudrate
      40   DspiMasterSetBaudrate
      24   DspiMasterTransferEdma
       0   DspiSetConfig
       0   EdmaStartTransfer
       0   EdmaTcdReset
       0   EdmaTcdSetTransferConfig
       0   Spi__Clear
       0   Spi__Disable
       0   Spi__Enable
       0   Spi__GetStatus
      16   Spi__Initialize
        16   -> DspiMasterSetBaudrate
        16   -> Micro__GetClock
       0   Spi__Interrupt0
      16   Spi__Read
        16   -> __aeabi_memcpy
       0   Spi__SetConfiguration
      16   Spi__Write
        16   -> DspiMasterTransferEdma
        16   -> __aeabi_memcpy


   Section sizes:

   Bytes  Function/Label
   -----  --------------
       4  ??DataTable14
       4  ??DataTable14_1
       4  ??DataTable14_10
       4  ??DataTable14_11
       4  ??DataTable14_12
       4  ??DataTable14_13
       4  ??DataTable14_14
       4  ??DataTable14_15
       4  ??DataTable14_16
       4  ??DataTable14_2
       4  ??DataTable14_3
       4  ??DataTable14_4
       4  ??DataTable14_5
       4  ??DataTable14_6
       4  ??DataTable14_7
       4  ??DataTable14_8
       4  ??DataTable14_9
      16  BAUD_RATE_PRESCALAR
      64  BAUD_RATE_SCALAR
      34  DspiDisable
     148  DspiMasterInit
     160  DspiMasterSetBaudrate
    1446  DspiMasterTransferEdma
      80  DspiSetConfig
      12  EdmaStartTransfer
      30  EdmaTcdReset
      48  EdmaTcdSetTransferConfig
       1  Spi0_Tx_Read
       1  Spi0_Tx_Write
      16  Spi__Clear
      16  Spi__Disable
      16  Spi__Enable
      36  Spi__GetStatus
     286  Spi__Initialize
      28  Spi__Interrupt0
      60  Spi__Read
       2  Spi__SetConfiguration
      78  Spi__Write
       1  dummy_data
     280  masterConfig
          master_transfer
          Spi0_Busy
          Spi0_Rx_Write
          Spi0_Rx_Read
          Spi0_Tx_Buffer
          Spi0_Rx_Buffer
          Spi_Master_Dma_Handle
       4  masterRxChannel
       4  masterTxChannel
       4  rxAddr
       4  tmpreg
      74  transfer_config_a
          transfer_config_b
          transfer_config_c
          word_to_send
       4  txAddr

 
   377 bytes in section .bss
 2 644 bytes in section .text
 
 2 644 bytes of CODE memory
   377 bytes of DATA memory

Errors: none
Warnings: 5
