###############################################################################
#
# IAR ANSI C/C++ Compiler V7.20.5.7591/W32 for ARM        06/Aug/2024  13:42:12
# Copyright 1999-2014 IAR Systems AB.
#
#    Cpu mode     =  thumb
#    Endian       =  little
#    Source file  =  
#        C:\Data\Python\Self_Commissioning_Bpm\source\XCategory\Driver\SRMCInputCapture\SRMCInputCapture.c
#    Command line =  
#        -I./ -I../cx/ -I../cx/inc/ -ICategory/ -ICategory/Application/
#        -ICategory/Application/ThermalModel/
#        -ICategory/Application/ThermalModel/ThermalModelCore_DD/
#        -ICategory/Application/ThermalModel/ThermalModelCore_sBPM/
#        -ICategory/Common/ -ICategory/Common/BoardDebugging/
#        -ICategory/Common/MasterCommander/
#        -ICategory/Common/MasterCommander/Source/
#        -ICategory/Common/MasterCommander/Source/HAL/
#        -ICategory/Common/SelfCommissioning/ -ICategory/Hbl/
#        -IProjectSpecific/ -IProjectSpecific/Application/
#        -IProjectSpecific/Application/API007App/
#        -IProjectSpecific/Application/ModeManagement/
#        -IProjectSpecific/Application/MotorSelector/
#        -IProjectSpecific/Application/ProductInfo/
#        -IProjectSpecific/Application/SRMcuSpeedMonitor/
#        -IProjectSpecific/Application/ThermalModel/
#        -IProjectSpecific/CommonCore/ -IProjectSpecific/Driver/
#        -IProjectSpecific/MasterCommander/ -IProjectSpecific/Mci/
#        -IProjectSpecific/Mci/Mcl/ -IProjectSpecific/Mci/Mcl/old_xls/
#        -IXCategory/ -IXCategory/Application/
#        -IXCategory/Application/MciParametersLoader/
#        -IXCategory/Application/Mode/ -IXCategory/Application/Reveal_APIs/
#        -IXCategory/Application/Reveal_APIs/API003Disc/
#        -IXCategory/Application/Reveal_APIs/API004Debug/
#        -IXCategory/Application/Reveal_APIs/API005LowLevel/
#        -IXCategory/Application/Reveal_APIs/API007Data/
#        -IXCategory/Application/Reveal_APIs/API009System/
#        -IXCategory/Application/Reveal_APIs/API010PollVar/
#        -IXCategory/Application/Reveal_APIs/API011AppCtr/
#        -IXCategory/Application/Reveal_APIs/API013RemoteFunction/
#        -IXCategory/Application/Reveal_APIs/API018Diagnostic/
#        -IXCategory/Application/Reveal_APIs/API019ProductInfo/
#        -IXCategory/Application/Reveal_APIs/API220MotorControl/
#        -IXCategory/Application/Reveal_APIs/API220MotorControl/API/
#        -IXCategory/Application/Reveal_APIs/API221MotionCtrl/
#        -IXCategory/Application/Reveal_APIs/SRAPI020Safety/
#        -IXCategory/Application/SFUpdater/ -IXCategory/Common/
#        -IXCategory/Common/Crc16/ -IXCategory/Common/Crc8/
#        -IXCategory/Common/Log/ -IXCategory/Common/Millis/
#        -IXCategory/Common/SettingFile/ -IXCategory/Common/SRClockMonitor/
#        -IXCategory/Common/SRData/ -IXCategory/Common/SRException/
#        -IXCategory/Common/SRFlow/ -IXCategory/Common/SRIsrMonitor/
#        -IXCategory/Common/SRMain/ -IXCategory/Common/SRMcuSpeedMonitor/
#        -IXCategory/Common/SRPowerMgr/ -IXCategory/Common/SRSignature/
#        -IXCategory/Common/SRSystemConfig/
#        -IXCategory/Common/SRTimerReference/ -IXCategory/Common/SystemConfig/
#        -IXCategory/Common/SystemTimers/ -IXCategory/Common/Utilities/
#        -IXCategory/Driver/ -IXCategory/Driver/API/
#        -IXCategory/Driver/API/Comparator/ -IXCategory/Driver/API/DataFlash/
#        -IXCategory/Driver/API/Dma/ -IXCategory/Driver/API/Flash/
#        -IXCategory/Driver/API/Gpio/ -IXCategory/Driver/API/Micro/
#        -IXCategory/Driver/API/Spi/ -IXCategory/Driver/API/SRMCAtod/
#        -IXCategory/Driver/API/SRMCInputCapture/
#        -IXCategory/Driver/API/SRMCPwm/ -IXCategory/Driver/API/TimerInterrupt/
#        -IXCategory/Driver/API/Uart/ -IXCategory/Driver/Comparator/
#        -IXCategory/Driver/DataFlash/ -IXCategory/Driver/Dma/
#        -IXCategory/Driver/Flash/ -IXCategory/Driver/Gpio/
#        -IXCategory/Driver/Micro/ -IXCategory/Driver/Spi/
#        -IXCategory/Driver/SRMCAtod/ -IXCategory/Driver/SRMCInputCapture/
#        -IXCategory/Driver/SRMCPwm/ -IXCategory/Driver/TimerInterrupt/
#        -IXCategory/Driver/Uart/ -IXCategory/Hbl/ -IXCategory/Hbl/Mci/
#        -IXCategory/Hbl/Mci/InverterTemp/ -IXCategory/Hbl/Mci/Mcl/
#        -IXCategory/Hbl/Mci/Mcl/Braking/ -IXCategory/Hbl/Mci/Mcl/MacroBlocks/
#        -IXCategory/Hbl/Mci/Mcl/MclFvt/ -IXCategory/Hbl/Mci/Mcl/MicroBlocks/
#        -IXCategory/Hbl/Mci/Mcl/MicroBlocks/ClrkPark/
#        -IXCategory/Hbl/Mci/Mcl/MicroBlocks/Filters/
#        -IXCategory/Hbl/Mci/Mcl/MicroBlocks/Math/
#        -IXCategory/Hbl/Mci/Mcl/MicroBlocks/ObserverPmsm/
#        -IXCategory/Hbl/Mci/Mcl/MicroBlocks/Pi/
#        -IXCategory/Hbl/Mci/Mcl/MicroBlocks/PwmModulation/
#        -IXCategory/Hbl/Mci/Mcl/ResistanceEstimation/
#        -IXCategory/Hbl/Mci/PowerModuleManager/
#        -IXCategory/Hbl/Mci/SpeedRefGen/ -IXCategory/Hbl/Mci/SurgeRelay/
#        -IXCategory/Hbl/SRMotorSafetyMgr/
#        -IXCategory/Hbl/SRMotorSafetyMgr/API/ -IXCategory/Service/
#        -IXCategory/Service/Reveal/ -IXCategory/Service/Win/ --remarks
#        --no_tbaa --debug --use_c++_inline --only_stdout --dlib_config
#        ..\cx\inc\DLib_Config_Normal.h -r -D
#        ENABLE_JUMP_TO_APPLICATION_WITHOUT_IAP_FIRMWARE -D
#        SET_FLASH_OPTION_CONFIGURATION -D ARM_MATH_CM4 -e --silent
#        --endian=little --cpu Cortex-M4 --fpu=VFPv4_sp -Ohs -o
#        SRMCInputCapture.obj -l ..\listings\SRMCInputCapture.lst
#        C:\Data\Python\Self_Commissioning_Bpm\source\XCategory\Driver\SRMCInputCapture\SRMCInputCapture.c
#    List file    =  ..\listings\SRMCInputCapture.lst
#    Object file  =  SRMCInputCapture.obj
#
###############################################################################

C:\Data\Python\Self_Commissioning_Bpm\source\XCategory\Driver\SRMCInputCapture\SRMCInputCapture.c
      1          /**
      2           *  @defgroup   CLASS_B
      3           *  @file       SRMCInputCapture.c
      4           *  @brief      This module treats the Input Capture peripheral for motor control
      5           *
      6           *  @details    InputCapture implementation for KV3x Controllers
      7           *
      8           *
      9           *  @copyright  Copyright 2016-$Date$. Whirlpool Corporation. All rights reserved - CONFIDENTIAL
     10           */
     11          //---------------------------------------------------------------------------------------------------------------------
     12          //---------------------------------------------------------------------------------------------------------------------
     13          
     14          
     15          //-------------------------------------- Include Files ----------------------------------------------------------------
     16          #include "SRMCInputCapture.h"
     17          #include "SRMCInputCapture_prm.h"
     18          #include "SRMCInputCapture_prv.h"
     19          #include "C_Extensions.h"
     20          #include "Micro_defs.h"
     21          #include "MathCalc.h"
     22          #include "SRData.h"
     23          
     24          #include "mci_prm.h"
     25          
     26          //-------------------------------------- PUBLIC (Variables) -----------------------------------------------------------
     27          
     28          
     29          //-------------------------------------- PRIVATE (Variables, Constants & Defines) -------------------------------------
     30          
     31          #ifndef MAX_U32
     32              #define MAX_U32     4294967295UL                //!< Maximum of uint32
     33          #endif
     34          
     35          #ifndef MAX_U16
     36              #define MAX_U16     65535                       //!< Maximum of unsigned short
     37          #endif
     38          
     39          
     40          #if (INPUTCAPTURE_MODULE == 0)
     41          	#define IC_CLK_EN_MASK SIM_SCGC6_FTM0_MASK
     42          	#define IC_BASE_REG IC_MODULE_0
     43          #endif
     44          #if (INPUTCAPTURE_MODULE == 1)
     45          	#define IC_CLK_EN_MASK SIM_SCGC6_FTM1_MASK
     46          	#define IC_BASE_REG IC_MODULE_1
     47          #endif
     48          #if (INPUTCAPTURE_MODULE == 2)
     49          	#define IC_CLK_EN_MASK SIM_SCGC6_FTM2_MASK
     50          	#define IC_BASE_REG IC_MODULE_2
     51          #endif
     52          
     53          
     54          //! Plausibility check for the minimum IC counter value
     55          #define SR_PLAUSIBILITY_MIN_COUNTER_VALUE       284  // Same as OmegaScale
     56          
     57          //! Plausibility check for the maximum IC counter difference
     58          #define SR_PLAUSIBILITY_MAX_DIFFERENCE_CONST    2283 // DeltaOmega = 2463 rpm_M -> OmegaScale * BaseSpeed / (DeltaOmega)
     59          
     60          //! Maximum number of maximum speed change difference errors before declaring the fault
     61          #define SR_MAX_SPEED_CHANGE_CNT_THR             5000
     62          
     63          //! Threshold for speed region discrimination
     64          #define SR_HIGH_SPEED_REGION_THR                5623 // 1000 rpm_M
     65          
     66          //! Maximum number of minimum IC counter events before declaring the fault
     67          #define SR_MIN_TACH_CNT_THR                     5000
     68          
     69          //! Fictitious ramp duration
     70          #define SR_FICT_RAMP_DOWN_COUNTER               50000 // 250 seconds @ 5 ms
     71          
     72          //! Undertorque pulse threshold
     73          #define SR_UNDERTORQUE_PULSE_THR                200
     74          
     75          //-------------------------------------- Safety Relevant Variables ------------------------------------------------
     76          
     77          //! [n/a] total of overflow captured between two captures

   \                                 In section .bss, align 4
     78          static uint32 SR_IC_OverFlow_Total;
     79          
     80          //! [n/a] total of overflow captured between two captures
     81          static uint32 SR_IC_OverFlow_Total_k1;
     82          
     83          //! [n/a] counts the input capture overflow; temporary variable
     84          static uint32 SR_IC_OverFlow_Counter;
     85          
     86          //! TRUE a capture event has happened once; No event otherwise
     87          static uint8 SR_Capture_Event;
   \                     SR_Capture_Event:
   \   00000000                      DS8 1
   \   00000001                      DS8 1
   \   00000002                      DS8 1
   \   00000003                      DS8 1
   \   00000004                      DS8 4
   \   00000008                      DS8 4
   \   0000000C                      DS8 4
   \   00000010                      DS8 4
   \   00000014                      DS8 4
   \   00000018                      DS8 4
   \   0000001C                      DS8 4
   \   00000020                      DS8 4
   \   00000024                      DS8 1
   \   00000025                      DS8 1
   \   00000026                      DS8 1
   \   00000027                      DS8 1
   \   00000028                      DS8 4
   \   0000002C                      DS8 4
   \   00000030                      DS8 4
   \   00000034                      DS8 4
   \   00000038                      DS8 4
   \   0000003C                      DS8 4
   \   00000040                      DS8 4
   \   00000044                      DS8 4
     88          
     89          //! Match event counter
     90          static uint32 SR_Match_Event_Counter;
     91          
     92          //! Plausibility counter for maximum detectable speed
     93          static uint32 SR_Plausibility_Min_Counter;
     94          
     95          //! Plausibility counter for maximum speed variation
     96          static uint32 SR_Plausibility_Max_Counter;
     97          
     98          //! Fictitious ramp counter
     99          static uint32 SR_Fict_Ramp_Counter;
    100          
    101          //! High speed region status
    102          static BOOL_TYPE SR_High_Speed_Region;
    103          
    104          //! Pulse counter for undertorque management
    105          static uint32 SR_Pulse_Counter;
    106          
    107          //! External request to reset the SR_Pulse_Counter
    108          static uint8 SR_Reset_Pulse_Flag;
    109          
    110          //! Diagnostic handler status
    111          static SRMCINPUTCAPTURE_DIAG_ERROR_TYPE SR_Diagnostic_Status;
    112          
    113          static uint32 NSR_IC_OverFlow_Total;
    114          static uint32 NSR_IC_OverFlow_Total_k1;
    115          static uint32 NSR_IC_OverFlow_Counter;
    116          static uint8 NSR_Capture_Event;
    117          static uint32 NSR_Match_Event_Counter;
    118          static uint32 NSR_Plausibility_Min_Counter;
    119          static uint32 NSR_Plausibility_Max_Counter;
    120          static uint32 NSR_Fict_Ramp_Counter;
    121          static BOOL_TYPE NSR_High_Speed_Region;
    122          static uint32 NSR_Pulse_Counter;
    123          static uint8 NSR_Reset_Pulse_Flag;
    124          static SRMCINPUTCAPTURE_DIAG_ERROR_TYPE NSR_Diagnostic_Status;
    125          
    126          //---------------------------------------- Macros -----------------------------------------------------
    127          
    128          #if(1)
    129          // CHECK Macro defs
    130          //lint -emacro( 929, SR_MCIC_CHECK_OVERFLOW_TOTAL )
    131          #define SR_MCIC_CHECK_OVERFLOW_TOTAL()                     SRData__CheckLong((unsigned long *)&SR_IC_OverFlow_Total, (unsigned long *)&NSR_IC_OverFlow_Total)
    132          //lint -emacro( 929, SR_MCIC_CHECK_OVERFLOW_TOTAL_K1 )
    133          #define SR_MCIC_CHECK_OVERFLOW_TOTAL_K1()                  SRData__CheckLong((unsigned long *)&SR_IC_OverFlow_Total_k1, (unsigned long *)&NSR_IC_OverFlow_Total_k1)
    134          //lint -emacro( 929, SR_MCIC_CHECK_OVERFLOW_CNTR )
    135          #define SR_MCIC_CHECK_OVERFLOW_CNTR()                      SRData__CheckLong((unsigned long *)&SR_IC_OverFlow_Counter, (unsigned long *)&NSR_IC_OverFlow_Counter)
    136          //lint -emacro( 926, SR_MCIC_CHECK_CAPTURE_EVENT )
    137          #define SR_MCIC_CHECK_CAPTURE_EVENT()                      SRData__CheckByte((unsigned char *)&SR_Capture_Event, (unsigned char *)&NSR_Capture_Event)
    138          //lint -emacro( 929, SR_MCIC_CHECK_MATCH_EVENT_CNTR )
    139          #define SR_MCIC_CHECK_MATCH_EVENT_CNTR()                   SRData__CheckLong((unsigned long *)&SR_Match_Event_Counter, (unsigned long *)&NSR_Match_Event_Counter)
    140          //lint -emacro( 929, SR_MCIC_CHECK_PLAUSIBILITY_MIN_CNTR )
    141          #define SR_MCIC_CHECK_PLAUSIBILITY_MIN_CNTR()              SRData__CheckLong((unsigned long *)&SR_Plausibility_Min_Counter, (unsigned long *)&NSR_Plausibility_Min_Counter)
    142          //lint -emacro( 929, SR_MCIC_CHECK_PLAUSIBILITY_MAX_CNTR )
    143          #define SR_MCIC_CHECK_PLAUSIBILITY_MAX_CNTR()              SRData__CheckLong((unsigned long *)&SR_Plausibility_Max_Counter, (unsigned long *)&NSR_Plausibility_Max_Counter)
    144          //lint -emacro( 929, SR_MCIC_CHECK_FICT_RAMP_CNTR )
    145          #define SR_MCIC_CHECK_FICT_RAMP_CNTR()                     SRData__CheckLong((unsigned long *)&SR_Fict_Ramp_Counter, (unsigned long *)&NSR_Fict_Ramp_Counter)
    146          //lint -emacro( 928, SR_MCIC_CHECK_HIGH_SPEED_REGION )
    147          #define SR_MCIC_CHECK_HIGH_SPEED_REGION()                  SRData__CheckByte((unsigned char *)&SR_High_Speed_Region, (unsigned char *)&NSR_High_Speed_Region)
    148          //lint -emacro( 929, SR_MCIC_CHECK_PULSE_CNTR )
    149          #define SR_MCIC_CHECK_PULSE_CNTR()                         SRData__CheckLong((unsigned long *)&SR_Pulse_Counter, (unsigned long *)&NSR_Pulse_Counter)
    150          //lint -emacro( 926, SR_MCIC_CHECK_RESET_PULSE_FLAG )
    151          #define SR_MCIC_CHECK_RESET_PULSE_FLAG()                   SRData__CheckByte((unsigned char *)&SR_Reset_Pulse_Flag, (unsigned char *)&NSR_Reset_Pulse_Flag)
    152          //lint -emacro( 928, SR_MCIC_CHECK_DIAGNOSTIC_STATUS )
    153          #define SR_MCIC_CHECK_DIAGNOSTIC_STATUS()                  SRData__CheckByte((unsigned char *)&SR_Diagnostic_Status, (unsigned char *)&NSR_Diagnostic_Status)
    154          
    155          // UPDATE Macro defs
    156          //lint -emacro( 929, SR_MCIC_UPDATE_OVERFLOW_TOTAL )
    157          #define SR_MCIC_UPDATE_OVERFLOW_TOTAL(value)               SRData__UpdateLong((unsigned long *)&SR_IC_OverFlow_Total, (unsigned long *)&NSR_IC_OverFlow_Total, (unsigned long)(value))
    158          //lint -emacro( 929, SR_MCIC_UPDATE_OVERFLOW_TOTAL_K1 )
    159          #define SR_MCIC_UPDATE_OVERFLOW_TOTAL_K1(value)            SRData__UpdateLong((unsigned long *)&SR_IC_OverFlow_Total_k1, (unsigned long *)&NSR_IC_OverFlow_Total_k1, (unsigned long)(value))
    160          //lint -emacro( 929, SR_MCIC_UPDATE_OVERFLOW_CNTR )
    161          #define SR_MCIC_UPDATE_OVERFLOW_CNTR(value)                SRData__UpdateLong((unsigned long *)&SR_IC_OverFlow_Counter, (unsigned long *)&NSR_IC_OverFlow_Counter, (unsigned long)(value))
    162          //lint -emacro( 926, SR_MCIC_UPDATE_CAPTURE_EVENT )
    163          #define SR_MCIC_UPDATE_CAPTURE_EVENT(value)                SRData__UpdateByte((unsigned char *)&SR_Capture_Event, (unsigned char *)&NSR_Capture_Event, (unsigned char)(value))
    164          //lint -emacro( 929, SR_MCIC_UPDATE_MATCH_EVENT_CNTR )
    165          #define SR_MCIC_UPDATE_MATCH_EVENT_CNTR(value)             SRData__UpdateLong((unsigned long *)&SR_Match_Event_Counter, (unsigned long *)&NSR_Match_Event_Counter, (unsigned long)(value))
    166          //lint -emacro( 929, SR_MCIC_UPDATE_PLAUSIBILITY_MIN_CNTR )
    167          #define SR_MCIC_UPDATE_PLAUSIBILITY_MIN_CNTR(value)        SRData__UpdateLong((unsigned long *)&SR_Plausibility_Min_Counter, (unsigned long *)&NSR_Plausibility_Min_Counter, (unsigned long)(value))
    168          //lint -emacro( 929, SR_MCIC_UPDATE_PLAUSIBILITY_MAX_CNTR )
    169          #define SR_MCIC_UPDATE_PLAUSIBILITY_MAX_CNTR(value)        SRData__UpdateLong((unsigned long *)&SR_Plausibility_Max_Counter, (unsigned long *)&NSR_Plausibility_Max_Counter, (unsigned long)(value))
    170          //lint -emacro( 929, SR_MCIC_UPDATE_FICT_RAMP_CNTR )
    171          #define SR_MCIC_UPDATE_FICT_RAMP_CNTR(value)               SRData__UpdateLong((unsigned long *)&SR_Fict_Ramp_Counter, (unsigned long *)&NSR_Fict_Ramp_Counter, (unsigned long)(value))
    172          //lint -emacro( 928, SR_MCIC_UPDATE_HIGH_SPEED_REGION )
    173          #define SR_MCIC_UPDATE_HIGH_SPEED_REGION(value)            SRData__UpdateByte((unsigned char *)&SR_High_Speed_Region, (unsigned char *)&NSR_High_Speed_Region, (unsigned char)(value))
    174          //lint -emacro( 929, SR_MCIC_UPDATE_PULSE_CNTR )
    175          #define SR_MCIC_UPDATE_PULSE_CNTR(value)                   SRData__UpdateLong((unsigned long *)&SR_Pulse_Counter, (unsigned long *)&NSR_Pulse_Counter, (unsigned long)(value))
    176          //lint -emacro( 926, SR_MCIC_UPDATE_RESET_PULSE_FLAG )
    177          #define SR_MCIC_UPDATE_RESET_PULSE_FLAG(value)             SRData__UpdateByte((unsigned char *)&SR_Reset_Pulse_Flag, (unsigned char *)&NSR_Reset_Pulse_Flag, (unsigned char)(value))
    178          //lint -emacro( 928, SR_MCIC_UPDATE_DIAGNOSTIC_STATUS )
    179          #define SR_MCIC_UPDATE_DIAGNOSTIC_STATUS(value)            SRData__UpdateByte((unsigned char *)&SR_Diagnostic_Status, (unsigned char *)&NSR_Diagnostic_Status, (unsigned char)(value))
    180          
    181          
    182          #else
    183          // CHECK Macro defs
    184          #define SR_MCIC_CHECK_OVERFLOW_TOTAL()                     SRDATA_OK
    185          #define SR_MCIC_CHECK_OVERFLOW_TOTAL_K1()                  SRDATA_OK
    186          #define SR_MCIC_CHECK_OVERFLOW_CNTR()                      SRDATA_OK
    187          #define SR_MCIC_CHECK_CAPTURE_EVENT()                      SRDATA_OK
    188          #define SR_MCIC_CHECK_MATCH_EVENT_CNTR()                   SRDATA_OK
    189          #define SR_MCIC_CHECK_PLAUSIBILITY_MIN_CNTR()              SRDATA_OK
    190          #define SR_MCIC_CHECK_PLAUSIBILITY_MAX_CNTR()              SRDATA_OK
    191          #define SR_MCIC_CHECK_FICT_RAMP_CNTR()                     SRDATA_OK
    192          #define SR_MCIC_CHECK_HIGH_SPEED_REGION()                  SRDATA_OK
    193          #define SR_MCIC_CHECK_PULSE_CNTR()                         SRDATA_OK
    194          #define SR_MCIC_CHECK_RESET_PULSE_FLAG()                   SRDATA_OK
    195          #define SR_MCIC_CHECK_DIAGNOSTIC_STATUS()                  SRDATA_OK
    196          
    197          // UPDATE Macro defs
    198          #define SR_MCIC_UPDATE_OVERFLOW_TOTAL(value)               SR_IC_OverFlow_Total = (value)
    199          #define SR_MCIC_UPDATE_OVERFLOW_TOTAL_K1(value)            SR_IC_OverFlow_Total_k1 = (value)
    200          #define SR_MCIC_UPDATE_OVERFLOW_CNTR(value)                SR_IC_OverFlow_Counter = (value)
    201          #define SR_MCIC_UPDATE_CAPTURE_EVENT(value)                SR_Capture_Event = (value)
    202          #define SR_MCIC_UPDATE_MATCH_EVENT_CNTR(value)             SR_Match_Event_Counter = (value)
    203          #define SR_MCIC_UPDATE_PLAUSIBILITY_MIN_CNTR(value)        SR_Plausibility_Min_Counter = (value)
    204          #define SR_MCIC_UPDATE_PLAUSIBILITY_MAX_CNTR(value)        SR_Plausibility_Max_Counter = (value)
    205          #define SR_MCIC_UPDATE_FICT_RAMP_CNTR(value)               SR_Fict_Ramp_Counter = (value)
    206          #define SR_MCIC_UPDATE_HIGH_SPEED_REGION(value)            SR_High_Speed_Region = (value)
    207          #define SR_MCIC_UPDATE_PULSE_CNTR(value)                   SR_Pulse_Counter = (value)
    208          #define SR_MCIC_UPDATE_RESET_PULSE_FLAG(value)             SR_Reset_Pulse_Flag = (value)
    209          #define SR_MCIC_UPDATE_DIAGNOSTIC_STATUS(value)            SR_Diagnostic_Status = (value)
    210          #endif
    211          //-------------------------------------- PRIVATE (Function Prototypes) ------------------------------------------------
    212          
    213          static inline BOOL_TYPE IsPeripheralClockEnabled(void);
    214          static inline void DiagnosticHandler(void);
    215          
    216          //=====================================================================================================================
    217          //-------------------------------------- Public Functions -------------------------------------------------------------
    218          //=====================================================================================================================
    219          
    220          //---------------------------------------------------------------------------------------------------------------------
    221          /**
    222           *  @brief      It Initializes the module SRMCInputCapture and its variables
    223           *
    224           */

   \                                 In section .text, align 2, keep-with-next
    225          void SRMCInputCapture__Initialize(void)
    226          {
   \                     SRMCInputCapture__Initialize: (+1)
   \   00000000   0xB510             PUSH     {R4,LR}
    227              SRMCINPUTCAPTURE_FLOW_INITIALIZE_BEGIN();
    228          	/* enable clock to the selected module */
    229          	SIM.SCGC6 |= IC_CLK_EN_MASK;
   \   00000002   0x.... 0x....      LDR.W    R0,??DataTable14  ;; 0x4004803c
   \   00000006   0x.... 0x....      LDR.W    R4,??DataTable14_1
   \   0000000A   0x6801             LDR      R1,[R0, #+0]
   \   0000000C   0xF041 0x7100      ORR      R1,R1,#0x2000000
   \   00000010   0x6001             STR      R1,[R0, #+0]
   \   00000012   0x2200             MOVS     R2,#+0
    230          
    231          	IC_BASE_REG.MODE |= FTM_MODE_WPDIS_MASK; /* Disable write protection for certain registers */
   \   00000014   0x.... 0x....      LDR.W    R0,??DataTable14_2  ;; 0x40039000
   \   00000018   0x6D41             LDR      R1,[R0, #+84]
   \   0000001A   0xF041 0x0104      ORR      R1,R1,#0x4
   \   0000001E   0x6541             STR      R1,[R0, #+84]
    232          	IC_BASE_REG.MODE |= FTM_MODE_FTMEN_MASK; /* Enable the counter */
   \   00000020   0xF041 0x0101      ORR      R1,R1,#0x1
   \   00000024   0x6541             STR      R1,[R0, #+84]
    233          
    234          	/* Settings up FTM SC register for clock setup */
    235          	IC_BASE_REG.CNTIN = 0x0;
   \   00000026   0x2100             MOVS     R1,#+0
   \   00000028   0x64C1             STR      R1,[R0, #+76]
    236          	IC_BASE_REG.MOD = 0xFFFF;
   \   0000002A   0xF64F 0x71FF      MOVW     R1,#+65535
   \   0000002E   0x6081             STR      R1,[R0, #+8]
    237          
    238          	IC_BASE_REG.SC |= FTM_SC_CLKS(1); /* Set bus clock as source for FTM0 (CLKS[1:0] = 01) */
   \   00000030   0x6801             LDR      R1,[R0, #+0]
   \   00000032   0xF041 0x0108      ORR      R1,R1,#0x8
   \   00000036   0x6001             STR      R1,[R0, #+0]
    239          
    240          	IC_BASE_REG.SC |= FTM_SC_PS(INPUT_CAPTURE_PS);  /* Set prescaler */
   \   00000038   0xF041 0x0105      ORR      R1,R1,#0x5
   \   0000003C   0x6001             STR      R1,[R0, #+0]
    241          	IC_BASE_REG.CONTROLS[INPUTCAPTURE_CHANNEL].CnSC |= (FTM_CnSC_ELSA_MASK | FTM_CnSC_ELSB_MASK | FTM_CnSC_ICRST_MASK);   /* Input capture on both edges, reset CNT on capture */
   \   0000003E   0x6941             LDR      R1,[R0, #+20]
   \   00000040   0xF041 0x010E      ORR      R1,R1,#0xE
   \   00000044   0x6141             STR      R1,[R0, #+20]
    242          
    243          	// todo: this needs to be configurable, but it is chip specific
    244          #if (INPUTCAPTURE_MODULE == 1)
    245          	PCIPORTD.PCR[7]  = PORT_PCR_MUX(5); /* Setting PTD7 as FTM1 input pin */
   \   00000046   0xF44F 0x60A0      MOV      R0,#+1280
   \   0000004A   0x.... 0x....      LDR.W    R1,??DataTable14_3  ;; 0x4004c01c
   \   0000004E   0x6008             STR      R0,[R1, #+0]
    246          #else
    247              #error "Please set the proper input pin for the selected IC peripheral!"
    248          #endif
    249          	// Initialize the data to be handled while running input capture
    250          	// Zero the variables used by the input capture algorithm
    251          	SR_MCIC_UPDATE_OVERFLOW_CNTR(0);
   \   00000050   0xF104 0x0130      ADD      R1,R4,#+48
   \   00000054   0xF104 0x000C      ADD      R0,R4,#+12
   \   00000058   0x.... 0x....      BL       SRData__UpdateLong
    252          	SR_MCIC_UPDATE_OVERFLOW_TOTAL(MAX_U32);
   \   0000005C   0xF04F 0x32FF      MOV      R2,#-1
   \   00000060   0xF104 0x0128      ADD      R1,R4,#+40
   \   00000064   0x1D20             ADDS     R0,R4,#+4
   \   00000066   0x.... 0x....      BL       SRData__UpdateLong
    253          	SR_MCIC_UPDATE_OVERFLOW_TOTAL_K1(MAX_U32);
   \   0000006A   0xF04F 0x32FF      MOV      R2,#-1
   \   0000006E   0xF104 0x012C      ADD      R1,R4,#+44
   \   00000072   0xF104 0x0008      ADD      R0,R4,#+8
   \   00000076   0x.... 0x....      BL       SRData__UpdateLong
    254          	SR_MCIC_UPDATE_DIAGNOSTIC_STATUS(SR_IC_TEST_NOT_INITIALIZED);
   \   0000007A   0x2201             MOVS     R2,#+1
   \   0000007C   0xF104 0x0127      ADD      R1,R4,#+39
   \   00000080   0x1CE0             ADDS     R0,R4,#+3
   \   00000082   0x.... 0x....      BL       SRData__UpdateByte
    255              SR_MCIC_UPDATE_MATCH_EVENT_CNTR(0);
   \   00000086   0x2200             MOVS     R2,#+0
   \   00000088   0xF104 0x0134      ADD      R1,R4,#+52
   \   0000008C   0xF104 0x0010      ADD      R0,R4,#+16
   \   00000090   0x.... 0x....      BL       SRData__UpdateLong
    256              SR_MCIC_UPDATE_DIAGNOSTIC_STATUS(SR_IC_TEST_NOT_PERFORMED);
   \   00000094   0x2200             MOVS     R2,#+0
   \   00000096   0xF104 0x0127      ADD      R1,R4,#+39
   \   0000009A   0x1CE0             ADDS     R0,R4,#+3
   \   0000009C   0x.... 0x....      BL       SRData__UpdateByte
    257              SR_MCIC_UPDATE_PLAUSIBILITY_MIN_CNTR(0);
   \   000000A0   0x2200             MOVS     R2,#+0
   \   000000A2   0xF104 0x0138      ADD      R1,R4,#+56
   \   000000A6   0xF104 0x0014      ADD      R0,R4,#+20
   \   000000AA   0x.... 0x....      BL       SRData__UpdateLong
    258              SR_MCIC_UPDATE_PLAUSIBILITY_MAX_CNTR(0);
   \   000000AE   0x2200             MOVS     R2,#+0
   \   000000B0   0xF104 0x013C      ADD      R1,R4,#+60
   \   000000B4   0xF104 0x0018      ADD      R0,R4,#+24
   \   000000B8   0x.... 0x....      BL       SRData__UpdateLong
    259              SR_MCIC_UPDATE_FICT_RAMP_CNTR(SR_FICT_RAMP_DOWN_COUNTER);
   \   000000BC   0xF24C 0x3250      MOVW     R2,#+50000
   \   000000C0   0xF104 0x0140      ADD      R1,R4,#+64
   \   000000C4   0xF104 0x001C      ADD      R0,R4,#+28
   \   000000C8   0x.... 0x....      BL       SRData__UpdateLong
    260              SR_MCIC_UPDATE_MATCH_EVENT_CNTR(0);
   \   000000CC   0x2200             MOVS     R2,#+0
   \   000000CE   0xF104 0x0134      ADD      R1,R4,#+52
   \   000000D2   0xF104 0x0010      ADD      R0,R4,#+16
   \   000000D6   0x.... 0x....      BL       SRData__UpdateLong
    261              // Undertorque management
    262              SR_MCIC_UPDATE_PULSE_CNTR(0);
   \   000000DA   0x2200             MOVS     R2,#+0
   \   000000DC   0xF104 0x0144      ADD      R1,R4,#+68
   \   000000E0   0xF104 0x0020      ADD      R0,R4,#+32
   \   000000E4   0x.... 0x....      BL       SRData__UpdateLong
    263              SR_MCIC_UPDATE_HIGH_SPEED_REGION(FALSE);
   \   000000E8   0x2200             MOVS     R2,#+0
   \   000000EA   0xF104 0x0125      ADD      R1,R4,#+37
   \   000000EE   0x1C60             ADDS     R0,R4,#+1
   \   000000F0   0x.... 0x....      BL       SRData__UpdateByte
    264              SR_MCIC_UPDATE_RESET_PULSE_FLAG(FALSE);
   \   000000F4   0x2200             MOVS     R2,#+0
   \   000000F6   0xF104 0x0126      ADD      R1,R4,#+38
   \   000000FA   0x1CA0             ADDS     R0,R4,#+2
   \   000000FC   0x.... 0x....      BL       SRData__UpdateByte
    265          	// No capture event has happened so far
    266          	SR_MCIC_UPDATE_CAPTURE_EVENT(FALSE);
   \   00000100   0x2200             MOVS     R2,#+0
   \   00000102   0xF104 0x0124      ADD      R1,R4,#+36
   \   00000106   0x4620             MOV      R0,R4
   \   00000108   0x.... 0x....      BL       SRData__UpdateByte
    267          	SERVICE_WATCHDOG();
   \   0000010C   0xF3EF 0x8010      MRS      R0,PRIMASK
   \   00000110   0xB672             CPSID    I
   \   00000112   0x.... 0x....      LDR.W    R1,??DataTable14_4  ;; 0x4005200c
   \   00000116   0xF24A 0x6202      MOVW     R2,#+42498
   \   0000011A   0x800A             STRH     R2,[R1, #+0]
   \   0000011C   0xF24B 0x4280      MOVW     R2,#+46208
   \   00000120   0x800A             STRH     R2,[R1, #+0]
   \   00000122   0xF380 0x8810      MSR      PRIMASK,R0
    268          	SRMCINPUTCAPTURE_FLOW_INITIALIZE_END();
    269          }
   \   00000126   0xBD10             POP      {R4,PC}          ;; return
    270          
    271          //---------------------------------------------------------------------------------------------------------------------
    272          /**
    273           * @brief       Enable Input Capture peripheral.
    274           *
    275           * @details     This method will initialize the internal variables for the driver and
    276           *              will enable the timer counter.
    277           *
    278           * @remarks 	SRMCInputCapture__Initialize needs to be called first
    279           */

   \                                 In section .text, align 2, keep-with-next
    280          PASS_FAIL_TYPE SRMCInputCapture__EnableCapture(void)
    281          {
   \                     SRMCInputCapture__EnableCapture: (+1)
   \   00000000   0xB570             PUSH     {R4-R6,LR}
    282              uint32 temp;
    283          	PASS_FAIL_TYPE ret_val = FAIL;
    284              MICRO_DECLARE_INTERRUPT_CONTEXT_LOCAL();
    285          
    286              temp = SR_MCIC_CHECK_OVERFLOW_CNTR();
   \   00000002   0x.... 0x....      LDR.W    R4,??DataTable14_1
   \   00000006   0x2600             MOVS     R6,#+0
   \   00000008   0xF104 0x0130      ADD      R1,R4,#+48
   \   0000000C   0xF104 0x000C      ADD      R0,R4,#+12
   \   00000010   0x.... 0x....      BL       SRData__CheckLong
   \   00000014   0x4605             MOV      R5,R0
    287              temp += SR_MCIC_CHECK_MATCH_EVENT_CNTR();
    288              if(temp == SRDATA_OK)
   \   00000016   0xF104 0x0134      ADD      R1,R4,#+52
   \   0000001A   0xF104 0x0010      ADD      R0,R4,#+16
   \   0000001E   0x.... 0x....      BL       SRData__CheckLong
   \   00000022   0xFA50 0xF085      UXTAB    R0,R0,R5
   \   00000026   0xBB00             CBNZ.N   R0,??SRMCInputCapture__EnableCapture_0
    289              {
    290                  MICRO_SAVE_INTERRUPT_CONTEXT_LOCAL();
   \   00000028   0xF3EF 0x8510      MRS      R5,PRIMASK
   \   0000002C   0xB672             CPSID    I
    291                  // Access the register only if the clock for the module is enabled
    292                  if (IsPeripheralClockEnabled())
   \   0000002E   0x.... 0x....      LDR.W    R0,??DataTable14  ;; 0x4004803c
   \   00000032   0x6800             LDR      R0,[R0, #+0]
   \   00000034   0x0180             LSLS     R0,R0,#+6
   \   00000036   0xD516             BPL.N    ??SRMCInputCapture__EnableCapture_1
    293                  {
    294                      FTM1.MODE |= FTM_MODE_FTMEN_MASK;  /* Enable the counter */
   \   00000038   0x.... 0x....      LDR.W    R0,??DataTable14_5  ;; 0x40039054
   \   0000003C   0x6801             LDR      R1,[R0, #+0]
   \   0000003E   0xF041 0x0101      ORR      R1,R1,#0x1
   \   00000042   0x6001             STR      R1,[R0, #+0]
    295          
    296                      // Resets the input capture over flow counter
    297                      SR_MCIC_UPDATE_OVERFLOW_CNTR(0);
   \   00000044   0x2200             MOVS     R2,#+0
   \   00000046   0xF104 0x0130      ADD      R1,R4,#+48
   \   0000004A   0xF104 0x000C      ADD      R0,R4,#+12
   \   0000004E   0x.... 0x....      BL       SRData__UpdateLong
    298                      // Reset the Match Events counter
    299                      SR_MCIC_UPDATE_MATCH_EVENT_CNTR(0);
   \   00000052   0x4632             MOV      R2,R6
   \   00000054   0xF104 0x0134      ADD      R1,R4,#+52
   \   00000058   0xF104 0x0010      ADD      R0,R4,#+16
   \   0000005C   0x.... 0x....      BL       SRData__UpdateLong
    300                      // Reset the plausibility counters
    301                      SRMCInputCapture__InitDiagnostic();
   \   00000060   0x.... 0x....      BL       SRMCInputCapture__InitDiagnostic
    302          
    303                      ret_val = PASS;
   \   00000064   0x2601             MOVS     R6,#+1
    304                  }
    305                  MICRO_RESTORE_INTERRUPT_CONTEXT_LOCAL();
   \                     ??SRMCInputCapture__EnableCapture_1: (+1)
   \   00000066   0xF385 0x8810      MSR      PRIMASK,R5
    306              }
    307          
    308          	return ret_val;
   \                     ??SRMCInputCapture__EnableCapture_0: (+1)
   \   0000006A   0x4630             MOV      R0,R6
   \   0000006C   0xBD70             POP      {R4-R6,PC}       ;; return
    309          }
    310          
    311          
    312          //---------------------------------------------------------------------------------------------------------------------
    313          /**
    314           * @brief       Disable Input Capture peripheral.
    315           *
    316           */

   \                                 In section .text, align 2, keep-with-next
    317          PASS_FAIL_TYPE SRMCInputCapture__DisableCapture(void)
    318          {
   \                     SRMCInputCapture__DisableCapture: (+1)
   \   00000000   0xB570             PUSH     {R4-R6,LR}
    319              uint32 temp;
    320          	PASS_FAIL_TYPE ret_val = FAIL;
    321              MICRO_DECLARE_INTERRUPT_CONTEXT_LOCAL();
    322          
    323              temp = SR_MCIC_CHECK_OVERFLOW_TOTAL();
   \   00000002   0x.... 0x....      LDR.W    R4,??DataTable14_1
   \   00000006   0x2600             MOVS     R6,#+0
   \   00000008   0xF104 0x0128      ADD      R1,R4,#+40
   \   0000000C   0x1D20             ADDS     R0,R4,#+4
   \   0000000E   0x.... 0x....      BL       SRData__CheckLong
   \   00000012   0x4605             MOV      R5,R0
    324              temp += SR_MCIC_CHECK_OVERFLOW_TOTAL_K1();
    325              if(temp == SRDATA_OK)
   \   00000014   0xF104 0x012C      ADD      R1,R4,#+44
   \   00000018   0xF104 0x0008      ADD      R0,R4,#+8
   \   0000001C   0x.... 0x....      BL       SRData__CheckLong
   \   00000020   0xFA50 0xF085      UXTAB    R0,R0,R5
   \   00000024   0xB9F8             CBNZ.N   R0,??SRMCInputCapture__DisableCapture_0
    326              {
    327                  MICRO_SAVE_INTERRUPT_CONTEXT_LOCAL();
   \   00000026   0xF3EF 0x8510      MRS      R5,PRIMASK
   \   0000002A   0xB672             CPSID    I
    328                  // Access the register only if the clock for the module is enabled
    329                  if (IsPeripheralClockEnabled())
   \   0000002C   0x.... 0x....      LDR.W    R0,??DataTable14  ;; 0x4004803c
   \   00000030   0x6800             LDR      R0,[R0, #+0]
   \   00000032   0x0180             LSLS     R0,R0,#+6
   \   00000034   0xD515             BPL.N    ??SRMCInputCapture__DisableCapture_1
    330                  {
    331                      IC_BASE_REG.MODE &= ~FTM_MODE_FTMEN_MASK;       /* Disable the counter */
   \   00000036   0x.... 0x....      LDR.W    R0,??DataTable14_5  ;; 0x40039054
   \   0000003A   0x6801             LDR      R1,[R0, #+0]
   \   0000003C   0x0849             LSRS     R1,R1,#+1
   \   0000003E   0x0049             LSLS     R1,R1,#+1
   \   00000040   0x6001             STR      R1,[R0, #+0]
    332          
    333                      // Just set the maximum time when the peripheral is not enabled
    334                      SR_MCIC_UPDATE_OVERFLOW_TOTAL(MAX_U32);
   \   00000042   0xF04F 0x32FF      MOV      R2,#-1
   \   00000046   0xF104 0x0128      ADD      R1,R4,#+40
   \   0000004A   0x1D20             ADDS     R0,R4,#+4
   \   0000004C   0x.... 0x....      BL       SRData__UpdateLong
    335                      SR_MCIC_UPDATE_OVERFLOW_TOTAL_K1(MAX_U32);
   \   00000050   0xF04F 0x32FF      MOV      R2,#-1
   \   00000054   0xF104 0x012C      ADD      R1,R4,#+44
   \   00000058   0xF104 0x0008      ADD      R0,R4,#+8
   \   0000005C   0x.... 0x....      BL       SRData__UpdateLong
    336                      ret_val = PASS;
   \   00000060   0x2601             MOVS     R6,#+1
    337                  }
    338                  MICRO_RESTORE_INTERRUPT_CONTEXT_LOCAL();
   \                     ??SRMCInputCapture__DisableCapture_1: (+1)
   \   00000062   0xF385 0x8810      MSR      PRIMASK,R5
    339              }
    340          
    341          	return ret_val;
   \                     ??SRMCInputCapture__DisableCapture_0: (+1)
   \   00000066   0x4630             MOV      R0,R6
   \   00000068   0xBD70             POP      {R4-R6,PC}       ;; return
    342          }
    343          
    344          //---------------------------------------------------------------------------------------------------------------------
    345          /**
    346           * @brief       Get the number of InputCapture counts
    347           * @details
    348           *
    349           * @return      Number of counts
    350           */

   \                                 In section .text, align 2, keep-with-next
    351          uint32 SRMCInputCapture__GetCounterValue(void)
    352          {
   \                     SRMCInputCapture__GetCounterValue: (+1)
   \   00000000   0xB530             PUSH     {R4,R5,LR}
    353              uint32 temp;
    354              MICRO_DECLARE_INTERRUPT_CONTEXT_LOCAL();
    355              uint32 ret_val = 0;
    356              uint32 temp_overflow_counter;
    357              temp_overflow_counter = 0;
    358          
    359              temp = SR_MCIC_CHECK_OVERFLOW_TOTAL();
    360              if(temp == SRDATA_OK)
   \   00000002   0x.... 0x....      LDR.W    R5,??DataTable14_1
   \   00000006   0xB081             SUB      SP,SP,#+4
   \   00000008   0x2400             MOVS     R4,#+0
   \   0000000A   0xF105 0x0128      ADD      R1,R5,#+40
   \   0000000E   0x1D28             ADDS     R0,R5,#+4
   \   00000010   0x.... 0x....      BL       SRData__CheckLong
   \   00000014   0xB980             CBNZ.N   R0,??SRMCInputCapture__GetCounterValue_0
    361              {
    362                  // Get if peripheral is enabled
    363                  MICRO_SAVE_INTERRUPT_CONTEXT_LOCAL();
   \   00000016   0xF3EF 0x8010      MRS      R0,PRIMASK
   \   0000001A   0xB672             CPSID    I
    364                  if (IsPeripheralClockEnabled())
   \   0000001C   0x.... 0x....      LDR.W    R1,??DataTable14  ;; 0x4004803c
   \   00000020   0x6809             LDR      R1,[R1, #+0]
   \   00000022   0x0189             LSLS     R1,R1,#+6
   \   00000024   0xD506             BPL.N    ??SRMCInputCapture__GetCounterValue_1
    365                  {
    366                      if (IC_BASE_REG.MODE & FTM_MODE_FTMEN_MASK)
   \   00000026   0x.... 0x....      LDR.W    R1,??DataTable14_5  ;; 0x40039054
   \   0000002A   0x7809             LDRB     R1,[R1, #+0]
   \   0000002C   0x07C9             LSLS     R1,R1,#+31
   \   0000002E   0xBF44             ITT      MI 
    367                      {
    368                          temp_overflow_counter = SR_IC_OverFlow_Total;
    369                          temp_overflow_counter++;
    370          
    371                          // with peripheral enabled, calculate the required time
    372                          ret_val = temp_overflow_counter;
   \   00000030   0x6869             LDRMI    R1,[R5, #+4]
   \   00000032   0x1C4C             ADDMI    R4,R1,#+1
    373                      }
    374                  }
    375                  MICRO_RESTORE_INTERRUPT_CONTEXT_LOCAL();
   \                     ??SRMCInputCapture__GetCounterValue_1: (+1)
   \   00000034   0xF380 0x8810      MSR      PRIMASK,R0
    376              }
    377          
    378          	// Will return 0 in case of disabled peripheral
    379              return(ret_val);
   \                     ??SRMCInputCapture__GetCounterValue_0: (+1)
   \   00000038   0x4620             MOV      R0,R4
   \   0000003A   0xB001             ADD      SP,SP,#+4
   \   0000003C   0xBD30             POP      {R4,R5,PC}       ;; return
    380          }
    381          
    382          
    383          //---------------------------------------------------------------------------------------------------------------------
    384          /**
    385           * @brief       Get the status of the input capture.
    386           *
    387           * @details
    388           *
    389           * @return      INPUTCAPTURE_ENABLED - input capture is enabled;\n
    390           *              INPUTCAPTURE_DISABLED - if the number of IC overflows has exceeded the INPUTCAPTURE_CHANNEL_MAX_OV_TO_NOT_DEFINED
    391           *              parameter
    392          */

   \                                 In section .text, align 2, keep-with-next
    393          INPUTCAPTURE_STATUS_TYPE SRMCInputCapture__GetStatus(void)
    394          {
   \                     SRMCInputCapture__GetStatus: (+1)
   \   00000000   0xB530             PUSH     {R4,R5,LR}
    395              MICRO_DECLARE_INTERRUPT_CONTEXT_LOCAL();
    396              uint8 temp;
    397              uint32 temp2;
    398              INPUTCAPTURE_STATUS_TYPE current_ic_status = INPUTCAPTURE_NOT_CONFIGURED;
    399          
    400              temp2 = SR_MCIC_CHECK_OVERFLOW_CNTR();
    401              if(temp2 == SRDATA_OK)
   \   00000002   0x.... 0x....      LDR.W    R5,??DataTable14_1
   \   00000006   0xB081             SUB      SP,SP,#+4
   \   00000008   0x2403             MOVS     R4,#+3
   \   0000000A   0xF105 0x0130      ADD      R1,R5,#+48
   \   0000000E   0xF105 0x000C      ADD      R0,R5,#+12
   \   00000012   0x.... 0x....      BL       SRData__CheckLong
   \   00000016   0xB9A8             CBNZ.N   R0,??SRMCInputCapture__GetStatus_0
    402              {
    403                  MICRO_SAVE_INTERRUPT_CONTEXT_LOCAL();
   \   00000018   0xF3EF 0x8010      MRS      R0,PRIMASK
   \   0000001C   0xB672             CPSID    I
    404          
    405                  if (IsPeripheralClockEnabled())
   \   0000001E   0x.... 0x....      LDR.W    R1,??DataTable14  ;; 0x4004803c
   \   00000022   0x6809             LDR      R1,[R1, #+0]
   \   00000024   0x0189             LSLS     R1,R1,#+6
   \   00000026   0xD50B             BPL.N    ??SRMCInputCapture__GetStatus_1
    406                  {
    407                      temp = FTM1.MODE & FTM_MODE_FTMEN_MASK;
    408                      temp2 = SR_IC_OverFlow_Counter;
    409                      if(temp2 < INPUTCAPTURE_CHANNEL_MAX_OV_TO_NOT_DEFINED)
   \   00000028   0x68E9             LDR      R1,[R5, #+12]
   \   0000002A   0x2902             CMP      R1,#+2
   \   0000002C   0xD207             BCS.N    ??SRMCInputCapture__GetStatus_2
    410                      {
    411                          if(temp)
   \   0000002E   0x.... 0x....      LDR.W    R1,??DataTable14_5  ;; 0x40039054
   \   00000032   0x7809             LDRB     R1,[R1, #+0]
   \   00000034   0x07C9             LSLS     R1,R1,#+31
   \   00000036   0xBF54             ITE      PL 
    412                          {
    413                              current_ic_status = INPUTCAPTURE_ENABLED;
    414                          }
    415                          else
    416                          {
    417                              current_ic_status = INPUTCAPTURE_DISABLED;
   \   00000038   0x2402             MOVPL    R4,#+2
    418                          }
   \   0000003A   0x2401             MOVMI    R4,#+1
   \   0000003C   0xE000             B.N      ??SRMCInputCapture__GetStatus_1
    419                      }
    420                      else
    421                      {
    422                          current_ic_status = INPUTCAPTURE_UNDEFINED;
   \                     ??SRMCInputCapture__GetStatus_2: (+1)
   \   0000003E   0x2400             MOVS     R4,#+0
    423                      }
    424                  }
    425                  MICRO_RESTORE_INTERRUPT_CONTEXT_LOCAL();
   \                     ??SRMCInputCapture__GetStatus_1: (+1)
   \   00000040   0xF380 0x8810      MSR      PRIMASK,R0
    426              }
    427          
    428              return(current_ic_status);
   \                     ??SRMCInputCapture__GetStatus_0: (+1)
   \   00000044   0x4620             MOV      R0,R4
   \   00000046   0xB001             ADD      SP,SP,#+4
   \   00000048   0xBD30             POP      {R4,R5,PC}       ;; return
    429          }
    430          
    431          //---------------------------------------------------------------------------------------------------------------------
    432          /**
    433           * @brief       Get match event from an input capture.
    434           * @details     When an input capture event just happened, then it may be read by means of this function. The
    435           *              flag is set when it happens and shall be set until it is read, e.g., only by reading this event
    436           *              shall reset the flag.
    437           * @return      TRUE: input capture match event happened: FALSE - no events happened.
    438           */

   \                                 In section .text, align 2, keep-with-next
    439          uint8 SRMCInputCapture__GetMatchEvent(void)
    440          {
   \                     SRMCInputCapture__GetMatchEvent: (+1)
   \   00000000   0xB570             PUSH     {R4-R6,LR}
    441              uint32 temp;
    442              MICRO_DECLARE_INTERRUPT_CONTEXT_LOCAL();
    443              uint8 event;
    444          
    445              event = FALSE;
    446          
    447              temp = SR_MCIC_CHECK_CAPTURE_EVENT();
    448              if(temp == SRDATA_OK)
   \   00000002   0x.... 0x....      LDR.W    R5,??DataTable14_1
   \   00000006   0x2400             MOVS     R4,#+0
   \   00000008   0xF105 0x0124      ADD      R1,R5,#+36
   \   0000000C   0x4628             MOV      R0,R5
   \   0000000E   0x.... 0x....      BL       SRData__CheckByte
   \   00000012   0xB958             CBNZ.N   R0,??SRMCInputCapture__GetMatchEvent_0
    449              {
    450                  MICRO_SAVE_INTERRUPT_CONTEXT_LOCAL();
   \   00000014   0xF3EF 0x8610      MRS      R6,PRIMASK
   \   00000018   0xB672             CPSID    I
    451                  event = SR_Capture_Event;
   \   0000001A   0x782C             LDRB     R4,[R5, #+0]
    452                  SR_MCIC_UPDATE_CAPTURE_EVENT(FALSE);
   \   0000001C   0x2200             MOVS     R2,#+0
   \   0000001E   0xF105 0x0124      ADD      R1,R5,#+36
   \   00000022   0x4628             MOV      R0,R5
   \   00000024   0x.... 0x....      BL       SRData__UpdateByte
    453                  MICRO_RESTORE_INTERRUPT_CONTEXT_LOCAL();
   \   00000028   0xF386 0x8810      MSR      PRIMASK,R6
    454              }
    455              return(event);
   \                     ??SRMCInputCapture__GetMatchEvent_0: (+1)
   \   0000002C   0x4620             MOV      R0,R4
   \   0000002E   0xBD70             POP      {R4-R6,PC}       ;; return
    456          }
    457          
    458          //---------------------------------------------------------------------------------------------------------------------
    459          /**
    460           * @brief       Get the Movement Status of the Input Capture
    461           * @details		This method relies on a counter threshold and on the number of overflows to decide
    462           *              if the motor shall be considered moving or not. \n
    463           * 				If the number of overflow events is lower than the INPUTCAPTURE_CHANNEL_MAX_OV_TO_NOT_DEFINED
    464           * 				parameter, the motor is always considered moving. \n
    465           * 				Otherwise, the IC counter is analyzed. If it is below the low threshold,
    466           *              a fictitious ramp to 0 is implemented, by waiting a certain time before declaring
    467           *              that the motor is stopped. Otherwise, if the counter is above the low threshold, the motor
    468           *              is considered directly stopped.\n
    469           *
    470           * @remarks     This function shall be called only once per 5 ms.\n
    471           *              The fictitious ramp can be disabled by putting the lo_thr to 0.
    472           *
    473           * @param[in]	thr The threshold, corresponding to high speed (i.e. 127 rpm_D)
    474           *
    475           * @return      TRUE, if there is movement
    476           * 				FALSE, if there is no movement
    477           */

   \                                 In section .text, align 2, keep-with-next
    478          BOOL_TYPE SRMCInputCapture__GetMovementStatus(uint32 thr)
    479          {
   \                     SRMCInputCapture__GetMovementStatus: (+1)
   \   00000000   0xB5F0             PUSH     {R4-R7,LR}
   \   00000002   0x4604             MOV      R4,R0
    480          	uint32 temp, temp2, temp3;
    481              BOOL_TYPE ret_val = TRUE;
    482          
    483              temp = SR_MCIC_CHECK_OVERFLOW_TOTAL();
   \   00000004   0x.... 0x....      LDR.W    R6,??DataTable14_1
   \   00000008   0xB081             SUB      SP,SP,#+4
   \   0000000A   0x2501             MOVS     R5,#+1
   \   0000000C   0xF106 0x0128      ADD      R1,R6,#+40
   \   00000010   0x1D30             ADDS     R0,R6,#+4
   \   00000012   0x.... 0x....      BL       SRData__CheckLong
   \   00000016   0x4607             MOV      R7,R0
    484              temp += SR_MCIC_CHECK_OVERFLOW_CNTR();
   \   00000018   0xF106 0x0130      ADD      R1,R6,#+48
   \   0000001C   0xF106 0x000C      ADD      R0,R6,#+12
   \   00000020   0x.... 0x....      BL       SRData__CheckLong
    485              temp += SR_MCIC_CHECK_FICT_RAMP_CNTR();
    486              if(temp == SRDATA_OK)
   \   00000024   0xFA50 0xF787      UXTAB    R7,R0,R7
   \   00000028   0xF106 0x0140      ADD      R1,R6,#+64
   \   0000002C   0xF106 0x001C      ADD      R0,R6,#+28
   \   00000030   0x.... 0x....      BL       SRData__CheckLong
   \   00000034   0xFA57 0xF080      UXTAB    R0,R7,R0
   \   00000038   0xBB08             CBNZ.N   R0,??SRMCInputCapture__GetMovementStatus_0
    487              {
    488                  temp = SR_IC_OverFlow_Total;
    489                  temp2 = SR_IC_OverFlow_Counter;
    490                  temp3 = SR_Fict_Ramp_Counter;
    491          
    492                  if (temp2 >= INPUTCAPTURE_CHANNEL_MAX_OV_TO_NOT_DEFINED)
   \   0000003A   0x68F1             LDR      R1,[R6, #+12]
   \   0000003C   0x69F0             LDR      R0,[R6, #+28]
   \   0000003E   0x2902             CMP      R1,#+2
   \   00000040   0xD31D             BCC.N    ??SRMCInputCapture__GetMovementStatus_0
    493                  {
    494                      // IC_OverFlow_Counter == INPUTCAPTURE_CHANNEL_MAX_OV_TO_NOT_DEFINED
    495                      if (temp < thr)
   \   00000042   0x6871             LDR      R1,[R6, #+4]
   \   00000044   0x42A1             CMP      R1,R4
   \   00000046   0xD219             BCS.N    ??SRMCInputCapture__GetMovementStatus_1
    496                      {
    497                          // fictitious ramp, dependent on the value of the counter
    498                          // ramp to start yet?
    499                          if (temp3)
   \   00000048   0xB148             CBZ.N    R0,??SRMCInputCapture__GetMovementStatus_2
    500                          {
    501                              // fictitious ramp, motor is considered moving
    502                              temp3--;
    503                              SR_MCIC_UPDATE_FICT_RAMP_CNTR(temp3);
   \   0000004A   0x1E42             SUBS     R2,R0,#+1
   \   0000004C   0xF106 0x0140      ADD      R1,R6,#+64
   \   00000050   0xF106 0x001C      ADD      R0,R6,#+28
   \   00000054   0x.... 0x....      BL       SRData__UpdateLong
    504                              ret_val = TRUE;
    505                          }
    506                          else
    507                          {
    508                              // Reset IC Overflow counter to avoid another fictius ramp
    509                              SR_MCIC_UPDATE_OVERFLOW_TOTAL(MAX_U32);
    510                              SR_MCIC_UPDATE_OVERFLOW_TOTAL_K1(MAX_U32);
    511          
    512                              // ramp end, motor is considered stopped
    513                              ret_val = FALSE;
    514                          }
    515                      }
    516                      else
    517                      {
    518                          // motor is stopped
    519                          ret_val = FALSE;
    520                      }
    521                  }
    522                  // IC_OverFlow_Counter < INPUTCAPTURE_CHANNEL_MAX_OV_TO_NOT_DEFINED
    523                  else
    524                  {
    525                      ret_val = TRUE;
    526                  }
    527              }
    528          
    529              return ret_val;
   \   00000058   0x4628             MOV      R0,R5
   \   0000005A   0xB001             ADD      SP,SP,#+4
   \   0000005C   0xBDF0             POP      {R4-R7,PC}
   \                     ??SRMCInputCapture__GetMovementStatus_2: (+1)
   \   0000005E   0xF04F 0x32FF      MOV      R2,#-1
   \   00000062   0xF106 0x0128      ADD      R1,R6,#+40
   \   00000066   0x1D30             ADDS     R0,R6,#+4
   \   00000068   0x.... 0x....      BL       SRData__UpdateLong
   \   0000006C   0xF04F 0x32FF      MOV      R2,#-1
   \   00000070   0xF106 0x012C      ADD      R1,R6,#+44
   \   00000074   0xF106 0x0008      ADD      R0,R6,#+8
   \   00000078   0x.... 0x....      BL       SRData__UpdateLong
   \                     ??SRMCInputCapture__GetMovementStatus_1: (+1)
   \   0000007C   0x2500             MOVS     R5,#+0
   \                     ??SRMCInputCapture__GetMovementStatus_0: (+1)
   \   0000007E   0x4628             MOV      R0,R5
   \   00000080   0xB001             ADD      SP,SP,#+4
   \   00000082   0xBDF0             POP      {R4-R7,PC}       ;; return
    530          }
    531          
    532          
    533          //---------------------------------------------------------------------------------------------------------------------
    534          /**
    535           * @brief       Get the current Match Events Counter
    536           *
    537           * @details     This method returns the number of match events since the InputCapture has been enabled
    538           * @return      The number of the Match Events since the InputCapture has been enabled
    539           */

   \                                 In section .text, align 2, keep-with-next
    540          uint32 SRMCInputCapture__GetMatchEventCounter(void)
    541          {
   \                     SRMCInputCapture__GetMatchEventCounter: (+1)
   \   00000000   0xB510             PUSH     {R4,LR}
    542              uint32 temp, res;
    543          
    544              temp = SR_MCIC_CHECK_MATCH_EVENT_CNTR();
    545              if(temp == SRDATA_OK)
   \   00000002   0x.... 0x....      LDR.W    R4,??DataTable14_1
   \   00000006   0xF104 0x0134      ADD      R1,R4,#+52
   \   0000000A   0xF104 0x0010      ADD      R0,R4,#+16
   \   0000000E   0x.... 0x....      BL       SRData__CheckLong
   \   00000012   0xB908             CBNZ.N   R0,??SRMCInputCapture__GetMatchEventCounter_0
    546              {
    547                  res = SR_Match_Event_Counter;
   \   00000014   0x6920             LDR      R0,[R4, #+16]
   \   00000016   0xBD10             POP      {R4,PC}
    548              }
    549              else
    550              {
    551                  res = 0;
   \                     ??SRMCInputCapture__GetMatchEventCounter_0: (+1)
   \   00000018   0x2000             MOVS     R0,#+0
    552              }
    553          
    554              return res;
   \   0000001A   0xBD10             POP      {R4,PC}          ;; return
    555          }
    556          
    557          
    558          //---------------------------------------------------------------------------------------------------------------------
    559          /**
    560           * @brief       Input Capture PWM handler
    561           * @details     Captures an input capture over flow and count it. The counted overflow is used in the calculation
    562           *              of the signal frequency. It also implements a debouncer while starting the input capture peripheral,
    563           *              such debouncer is used to prevent glitches from the readings.
    564           */

   \                                 In section .text, align 2, keep-with-next
    565          void SRMCInputCapture__PwmHandler(void)
    566          {
   \                     SRMCInputCapture__PwmHandler: (+1)
   \   00000000   0xE92D 0x41F0      PUSH     {R4-R8,LR}
    567              MICRO_DECLARE_INTERRUPT_CONTEXT_LOCAL();
    568              uint32 input_timer;
    569              uint32 temp, temp_u32;
    570              uint8 input_capture_enabled;
    571          
    572              temp = SR_MCIC_CHECK_OVERFLOW_TOTAL();
   \   00000004   0x.... 0x....      LDR.W    R4,??DataTable14_1
   \   00000008   0xF104 0x0128      ADD      R1,R4,#+40
   \   0000000C   0x1D20             ADDS     R0,R4,#+4
   \   0000000E   0x.... 0x....      BL       SRData__CheckLong
   \   00000012   0x4605             MOV      R5,R0
    573              temp += SR_MCIC_CHECK_OVERFLOW_CNTR();
   \   00000014   0xF104 0x0130      ADD      R1,R4,#+48
   \   00000018   0xF104 0x000C      ADD      R0,R4,#+12
   \   0000001C   0x.... 0x....      BL       SRData__CheckLong
   \   00000020   0x4606             MOV      R6,R0
    574              temp += SR_MCIC_CHECK_CAPTURE_EVENT();
   \   00000022   0xF104 0x0124      ADD      R1,R4,#+36
   \   00000026   0x4620             MOV      R0,R4
   \   00000028   0x.... 0x....      BL       SRData__CheckByte
   \   0000002C   0x4607             MOV      R7,R0
    575              temp += SR_MCIC_CHECK_MATCH_EVENT_CNTR();
   \   0000002E   0xF104 0x0134      ADD      R1,R4,#+52
   \   00000032   0xF104 0x0010      ADD      R0,R4,#+16
   \   00000036   0x.... 0x....      BL       SRData__CheckLong
   \   0000003A   0x4680             MOV      R8,R0
    576              temp += SR_MCIC_CHECK_PULSE_CNTR();
   \   0000003C   0xF104 0x0144      ADD      R1,R4,#+68
   \   00000040   0xF104 0x0020      ADD      R0,R4,#+32
   \   00000044   0x.... 0x....      BL       SRData__CheckLong
    577              temp += SR_MCIC_CHECK_RESET_PULSE_FLAG();
    578              if(temp == SRDATA_OK)
   \   00000048   0xFA56 0xF185      UXTAB    R1,R6,R5
   \   0000004C   0xFA51 0xF187      UXTAB    R1,R1,R7
   \   00000050   0xFA51 0xF188      UXTAB    R1,R1,R8
   \   00000054   0xFA51 0xF580      UXTAB    R5,R1,R0
   \   00000058   0xF104 0x0126      ADD      R1,R4,#+38
   \   0000005C   0x1CA0             ADDS     R0,R4,#+2
   \   0000005E   0x.... 0x....      BL       SRData__CheckByte
   \   00000062   0xFA55 0xF080      UXTAB    R0,R5,R0
   \   00000066   0x2800             CMP      R0,#+0
   \   00000068   0xD153             BNE.N    ??SRMCInputCapture__PwmHandler_0
    579              {
    580                  // Atomic block for this variable access.
    581                  // Check if the peripheral is activated
    582                  MICRO_SAVE_INTERRUPT_CONTEXT_LOCAL();
   \   0000006A   0xF3EF 0x8510      MRS      R5,PRIMASK
   \   0000006E   0xB672             CPSID    I
    583                  if (IsPeripheralClockEnabled())
   \   00000070   0x....             LDR.N    R0,??DataTable14  ;; 0x4004803c
   \   00000072   0x6800             LDR      R0,[R0, #+0]
   \   00000074   0x0180             LSLS     R0,R0,#+6
   \   00000076   0xD54A             BPL.N    ??SRMCInputCapture__PwmHandler_1
    584                  {
    585                      input_capture_enabled = IC_BASE_REG.MODE & FTM_MODE_FTMEN_MASK;
    586          
    587                      if(input_capture_enabled)
   \   00000078   0x....             LDR.N    R6,??DataTable14_2  ;; 0x40039000
   \   0000007A   0xF896 0x0054      LDRB     R0,[R6, #+84]
   \   0000007E   0x07C0             LSLS     R0,R0,#+31
   \   00000080   0xD545             BPL.N    ??SRMCInputCapture__PwmHandler_1
    588                      {
    589                          if(IC_BASE_REG.SC & FTM_SC_TOF_MASK) // If an overflow has happened in the input capture
   \   00000082   0x6830             LDR      R0,[R6, #+0]
   \   00000084   0x0601             LSLS     R1,R0,#+24
   \   00000086   0xD50C             BPL.N    ??SRMCInputCapture__PwmHandler_2
    590                          {
    591                              // Clear the flag
    592                              IC_BASE_REG.SC &= ~FTM_SC_TOF_MASK;
   \   00000088   0xF020 0x0080      BIC      R0,R0,#0x80
   \   0000008C   0x6030             STR      R0,[R6, #+0]
    593          
    594                              // Count the overflow event
    595                              temp_u32 = SR_IC_OverFlow_Counter;
   \   0000008E   0x68E0             LDR      R0,[R4, #+12]
    596                              if(temp_u32 < INPUTCAPTURE_CHANNEL_MAX_OV_TO_NOT_DEFINED)
   \   00000090   0x2802             CMP      R0,#+2
   \   00000092   0xD206             BCS.N    ??SRMCInputCapture__PwmHandler_2
    597                              {
    598                                  temp_u32++;
    599                                  SR_MCIC_UPDATE_OVERFLOW_CNTR(temp_u32);
   \   00000094   0x1C42             ADDS     R2,R0,#+1
   \   00000096   0xF104 0x0130      ADD      R1,R4,#+48
   \   0000009A   0xF104 0x000C      ADD      R0,R4,#+12
   \   0000009E   0x.... 0x....      BL       SRData__UpdateLong
    600                              }
    601                          }
    602          
    603                          // If the input capture event has been triggered
    604                          if(IC_BASE_REG.CONTROLS[INPUTCAPTURE_CHANNEL].CnSC & FTM_CnSC_CHF_MASK)
   \                     ??SRMCInputCapture__PwmHandler_2: (+1)
   \   000000A2   0x6970             LDR      R0,[R6, #+20]
   \   000000A4   0x0601             LSLS     R1,R0,#+24
   \   000000A6   0xD523             BPL.N    ??SRMCInputCapture__PwmHandler_3
    605                          {
    606                              /* Clear the Input Capture flag */
    607                              IC_BASE_REG.CONTROLS[INPUTCAPTURE_CHANNEL].CnSC &= ~FTM_CnSC_CHF_MASK;
   \   000000A8   0xF020 0x0080      BIC      R0,R0,#0x80
   \   000000AC   0x6170             STR      R0,[R6, #+20]
    608          
    609                              // Set the event in the capture event
    610                              SR_MCIC_UPDATE_CAPTURE_EVENT(TRUE);
   \   000000AE   0x2201             MOVS     R2,#+1
   \   000000B0   0xF104 0x0124      ADD      R1,R4,#+36
   \   000000B4   0x4620             MOV      R0,R4
   \   000000B6   0x.... 0x....      BL       SRData__UpdateByte
    611                              // Increment the Match Event Counter
    612                              temp_u32 = SR_Match_Event_Counter;
    613                              temp_u32++;
    614                              SR_MCIC_UPDATE_MATCH_EVENT_CNTR(temp_u32);
   \   000000BA   0x6920             LDR      R0,[R4, #+16]
   \   000000BC   0x1C42             ADDS     R2,R0,#+1
   \   000000BE   0xF104 0x0134      ADD      R1,R4,#+52
   \   000000C2   0xF104 0x0010      ADD      R0,R4,#+16
   \   000000C6   0x.... 0x....      BL       SRData__UpdateLong
    615          
    616                              // Save the input time in a variable
    617                              input_timer = IC_BASE_REG.CONTROLS[INPUTCAPTURE_CHANNEL].CnV;
    618                              // Division by zero prevention
    619                              input_timer++;
    620          
    621                              // Save the counted overflow events in the stack
    622                              temp_u32 = SR_IC_OverFlow_Counter;
    623          
    624                              // Compute the total equivalent input capture
    625                              temp_u32  = ((uint32)temp_u32) << 16; // 16 means a multiplication by 65536
    626                              temp_u32 += input_timer;
    627          
    628                              // Atomic block for this variable write access.
    629          
    630                              SR_MCIC_UPDATE_OVERFLOW_TOTAL(temp_u32);
   \   000000CA   0x68E0             LDR      R0,[R4, #+12]
   \   000000CC   0x69B1             LDR      R1,[R6, #+24]
   \   000000CE   0xEB01 0x4000      ADD      R0,R1,R0, LSL #+16
   \   000000D2   0x1C42             ADDS     R2,R0,#+1
   \   000000D4   0xF104 0x0128      ADD      R1,R4,#+40
   \   000000D8   0x1D20             ADDS     R0,R4,#+4
   \   000000DA   0x.... 0x....      BL       SRData__UpdateLong
    631          
    632                              // Perform plausibility checks on the acquired value
    633                              DiagnosticHandler();
   \   000000DE   0x.... 0x....      BL       DiagnosticHandler
    634          
    635                              // Zero the overflow counter
    636                              SR_MCIC_UPDATE_OVERFLOW_CNTR(0);
   \   000000E2   0x2200             MOVS     R2,#+0
   \   000000E4   0xF104 0x0130      ADD      R1,R4,#+48
   \   000000E8   0xF104 0x000C      ADD      R0,R4,#+12
   \   000000EC   0x.... 0x....      BL       SRData__UpdateLong
    637                          }
    638          
    639                          // Undertorque Management
    640                          // Handle the counter reset request from the SR module
    641                          if (SR_Reset_Pulse_Flag)
   \                     ??SRMCInputCapture__PwmHandler_3: (+1)
   \   000000F0   0x78A0             LDRB     R0,[R4, #+2]
   \   000000F2   0xB160             CBZ.N    R0,??SRMCInputCapture__PwmHandler_1
    642                          {
    643                              SR_MCIC_UPDATE_PULSE_CNTR(0);
   \   000000F4   0x2200             MOVS     R2,#+0
   \   000000F6   0xF104 0x0144      ADD      R1,R4,#+68
   \   000000FA   0xF104 0x0020      ADD      R0,R4,#+32
   \   000000FE   0x.... 0x....      BL       SRData__UpdateLong
    644                              SR_MCIC_UPDATE_RESET_PULSE_FLAG(FALSE);
   \   00000102   0x2200             MOVS     R2,#+0
   \   00000104   0xF104 0x0126      ADD      R1,R4,#+38
   \   00000108   0x1CA0             ADDS     R0,R4,#+2
   \   0000010A   0x.... 0x....      BL       SRData__UpdateByte
    645                          }
    646                      }
    647                  }
    648                  MICRO_RESTORE_INTERRUPT_CONTEXT_LOCAL();
   \                     ??SRMCInputCapture__PwmHandler_1: (+1)
   \   0000010E   0xF385 0x8810      MSR      PRIMASK,R5
    649              }
    650          }
   \                     ??SRMCInputCapture__PwmHandler_0: (+1)
   \   00000112   0xE8BD 0x81F0      POP      {R4-R8,PC}       ;; return
    651          
    652          
    653          //---------------------------------------------------------------------------------------------------------------------
    654          /**
    655           * @brief       Get the Diagnostic Feedback
    656           * @details     Get the self diagnostic status. The DiagnosticHandler is called whenever a InputCapture
    657           *              event is detected.
    658           *
    659           * @return      The current diagnostic status. See the @ref SRMCInputCapture.h for the definition.
    660           */

   \                                 In section .text, align 2, keep-with-next
    661          SRMCINPUTCAPTURE_DIAG_ERROR_TYPE SRMCInputCapture__GetDiagnosticFeedback(void)
    662          {
   \                     SRMCInputCapture__GetDiagnosticFeedback: (+1)
   \   00000000   0xB510             PUSH     {R4,LR}
    663              uint32 temp;
    664              SRMCINPUTCAPTURE_DIAG_ERROR_TYPE res;
    665          
    666              temp = SR_MCIC_CHECK_DIAGNOSTIC_STATUS();
    667              if(temp == SRDATA_OK)
   \   00000002   0x....             LDR.N    R4,??DataTable14_1
   \   00000004   0xF104 0x0127      ADD      R1,R4,#+39
   \   00000008   0x1CE0             ADDS     R0,R4,#+3
   \   0000000A   0x.... 0x....      BL       SRData__CheckByte
   \   0000000E   0xB908             CBNZ.N   R0,??SRMCInputCapture__GetDiagnosticFeedback_0
    668              {
    669                  res = (SR_Diagnostic_Status);
   \   00000010   0x78E0             LDRB     R0,[R4, #+3]
   \   00000012   0xBD10             POP      {R4,PC}
    670              }
    671              else
    672              {
    673                  res = SR_IC_ERROR_PERIPHERAL_NOT_SAFE;
   \                     ??SRMCInputCapture__GetDiagnosticFeedback_0: (+1)
   \   00000014   0x2005             MOVS     R0,#+5
    674              }
    675              return res;						// Returns status
   \   00000016   0xBD10             POP      {R4,PC}          ;; return
    676          }
    677          
    678          //---------------------------------------------------------------------------------------------------------------------
    679          /**
    680           * @brief       Initialize the Diagnostic variables
    681           *
    682           * @details     Reset all the plausibility checks variables
    683           *
    684           */

   \                                 In section .text, align 2, keep-with-next
    685          PASS_FAIL_TYPE SRMCInputCapture__InitDiagnostic(void)
    686          {
   \                     SRMCInputCapture__InitDiagnostic: (+1)
   \   00000000   0xE92D 0x47F0      PUSH     {R4-R10,LR}
    687              uint32 temp;
    688              PASS_FAIL_TYPE res = FAIL;
    689          
    690              temp = SR_MCIC_CHECK_DIAGNOSTIC_STATUS();
   \   00000004   0x....             LDR.N    R4,??DataTable14_1
   \   00000006   0xF104 0x0127      ADD      R1,R4,#+39
   \   0000000A   0x1CE0             ADDS     R0,R4,#+3
   \   0000000C   0x.... 0x....      BL       SRData__CheckByte
   \   00000010   0x4680             MOV      R8,R0
    691              temp += SR_MCIC_CHECK_PLAUSIBILITY_MIN_CNTR();
   \   00000012   0xF104 0x0138      ADD      R1,R4,#+56
   \   00000016   0xF104 0x0014      ADD      R0,R4,#+20
   \   0000001A   0x.... 0x....      BL       SRData__CheckLong
   \   0000001E   0x4681             MOV      R9,R0
    692              temp += SR_MCIC_CHECK_PLAUSIBILITY_MAX_CNTR();
   \   00000020   0xF104 0x013C      ADD      R1,R4,#+60
   \   00000024   0xF104 0x0018      ADD      R0,R4,#+24
   \   00000028   0x.... 0x....      BL       SRData__CheckLong
   \   0000002C   0x4682             MOV      R10,R0
    693              temp += SR_MCIC_CHECK_FICT_RAMP_CNTR();
   \   0000002E   0xF104 0x0140      ADD      R1,R4,#+64
   \   00000032   0xF104 0x001C      ADD      R0,R4,#+28
   \   00000036   0x.... 0x....      BL       SRData__CheckLong
   \   0000003A   0x4605             MOV      R5,R0
    694              temp += SR_MCIC_CHECK_MATCH_EVENT_CNTR();
   \   0000003C   0xF104 0x0134      ADD      R1,R4,#+52
   \   00000040   0xF104 0x0010      ADD      R0,R4,#+16
   \   00000044   0x.... 0x....      BL       SRData__CheckLong
   \   00000048   0x4606             MOV      R6,R0
    695              temp += SR_MCIC_CHECK_HIGH_SPEED_REGION();
   \   0000004A   0xF104 0x0125      ADD      R1,R4,#+37
   \   0000004E   0x1C60             ADDS     R0,R4,#+1
   \   00000050   0x.... 0x....      BL       SRData__CheckByte
   \   00000054   0x4607             MOV      R7,R0
    696              temp += SR_MCIC_CHECK_PULSE_CNTR();
   \   00000056   0xF104 0x0144      ADD      R1,R4,#+68
   \   0000005A   0xF104 0x0020      ADD      R0,R4,#+32
   \   0000005E   0x.... 0x....      BL       SRData__CheckLong
    697              temp += SR_MCIC_CHECK_RESET_PULSE_FLAG();
    698              if(temp == SRDATA_OK)
   \   00000062   0xFA59 0xF188      UXTAB    R1,R9,R8
   \   00000066   0xFA51 0xF18A      UXTAB    R1,R1,R10
   \   0000006A   0xFA51 0xF185      UXTAB    R1,R1,R5
   \   0000006E   0xFA51 0xF186      UXTAB    R1,R1,R6
   \   00000072   0xFA51 0xF187      UXTAB    R1,R1,R7
   \   00000076   0xFA51 0xF580      UXTAB    R5,R1,R0
   \   0000007A   0xF104 0x0126      ADD      R1,R4,#+38
   \   0000007E   0x1CA0             ADDS     R0,R4,#+2
   \   00000080   0x.... 0x....      BL       SRData__CheckByte
   \   00000084   0xFA55 0xF080      UXTAB    R0,R5,R0
   \   00000088   0xBBA8             CBNZ.N   R0,??SRMCInputCapture__InitDiagnostic_0
    699              {
    700                  SR_MCIC_UPDATE_DIAGNOSTIC_STATUS(SR_IC_TEST_NOT_PERFORMED);
   \   0000008A   0x2200             MOVS     R2,#+0
   \   0000008C   0xF104 0x0127      ADD      R1,R4,#+39
   \   00000090   0x1CE0             ADDS     R0,R4,#+3
   \   00000092   0x.... 0x....      BL       SRData__UpdateByte
    701                  SR_MCIC_UPDATE_PLAUSIBILITY_MIN_CNTR(0);
   \   00000096   0x2200             MOVS     R2,#+0
   \   00000098   0xF104 0x0138      ADD      R1,R4,#+56
   \   0000009C   0xF104 0x0014      ADD      R0,R4,#+20
   \   000000A0   0x.... 0x....      BL       SRData__UpdateLong
    702                  SR_MCIC_UPDATE_PLAUSIBILITY_MAX_CNTR(0);
   \   000000A4   0x2200             MOVS     R2,#+0
   \   000000A6   0xF104 0x013C      ADD      R1,R4,#+60
   \   000000AA   0xF104 0x0018      ADD      R0,R4,#+24
   \   000000AE   0x.... 0x....      BL       SRData__UpdateLong
    703                  SR_MCIC_UPDATE_FICT_RAMP_CNTR(SR_FICT_RAMP_DOWN_COUNTER);
   \   000000B2   0xF24C 0x3250      MOVW     R2,#+50000
   \   000000B6   0xF104 0x0140      ADD      R1,R4,#+64
   \   000000BA   0xF104 0x001C      ADD      R0,R4,#+28
   \   000000BE   0x.... 0x....      BL       SRData__UpdateLong
    704                  SR_MCIC_UPDATE_MATCH_EVENT_CNTR(0);
   \   000000C2   0x2200             MOVS     R2,#+0
   \   000000C4   0xF104 0x0134      ADD      R1,R4,#+52
   \   000000C8   0xF104 0x0010      ADD      R0,R4,#+16
   \   000000CC   0x.... 0x....      BL       SRData__UpdateLong
    705                  // Undertorque management
    706                  SR_MCIC_UPDATE_PULSE_CNTR(0);
   \   000000D0   0x2200             MOVS     R2,#+0
   \   000000D2   0xF104 0x0144      ADD      R1,R4,#+68
   \   000000D6   0xF104 0x0020      ADD      R0,R4,#+32
   \   000000DA   0x.... 0x....      BL       SRData__UpdateLong
    707                  SR_MCIC_UPDATE_HIGH_SPEED_REGION(FALSE);
   \   000000DE   0x2200             MOVS     R2,#+0
   \   000000E0   0xF104 0x0125      ADD      R1,R4,#+37
   \   000000E4   0x1C60             ADDS     R0,R4,#+1
   \   000000E6   0x.... 0x....      BL       SRData__UpdateByte
    708                  SR_MCIC_UPDATE_RESET_PULSE_FLAG(FALSE);
   \   000000EA   0x2200             MOVS     R2,#+0
   \   000000EC   0xF104 0x0126      ADD      R1,R4,#+38
   \   000000F0   0x1CA0             ADDS     R0,R4,#+2
   \   000000F2   0x.... 0x....      BL       SRData__UpdateByte
    709              }
    710              else
    711              {
    712                  res = FAIL;
    713              }
    714              return res;
   \                     ??SRMCInputCapture__InitDiagnostic_0: (+1)
   \   000000F6   0x2000             MOVS     R0,#+0
   \   000000F8   0xE8BD 0x87F0      POP      {R4-R10,PC}      ;; return
    715          }
    716          
    717          //---------------------------------------------------------------------------------------------------------------------
    718          /**
    719           * @brief       Get the Undertorque Counter
    720           *
    721           * @return      The current Undertorque Counter.
    722           */

   \                                 In section .text, align 2, keep-with-next
    723          uint32 SRMCInputCapture__GetUndertorqueCounter(void)
    724          {
   \                     SRMCInputCapture__GetUndertorqueCounter: (+1)
   \   00000000   0xB510             PUSH     {R4,LR}
    725              uint32 temp, res;
    726          
    727              temp = SR_MCIC_CHECK_PULSE_CNTR();
    728              if(temp == SRDATA_OK)
   \   00000002   0x....             LDR.N    R4,??DataTable14_1
   \   00000004   0xF104 0x0144      ADD      R1,R4,#+68
   \   00000008   0xF104 0x0020      ADD      R0,R4,#+32
   \   0000000C   0x.... 0x....      BL       SRData__CheckLong
   \   00000010   0xB908             CBNZ.N   R0,??SRMCInputCapture__GetUndertorqueCounter_0
    729              {
    730                  res = SR_Pulse_Counter;
   \   00000012   0x6A20             LDR      R0,[R4, #+32]
   \   00000014   0xBD10             POP      {R4,PC}
    731              }
    732              else
    733              {
    734                  res = 0;
   \                     ??SRMCInputCapture__GetUndertorqueCounter_0: (+1)
   \   00000016   0x2000             MOVS     R0,#+0
    735              }
    736              return res;
   \   00000018   0xBD10             POP      {R4,PC}          ;; return
    737          }
    738          
    739          //---------------------------------------------------------------------------------------------------------------------
    740          /**
    741           * @brief       Request a reset of the undertorque counter
    742           *
    743           * @return      TRUE if the request has been accepted
    744           */

   \                                 In section .text, align 2, keep-with-next
    745          BOOL_TYPE SRMCInputCapture__ResetUndertorqueCounter(void)
    746          {
   \                     SRMCInputCapture__ResetUndertorqueCounter: (+1)
   \   00000000   0xB510             PUSH     {R4,LR}
    747              uint32 temp;
    748              BOOL_TYPE res;
    749          
    750              temp = SR_MCIC_CHECK_RESET_PULSE_FLAG();
    751              if(temp == SRDATA_OK)
   \   00000002   0x....             LDR.N    R4,??DataTable14_1
   \   00000004   0xF104 0x0126      ADD      R1,R4,#+38
   \   00000008   0x1CA0             ADDS     R0,R4,#+2
   \   0000000A   0x.... 0x....      BL       SRData__CheckByte
   \   0000000E   0xB938             CBNZ.N   R0,??SRMCInputCapture__ResetUndertorqueCounter_0
    752              {
    753                  SR_MCIC_UPDATE_RESET_PULSE_FLAG(TRUE);
   \   00000010   0x2201             MOVS     R2,#+1
   \   00000012   0xF104 0x0126      ADD      R1,R4,#+38
   \   00000016   0x1CA0             ADDS     R0,R4,#+2
   \   00000018   0x.... 0x....      BL       SRData__UpdateByte
    754                  res = TRUE;
   \   0000001C   0x2001             MOVS     R0,#+1
   \   0000001E   0xBD10             POP      {R4,PC}
    755              }
    756              else
    757              {
    758                  res = FALSE;
   \                     ??SRMCInputCapture__ResetUndertorqueCounter_0: (+1)
   \   00000020   0x2000             MOVS     R0,#+0
    759              }
    760          
    761              return res;
   \   00000022   0xBD10             POP      {R4,PC}          ;; return
    762          }
    763          
    764          //---------------------------------------------------------------------------------------------------------------------
    765          /**
    766           * @brief       Get Speed Region
    767           *
    768           * @return      TRUE if in High Speed, FALSE otherwise.
    769           */

   \                                 In section .text, align 2, keep-with-next
    770          BOOL_TYPE SRMCInputCapture__GetSpeedRegion(void)
    771          {
   \                     SRMCInputCapture__GetSpeedRegion: (+1)
   \   00000000   0xB510             PUSH     {R4,LR}
    772              uint32 temp;
    773              BOOL_TYPE res;
    774          
    775              temp = SR_MCIC_CHECK_HIGH_SPEED_REGION();
    776              if(temp == SRDATA_OK)
   \   00000002   0x....             LDR.N    R4,??DataTable14_1
   \   00000004   0xF104 0x0125      ADD      R1,R4,#+37
   \   00000008   0x1C60             ADDS     R0,R4,#+1
   \   0000000A   0x.... 0x....      BL       SRData__CheckByte
   \   0000000E   0xB908             CBNZ.N   R0,??SRMCInputCapture__GetSpeedRegion_0
    777              {
    778                  res = SR_High_Speed_Region;
   \   00000010   0x7860             LDRB     R0,[R4, #+1]
   \   00000012   0xBD10             POP      {R4,PC}
    779              }
    780              else
    781              {
    782                  res = TRUE;
   \                     ??SRMCInputCapture__GetSpeedRegion_0: (+1)
   \   00000014   0x2001             MOVS     R0,#+1
    783              }
    784              return res;
   \   00000016   0xBD10             POP      {R4,PC}          ;; return
    785          }
    786          
    787          //=====================================================================================================================
    788          //-------------------------------------- Private Functions ------------------------------------------------------------
    789          //=====================================================================================================================
    790          
    791          /**
    792           * @brief       Input Capture Diagnostic Handler
    793           * @details     Plausibility checks for the Input Capture and Undertorque Management.
    794           *
    795           */

   \                                 In section .text, align 2, keep-with-next
    796          static inline void DiagnosticHandler(void)
    797          {
   \                     DiagnosticHandler: (+1)
   \   00000000   0xE92D 0x43F0      PUSH     {R4-R9,LR}
    798              sint32 difference;
    799              sint64 threshold;
    800              uint32 temp;
    801          
    802              temp = SR_MCIC_CHECK_OVERFLOW_TOTAL();
   \   00000004   0x....             LDR.N    R4,??DataTable14_1
   \   00000006   0xB081             SUB      SP,SP,#+4
   \   00000008   0xF104 0x0128      ADD      R1,R4,#+40
   \   0000000C   0x1D20             ADDS     R0,R4,#+4
   \   0000000E   0x.... 0x....      BL       SRData__CheckLong
   \   00000012   0x4606             MOV      R6,R0
    803              temp += SR_MCIC_CHECK_OVERFLOW_TOTAL_K1();
   \   00000014   0xF104 0x012C      ADD      R1,R4,#+44
   \   00000018   0xF104 0x0008      ADD      R0,R4,#+8
   \   0000001C   0x.... 0x....      BL       SRData__CheckLong
   \   00000020   0x4607             MOV      R7,R0
    804              temp += SR_MCIC_CHECK_PLAUSIBILITY_MIN_CNTR();
   \   00000022   0xF104 0x0138      ADD      R1,R4,#+56
   \   00000026   0xF104 0x0014      ADD      R0,R4,#+20
   \   0000002A   0x.... 0x....      BL       SRData__CheckLong
   \   0000002E   0x4680             MOV      R8,R0
    805              temp += SR_MCIC_CHECK_PLAUSIBILITY_MAX_CNTR();
   \   00000030   0xF104 0x013C      ADD      R1,R4,#+60
   \   00000034   0xF104 0x0018      ADD      R0,R4,#+24
   \   00000038   0x.... 0x....      BL       SRData__CheckLong
   \   0000003C   0x4681             MOV      R9,R0
    806              temp += SR_MCIC_CHECK_HIGH_SPEED_REGION();
   \   0000003E   0xF104 0x0125      ADD      R1,R4,#+37
   \   00000042   0x1C60             ADDS     R0,R4,#+1
   \   00000044   0x.... 0x....      BL       SRData__CheckByte
   \   00000048   0x4605             MOV      R5,R0
    807              temp += SR_MCIC_CHECK_PULSE_CNTR();
   \   0000004A   0xF104 0x0144      ADD      R1,R4,#+68
   \   0000004E   0xF104 0x0020      ADD      R0,R4,#+32
   \   00000052   0x.... 0x....      BL       SRData__CheckLong
    808              temp += SR_MCIC_CHECK_DIAGNOSTIC_STATUS();
    809              if(temp == SRDATA_OK)
   \   00000056   0xFA57 0xF186      UXTAB    R1,R7,R6
   \   0000005A   0xFA51 0xF188      UXTAB    R1,R1,R8
   \   0000005E   0xFA51 0xF189      UXTAB    R1,R1,R9
   \   00000062   0xFA51 0xF185      UXTAB    R1,R1,R5
   \   00000066   0xFA51 0xF580      UXTAB    R5,R1,R0
   \   0000006A   0xF104 0x0127      ADD      R1,R4,#+39
   \   0000006E   0x1CE0             ADDS     R0,R4,#+3
   \   00000070   0x.... 0x....      BL       SRData__CheckByte
   \   00000074   0xFA55 0xF080      UXTAB    R0,R5,R0
   \   00000078   0x2800             CMP      R0,#+0
   \   0000007A   0xD15E             BNE.N    ??DiagnosticHandler_0
    810              {
    811                  if (SR_IC_OverFlow_Counter < INPUTCAPTURE_CHANNEL_MAX_OV_TO_NOT_DEFINED)
   \   0000007C   0x68E0             LDR      R0,[R4, #+12]
   \   0000007E   0x2802             CMP      R0,#+2
   \   00000080   0xD251             BCS.N    ??DiagnosticHandler_1
    812                  {
    813                      difference = SR_IC_OverFlow_Total - SR_IC_OverFlow_Total_k1;
   \   00000082   0x68A0             LDR      R0,[R4, #+8]
   \   00000084   0x6865             LDR      R5,[R4, #+4]
   \   00000086   0x1A29             SUBS     R1,R5,R0
    814                      difference = MATHCALC__ABS(difference) * SR_PLAUSIBILITY_MAX_DIFFERENCE_CONST;
   \   00000088   0xBF48             IT       MI 
   \   0000008A   0x4249             RSBMI    R1,R1,#+0
    815                      threshold = SR_IC_OverFlow_Total * SR_IC_OverFlow_Total_k1;
    816          
    817                      if(SR_IC_OverFlow_Total < SR_PLAUSIBILITY_MIN_COUNTER_VALUE)
   \   0000008C   0xF5B5 0x7F8E      CMP      R5,#+284
   \   00000090   0xD20C             BCS.N    ??DiagnosticHandler_2
    818                      {
    819                          // increment the relevant counter
    820                          temp = SR_Plausibility_Min_Counter;
    821                          temp++;
    822                          SR_MCIC_UPDATE_PLAUSIBILITY_MIN_CNTR(temp);
   \   00000092   0x6960             LDR      R0,[R4, #+20]
   \   00000094   0x1C42             ADDS     R2,R0,#+1
   \   00000096   0xF104 0x0138      ADD      R1,R4,#+56
   \   0000009A   0xF104 0x0014      ADD      R0,R4,#+20
   \   0000009E   0x.... 0x....      BL       SRData__UpdateLong
    823                          // discard the acquired value
    824                          // take the previous one
    825                          SR_MCIC_UPDATE_OVERFLOW_TOTAL(SR_IC_OverFlow_Total_k1);
   \   000000A2   0x68A2             LDR      R2,[R4, #+8]
   \   000000A4   0xF104 0x0128      ADD      R1,R4,#+40
   \   000000A8   0x1D20             ADDS     R0,R4,#+4
   \   000000AA   0xE029             B.N      ??DiagnosticHandler_3
    826                      }
    827                      else if (difference > threshold)
   \                     ??DiagnosticHandler_2: (+1)
   \   000000AC   0xFB00 0xF205      MUL      R2,R0,R5
   \   000000B0   0xF640 0x00EB      MOVW     R0,#+2283
   \   000000B4   0x2300             MOVS     R3,#+0
   \   000000B6   0x4348             MULS     R0,R0,R1
   \   000000B8   0xEBB3 0x7FE0      CMP      R3,R0, ASR #+31
   \   000000BC   0xDC0F             BGT.N    ??DiagnosticHandler_4
   \   000000BE   0xDB01             BLT.N    ??DiagnosticHandler_5
   \   000000C0   0x4282             CMP      R2,R0
   \   000000C2   0xD20C             BCS.N    ??DiagnosticHandler_4
    828                      {
    829                          // increment the relevant counter
    830                          temp = SR_Plausibility_Max_Counter;
    831                          temp++;
    832                          SR_MCIC_UPDATE_PLAUSIBILITY_MAX_CNTR(temp);
   \                     ??DiagnosticHandler_5: (+1)
   \   000000C4   0x69A0             LDR      R0,[R4, #+24]
   \   000000C6   0x1C42             ADDS     R2,R0,#+1
   \   000000C8   0xF104 0x013C      ADD      R1,R4,#+60
   \   000000CC   0xF104 0x0018      ADD      R0,R4,#+24
   \   000000D0   0x.... 0x....      BL       SRData__UpdateLong
    833                          // discard the acquired value
    834                          // take the previous one
    835                          SR_MCIC_UPDATE_OVERFLOW_TOTAL(SR_IC_OverFlow_Total_k1);
   \   000000D4   0x68A2             LDR      R2,[R4, #+8]
   \   000000D6   0xF104 0x0128      ADD      R1,R4,#+40
   \   000000DA   0x1D20             ADDS     R0,R4,#+4
   \   000000DC   0xE010             B.N      ??DiagnosticHandler_3
    836                      }
    837                      else
    838                      {
    839                          // Plausibility checks passed
    840          
    841                          // Undertorque Management
    842                          // check the speed region
    843                          if (SR_IC_OverFlow_Total < SR_HIGH_SPEED_REGION_THR)
   \                     ??DiagnosticHandler_4: (+1)
   \   000000DE   0xF241 0x50F7      MOVW     R0,#+5623
   \   000000E2   0x4285             CMP      R5,R0
   \   000000E4   0xBF34             ITE      CC 
    844                          {
    845                              // High speed region
    846                              SR_MCIC_UPDATE_HIGH_SPEED_REGION(TRUE);
   \   000000E6   0x2201             MOVCC    R2,#+1
    847                          }
    848                          else
    849                          {
    850                              // Low speed region
    851                              SR_MCIC_UPDATE_HIGH_SPEED_REGION(FALSE);
   \   000000E8   0x2200             MOVCS    R2,#+0
   \   000000EA   0xF104 0x0125      ADD      R1,R4,#+37
   \   000000EE   0x1C60             ADDS     R0,R4,#+1
   \   000000F0   0x.... 0x....      BL       SRData__UpdateByte
    852                          }
    853          
    854                          // increment pulse counter
    855                          temp = SR_Pulse_Counter;
    856                          temp++;
    857                          SR_MCIC_UPDATE_PULSE_CNTR(temp);
   \   000000F4   0x6A20             LDR      R0,[R4, #+32]
   \   000000F6   0x1C42             ADDS     R2,R0,#+1
   \   000000F8   0xF104 0x0144      ADD      R1,R4,#+68
   \   000000FC   0xF104 0x0020      ADD      R0,R4,#+32
   \                     ??DiagnosticHandler_3: (+1)
   \   00000100   0x.... 0x....      BL       SRData__UpdateLong
    858                      }
    859          
    860                      // Move the diagnostic handler state
    861                      if (SR_Plausibility_Min_Counter > SR_MIN_TACH_CNT_THR)
   \   00000104   0x6961             LDR      R1,[R4, #+20]
   \   00000106   0xF241 0x3089      MOVW     R0,#+5001
   \   0000010A   0x4281             CMP      R1,R0
   \   0000010C   0xBF28             IT       CS 
    862                      {
    863                          SR_MCIC_UPDATE_DIAGNOSTIC_STATUS(SR_IC_MIN_TACH_ERROR);
   \   0000010E   0x2202             MOVCS    R2,#+2
   \   00000110   0xD204             BCS.N    ??DiagnosticHandler_6
    864                      }
    865                      else if (SR_Plausibility_Max_Counter > SR_MAX_SPEED_CHANGE_CNT_THR)
   \   00000112   0x69A1             LDR      R1,[R4, #+24]
   \   00000114   0x4281             CMP      R1,R0
   \   00000116   0xBF2C             ITE      CS 
    866                      {
    867                          SR_MCIC_UPDATE_DIAGNOSTIC_STATUS(SR_IC_MAX_SPEED_ERROR);
   \   00000118   0x2203             MOVCS    R2,#+3
    868                      }
    869                      else
    870                      {
    871                          SR_MCIC_UPDATE_DIAGNOSTIC_STATUS(SR_IC_PERIPHERAL_SAFE);
   \   0000011A   0x2204             MOVCC    R2,#+4
   \                     ??DiagnosticHandler_6: (+1)
   \   0000011C   0xF104 0x0127      ADD      R1,R4,#+39
   \   00000120   0x1CE0             ADDS     R0,R4,#+3
   \   00000122   0x.... 0x....      BL       SRData__UpdateByte
    872                      }
    873                  }
    874          
    875                  // store the current counter
    876                  SR_MCIC_UPDATE_OVERFLOW_TOTAL_K1(SR_IC_OverFlow_Total);
   \                     ??DiagnosticHandler_1: (+1)
   \   00000126   0x6862             LDR      R2,[R4, #+4]
   \   00000128   0xF104 0x012C      ADD      R1,R4,#+44
   \   0000012C   0xF104 0x0008      ADD      R0,R4,#+8
   \   00000130   0xB001             ADD      SP,SP,#+4
   \   00000132   0xE8BD 0x43F0      POP      {R4-R9,LR}
   \   00000136   0x.... 0x....      B.W      SRData__UpdateLong
    877              }
    878              else
    879              {
    880                  SR_MCIC_UPDATE_DIAGNOSTIC_STATUS(SR_IC_ERROR_PERIPHERAL_NOT_SAFE);
   \                     ??DiagnosticHandler_0: (+1)
   \   0000013A   0xF104 0x0127      ADD      R1,R4,#+39
   \   0000013E   0x1CE0             ADDS     R0,R4,#+3
   \   00000140   0xB001             ADD      SP,SP,#+4
   \   00000142   0xE8BD 0x43F0      POP      {R4-R9,LR}
   \   00000146   0x2205             MOVS     R2,#+5
   \   00000148   0x.... 0x....      B.W      SRData__UpdateByte
    881              }
    882          }

   \                                 In section .text, align 4, keep-with-next
   \                     ??DataTable14:
   \   00000000   0x4004803C         DC32     0x4004803c

   \                                 In section .text, align 4, keep-with-next
   \                     ??DataTable14_1:
   \   00000000   0x........         DC32     SR_Capture_Event

   \                                 In section .text, align 4, keep-with-next
   \                     ??DataTable14_2:
   \   00000000   0x40039000         DC32     0x40039000

   \                                 In section .text, align 4, keep-with-next
   \                     ??DataTable14_3:
   \   00000000   0x4004C01C         DC32     0x4004c01c

   \                                 In section .text, align 4, keep-with-next
   \                     ??DataTable14_4:
   \   00000000   0x4005200C         DC32     0x4005200c

   \                                 In section .text, align 4, keep-with-next
   \                     ??DataTable14_5:
   \   00000000   0x40039054         DC32     0x40039054
    883          
    884          static inline BOOL_TYPE IsPeripheralClockEnabled(void)
    885          {
    886          	BOOL_TYPE ret_val = FALSE;
    887          	if ((SIM.SCGC6 & IC_CLK_EN_MASK) == IC_CLK_EN_MASK)
    888          	{
    889          		ret_val = TRUE;
    890          	}
    891          
    892          	return ret_val;
    893          }

   Maximum stack usage in bytes:

   .cstack Function
   ------- --------
      32   DiagnosticHandler
        32   -> SRData__CheckByte
        32   -> SRData__CheckLong
         0   -> SRData__UpdateByte
        32   -> SRData__UpdateByte
         0   -> SRData__UpdateLong
        32   -> SRData__UpdateLong
      16   SRMCInputCapture__DisableCapture
        16   -> SRData__CheckLong
        16   -> SRData__UpdateLong
      16   SRMCInputCapture__EnableCapture
        16   -> SRData__CheckLong
        16   -> SRData__UpdateLong
        16   -> SRMCInputCapture__InitDiagnostic
      16   SRMCInputCapture__GetCounterValue
        16   -> SRData__CheckLong
       8   SRMCInputCapture__GetDiagnosticFeedback
         8   -> SRData__CheckByte
      16   SRMCInputCapture__GetMatchEvent
        16   -> SRData__CheckByte
        16   -> SRData__UpdateByte
       8   SRMCInputCapture__GetMatchEventCounter
         8   -> SRData__CheckLong
      24   SRMCInputCapture__GetMovementStatus
        24   -> SRData__CheckLong
        24   -> SRData__UpdateLong
       8   SRMCInputCapture__GetSpeedRegion
         8   -> SRData__CheckByte
      16   SRMCInputCapture__GetStatus
        16   -> SRData__CheckLong
       8   SRMCInputCapture__GetUndertorqueCounter
         8   -> SRData__CheckLong
      32   SRMCInputCapture__InitDiagnostic
        32   -> SRData__CheckByte
        32   -> SRData__CheckLong
        32   -> SRData__UpdateByte
        32   -> SRData__UpdateLong
       8   SRMCInputCapture__Initialize
         8   -> SRData__UpdateByte
         8   -> SRData__UpdateLong
      24   SRMCInputCapture__PwmHandler
        24   -> DiagnosticHandler
        24   -> SRData__CheckByte
        24   -> SRData__CheckLong
        24   -> SRData__UpdateByte
        24   -> SRData__UpdateLong
       8   SRMCInputCapture__ResetUndertorqueCounter
         8   -> SRData__CheckByte
         8   -> SRData__UpdateByte


   Section sizes:

   Bytes  Function/Label
   -----  --------------
       4  ??DataTable14
       4  ??DataTable14_1
       4  ??DataTable14_2
       4  ??DataTable14_3
       4  ??DataTable14_4
       4  ??DataTable14_5
     332  DiagnosticHandler
     106  SRMCInputCapture__DisableCapture
     110  SRMCInputCapture__EnableCapture
      62  SRMCInputCapture__GetCounterValue
      24  SRMCInputCapture__GetDiagnosticFeedback
      48  SRMCInputCapture__GetMatchEvent
      28  SRMCInputCapture__GetMatchEventCounter
     132  SRMCInputCapture__GetMovementStatus
      24  SRMCInputCapture__GetSpeedRegion
      74  SRMCInputCapture__GetStatus
      26  SRMCInputCapture__GetUndertorqueCounter
     252  SRMCInputCapture__InitDiagnostic
     296  SRMCInputCapture__Initialize
     278  SRMCInputCapture__PwmHandler
      36  SRMCInputCapture__ResetUndertorqueCounter
      72  SR_Capture_Event
          SR_High_Speed_Region
          SR_Reset_Pulse_Flag
          SR_Diagnostic_Status
          SR_IC_OverFlow_Total
          SR_IC_OverFlow_Total_k1
          SR_IC_OverFlow_Counter
          SR_Match_Event_Counter
          SR_Plausibility_Min_Counter
          SR_Plausibility_Max_Counter
          SR_Fict_Ramp_Counter
          SR_Pulse_Counter
          NSR_Capture_Event
          NSR_High_Speed_Region
          NSR_Reset_Pulse_Flag
          NSR_Diagnostic_Status
          NSR_IC_OverFlow_Total
          NSR_IC_OverFlow_Total_k1
          NSR_IC_OverFlow_Counter
          NSR_Match_Event_Counter
          NSR_Plausibility_Min_Counter
          NSR_Plausibility_Max_Counter
          NSR_Fict_Ramp_Counter
          NSR_Pulse_Counter

 
    72 bytes in section .bss
 1 852 bytes in section .text
 
 1 852 bytes of CODE memory
    72 bytes of DATA memory

Errors: none
Warnings: none
