###############################################################################
#
# IAR ANSI C/C++ Compiler V7.20.5.7591/W32 for ARM        06/Aug/2024  13:42:11
# Copyright 1999-2014 IAR Systems AB.
#
#    Cpu mode     =  thumb
#    Endian       =  little
#    Source file  =  
#        C:\Data\Python\Self_Commissioning_Bpm\source\XCategory\Driver\SRMCAtod\SRMCAtod.c
#    Command line =  
#        -I./ -I../cx/ -I../cx/inc/ -ICategory/ -ICategory/Application/
#        -ICategory/Application/ThermalModel/
#        -ICategory/Application/ThermalModel/ThermalModelCore_DD/
#        -ICategory/Application/ThermalModel/ThermalModelCore_sBPM/
#        -ICategory/Common/ -ICategory/Common/BoardDebugging/
#        -ICategory/Common/MasterCommander/
#        -ICategory/Common/MasterCommander/Source/
#        -ICategory/Common/MasterCommander/Source/HAL/
#        -ICategory/Common/SelfCommissioning/ -ICategory/Hbl/
#        -IProjectSpecific/ -IProjectSpecific/Application/
#        -IProjectSpecific/Application/API007App/
#        -IProjectSpecific/Application/ModeManagement/
#        -IProjectSpecific/Application/MotorSelector/
#        -IProjectSpecific/Application/ProductInfo/
#        -IProjectSpecific/Application/SRMcuSpeedMonitor/
#        -IProjectSpecific/Application/ThermalModel/
#        -IProjectSpecific/CommonCore/ -IProjectSpecific/Driver/
#        -IProjectSpecific/MasterCommander/ -IProjectSpecific/Mci/
#        -IProjectSpecific/Mci/Mcl/ -IProjectSpecific/Mci/Mcl/old_xls/
#        -IXCategory/ -IXCategory/Application/
#        -IXCategory/Application/MciParametersLoader/
#        -IXCategory/Application/Mode/ -IXCategory/Application/Reveal_APIs/
#        -IXCategory/Application/Reveal_APIs/API003Disc/
#        -IXCategory/Application/Reveal_APIs/API004Debug/
#        -IXCategory/Application/Reveal_APIs/API005LowLevel/
#        -IXCategory/Application/Reveal_APIs/API007Data/
#        -IXCategory/Application/Reveal_APIs/API009System/
#        -IXCategory/Application/Reveal_APIs/API010PollVar/
#        -IXCategory/Application/Reveal_APIs/API011AppCtr/
#        -IXCategory/Application/Reveal_APIs/API013RemoteFunction/
#        -IXCategory/Application/Reveal_APIs/API018Diagnostic/
#        -IXCategory/Application/Reveal_APIs/API019ProductInfo/
#        -IXCategory/Application/Reveal_APIs/API220MotorControl/
#        -IXCategory/Application/Reveal_APIs/API220MotorControl/API/
#        -IXCategory/Application/Reveal_APIs/API221MotionCtrl/
#        -IXCategory/Application/Reveal_APIs/SRAPI020Safety/
#        -IXCategory/Application/SFUpdater/ -IXCategory/Common/
#        -IXCategory/Common/Crc16/ -IXCategory/Common/Crc8/
#        -IXCategory/Common/Log/ -IXCategory/Common/Millis/
#        -IXCategory/Common/SettingFile/ -IXCategory/Common/SRClockMonitor/
#        -IXCategory/Common/SRData/ -IXCategory/Common/SRException/
#        -IXCategory/Common/SRFlow/ -IXCategory/Common/SRIsrMonitor/
#        -IXCategory/Common/SRMain/ -IXCategory/Common/SRMcuSpeedMonitor/
#        -IXCategory/Common/SRPowerMgr/ -IXCategory/Common/SRSignature/
#        -IXCategory/Common/SRSystemConfig/
#        -IXCategory/Common/SRTimerReference/ -IXCategory/Common/SystemConfig/
#        -IXCategory/Common/SystemTimers/ -IXCategory/Common/Utilities/
#        -IXCategory/Driver/ -IXCategory/Driver/API/
#        -IXCategory/Driver/API/Comparator/ -IXCategory/Driver/API/DataFlash/
#        -IXCategory/Driver/API/Dma/ -IXCategory/Driver/API/Flash/
#        -IXCategory/Driver/API/Gpio/ -IXCategory/Driver/API/Micro/
#        -IXCategory/Driver/API/Spi/ -IXCategory/Driver/API/SRMCAtod/
#        -IXCategory/Driver/API/SRMCInputCapture/
#        -IXCategory/Driver/API/SRMCPwm/ -IXCategory/Driver/API/TimerInterrupt/
#        -IXCategory/Driver/API/Uart/ -IXCategory/Driver/Comparator/
#        -IXCategory/Driver/DataFlash/ -IXCategory/Driver/Dma/
#        -IXCategory/Driver/Flash/ -IXCategory/Driver/Gpio/
#        -IXCategory/Driver/Micro/ -IXCategory/Driver/Spi/
#        -IXCategory/Driver/SRMCAtod/ -IXCategory/Driver/SRMCInputCapture/
#        -IXCategory/Driver/SRMCPwm/ -IXCategory/Driver/TimerInterrupt/
#        -IXCategory/Driver/Uart/ -IXCategory/Hbl/ -IXCategory/Hbl/Mci/
#        -IXCategory/Hbl/Mci/InverterTemp/ -IXCategory/Hbl/Mci/Mcl/
#        -IXCategory/Hbl/Mci/Mcl/Braking/ -IXCategory/Hbl/Mci/Mcl/MacroBlocks/
#        -IXCategory/Hbl/Mci/Mcl/MclFvt/ -IXCategory/Hbl/Mci/Mcl/MicroBlocks/
#        -IXCategory/Hbl/Mci/Mcl/MicroBlocks/ClrkPark/
#        -IXCategory/Hbl/Mci/Mcl/MicroBlocks/Filters/
#        -IXCategory/Hbl/Mci/Mcl/MicroBlocks/Math/
#        -IXCategory/Hbl/Mci/Mcl/MicroBlocks/ObserverPmsm/
#        -IXCategory/Hbl/Mci/Mcl/MicroBlocks/Pi/
#        -IXCategory/Hbl/Mci/Mcl/MicroBlocks/PwmModulation/
#        -IXCategory/Hbl/Mci/Mcl/ResistanceEstimation/
#        -IXCategory/Hbl/Mci/PowerModuleManager/
#        -IXCategory/Hbl/Mci/SpeedRefGen/ -IXCategory/Hbl/Mci/SurgeRelay/
#        -IXCategory/Hbl/SRMotorSafetyMgr/
#        -IXCategory/Hbl/SRMotorSafetyMgr/API/ -IXCategory/Service/
#        -IXCategory/Service/Reveal/ -IXCategory/Service/Win/ --remarks
#        --no_tbaa --debug --use_c++_inline --only_stdout --dlib_config
#        ..\cx\inc\DLib_Config_Normal.h -r -D
#        ENABLE_JUMP_TO_APPLICATION_WITHOUT_IAP_FIRMWARE -D
#        SET_FLASH_OPTION_CONFIGURATION -D ARM_MATH_CM4 -e --silent
#        --endian=little --cpu Cortex-M4 --fpu=VFPv4_sp -Ohs -o SRMCAtod.obj -l
#        ..\listings\SRMCAtod.lst
#        C:\Data\Python\Self_Commissioning_Bpm\source\XCategory\Driver\SRMCAtod\SRMCAtod.c
#    List file    =  ..\listings\SRMCAtod.lst
#    Object file  =  SRMCAtod.obj
#
###############################################################################

C:\Data\Python\Self_Commissioning_Bpm\source\XCategory\Driver\SRMCAtod\SRMCAtod.c
      1          /**
      2           *  @defgroup   CLASS_B
      3           *  @file       SRMCAtod.c
      4           *  @brief      This module treats analog conversions for motor control
      5           *
      6           *  @details    Analog conversions are triggered by PDB timer event in order minimize ringing noise.
      7           *              Trigger for all 3 currents and DC bus voltage occur at the same time
      8           *
      9           *---------------------------------------------------------------------------------------------------------------------
     10           *------------------- Copyright 2012.  Whirlpool Corporation.  All rights reserved - CONFIDENTIAL ---------------------
     11           *---------------------------------------------------------------------------------------------------------------------
     12           */
     13          
     14          //-------------------------------------- Include Files ----------------------------------------------------------------
     15          #include "SRMCAtod.h"
     16          #include "SRMicro.h"
     17          #include "SRData.h"
     18          #include "SRException.h"
     19          
     20          //-------------------------------------- PUBLIC (Variables) -----------------------------------------------------------
     21          
     22          //-------------------------------------- PRIVATE (Variables, Constants & Defines) -------------------------------------
     23          #if (SRMCATOD_ENABLE_ADDITIONAL_READING == 1)
     24          typedef struct
     25          {
     26              SRMCATOD_CONVERTER_TYPE Engine;
     27              SRMCATOD_CHANNEL_DEF Channel;
     28              BOOL_TYPE Use_Mux;
     29              ADC_BASIC_DEF* Base_Reg;
     30          } SRMCATOD_MANUAL_CONFIG_TYPE;
     31          #endif
     32          //-------------------------------------- Safety Relevant Variables ----------------------------------------------------

   \                                 In section .bss, align 2
     33          static SRMCATOD_DIAG_STATE_TYPE SR_State;
   \                     SR_State:
   \   00000000                      DS8 1
   \   00000001                      DS8 1
   \   00000002                      DS8 2
   \   00000004                      DS8 1
   \   00000005                      DS8 1
   \   00000006                      DS8 2
     34          static SRMCATOD_DIAG_ERROR_TYPE SR_Fault_Holder;
     35          static sint16 SR_Threshold;
     36          #if((SRMCATOD_EOC_ISR_HANDLER_PRESCALER == 1)||(SRMCATOD_EOC_ISR_HANDLER_PRESCALER == 2))
     37          static uint16  SR_Eos_Isr_Counter;
     38          #endif
     39          
     40          static SRMCATOD_DIAG_STATE_TYPE NSR_State;
     41          static SRMCATOD_DIAG_ERROR_TYPE NSR_Fault_Holder;
     42          static sint16 NSR_Threshold;
     43          #if((SRMCATOD_EOC_ISR_HANDLER_PRESCALER == 1)||(SRMCATOD_EOC_ISR_HANDLER_PRESCALER == 2))
     44          static uint16 NSR_Eos_Isr_Counter;
     45          #endif
     46          
     47          #if (SRMCATOD_ENABLE_ADDITIONAL_READING == 1)
     48          static sint16 Last_Manual_Sample;
     49          static SRMCATOD_MANUAL_CONFIG_TYPE Manual_Cfg_Hdlr;
     50          #endif
     51          
     52          //! FTM clock counts distance between Counter and Modulo used to check for stuck manual conversion condition [FTM counts]
     53          #define CONVERSION_TIME_THR     10
     54          
     55          //---------------------------------------- Macros -----------------------------------------------------
     56          #ifndef SRMCATOD_MANUAL_CONVERSION_EXCEPTION
     57              #define SRMCATOD_MANUAL_CONVERSION_EXCEPTION()      SRException__Queue(EXCEPTION_ATOD_STUCK, 0 , 0)
     58          #endif
     59          
     60          #if(1)
     61          // CHECK Macro defs
     62          //lint -emacro( 928, SR_MCATOD_CHECK_STATE )
     63          #define SR_MCATOD_CHECK_STATE()                         SRData__CheckByte((uint8 *)&SR_State, (uint8 *)&NSR_State)
     64          //lint -emacro( 928, SR_MCATOD_CHECK_FAULT_HOLDER )
     65          #define SR_MCATOD_CHECK_FAULT_HOLDER()                  SRData__CheckByte((uint8 *)&SR_Fault_Holder, (uint8 *)&NSR_Fault_Holder)
     66          //lint -emacro( 929, SR_MCATOD_CHECK_THRESHOLD )
     67          #define SR_MCATOD_CHECK_THRESHOLD()                     SRData__CheckShort((uint16 *)&SR_Threshold, (uint16 *)&NSR_Threshold)
     68          //lint -emacro( 928, SR_MCATOD_CHECK_EOS_ISR_CNT )
     69          #define SR_MCATOD_CHECK_EOS_ISR_CNT()                   SRData__CheckShort((uint16 *)&SR_Eos_Isr_Counter, (uint16 *)&NSR_Eos_Isr_Counter)
     70          
     71          
     72          // UPDATE Macro defs
     73          //lint -emacro( 928, SR_MCATOD_UPDATE_STATE )
     74          #define SR_MCATOD_UPDATE_STATE(value)                   SRData__UpdateByte((uint8 *)&SR_State, (uint8 *)&NSR_State, (uint8)(value))
     75          //lint -emacro( 928, SR_MCATOD_UPDATE_FAULT_HOLDER )
     76          #define SR_MCATOD_UPDATE_FAULT_HOLDER(value)            SRData__UpdateByte((uint8 *)&SR_Fault_Holder, (uint8 *)&NSR_Fault_Holder, (uint8)(value))
     77          //lint -emacro( 929, SR_MCATOD_UPDATE_THRESHOLD )
     78          #define SR_MCATOD_UPDATE_THRESHOLD(value)               SRData__UpdateShort((uint16 *)&SR_Threshold, (uint16 *)&NSR_Threshold, (uint16)(value))
     79          //lint -emacro( 928, SR_MCATOD_UPDATE_EOS_ISR_CNT )
     80          #define SR_MCATOD_UPDATE_EOS_ISR_CNT(value)             SRData__UpdateShort((uint16 *)&SR_Eos_Isr_Counter, (uint16 *)&NSR_Eos_Isr_Counter, (uint16)(value))
     81          
     82          
     83          #else
     84          // CHECK Macro defs
     85          #define SR_MCATOD_CHECK_STATE()                         SRDATA_OK
     86          #define SR_MCATOD_CHECK_FAULT_HOLDER()                  SRDATA_OK
     87          #define SR_MCATOD_CHECK_THRESHOLD()                     SRDATA_OK
     88          
     89          // UPDATE Macro defs
     90          #define SR_MCATOD_UPDATE_STATE(value)                   SR_State = (value)
     91          #define SR_MCATOD_UPDATE_FAULT_HOLDER(value)            SR_Fault_Holder = (value)
     92          #define SR_MCATOD_UPDATE_THRESHOLD(value)               SR_Threshold = (value)
     93          
     94          #endif
     95          //-------------------------------------- PRIVATE (Function Prototypes) ------------------------------------------------
     96          static void SRInitializeAD0(void);
     97          static void SRInitializeAD1(void);
     98          static void SRCalibrateAD0(void);
     99          static void SRCalibrateAD1(void);
    100          static void SRInitializePDB0(void);
    101          static void DisableEndOfConversionInteruption(SRMCATOD_CONVERTER_TYPE engine);
    102          static void EnableEndOfConversionInteruption(SRMCATOD_CONVERTER_TYPE engine);
    103          static void SREnableSelfDiagMode(SRMCATOD_CONVERTER_TYPE engine, SRMCATOD_DIAG_CONFIG_TYPE mode);
    104          static SRMCATOD_DIAG_ERROR_TYPE IsConverterSafe(SRMCATOD_CONVERTER_TYPE engine,sint16 thresold, SRMCATOD_DIAG_CONFIG_TYPE mode);
    105          
    106          //=====================================================================================================================
    107          //-------------------------------------- Public Functions -------------------------------------------------------------
    108          //=====================================================================================================================
    109          
    110          //---------------------------------------------------------------------------------------------------------------------
    111          /**
    112           *  @brief      It Initializes the module MCAtod peripheral and its variables
    113           *
    114           *  @details    ADC0, ADC1 and PDB0 peripherals are initialized.
    115           *
    116           *  @remarks    Only the IRQ of ADC1 channel 1 is enabled.
    117           *
    118           */

   \                                 In section .text, align 2, keep-with-next
    119          void SRMCAtod__Initialize(void)
    120          {
   \                     SRMCAtod__Initialize: (+1)
   \   00000000   0xB510             PUSH     {R4,LR}
    121          	DISABLE_INTERRUPTS();                           // Disables interruptions while configuring
   \   00000002   0xB672             CPSID    I
    122          
    123          	SRInitializeAD0();                           	// Configures AD0 with PDB0 trigger for 2 channels
   \   00000004   0x.... 0x....      BL       SRInitializeAD0
    124          	SRInitializeAD1();								// Configures AD1 with PDB0 trigger for 2 channels
   \   00000008   0x.... 0x....      BL       SRInitializeAD1
    125          	SRInitializePDB0();								// Configures PDB0 triggered by FTM0
   \   0000000C   0x.... 0x....      LDR.W    R4,??DataTable7  ;; 0x40048018
   \   00000010   0x6A60             LDR      R0,[R4, #+36]
   \   00000012   0xF440 0x0080      ORR      R0,R0,#0x400000
   \   00000016   0x6260             STR      R0,[R4, #+36]
   \   00000018   0x2034             MOVS     R0,#+52
   \   0000001A   0x.... 0x....      BL       Micro__NVICDisableIRQ
   \   0000001E   0x.... 0x....      LDR.W    R0,??DataTable7_1  ;; 0x40036000
   \   00000022   0xF64F 0x71FF      MOVW     R1,#+65535
   \   00000026   0x6041             STR      R1,[R0, #+4]
   \   00000028   0x2200             MOVS     R2,#+0
   \   0000002A   0x2114             MOVS     R1,#+20
   \   0000002C   0x6181             STR      R1,[R0, #+24]
   \   0000002E   0x6401             STR      R1,[R0, #+64]
   \   00000030   0x.... 0x....      LDR.W    R1,??DataTable7_2  ;; 0x20303
   \   00000034   0x6101             STR      R1,[R0, #+16]
   \   00000036   0x6381             STR      R1,[R0, #+56]
   \   00000038   0x.... 0x....      LDR.W    R1,??DataTable7_3  ;; 0xa0880
   \   0000003C   0x6001             STR      R1,[R0, #+0]
   \   0000003E   0x6801             LDR      R1,[R0, #+0]
   \   00000040   0xF041 0x0101      ORR      R1,R1,#0x1
   \   00000044   0x6001             STR      R1,[R0, #+0]
   \   00000046   0x2034             MOVS     R0,#+52
   \   00000048   0x2100             MOVS     R1,#+0
   \   0000004A   0x.... 0x....      BL       Micro__NVICEnableIRQ
   \   0000004E   0x2000             MOVS     R0,#+0
   \   00000050   0x6020             STR      R0,[R4, #+0]
   \   00000052   0x2200             MOVS     R2,#+0
    126          
    127              // Enable the 1V reference for plausibility checks
    128              PMC.REGSC.BIT.BGEN = 1;
   \   00000054   0x.... 0x....      LDR.W    R0,??DataTable7_4  ;; 0x4007d002
   \   00000058   0x.... 0x....      LDR.W    R4,??DataTable7_5
   \   0000005C   0x7801             LDRB     R1,[R0, #+0]
   \   0000005E   0xF041 0x0110      ORR      R1,R1,#0x10
   \   00000062   0x7001             STRB     R1,[R0, #+0]
    129              PMC.REGSC.BIT.BGBE = 1;
   \   00000064   0x7801             LDRB     R1,[R0, #+0]
   \   00000066   0xF041 0x0101      ORR      R1,R1,#0x1
   \   0000006A   0x7001             STRB     R1,[R0, #+0]
    130              // Initialize the Safety Relevant variables
    131              SR_MCATOD_UPDATE_STATE(SR_MCATOD_WAITING_TO_CHECK);
   \   0000006C   0x4620             MOV      R0,R4
   \   0000006E   0x1D21             ADDS     R1,R4,#+4
   \   00000070   0x.... 0x....      BL       SRData__UpdateByte
    132              SR_MCATOD_UPDATE_THRESHOLD(0);
   \   00000074   0x2200             MOVS     R2,#+0
   \   00000076   0x1DA1             ADDS     R1,R4,#+6
   \   00000078   0x1CA0             ADDS     R0,R4,#+2
   \   0000007A   0x.... 0x....      BL       SRData__UpdateShort
    133              SR_MCATOD_UPDATE_FAULT_HOLDER(SR_MCATOD_ERROR_TEST_NOT_PERFORMED);
   \   0000007E   0x2200             MOVS     R2,#+0
   \   00000080   0x1D61             ADDS     R1,R4,#+5
   \   00000082   0x1C60             ADDS     R0,R4,#+1
   \   00000084   0x.... 0x....      BL       SRData__UpdateByte
    134          
    135          #if((SRMCATOD_EOC_ISR_HANDLER_PRESCALER == 1)||(SRMCATOD_EOC_ISR_HANDLER_PRESCALER == 2))
    136              SR_MCATOD_UPDATE_EOS_ISR_CNT(0);
    137          #endif
    138          #if (SRMCATOD_ENABLE_ADDITIONAL_READING == 1)
    139              Manual_Cfg_Hdlr.Engine = (SRMCATOD_CONVERTER_TYPE) SRMCATOD_ADDITIONAL_READING_ADC_ENGINE;
    140              Manual_Cfg_Hdlr.Channel = (SRMCATOD_CHANNEL_DEF) SRMCATOD_ADDITIONAL_READING_CHANNEL;
    141              Manual_Cfg_Hdlr.Use_Mux = (BOOL_TYPE) SRMCATOD_ADDITIONAL_READING_MUX_SELECT;
    142          
    143          #if SRMCATOD_ADDITIONAL_READING_ADC_ENGINE == 1
    144              Manual_Cfg_Hdlr.Base_Reg = &ADC1;
    145          #else
    146              Manual_Cfg_Hdlr.Base_Reg = &ADC0;
    147          #endif
    148          
    149              Last_Manual_Sample = SRMCATOD_ADDITIONAL_READING_INITIAL_VALUE;
    150          #endif
    151              ENABLE_INTERRUPTS();                            // Enables back interruptions
   \   00000088   0xB662             CPSIE    I
    152          }
   \   0000008A   0xBD10             POP      {R4,PC}          ;; return
    153          
    154          //---------------------------------------------------------------------------------------------------------------------
    155          /**
    156           *  @brief      End of engine 0 conversion.
    157           *
    158           *  @details    This is supposed to be simultaneous to the end of engine 1, since they are triggered together.
    159           *
    160           */

   \                                 In section .text, align 2, keep-with-next
    161          INTERRUPT_DIRECTIVE void SRMCAtod__ISR(void)
    162          {
    163              #if((SRMCATOD_EOC_ISR_HANDLER_PRESCALER == 1)||(SRMCATOD_EOC_ISR_HANDLER_PRESCALER == 2))
    164          	uint16 temp;
    165          	SR_MCATOD_CHECK_EOS_ISR_CNT();
    166          	temp = SR_Eos_Isr_Counter;
    167              temp++;
    168              SR_MCATOD_UPDATE_EOS_ISR_CNT(temp);
    169              #endif
    170          
    171          	if((ADC0.ADC_SC1[0] & ADC_SC1_COCO_MASK) == ADC_SC1_COCO_MASK)
   \                     SRMCAtod__ISR: (+1)
   \   00000000   0x.... 0x....      LDR.W    R0,??DataTable7_6  ;; 0x4003b000
   \   00000004   0x6801             LDR      R1,[R0, #+0]
   \   00000006   0x0609             LSLS     R1,R1,#+24
   \   00000008   0xD503             BPL.N    ??SRMCAtod__ISR_0
    172          	{
    173          		ADC0.ADC_SC1[0] &= ~ADC_SC1_COCO_MASK;
   \   0000000A   0x6801             LDR      R1,[R0, #+0]
   \   0000000C   0xF021 0x0180      BIC      R1,R1,#0x80
   \   00000010   0x6001             STR      R1,[R0, #+0]
    174          	}
    175          	if((ADC0.ADC_SC1[1] & ADC_SC1_COCO_MASK) == ADC_SC1_COCO_MASK)
   \                     ??SRMCAtod__ISR_0: (+1)
   \   00000012   0x6841             LDR      R1,[R0, #+4]
   \   00000014   0x0609             LSLS     R1,R1,#+24
   \   00000016   0xD503             BPL.N    ??SRMCAtod__ISR_1
    176          	{
    177          		ADC0.ADC_SC1[1] &= ~ADC_SC1_COCO_MASK;
   \   00000018   0x6841             LDR      R1,[R0, #+4]
   \   0000001A   0xF021 0x0180      BIC      R1,R1,#0x80
   \   0000001E   0x6041             STR      R1,[R0, #+4]
    178          	}
    179          	if((ADC1.ADC_SC1[0] & ADC_SC1_COCO_MASK) == ADC_SC1_COCO_MASK)
   \                     ??SRMCAtod__ISR_1: (+1)
   \   00000020   0x.... 0x....      LDR.W    R0,??DataTable7_7  ;; 0x40027000
   \   00000024   0x6801             LDR      R1,[R0, #+0]
   \   00000026   0x0609             LSLS     R1,R1,#+24
   \   00000028   0xD503             BPL.N    ??SRMCAtod__ISR_2
    180          	{
    181          		ADC1.ADC_SC1[0] &= ~ADC_SC1_COCO_MASK;
   \   0000002A   0x6801             LDR      R1,[R0, #+0]
   \   0000002C   0xF021 0x0180      BIC      R1,R1,#0x80
   \   00000030   0x6001             STR      R1,[R0, #+0]
    182          	}
    183          	if((ADC1.ADC_SC1[1] & ADC_SC1_COCO_MASK) == ADC_SC1_COCO_MASK)
   \                     ??SRMCAtod__ISR_2: (+1)
   \   00000032   0x6841             LDR      R1,[R0, #+4]
   \   00000034   0x0609             LSLS     R1,R1,#+24
   \   00000036   0xD505             BPL.N    ??SRMCAtod__ISR_3
    184          	{
    185          		ADC1.ADC_SC1[1] &= ~ADC_SC1_COCO_MASK;
   \   00000038   0x6841             LDR      R1,[R0, #+4]
   \   0000003A   0xF021 0x0180      BIC      R1,R1,#0x80
   \   0000003E   0x6041             STR      R1,[R0, #+4]
    186          		
    187                  #if(SRMCATOD_EOC_ISR_HANDLER_PRESCALER == 1)
    188          		if (temp & 1)//
    189                  #elif(SRMCATOD_EOC_ISR_HANDLER_PRESCALER == 2)
    190          		if (temp - ((temp >> 2) << 2) == 0) // (Counter % 4) == 0
    191                  #endif
    192          		{
    193          			SRMCATOD_EOC_ISR_HANDLER();
   \   00000040   0x.... 0x....      B.W      SRMotorSafetyMgr__MCPwmHandler
    194          	 	}
    195          	}
    196          }
   \                     ??SRMCAtod__ISR_3: (+1)
   \   00000044   0x4770             BX       LR               ;; return
    197          
    198          //---------------------------------------------------------------------------------------------------------------------
    199          /**
    200           *  @brief      PDB interrupt service routine
    201           *
    202           */

   \                                 In section .text, align 2, keep-with-next
    203          INTERRUPT_DIRECTIVE void SRMCPDB__ISR(void)
    204          {
    205              PDB.SC &= ~PDB_SC_PDBIF_MASK ;  				// clear interrupt mask
   \                     SRMCPDB__ISR: (+1)
   \   00000000   0x.... 0x....      LDR.W    R0,??DataTable7_1  ;; 0x40036000
   \   00000004   0x6801             LDR      R1,[R0, #+0]
   \   00000006   0xF021 0x0140      BIC      R1,R1,#0x40
   \   0000000A   0x6001             STR      R1,[R0, #+0]
    206          
    207              PDB.SC |= PDB_SC_LDOK_MASK;                 	// LDOK needed for update of delay values
   \   0000000C   0x6801             LDR      R1,[R0, #+0]
   \   0000000E   0xF041 0x0101      ORR      R1,R1,#0x1
   \   00000012   0x6001             STR      R1,[R0, #+0]
    208          
    209          	if ((PDB.CH[0].S & PDB_S_ERR_MASK) ||
    210          		(PDB.CH[1].S & PDB_S_ERR_MASK))
   \   00000014   0x6941             LDR      R1,[R0, #+20]
   \   00000016   0x0609             LSLS     R1,R1,#+24
   \   00000018   0xD102             BNE.N    ??SRMCPDB__ISR_0
   \   0000001A   0x6BC1             LDR      R1,[R0, #+60]
   \   0000001C   0x0609             LSLS     R1,R1,#+24
   \   0000001E   0xD017             BEQ.N    ??SRMCPDB__ISR_1
    211          	{
    212          		PDB.SC &= ~PDB_SC_PDBEN_MASK;  				// disable PDB
   \                     ??SRMCPDB__ISR_0: (+1)
   \   00000020   0x6801             LDR      R1,[R0, #+0]
   \   00000022   0xF021 0x0180      BIC      R1,R1,#0x80
   \   00000026   0x6001             STR      R1,[R0, #+0]
    213          		PDB.CH[0].S &= ~PDB_S_CF_MASK;
   \   00000028   0x6941             LDR      R1,[R0, #+20]
   \   0000002A   0xF421 0x017F      BIC      R1,R1,#0xFF0000
   \   0000002E   0x6141             STR      R1,[R0, #+20]
    214          		PDB.CH[0].S &= ~PDB_S_ERR_MASK;   			// reset error CH0
   \   00000030   0x6941             LDR      R1,[R0, #+20]
   \   00000032   0x0A09             LSRS     R1,R1,#+8
   \   00000034   0x0209             LSLS     R1,R1,#+8
   \   00000036   0x6141             STR      R1,[R0, #+20]
    215          		PDB.CH[1].S &= ~PDB_S_CF_MASK;
   \   00000038   0x6BC1             LDR      R1,[R0, #+60]
   \   0000003A   0xF421 0x017F      BIC      R1,R1,#0xFF0000
   \   0000003E   0x63C1             STR      R1,[R0, #+60]
    216          		PDB.CH[1].S &= ~PDB_S_ERR_MASK;  			// reset error CH1
   \   00000040   0x6BC1             LDR      R1,[R0, #+60]
   \   00000042   0x0A09             LSRS     R1,R1,#+8
   \   00000044   0x0209             LSLS     R1,R1,#+8
   \   00000046   0x63C1             STR      R1,[R0, #+60]
    217          		PDB.SC |= PDB_SC_PDBEN_MASK;  				// Enable PDB
   \   00000048   0x6801             LDR      R1,[R0, #+0]
   \   0000004A   0xF041 0x0180      ORR      R1,R1,#0x80
   \   0000004E   0x6001             STR      R1,[R0, #+0]
    218          	}
    219          }
   \                     ??SRMCPDB__ISR_1: (+1)
   \   00000050   0x4770             BX       LR               ;; return
    220          
    221          //---------------------------------------------------------------------------------------------------------------------
    222          /**
    223           *  @brief      ADC Diagnostic handler
    224           *
    225           *  @details    This function is a handler used to check 12 bits AD registers and converters status.
    226           *              May be used to test stuck at register failure and conversion errors. Checks all converters with all possible fixed values.
    227           *              This handler has no time dependency, may be used on handlers at 16KHz, 250us, 1ms 5ms or 25ms.
    228           *              Use functions to start tests and get feedbacks.
    229           *
    230           */

   \                                 In section .text, align 4, keep-with-next
    231          void SRMCAtod__DiagnosticHandler(void)
    232          {
   \                     SRMCAtod__DiagnosticHandler: (+1)
   \   00000000   0xB5F0             PUSH     {R4-R7,LR}
    233              uint8 temp;
    234              
    235              SR_MCATOD_CHECK_STATE();
   \   00000002   0x.... 0x....      LDR.W    R4,??DataTable7_5
   \   00000006   0xB081             SUB      SP,SP,#+4
   \   00000008   0x1D21             ADDS     R1,R4,#+4
   \   0000000A   0x4620             MOV      R0,R4
   \   0000000C   0x.... 0x....      BL       SRData__CheckByte
    236              SR_MCATOD_CHECK_FAULT_HOLDER();
   \   00000010   0x1D61             ADDS     R1,R4,#+5
   \   00000012   0x1C60             ADDS     R0,R4,#+1
   \   00000014   0x.... 0x....      BL       SRData__CheckByte
    237              SR_MCATOD_CHECK_THRESHOLD();
   \   00000018   0x1DA1             ADDS     R1,R4,#+6
   \   0000001A   0x1CA0             ADDS     R0,R4,#+2
   \   0000001C   0x.... 0x....      BL       SRData__CheckShort
    238          
    239          	switch (SR_State)							    // State machine triggered externally
   \   00000020   0x7820             LDRB     R0,[R4, #+0]
   \   00000022   0x2805             CMP      R0,#+5
   \   00000024   0xF200 0x80C9      BHI.W    ??SRMCAtod__DiagnosticHandler_1
   \   00000028   0xE8DF 0xF000      TBB      [PC, R0]
   \                     ??SRMCAtod__DiagnosticHandler_0:
   \   0000002C   0xD9 0x03          DC8      0xD9,0x3,0x14,0x4E
   \              0x14 0x4E    
   \   00000030   0x88 0xD9          DC8      0x88,0xD9
    240          	{
    241          		case SR_MCATOD_WAITING_TO_CHECK:					// Waits until a verification is requested
    242          
    243          			break;
    244          
    245          		case SR_MCATOD_START_EVAL:							// Configures peripheral converters to test in respect to internal voltage reference
    246          
    247                      SREnableSelfDiagMode(SR_AD_ENGINE_0,SR_MCATOD_SELF_TEST_VREFH0_SCALE_0);
   \                     ??SRMCAtod__DiagnosticHandler_2: (+1)
   \   00000032   0x.... 0x....      LDR.W    R6,??DataTable7_6  ;; 0x4003b000
   \   00000036   0x.... 0x....      LDR.W    R5,??DataTable7_7  ;; 0x40027000
   \   0000003A   0x201E             MOVS     R0,#+30
   \   0000003C   0x6030             STR      R0,[R6, #+0]
   \   0000003E   0x6070             STR      R0,[R6, #+4]
    248                      SREnableSelfDiagMode(SR_AD_ENGINE_1,SR_MCATOD_SELF_TEST_VREFH0_SCALE_0);
   \   00000040   0x6028             STR      R0,[R5, #+0]
   \   00000042   0x2200             MOVS     R2,#+0
   \   00000044   0x205E             MOVS     R0,#+94
   \   00000046   0x6068             STR      R0,[R5, #+4]
    249          
    250                      SR_MCATOD_UPDATE_FAULT_HOLDER(SR_MCATOD_ERROR_TEST_NOT_PERFORMED);
   \   00000048   0x1D61             ADDS     R1,R4,#+5
   \   0000004A   0x1C60             ADDS     R0,R4,#+1
   \   0000004C   0x.... 0x....      BL       SRData__UpdateByte
    251                                                              // Initializes feedback to update test is not finished
    252                      SR_MCATOD_UPDATE_STATE(SR_MCATOD_CHECK_STUCK_AT_1);
   \   00000050   0x2202             MOVS     R2,#+2
   \   00000052   0xE0BD             B.N      ??SRMCAtod__DiagnosticHandler_3
    253                                                          // Gets to next state to get feedbacks from this test
    254          			break;
    255          
    256          		case SR_MCATOD_CHECK_STUCK_AT_1:					// Checks if all bits are null above certain threshold
    257          
    258          			SREnableSelfDiagMode(SR_AD_ENGINE_0,SR_MCATOD_SELF_TEST_DISABLED);
   \                     ??SRMCAtod__DiagnosticHandler_4: (+1)
   \   00000054   0x.... 0x....      LDR.W    R6,??DataTable7_6  ;; 0x4003b000
   \   00000058   0x.... 0x....      LDR.W    R5,??DataTable7_7  ;; 0x40027000
   \   0000005C   0x200C             MOVS     R0,#+12
   \   0000005E   0x6030             STR      R0,[R6, #+0]
   \   00000060   0x2203             MOVS     R2,#+3
   \   00000062   0x2004             MOVS     R0,#+4
   \   00000064   0x6070             STR      R0,[R6, #+4]
    259          			SREnableSelfDiagMode(SR_AD_ENGINE_1,SR_MCATOD_SELF_TEST_DISABLED);
   \   00000066   0x2008             MOVS     R0,#+8
   \   00000068   0x6028             STR      R0,[R5, #+0]
   \   0000006A   0x2049             MOVS     R0,#+73
   \   0000006C   0x6068             STR      R0,[R5, #+4]
    260          													// Disables self diagnostic
    261          			temp = (uint8) IsConverterSafe(SR_AD_ENGINE_0,SR_Threshold, SR_MCATOD_SELF_TEST_VREFH0_SCALE_0);
   \   0000006E   0x6930             LDR      R0,[R6, #+16]
   \   00000070   0x6971             LDR      R1,[R6, #+20]
   \   00000072   0xF9B4 0x3002      LDRSH    R3,[R4, #+2]
   \   00000076   0x4308             ORRS     R0,R1,R0
   \   00000078   0xB200             SXTH     R0,R0
   \   0000007A   0x4283             CMP      R3,R0
   \   0000007C   0xBFA8             IT       GE 
   \   0000007E   0x2206             MOVGE    R2,#+6
    262          			SR_MCATOD_UPDATE_FAULT_HOLDER(temp);    // Gets converter status
   \   00000080   0x1D61             ADDS     R1,R4,#+5
   \   00000082   0x1C60             ADDS     R0,R4,#+1
   \   00000084   0x.... 0x....      BL       SRData__UpdateByte
    263          
    264          			if (SR_Fault_Holder == SR_MCATOD_ERROR_PERIPHERAL_SAFE)	// If previous converter feedback is SAFE, checks next converter
   \   00000088   0x7860             LDRB     R0,[R4, #+1]
   \   0000008A   0x2806             CMP      R0,#+6
   \   0000008C   0xD11A             BNE.N    ??SRMCAtod__DiagnosticHandler_5
    265          			{
    266          			    temp = (uint8) IsConverterSafe(SR_AD_ENGINE_1,SR_Threshold, SR_MCATOD_SELF_TEST_VREFH0_SCALE_0);
   \   0000008E   0x6928             LDR      R0,[R5, #+16]
   \   00000090   0x6969             LDR      R1,[R5, #+20]
   \   00000092   0xF9B4 0x3002      LDRSH    R3,[R4, #+2]
   \   00000096   0x4308             ORRS     R0,R1,R0
   \   00000098   0x2203             MOVS     R2,#+3
   \   0000009A   0xB200             SXTH     R0,R0
   \   0000009C   0x4283             CMP      R3,R0
   \   0000009E   0xBFA8             IT       GE 
   \   000000A0   0x2206             MOVGE    R2,#+6
    267          			    SR_MCATOD_UPDATE_FAULT_HOLDER(temp);    // Gets converter status
   \   000000A2   0x1D61             ADDS     R1,R4,#+5
   \   000000A4   0x1C60             ADDS     R0,R4,#+1
   \   000000A6   0x.... 0x....      BL       SRData__UpdateByte
    268          
    269          			    if(SR_Fault_Holder == SR_MCATOD_ERROR_PERIPHERAL_SAFE)
   \   000000AA   0x7860             LDRB     R0,[R4, #+1]
   \   000000AC   0x2806             CMP      R0,#+6
   \   000000AE   0xD107             BNE.N    ??SRMCAtod__DiagnosticHandler_6
    270          				{									// If this feedback is also safe, checks in respect to next internal voltage level
    271                              SREnableSelfDiagMode(SR_AD_ENGINE_0,SR_MCATOD_SELF_TEST_VREFH0_SCALE_1);
   \   000000B0   0x201D             MOVS     R0,#+29
   \   000000B2   0x6030             STR      R0,[R6, #+0]
   \   000000B4   0x6070             STR      R0,[R6, #+4]
    272                              SREnableSelfDiagMode(SR_AD_ENGINE_1,SR_MCATOD_SELF_TEST_VREFH0_SCALE_1);
   \   000000B6   0x6028             STR      R0,[R5, #+0]
   \   000000B8   0x2203             MOVS     R2,#+3
   \   000000BA   0x205D             MOVS     R0,#+93
   \   000000BC   0x6068             STR      R0,[R5, #+4]
    273                                                              // Configures peripheral converters to test in respect to internal voltage reference
    274                              SR_MCATOD_UPDATE_STATE(SR_MCATOD_CHECK_STUCK_AT_0);
   \   000000BE   0xE087             B.N      ??SRMCAtod__DiagnosticHandler_3
    275                                                              // Gets to next test state since this was successfully tested
    276          				}
    277          				else								// Any type of error moves directly to feedback update to publish status
    278          				{
    279                              SR_MCATOD_UPDATE_STATE(SR_MCATOD_FEEDBACK_UPDATED);
   \                     ??SRMCAtod__DiagnosticHandler_6: (+1)
   \   000000C0   0x2205             MOVS     R2,#+5
   \   000000C2   0xE085             B.N      ??SRMCAtod__DiagnosticHandler_3
    280          				}
    281          			}
    282          			else									// Any type of error moves directly to feedback update to publish status
    283          			{
    284                          SR_MCATOD_UPDATE_STATE(SR_MCATOD_FEEDBACK_UPDATED);
   \                     ??SRMCAtod__DiagnosticHandler_5: (+1)
   \   000000C4   0x2205             MOVS     R2,#+5
   \   000000C6   0xE083             B.N      ??SRMCAtod__DiagnosticHandler_3
    285          			}
    286          			break;
    287          
    288          		case SR_MCATOD_CHECK_STUCK_AT_0:					// Checks if all bits are set under certain threshold
    289          
    290          			SREnableSelfDiagMode(SR_AD_ENGINE_0,SR_MCATOD_SELF_TEST_DISABLED);
   \                     ??SRMCAtod__DiagnosticHandler_7: (+1)
   \   000000C8   0x200C             MOVS     R0,#+12
   \   000000CA   0x....             LDR.N    R6,??DataTable7_6  ;; 0x4003b000
   \   000000CC   0x....             LDR.N    R5,??DataTable7_7  ;; 0x40027000
   \   000000CE   0x6030             STR      R0,[R6, #+0]
   \   000000D0   0x2202             MOVS     R2,#+2
   \   000000D2   0x2004             MOVS     R0,#+4
   \   000000D4   0x6070             STR      R0,[R6, #+4]
   \   000000D6   0xF640 0x77FF      MOVW     R7,#+4095
    291          			SREnableSelfDiagMode(SR_AD_ENGINE_1,SR_MCATOD_SELF_TEST_DISABLED);
   \   000000DA   0x2008             MOVS     R0,#+8
   \   000000DC   0x6028             STR      R0,[R5, #+0]
   \   000000DE   0x2049             MOVS     R0,#+73
   \   000000E0   0x6068             STR      R0,[R5, #+4]
    292          													// Disables self diagnostic
    293          			temp = (uint8) IsConverterSafe(SR_AD_ENGINE_0,SR_Threshold, SR_MCATOD_SELF_TEST_VREFH0_SCALE_1);
   \   000000E2   0x6930             LDR      R0,[R6, #+16]
   \   000000E4   0x6971             LDR      R1,[R6, #+20]
   \   000000E6   0x4008             ANDS     R0,R1,R0
   \   000000E8   0x5EA1             LDRSH    R1,[R4, R2]
   \   000000EA   0xB200             SXTH     R0,R0
   \   000000EC   0x1A79             SUBS     R1,R7,R1
   \   000000EE   0x4288             CMP      R0,R1
   \   000000F0   0xBFA8             IT       GE 
   \   000000F2   0x2206             MOVGE    R2,#+6
    294          			SR_MCATOD_UPDATE_FAULT_HOLDER(temp);    // Gets converter status
   \   000000F4   0x1D61             ADDS     R1,R4,#+5
   \   000000F6   0x1C60             ADDS     R0,R4,#+1
   \   000000F8   0x.... 0x....      BL       SRData__UpdateByte
    295          
    296          			if (SR_Fault_Holder == SR_MCATOD_ERROR_PERIPHERAL_SAFE)	// If previous converter feedback is SAFE, checks next converter
   \   000000FC   0x7860             LDRB     R0,[R4, #+1]
   \   000000FE   0x2806             CMP      R0,#+6
   \   00000100   0xD11A             BNE.N    ??SRMCAtod__DiagnosticHandler_8
    297          			{
    298          			    temp = (uint8) IsConverterSafe(SR_AD_ENGINE_1,SR_Threshold, SR_MCATOD_SELF_TEST_VREFH0_SCALE_1);
   \   00000102   0x6928             LDR      R0,[R5, #+16]
   \   00000104   0x6969             LDR      R1,[R5, #+20]
   \   00000106   0x2202             MOVS     R2,#+2
   \   00000108   0x4008             ANDS     R0,R1,R0
   \   0000010A   0x5EA1             LDRSH    R1,[R4, R2]
   \   0000010C   0xB200             SXTH     R0,R0
   \   0000010E   0x1A79             SUBS     R1,R7,R1
   \   00000110   0x4288             CMP      R0,R1
   \   00000112   0xBFA8             IT       GE 
   \   00000114   0x2206             MOVGE    R2,#+6
    299          			    SR_MCATOD_UPDATE_FAULT_HOLDER(temp);    // Gets converter status
   \   00000116   0x1D61             ADDS     R1,R4,#+5
   \   00000118   0x1C60             ADDS     R0,R4,#+1
   \   0000011A   0x.... 0x....      BL       SRData__UpdateByte
    300          
    301          			    if(SR_Fault_Holder == SR_MCATOD_ERROR_PERIPHERAL_SAFE)
   \   0000011E   0x7860             LDRB     R0,[R4, #+1]
   \   00000120   0x2806             CMP      R0,#+6
   \   00000122   0xD107             BNE.N    ??SRMCAtod__DiagnosticHandler_9
    302          				{									// If this feedback is also safe, checks in respect to next internal voltage level
    303                              SREnableSelfDiagMode(SR_AD_ENGINE_0,SR_MCATOD_SELF_TEST_VREFH0_SCALE_0_5);
   \   00000124   0x201B             MOVS     R0,#+27
   \   00000126   0x6030             STR      R0,[R6, #+0]
   \   00000128   0x6070             STR      R0,[R6, #+4]
    304                              SREnableSelfDiagMode(SR_AD_ENGINE_1,SR_MCATOD_SELF_TEST_VREFH0_SCALE_0_5);
   \   0000012A   0x6028             STR      R0,[R5, #+0]
   \   0000012C   0x2204             MOVS     R2,#+4
   \   0000012E   0x205B             MOVS     R0,#+91
   \   00000130   0x6068             STR      R0,[R5, #+4]
    305                                                              // Configures peripheral converters to test in respect to internal voltage reference
    306                              SR_MCATOD_UPDATE_STATE(SR_MCATOD_CHECK_CONVERTER_ERROR);
   \   00000132   0xE04D             B.N      ??SRMCAtod__DiagnosticHandler_3
    307          				}									// Gets to next test state since this was successfully tested
    308          				else								// Any type of error moves directly to feedback update to publish status
    309          				{
    310                              SR_MCATOD_UPDATE_STATE(SR_MCATOD_FEEDBACK_UPDATED);
   \                     ??SRMCAtod__DiagnosticHandler_9: (+1)
   \   00000134   0x2205             MOVS     R2,#+5
   \   00000136   0xE04B             B.N      ??SRMCAtod__DiagnosticHandler_3
    311          				}
    312          			}
    313          			else									// Any type of error moves directly to feedback update to publish status
    314          			{
    315                          SR_MCATOD_UPDATE_STATE(SR_MCATOD_FEEDBACK_UPDATED);
   \                     ??SRMCAtod__DiagnosticHandler_8: (+1)
   \   00000138   0x2205             MOVS     R2,#+5
   \   0000013A   0xE049             B.N      ??SRMCAtod__DiagnosticHandler_3
    316          			}
    317          			break;
    318          
    319          		case SR_MCATOD_CHECK_CONVERTER_ERROR:				// Checks if converter values are good under certain threshold
    320          
    321          			SREnableSelfDiagMode(SR_AD_ENGINE_0,SR_MCATOD_SELF_TEST_DISABLED);
   \                     ??SRMCAtod__DiagnosticHandler_10: (+1)
   \   0000013C   0x200C             MOVS     R0,#+12
   \   0000013E   0x....             LDR.N    R6,??DataTable7_6  ;; 0x4003b000
   \   00000140   0x....             LDR.N    R5,??DataTable7_7  ;; 0x40027000
   \   00000142   0x6030             STR      R0,[R6, #+0]
   \   00000144   0x2204             MOVS     R2,#+4
   \   00000146   0x2004             MOVS     R0,#+4
   \   00000148   0x6070             STR      R0,[R6, #+4]
    322          			SREnableSelfDiagMode(SR_AD_ENGINE_1,SR_MCATOD_SELF_TEST_DISABLED);
   \   0000014A   0x2008             MOVS     R0,#+8
   \   0000014C   0x6028             STR      R0,[R5, #+0]
   \   0000014E   0x2049             MOVS     R0,#+73
   \   00000150   0x6068             STR      R0,[R5, #+4]
    323          													// Disables self diagnostic
    324          			temp = (uint8) IsConverterSafe(SR_AD_ENGINE_0,SR_Threshold, SR_MCATOD_SELF_TEST_VREFH0_SCALE_0_5);
   \   00000152   0xF9B4 0x0002      LDRSH    R0,[R4, #+2]
   \   00000156   0x6931             LDR      R1,[R6, #+16]
   \   00000158   0x6973             LDR      R3,[R6, #+20]
   \   0000015A   0xB21B             SXTH     R3,R3
   \   0000015C   0xFA03 0xF181      SXTAH    R1,R3,R1
   \   00000160   0x03C9             LSLS     R1,R1,#+15
   \   00000162   0xF240 0x531E      MOVW     R3,#+1310
   \   00000166   0x1409             ASRS     R1,R1,#+16
   \   00000168   0x1A1B             SUBS     R3,R3,R0
   \   0000016A   0x4299             CMP      R1,R3
   \   0000016C   0xBFA2             ITTT     GE 
   \   0000016E   0xF200 0x501E      ADDWGE   R0,R0,#+1310
   \   00000172   0x4288             CMPGE    R0,R1
   \   00000174   0x2206             MOVGE    R2,#+6
    325          			SR_MCATOD_UPDATE_FAULT_HOLDER(temp);    // Gets converter status
   \   00000176   0x1D61             ADDS     R1,R4,#+5
   \   00000178   0x1C60             ADDS     R0,R4,#+1
   \   0000017A   0x.... 0x....      BL       SRData__UpdateByte
    326          
    327          			if (SR_Fault_Holder == SR_MCATOD_ERROR_PERIPHERAL_SAFE)	// If previous converter feedback is SAFE, checks next converter
   \   0000017E   0x7860             LDRB     R0,[R4, #+1]
   \   00000180   0x2806             CMP      R0,#+6
   \   00000182   0xD118             BNE.N    ??SRMCAtod__DiagnosticHandler_11
    328          			{
    329                          temp = (uint8) IsConverterSafe(SR_AD_ENGINE_1,SR_Threshold, SR_MCATOD_SELF_TEST_VREFH0_SCALE_0_5);
   \   00000184   0xF9B4 0x0002      LDRSH    R0,[R4, #+2]
   \   00000188   0x6929             LDR      R1,[R5, #+16]
   \   0000018A   0x696B             LDR      R3,[R5, #+20]
   \   0000018C   0xB21B             SXTH     R3,R3
   \   0000018E   0xFA03 0xF181      SXTAH    R1,R3,R1
   \   00000192   0x03C9             LSLS     R1,R1,#+15
   \   00000194   0xF240 0x531E      MOVW     R3,#+1310
   \   00000198   0x2204             MOVS     R2,#+4
   \   0000019A   0x1409             ASRS     R1,R1,#+16
   \   0000019C   0x1A1B             SUBS     R3,R3,R0
   \   0000019E   0x4299             CMP      R1,R3
   \   000001A0   0xBFA2             ITTT     GE 
   \   000001A2   0xF200 0x501E      ADDWGE   R0,R0,#+1310
   \   000001A6   0x4288             CMPGE    R0,R1
   \   000001A8   0x2206             MOVGE    R2,#+6
    330                          SR_MCATOD_UPDATE_FAULT_HOLDER(temp);    // Gets converter status
   \   000001AA   0x1D61             ADDS     R1,R4,#+5
   \   000001AC   0x1C60             ADDS     R0,R4,#+1
   \   000001AE   0x.... 0x....      BL       SRData__UpdateByte
    331                          SR_MCATOD_UPDATE_STATE(SR_MCATOD_FEEDBACK_UPDATED);
   \   000001B2   0x2205             MOVS     R2,#+5
   \   000001B4   0xE00C             B.N      ??SRMCAtod__DiagnosticHandler_3
    332                                                              // Gets converter feedback and update for publishing
    333          			}
    334          			else									// Any type of error moves directly to feedback update to publish status
    335          			{
    336                          SR_MCATOD_UPDATE_STATE(SR_MCATOD_FEEDBACK_UPDATED);
   \                     ??SRMCAtod__DiagnosticHandler_11: (+1)
   \   000001B6   0x2205             MOVS     R2,#+5
   \   000001B8   0xE00A             B.N      ??SRMCAtod__DiagnosticHandler_3
    337          			}
    338          			break;
    339          
    340          		case SR_MCATOD_FEEDBACK_UPDATED:					// Stays here until upper level application gets feedback
    341          
    342          			break;
    343          
    344          		default:									// default state returns to wait command to check
    345          			SREnableSelfDiagMode(SR_AD_ENGINE_0,SR_MCATOD_SELF_TEST_DISABLED);
   \                     ??SRMCAtod__DiagnosticHandler_1: (+1)
   \   000001BA   0x....             LDR.N    R6,??DataTable7_6  ;; 0x4003b000
   \   000001BC   0x....             LDR.N    R5,??DataTable7_7  ;; 0x40027000
   \   000001BE   0x200C             MOVS     R0,#+12
   \   000001C0   0x6030             STR      R0,[R6, #+0]
   \   000001C2   0x2200             MOVS     R2,#+0
   \   000001C4   0x2004             MOVS     R0,#+4
   \   000001C6   0x6070             STR      R0,[R6, #+4]
    346          			SREnableSelfDiagMode(SR_AD_ENGINE_1,SR_MCATOD_SELF_TEST_DISABLED);
   \   000001C8   0x2008             MOVS     R0,#+8
   \   000001CA   0x6028             STR      R0,[R5, #+0]
   \   000001CC   0x2049             MOVS     R0,#+73
   \   000001CE   0x6068             STR      R0,[R5, #+4]
   \                     ??SRMCAtod__DiagnosticHandler_3: (+1)
   \   000001D0   0x1D21             ADDS     R1,R4,#+4
   \   000001D2   0x4620             MOV      R0,R4
   \   000001D4   0xB001             ADD      SP,SP,#+4
   \   000001D6   0xE8BD 0x40F0      POP      {R4-R7,LR}
   \   000001DA   0x.... 0x....      B.W      SRData__UpdateByte
    347          													// Disables self diagnostic
    348          			SR_MCATOD_UPDATE_STATE(SR_MCATOD_WAITING_TO_CHECK);
    349          			break;
    350          	}
    351          }
   \                     ??SRMCAtod__DiagnosticHandler_12: (+1)
   \   000001DE   0xB001             ADD      SP,SP,#+4
   \   000001E0   0xBDF0             POP      {R4-R7,PC}       ;; return
    352          
    353          //---------------------------------------------------------------------------------------------------------------------
    354          /**
    355           *  @brief      Enable AtoD Diagnostic features.
    356           *
    357           *  @details    This function is a handler used to start checking 12 bits AD registers and converters status.
    358           *              Only restarts if feedback was updated or it's waiting for a check request.
    359           *
    360           *  @param      commanded_threshold Threshold used for the correct level detection
    361           *
    362           */

   \                                 In section .text, align 2, keep-with-next
    363          void SRMCAtod__EnableDiagnostic(sint16 commanded_threshold)
    364          {
   \                     SRMCAtod__EnableDiagnostic: (+1)
   \   00000000   0xB530             PUSH     {R4,R5,LR}
   \   00000002   0x4604             MOV      R4,R0
    365          
    366              SR_MCATOD_CHECK_STATE();
   \   00000004   0x....             LDR.N    R5,??DataTable7_5
   \   00000006   0xB081             SUB      SP,SP,#+4
   \   00000008   0x1D29             ADDS     R1,R5,#+4
   \   0000000A   0x4628             MOV      R0,R5
   \   0000000C   0x.... 0x....      BL       SRData__CheckByte
    367              SR_MCATOD_CHECK_THRESHOLD();
   \   00000010   0x1DA9             ADDS     R1,R5,#+6
   \   00000012   0x1CA8             ADDS     R0,R5,#+2
   \   00000014   0x.... 0x....      BL       SRData__CheckShort
    368          
    369          	if ((SR_State == SR_MCATOD_WAITING_TO_CHECK)||(SR_State == SR_MCATOD_FEEDBACK_UPDATED))
   \   00000018   0x7828             LDRB     R0,[R5, #+0]
   \   0000001A   0x2800             CMP      R0,#+0
   \   0000001C   0xBF18             IT       NE 
   \   0000001E   0x2805             CMPNE    R0,#+5
   \   00000020   0xD10C             BNE.N    ??SRMCAtod__EnableDiagnostic_0
    370          	{
    371          		SR_MCATOD_UPDATE_THRESHOLD(commanded_threshold);
   \   00000022   0xB2A2             UXTH     R2,R4
   \   00000024   0x1DA9             ADDS     R1,R5,#+6
   \   00000026   0x1CA8             ADDS     R0,R5,#+2
   \   00000028   0x.... 0x....      BL       SRData__UpdateShort
    372          	    SR_MCATOD_UPDATE_STATE(SR_MCATOD_START_EVAL);						// Gets to next state to get feedbacks from this test
   \   0000002C   0x1D29             ADDS     R1,R5,#+4
   \   0000002E   0x4628             MOV      R0,R5
   \   00000030   0xB001             ADD      SP,SP,#+4
   \   00000032   0xE8BD 0x4030      POP      {R4,R5,LR}
   \   00000036   0x2201             MOVS     R2,#+1
   \   00000038   0x.... 0x....      B.W      SRData__UpdateByte
    373          	}												// Defines new threshold for this verification
    374          }
   \                     ??SRMCAtod__EnableDiagnostic_0: (+1)
   \   0000003C   0xB001             ADD      SP,SP,#+4
   \   0000003E   0xBD30             POP      {R4,R5,PC}       ;; return
    375          
    376          //---------------------------------------------------------------------------------------------------------------------
    377          /**
    378           *  @brief      Get diagnostic status.
    379           *
    380           *  @details    This function gets converters status.
    381           *
    382           *  @return     Returns if all converters tests result: TEST_NOT_PERFORMED, TEST_NOT_INITIALIZED, REGISTER_BIT_STUCK_AT_0,
    383           *              REGISTER_BIT_STUCK_AT_1, CONVERTER_ERROR or PERIPHERAL_SAFE
    384           */

   \                                 In section .text, align 2, keep-with-next
    385          SRMCATOD_DIAG_ERROR_TYPE SRMCAtod__GetDiagnosticFeedback(void)
    386          {
   \                     SRMCAtod__GetDiagnosticFeedback: (+1)
   \   00000000   0xB530             PUSH     {R4,R5,LR}
    387          	SRMCATOD_DIAG_ERROR_TYPE current_status;
    388              uint32 temp;
    389          
    390          	SR_MCATOD_CHECK_STATE();
   \   00000002   0x....             LDR.N    R4,??DataTable7_5
   \   00000004   0xB081             SUB      SP,SP,#+4
   \   00000006   0x1D21             ADDS     R1,R4,#+4
   \   00000008   0x4620             MOV      R0,R4
   \   0000000A   0x.... 0x....      BL       SRData__CheckByte
    391          	SR_MCATOD_CHECK_FAULT_HOLDER();
   \   0000000E   0x1D61             ADDS     R1,R4,#+5
   \   00000010   0x1C60             ADDS     R0,R4,#+1
   \   00000012   0x.... 0x....      BL       SRData__CheckByte
    392          
    393          	if (SR_State == SR_MCATOD_FEEDBACK_UPDATED)				// Checks if test is concluded
   \   00000016   0x7820             LDRB     R0,[R4, #+0]
   \   00000018   0x2805             CMP      R0,#+5
   \   0000001A   0xD10E             BNE.N    ??SRMCAtod__GetDiagnosticFeedback_0
    394          	{
    395          	    temp  = SR_Fault_Holder;
   \   0000001C   0x7865             LDRB     R5,[R4, #+1]
    396          
    397                  if((temp == SR_MCATOD_ERROR_REGISTER_BIT_STUCK_AT_0) ||
    398                     (temp == SR_MCATOD_ERROR_REGISTER_BIT_STUCK_AT_1) ||
    399                     (temp == SR_MCATOD_ERROR_CONVERTER_ERROR) )
   \   0000001E   0x2D02             CMP      R5,#+2
   \   00000020   0xBF1C             ITT      NE 
   \   00000022   0x2D03             CMPNE    R5,#+3
   \   00000024   0x2D04             CMPNE    R5,#+4
   \   00000026   0xD100             BNE.N    ??SRMCAtod__GetDiagnosticFeedback_1
    400                  {
    401                      current_status = SR_MCATOD_ERROR_PERIPHERAL_NOT_SAFE;
   \   00000028   0x2505             MOVS     R5,#+5
    402                  }
    403                  else
    404                  {
    405                      current_status = SR_Fault_Holder;
    406                  }
    407          
    408          		SR_MCATOD_UPDATE_FAULT_HOLDER(SR_MCATOD_ERROR_TEST_NOT_INITIALIZED);
   \                     ??SRMCAtod__GetDiagnosticFeedback_1: (+1)
   \   0000002A   0x2201             MOVS     R2,#+1
   \   0000002C   0x1D61             ADDS     R1,R4,#+5
   \   0000002E   0x1C60             ADDS     R0,R4,#+1
   \   00000030   0x.... 0x....      BL       SRData__UpdateByte
    409          		                                                // Returns test feedback and reinitializes for next test waiting to be initialized
    410          	}
    411          	else if (SR_State == SR_MCATOD_WAITING_TO_CHECK)			// In case test was never performed
    412          	{
    413          		current_status = SR_MCATOD_ERROR_TEST_NOT_INITIALIZED;	// Returns it's waiting to be initialized
    414          	}
    415          	else											// In case test is still on going
    416          	{
    417          		current_status = SR_MCATOD_ERROR_TEST_NOT_PERFORMED;		// Returns test not performed yet
    418          	}
    419          	return (current_status);						// Returns status
   \   00000034   0x4628             MOV      R0,R5
   \   00000036   0xB001             ADD      SP,SP,#+4
   \   00000038   0xBD30             POP      {R4,R5,PC}
   \                     ??SRMCAtod__GetDiagnosticFeedback_0: (+1)
   \   0000003A   0x1E45             SUBS     R5,R0,#+1
   \   0000003C   0x41AD             SBCS     R5,R5,R5
   \   0000003E   0x0FED             LSRS     R5,R5,#+31
   \   00000040   0x4628             MOV      R0,R5
   \   00000042   0xB001             ADD      SP,SP,#+4
   \   00000044   0xBD30             POP      {R4,R5,PC}       ;; return
    420          }
    421          
    422          #if (SRMCATOD_ENABLE_ADDITIONAL_READING == 1)
    423          //---------------------------------------------------------------------------------------------------------------------
    424          /**
    425           *  @brief      Convert a sample value with a manual request.
    426           *
    427           *  @details    This function starts a new conversion using a SW trigger and returns when the conversion has finished.
    428           *
    429           *  @remark     The engine and channel to use need to be configured in the prm file and / or calling the
    430           *              SRMCAtod__ConfigureManualReading function
    431           *
    432           *  @remark     Call this function with caution!
    433           *              This function stops the Motor Control framework until the requested value is converted.
    434           *              If not called properly, this may cause the application to malfunction or even damage the board!
    435           *
    436           */
    437          void SRMCAtod__ConvertManualSample(void)
    438          {
    439              uint8 prev_mux_bit;
    440              uint8 prev_channel;
    441          
    442              // store the configuration
    443              prev_mux_bit = (Manual_Cfg_Hdlr.Base_Reg->ADC_CFG2 & ADC_CFG2_MUXSEL_MASK) >> ADC_CFG2_MUXSEL_SHIFT;
    444              prev_channel = (Manual_Cfg_Hdlr.Base_Reg->ADC_SC1[0] & ADC_SC1_ADCH_MASK);
    445          
    446              // Disable ADC EOS interrupt
    447              ADC1.ADC_SC1[1] &= ~ADC_SC1_AIEN_MASK;
    448              // Disable PDB module
    449              PDB.SC &= ~PDB_SC_PDBEN_MASK;
    450              // hardware trigger disabled
    451              Manual_Cfg_Hdlr.Base_Reg->ADC_SC2 &= ~ADC_SC2_ADTRG_MASK;
    452          
    453              // configure to the new channel & start the conversion
    454              if (Manual_Cfg_Hdlr.Use_Mux)
    455              {
    456                  Manual_Cfg_Hdlr.Base_Reg->ADC_CFG2 |= ADC_CFG2_MUXSEL_MASK;
    457              }
    458              else
    459              {
    460                  Manual_Cfg_Hdlr.Base_Reg->ADC_CFG2 &= ~ADC_CFG2_MUXSEL_MASK;
    461              }
    462              Manual_Cfg_Hdlr.Base_Reg->ADC_SC1[0] = (Manual_Cfg_Hdlr.Base_Reg->ADC_SC1[0] & 0x60) | Manual_Cfg_Hdlr.Channel;
    463          
    464              // wait for the conversion complete
    465              while ((Manual_Cfg_Hdlr.Base_Reg->ADC_SC1[0] & ADC_SC1_COCO_MASK) != ADC_SC1_COCO_MASK)
    466              {
    467                  // If too close to the reload event
    468                  if ((FTM0.MOD - FTM0.CNT) < CONVERSION_TIME_THR)
    469                  {
    470                      // Conversion is taking too much time
    471                      SRMCATOD_MANUAL_CONVERSION_EXCEPTION();
    472                  }
    473              }
    474              // read the result
    475              Last_Manual_Sample = (signed short int)(Manual_Cfg_Hdlr.Base_Reg->ADC_R[0]);
    476          
    477              // restore previous configuration
    478              // enable HW trigger
    479              Manual_Cfg_Hdlr.Base_Reg->ADC_SC2 |= ADC_SC2_ADTRG_MASK;
    480              // reconfigure the channel to default value
    481              Manual_Cfg_Hdlr.Base_Reg->ADC_CFG2 |= (prev_mux_bit << ADC_CFG2_MUXSEL_SHIFT);
    482              Manual_Cfg_Hdlr.Base_Reg->ADC_SC1[0] = (Manual_Cfg_Hdlr.Base_Reg->ADC_SC1[0] & 0x60) | prev_channel;
    483          
    484              // Enable PDB module
    485              PDB.SC |= PDB_SC_PDBEN_MASK;
    486              // Enable ADC EOS interrupt
    487              ADC1.ADC_SC1[1] |= ADC_SC1_AIEN_MASK;
    488          }
    489          
    490          //---------------------------------------------------------------------------------------------------------------------
    491          /**
    492           *  @brief      Get the last manually converted value.
    493           *
    494           *  @remark     Call the SRMCAtod__ConvertManualSample function first to ensure an updated value
    495           *
    496           *  @return     The converted value, in AD Counts.
    497           */
    498          sint16 SRMCAtod__GetLastManualSample(void)
    499          {
    500              MICRO_DECLARE_INTERRUPT_CONTEXT_LOCAL();
    501              sint16 ret = 0;
    502          
    503              MICRO_SAVE_INTERRUPT_CONTEXT_LOCAL();
    504              ret = Last_Manual_Sample;
    505              MICRO_RESTORE_INTERRUPT_CONTEXT_LOCAL();
    506          
    507              return ret;
    508          }
    509          
    510          //---------------------------------------------------------------------------------------------------------------------
    511          /**
    512           *  @brief      Configure the manual reading operation
    513           *
    514           *  @param      engine      ADC engine to use for the manual reading
    515           *              channel     The channel number, according to the SRMCATOD_CHANNEL_DEF type
    516           *              use_mux     MUX select setting for the selected additional channel
    517           *
    518           *  @return
    519           */
    520          void SRMCAtod__ConfigureManualReading(SRMCATOD_CONVERTER_TYPE engine, SRMCATOD_CHANNEL_DEF channel, BOOL_TYPE use_mux)
    521          {
    522              Manual_Cfg_Hdlr.Engine = engine;
    523              Manual_Cfg_Hdlr.Channel = channel;
    524              Manual_Cfg_Hdlr.Use_Mux = use_mux;
    525          
    526              if (engine == SR_AD_ENGINE_0)
    527              {
    528                  Manual_Cfg_Hdlr.Base_Reg = &ADC0;
    529              }
    530              else if (engine == SR_AD_ENGINE_1)
    531              {
    532                  Manual_Cfg_Hdlr.Base_Reg = &ADC1;
    533              }
    534              else
    535              {
    536                  // intentionally left blank
    537              }
    538          }
    539          #endif
    540          //=====================================================================================================================
    541          //-------------------------------------- Private Functions ------------------------------------------------------------
    542          //=====================================================================================================================
    543          
    544          /**
    545           *  @brief      Initialization of ADC0
    546           *
    547           *  @details    This function configures ADC0 to sample 2 channels triggered by PDB0 delay in respect to FTM0 event.
    548           *
    549           */

   \                                 In section .text, align 2, keep-with-next
    550          static void SRInitializeAD0(void)
    551          {
   \                     SRInitializeAD0: (+1)
   \   00000000   0xB5F0             PUSH     {R4-R7,LR}
   \   00000002   0xB081             SUB      SP,SP,#+4
    552              //------------------------------  AD0 Configuration ------------------------------
    553          	DisableEndOfConversionInteruption(SR_AD_ENGINE_0);
   \   00000004   0x2027             MOVS     R0,#+39
   \   00000006   0x.... 0x....      BL       Micro__NVICDisableIRQ
    554          	// System clock enabling
    555          	SIM.SCGC6 |= SIM_SCGC6_ADC0_MASK;				// Enables ADC0 clock
   \   0000000A   0x....             LDR.N    R0,??DataTable7_8  ;; 0x4004803c
    556          	// ADC0 Self calibration
    557          	SRCalibrateAD0();
   \   0000000C   0x....             LDR.N    R4,??DataTable7_6  ;; 0x4003b000
   \   0000000E   0x6801             LDR      R1,[R0, #+0]
   \   00000010   0x....             LDR.N    R6,??DataTable7_9  ;; 0x4005200c
   \   00000012   0xF041 0x6100      ORR      R1,R1,#0x8000000
   \   00000016   0x6001             STR      R1,[R0, #+0]
   \   00000018   0x2074             MOVS     R0,#+116
   \   0000001A   0x60A0             STR      R0,[R4, #+8]
   \   0000001C   0xF24B 0x4580      MOVW     R5,#+46208
   \   00000020   0x2004             MOVS     R0,#+4
   \   00000022   0x60E0             STR      R0,[R4, #+12]
   \   00000024   0xF24A 0x6702      MOVW     R7,#+42498
   \   00000028   0x2000             MOVS     R0,#+0
   \   0000002A   0x6220             STR      R0,[R4, #+32]
   \   0000002C   0x2007             MOVS     R0,#+7
   \   0000002E   0x6260             STR      R0,[R4, #+36]
   \   00000030   0x6A60             LDR      R0,[R4, #+36]
   \   00000032   0xF040 0x0080      ORR      R0,R0,#0x80
   \   00000036   0x6260             STR      R0,[R4, #+36]
   \                     ??SRInitializeAD0_0: (+1)
   \   00000038   0x6A60             LDR      R0,[R4, #+36]
   \   0000003A   0x0640             LSLS     R0,R0,#+25
   \   0000003C   0xBF48             IT       MI 
   \   0000003E   0x.... 0x....      BLMI     Micro__Trap
   \   00000042   0xF3EF 0x8010      MRS      R0,PRIMASK
   \   00000046   0xB672             CPSID    I
   \   00000048   0x8037             STRH     R7,[R6, #+0]
   \   0000004A   0x8035             STRH     R5,[R6, #+0]
   \   0000004C   0xF380 0x8810      MSR      PRIMASK,R0
   \   00000050   0x6820             LDR      R0,[R4, #+0]
   \   00000052   0x0600             LSLS     R0,R0,#+24
   \   00000054   0xD5F0             BPL.N    ??SRInitializeAD0_0
   \   00000056   0x6CE0             LDR      R0,[R4, #+76]
   \   00000058   0x6CA1             LDR      R1,[R4, #+72]
   \   0000005A   0x6C62             LDR      R2,[R4, #+68]
   \   0000005C   0x6C23             LDR      R3,[R4, #+64]
   \   0000005E   0x6BE5             LDR      R5,[R4, #+60]
   \   00000060   0x6BA6             LDR      R6,[R4, #+56]
   \   00000062   0x1808             ADDS     R0,R1,R0
   \   00000064   0x1810             ADDS     R0,R2,R0
   \   00000066   0x1818             ADDS     R0,R3,R0
   \   00000068   0x1828             ADDS     R0,R5,R0
   \   0000006A   0x1830             ADDS     R0,R6,R0
   \   0000006C   0x0400             LSLS     R0,R0,#+16
   \   0000006E   0x0C40             LSRS     R0,R0,#+17
   \   00000070   0xF440 0x4000      ORR      R0,R0,#0x8000
   \   00000074   0x62E0             STR      R0,[R4, #+44]
   \   00000076   0x6EE0             LDR      R0,[R4, #+108]
   \   00000078   0x6EA1             LDR      R1,[R4, #+104]
   \   0000007A   0x6E62             LDR      R2,[R4, #+100]
   \   0000007C   0x6E23             LDR      R3,[R4, #+96]
   \   0000007E   0x6DE5             LDR      R5,[R4, #+92]
   \   00000080   0x6DA6             LDR      R6,[R4, #+88]
   \   00000082   0x1808             ADDS     R0,R1,R0
   \   00000084   0x1810             ADDS     R0,R2,R0
   \   00000086   0x1818             ADDS     R0,R3,R0
   \   00000088   0x1828             ADDS     R0,R5,R0
   \   0000008A   0x1830             ADDS     R0,R6,R0
   \   0000008C   0x0400             LSLS     R0,R0,#+16
   \   0000008E   0x0C40             LSRS     R0,R0,#+17
   \   00000090   0xF440 0x4000      ORR      R0,R0,#0x8000
   \   00000094   0x6320             STR      R0,[R4, #+48]
    558          	// setting prescaler to get ADCK = bus clock, 12 bits resolution, short sample time and normal operation mode
    559          	ADC0.ADC_CFG1 = ADC_CFG1_ADIV(SRMCATOD_ADC0_CLOCK_DIVIDE_SEL)
    560          					| ADC_CFG1_ADICLK(SRMCATOD_ADC0_CLK_INPUT)
    561          					| ADC_CFG1_MODE(SRMCATOD_ADC0_RES_MODE);
   \   00000096   0x2024             MOVS     R0,#+36
   \   00000098   0x60A0             STR      R0,[R4, #+8]
    562          
    563          	ADC0.ADC_CFG2 = ADC_CFG2_ADHSC_MASK;			// High speed configuration
   \   0000009A   0x2004             MOVS     R0,#+4
   \   0000009C   0x60E0             STR      R0,[R4, #+12]
    564          	// Configure ports as analog input
    565          	// First and Second samples
    566              #if(SRMCATOD_ADC0_MUX_SET == 1)
    567                  #if(SRMCATOD_ADC0_FIRST_SAMPLE_CHN == 4)
    568                      PCIPORTC.PCR[SRMCATOD_ADC0_FIRST_SAMPLE_CHN - 2] = PORT_PCR_MUX(SRMCATOD_ANALOG_INPUT_CONFIG);
    569                  #elif(SRMCATOD_ADC0_FIRST_SAMPLE_CHN == 5)
    570                      PCIPORTD.PCR[SRMCATOD_ADC0_FIRST_SAMPLE_CHN - 4] = PORT_PCR_MUX(SRMCATOD_ANALOG_INPUT_CONFIG);
    571                  #elif((SRMCATOD_ADC0_FIRST_SAMPLE_CHN == 6) || (SRMCATOD_ADC0_FIRST_SAMPLE_CHN == 7))
    572                      PCIPORTD.PCR[SRMCATOD_ADC0_FIRST_SAMPLE_CHN - 1] = PORT_PCR_MUX(SRMCATOD_ANALOG_INPUT_CONFIG);
    573                  #endif
    574          
    575                  #if(SRMCATOD_ADC0_SECOND_SAMPLE_CHN == 4)
    576                      PCIPORTC.PCR[SRMCATOD_ADC0_SECOND_SAMPLE_CHN - 2] = PORT_PCR_MUX(SRMCATOD_ANALOG_INPUT_CONFIG);
    577                  #elif(SRMCATOD_ADC0_SECOND_SAMPLE_CHN == 5)
    578                      PCIPORTD.PCR[SRMCATOD_ADC0_SECOND_SAMPLE_CHN - 4] = PORT_PCR_MUX(SRMCATOD_ANALOG_INPUT_CONFIG);
    579                  #elif((SRMCATOD_ADC0_SECOND_SAMPLE_CHN == 6) || (SRMCATOD_ADC0_SECOND_SAMPLE_CHN == 7))
    580                      PCIPORTD.PCR[SRMCATOD_ADC0_SECOND_SAMPLE_CHN - 1] = PORT_PCR_MUX(SRMCATOD_ANALOG_INPUT_CONFIG);
    581                  #endif
    582              #else
    583                  #if ((SRMCATOD_ADC0_FIRST_SAMPLE_CHN >= 4) && (SRMCATOD_ADC0_FIRST_SAMPLE_CHN < 8))
    584                      PCIPORTE.PCR[SRMCATOD_ADC0_FIRST_SAMPLE_CHN + 12] = PORT_PCR_MUX(SRMCATOD_ANALOG_INPUT_CONFIG);
    585                  #endif
    586                  #if ((SRMCATOD_ADC0_SECOND_SAMPLE_CHN >= 4) && (SRMCATOD_ADC0_SECOND_SAMPLE_CHN < 8))
    587                      PCIPORTE.PCR[SRMCATOD_ADC0_SECOND_SAMPLE_CHN + 12] = PORT_PCR_MUX(SRMCATOD_ANALOG_INPUT_CONFIG);
   \   0000009E   0x2000             MOVS     R0,#+0
   \   000000A0   0x....             LDR.N    R1,??DataTable7_10  ;; 0x4004d040
   \   000000A2   0x6008             STR      R0,[R1, #+0]
    588                  #endif
    589              #endif
    590              #if((SRMCATOD_ADC0_FIRST_SAMPLE_CHN == 8) || (SRMCATOD_ADC0_FIRST_SAMPLE_CHN == 9))
    591                  PCIPORTB.PCR[SRMCATOD_ADC0_FIRST_SAMPLE_CHN - 8] = PORT_PCR_MUX(SRMCATOD_ANALOG_INPUT_CONFIG);
    592              #elif((SRMCATOD_ADC0_FIRST_SAMPLE_CHN == 12) || (SRMCATOD_ADC0_FIRST_SAMPLE_CHN == 13))
    593                  PCIPORTB.PCR[SRMCATOD_ADC0_FIRST_SAMPLE_CHN - 10] = PORT_PCR_MUX(SRMCATOD_ANALOG_INPUT_CONFIG);
   \   000000A4   0x....             LDR.N    R1,??DataTable7_11  ;; 0x4004a008
   \   000000A6   0x6008             STR      R0,[R1, #+0]
    594              #elif((SRMCATOD_ADC0_FIRST_SAMPLE_CHN == 14) || (SRMCATOD_ADC0_FIRST_SAMPLE_CHN == 15))
    595                  PCIPORTC.PCR[SRMCATOD_ADC0_FIRST_SAMPLE_CHN - 14] = PORT_PCR_MUX(SRMCATOD_ANALOG_INPUT_CONFIG);
    596              #elif((SRMCATOD_ADC0_FIRST_SAMPLE_CHN == 17) || (SRMCATOD_ADC0_FIRST_SAMPLE_CHN == 18))
    597                  PCIPORTE.PCR[SRMCATOD_ADC0_FIRST_SAMPLE_CHN + 7] = PORT_PCR_MUX(SRMCATOD_ANALOG_INPUT_CONFIG);
    598              #endif
    599              #if((SRMCATOD_ADC0_SECOND_SAMPLE_CHN == 8) || (SRMCATOD_ADC0_SECOND_SAMPLE_CHN == 9))
    600                  PCIPORTB.PCR[SRMCATOD_ADC0_SECOND_SAMPLE_CHN - 8] = PORT_PCR_MUX(SRMCATOD_ANALOG_INPUT_CONFIG);
    601              #elif((SRMCATOD_ADC0_SECOND_SAMPLE_CHN == 12) || (SRMCATOD_ADC0_SECOND_SAMPLE_CHN == 13))
    602                  PCIPORTB.PCR[SRMCATOD_ADC0_SECOND_SAMPLE_CHN - 10] = PORT_PCR_MUX(SRMCATOD_ANALOG_INPUT_CONFIG);
    603              #elif((SRMCATOD_ADC0_SECOND_SAMPLE_CHN == 14) || (SRMCATOD_ADC0_SECOND_SAMPLE_CHN == 15))
    604                  PCIPORTC.PCR[SRMCATOD_ADC0_SECOND_SAMPLE_CHN - 14] = PORT_PCR_MUX(SRMCATOD_ANALOG_INPUT_CONFIG);
    605              #elif((SRMCATOD_ADC0_SECOND_SAMPLE_CHN == 17) || (SRMCATOD_ADC0_SECOND_SAMPLE_CHN == 18))
    606                  PCIPORTE.PCR[SRMCATOD_ADC0_SECOND_SAMPLE_CHN + 7] = PORT_PCR_MUX(SRMCATOD_ANALOG_INPUT_CONFIG);
    607              #endif
    608              // Additional sample
    609              #if(SRMCATOD_ENABLE_ADDITIONAL_READING == 1)
    610                  #if(SRMCATOD_ADDITIONAL_READING_ADC_ENGINE == 0)
    611                      #if(SRMCATOD_ADDITIONAL_READING_MUX_SELECT == 1)
    612                          #if(SRMCATOD_ADDITIONAL_READING_CHANNEL == 4)
    613                              PCIPORTC.PCR[SRMCATOD_ADDITIONAL_READING_CHANNEL - 2] = PORT_PCR_MUX(SRMCATOD_ANALOG_INPUT_CONFIG);
    614                          #elif(SRMCATOD_ADDITIONAL_READING_CHANNEL == 5)
    615                              PCIPORTD.PCR[SRMCATOD_ADDITIONAL_READING_CHANNEL - 4] = PORT_PCR_MUX(SRMCATOD_ANALOG_INPUT_CONFIG);
    616                          #elif((SRMCATOD_ADDITIONAL_READING_CHANNEL == 6) || (SRMCATOD_ADDITIONAL_READING_CHANNEL == 7))
    617                              PCIPORTD.PCR[SRMCATOD_ADDITIONAL_READING_CHANNEL - 1] = PORT_PCR_MUX(SRMCATOD_ANALOG_INPUT_CONFIG);
    618                          #endif
    619                      #else
    620                          #if ((SRMCATOD_ADDITIONAL_READING_CHANNEL >= 4) && (SRMCATOD_ADDITIONAL_READING_CHANNEL < 8))
    621                              PCIPORTE.PCR[SRMCATOD_ADDITIONAL_READING_CHANNEL + 12] = PORT_PCR_MUX(SRMCATOD_ANALOG_INPUT_CONFIG);
    622                          #endif
    623                          #if ((SRMCATOD_ADDITIONAL_READING_CHANNEL >= 4) && (SRMCATOD_ADDITIONAL_READING_CHANNEL < 8))
    624                              PCIPORTE.PCR[SRMCATOD_ADDITIONAL_READING_CHANNEL + 12] = PORT_PCR_MUX(SRMCATOD_ANALOG_INPUT_CONFIG);
    625                          #endif
    626                      #endif
    627                      #if((SRMCATOD_ADDITIONAL_READING_CHANNEL == 8) || (SRMCATOD_ADDITIONAL_READING_CHANNEL == 9))
    628                          PCIPORTB.PCR[SRMCATOD_ADDITIONAL_READING_CHANNEL - 8] = PORT_PCR_MUX(SRMCATOD_ANALOG_INPUT_CONFIG);
    629                      #elif((SRMCATOD_ADDITIONAL_READING_CHANNEL == 12) || (SRMCATOD_ADDITIONAL_READING_CHANNEL == 13))
    630                          PCIPORTB.PCR[SRMCATOD_ADDITIONAL_READING_CHANNEL - 10] = PORT_PCR_MUX(SRMCATOD_ANALOG_INPUT_CONFIG);
    631                      #elif((SRMCATOD_ADDITIONAL_READING_CHANNEL == 14) || (SRMCATOD_ADDITIONAL_READING_CHANNEL == 15))
    632                          PCIPORTC.PCR[SRMCATOD_ADDITIONAL_READING_CHANNEL - 14] = PORT_PCR_MUX(SRMCATOD_ANALOG_INPUT_CONFIG);
    633                      #elif((SRMCATOD_ADDITIONAL_READING_CHANNEL == 17) || (SRMCATOD_ADDITIONAL_READING_CHANNEL == 18))
    634                          PCIPORTE.PCR[SRMCATOD_ADDITIONAL_READING_CHANNEL + 7] = PORT_PCR_MUX(SRMCATOD_ANALOG_INPUT_CONFIG);
    635                      #endif
    636                  #endif
    637              #endif
    638              // Channel MUX configuration
    639              #if (SRMCATOD_ADC0_MUX_SET == 1)
    640              ADC0.ADC_CFG2 |= ADC_CFG2_MUXSEL_MASK;
    641              #endif
    642          	// hardware trigger enabled
    643          	ADC0.ADC_SC2 |= ADC_SC2_ADTRG_MASK;
   \   000000A8   0x6A20             LDR      R0,[R4, #+32]
   \   000000AA   0xF040 0x0040      ORR      R0,R0,#0x40
   \   000000AE   0x6220             STR      R0,[R4, #+32]
    644          	// hardware averaging disabled and calibration bit cleared (allows next calibration to be called next reset)
    645          	ADC0.ADC_SC3 = 0;
   \   000000B0   0x2000             MOVS     R0,#+0
   \   000000B2   0x6260             STR      R0,[R4, #+36]
    646          
    647          	// start conversion of channels and in this application, disables ADC0 interrupts
    648          	// ADC0 end of scan interrupt is disabled. Only ADC1 Interrupt is used
    649          	ADC0.ADC_SC1[0] = ADC_SC1_ADCH(SRMCATOD_ADC0_FIRST_SAMPLE_CHN);
   \   000000B4   0x200C             MOVS     R0,#+12
   \   000000B6   0x6020             STR      R0,[R4, #+0]
    650          	ADC0.ADC_SC1[1] = ADC_SC1_ADCH(SRMCATOD_ADC0_SECOND_SAMPLE_CHN);
   \   000000B8   0x2004             MOVS     R0,#+4
   \   000000BA   0x6060             STR      R0,[R4, #+4]
    651          }
   \   000000BC   0xB001             ADD      SP,SP,#+4
   \   000000BE   0xBDF0             POP      {R4-R7,PC}       ;; return
    652          
    653          /**
    654           *  @brief      ADC self calibration procedure start
    655           *
    656           *  @details    Recommended on AN3949 to operate with ADC clock between 2MHz and 4MHz, in high speed mode and 32 samples averaged.
    657           *              Calibration should be run with both VDDA and VREFH at or above 3V.
    658           *              The input channel, conversion mode setting, compare function values, resolution, and differential and single-ended
    659           *              settings have no effect on the calibration result.
    660           *              Software trigger selected: ADCx_SC2 bit ADTRG must be cleared before calibration.
    661           *              Disable interruptions during calibration.
    662           *              Calibration must be performed at least every reset.
    663           *              For single ended calibrations, minus side gain register can be skipped.
    664           *              Calibration may take as long as 15,000 ADCK cycles + 100 bus cycles
    665           *
    666           */
    667          static void SRCalibrateAD0(void)
    668          {
    669              uint16 calib;
    670          	// setting the clock to 7 MHz (ADIV and ADICLK bits), long sample time and single-ended 12-bit conversion (MODE bits);
    671          	ADC0.ADC_CFG1 = ADC_CFG1_ADIV(SRMCATOD_ADC0_CAL_CLOCK_DIVIDE_SEL)
    672          					| ADC_CFG1_MODE(SRMCATOD_ADC0_RES_MODE)
    673          					| ADC_CFG1_ADICLK(SRMCATOD_ADC0_CLK_INPUT)
    674          					| ADC_CFG1_ADLSMP_MASK;
    675          
    676          	ADC0.ADC_CFG2 = ADC_CFG2_ADHSC_MASK;			// High speed configuration with longest sampling time(20 extra ADCK cycles, 24 total)
    677          
    678          	ADC0.ADC_SC2 = 0;								// Software trigger selected
    679          
    680          	// HW averaging enabled, 32 samples averaged, one shot conversion mode
    681          	ADC0.ADC_SC3 = ADC_SC3_AVGE_MASK
    682          					| ADC_SC3_AVGS(SRMCATOD_ADC1_CAL_HW_AVG_SEL);
    683          
    684          	// starting the calibration of ADC0
    685          	ADC0.ADC_SC3 |= ADC_SC3_CAL_MASK;
    686          	do
    687          	{
    688          		// waits until the calibration completes
    689          		if(( ADC0.ADC_SC3 & ADC_SC3_CALF_MASK ) == ADC_SC3_CALF_MASK)
    690          		{
    691          			Micro__Trap();						    // traps in here in case calibration failed, waiting for the watchdog (must be enabled before calling this configuration)
    692          		}
    693          		SERVICE_WATCHDOG();
    694          		
    695          	} while (((ADC0.ADC_SC1[0] & ADC_SC1_COCO_MASK) != ADC_SC1_COCO_MASK));
    696          
    697          	calib = 0;										//16 bit RAM initialized
    698          	calib += ADC0.ADC_CLP0;
    699          	calib += ADC0.ADC_CLP1;
    700          	calib += ADC0.ADC_CLP2;
    701          	calib += ADC0.ADC_CLP3;
    702          	calib += ADC0.ADC_CLP4;
    703          	calib += ADC0.ADC_CLPS;							// Calibration results added
    704          	calib = calib >> 1;								// Divided by 2
    705          	calib = calib | 0x8000; 						// set the MSB (2's complement)
    706          	ADC0.ADC_PG = calib; 							// Plus side gain register updated
    707          	// Minus side gain register updated (not required for single ended calibrations)
    708          	calib = 0;										//16 bit RAM initialized again, just in case
    709          	calib += ADC0.ADC_CLM0;
    710          	calib += ADC0.ADC_CLM1;
    711          	calib += ADC0.ADC_CLM2;
    712          	calib += ADC0.ADC_CLM3;
    713          	calib += ADC0.ADC_CLM4;
    714          	calib += ADC0.ADC_CLMS;                         // Calibration results added
    715          	calib = calib >> 1;                             // Divided by 2
    716          	calib = calib | 0x8000;                         // set the MSB (2's complement)
    717          	ADC0.ADC_MG = calib;                            // Minus side gain register updated
    718          }
    719          
    720          /**
    721           *  @brief      Initialization of ADC1
    722           *
    723           *  @details    This function configures ADC1 to sample 2 channels triggered by PDB0 delay in respect to FTM0 event.
    724           *
    725           */

   \                                 In section .text, align 2, keep-with-next
    726          static void SRInitializeAD1(void)
    727          {
   \                     SRInitializeAD1: (+1)
   \   00000000   0xB5F0             PUSH     {R4-R7,LR}
   \   00000002   0xB081             SUB      SP,SP,#+4
    728          	Micro__NVICDisableIRQ(ADC1_IRQ_CHANNEL);		// Disables ADC1 interruption during configuration
   \   00000004   0x2049             MOVS     R0,#+73
   \   00000006   0x.... 0x....      BL       Micro__NVICDisableIRQ
    729          	// System clock enabling
    730          	SIM.SCGC6 |= SIM_SCGC6_ADC1_MASK;				// Enables ADC1 clock
   \   0000000A   0x....             LDR.N    R0,??DataTable7_8  ;; 0x4004803c
    731          	SRCalibrateAD1();
   \   0000000C   0x....             LDR.N    R4,??DataTable7_7  ;; 0x40027000
   \   0000000E   0x6801             LDR      R1,[R0, #+0]
   \   00000010   0x....             LDR.N    R6,??DataTable7_9  ;; 0x4005200c
   \   00000012   0xF041 0x0180      ORR      R1,R1,#0x80
   \   00000016   0x6001             STR      R1,[R0, #+0]
   \   00000018   0x2074             MOVS     R0,#+116
   \   0000001A   0x60A0             STR      R0,[R4, #+8]
   \   0000001C   0xF24B 0x4580      MOVW     R5,#+46208
   \   00000020   0x2004             MOVS     R0,#+4
   \   00000022   0x60E0             STR      R0,[R4, #+12]
   \   00000024   0xF24A 0x6702      MOVW     R7,#+42498
   \   00000028   0x2000             MOVS     R0,#+0
   \   0000002A   0x6220             STR      R0,[R4, #+32]
   \   0000002C   0x2007             MOVS     R0,#+7
   \   0000002E   0x6260             STR      R0,[R4, #+36]
   \   00000030   0x6A60             LDR      R0,[R4, #+36]
   \   00000032   0xF040 0x0080      ORR      R0,R0,#0x80
   \   00000036   0x6260             STR      R0,[R4, #+36]
   \                     ??SRInitializeAD1_0: (+1)
   \   00000038   0x6A60             LDR      R0,[R4, #+36]
   \   0000003A   0x0640             LSLS     R0,R0,#+25
   \   0000003C   0xBF48             IT       MI 
   \   0000003E   0x.... 0x....      BLMI     Micro__Trap
   \   00000042   0xF3EF 0x8010      MRS      R0,PRIMASK
   \   00000046   0xB672             CPSID    I
   \   00000048   0x8037             STRH     R7,[R6, #+0]
   \   0000004A   0x8035             STRH     R5,[R6, #+0]
   \   0000004C   0xF380 0x8810      MSR      PRIMASK,R0
   \   00000050   0x6820             LDR      R0,[R4, #+0]
   \   00000052   0x0600             LSLS     R0,R0,#+24
   \   00000054   0xD5F0             BPL.N    ??SRInitializeAD1_0
   \   00000056   0x6CE0             LDR      R0,[R4, #+76]
   \   00000058   0x6CA1             LDR      R1,[R4, #+72]
   \   0000005A   0x6C62             LDR      R2,[R4, #+68]
   \   0000005C   0x6C23             LDR      R3,[R4, #+64]
   \   0000005E   0x6BE5             LDR      R5,[R4, #+60]
   \   00000060   0x6BA6             LDR      R6,[R4, #+56]
   \   00000062   0x1808             ADDS     R0,R1,R0
   \   00000064   0x1810             ADDS     R0,R2,R0
   \   00000066   0x1818             ADDS     R0,R3,R0
   \   00000068   0x1828             ADDS     R0,R5,R0
   \   0000006A   0x1830             ADDS     R0,R6,R0
   \   0000006C   0x0400             LSLS     R0,R0,#+16
   \   0000006E   0x0C40             LSRS     R0,R0,#+17
   \   00000070   0xF440 0x4000      ORR      R0,R0,#0x8000
   \   00000074   0x62E0             STR      R0,[R4, #+44]
   \   00000076   0x6EE0             LDR      R0,[R4, #+108]
   \   00000078   0x6EA1             LDR      R1,[R4, #+104]
   \   0000007A   0x6E62             LDR      R2,[R4, #+100]
   \   0000007C   0x6E23             LDR      R3,[R4, #+96]
   \   0000007E   0x6DE5             LDR      R5,[R4, #+92]
   \   00000080   0x6DA6             LDR      R6,[R4, #+88]
   \   00000082   0x1808             ADDS     R0,R1,R0
   \   00000084   0x1810             ADDS     R0,R2,R0
   \   00000086   0x1818             ADDS     R0,R3,R0
   \   00000088   0x1828             ADDS     R0,R5,R0
   \   0000008A   0x1830             ADDS     R0,R6,R0
   \   0000008C   0x0400             LSLS     R0,R0,#+16
   \   0000008E   0x0C40             LSRS     R0,R0,#+17
   \   00000090   0xF440 0x4000      ORR      R0,R0,#0x8000
   \   00000094   0x6320             STR      R0,[R4, #+48]
    732          
    733          	ADC1.ADC_CFG2 = ADC_CFG2_ADHSC_MASK;			// High speed configuration
   \   00000096   0x2004             MOVS     R0,#+4
   \   00000098   0x60E0             STR      R0,[R4, #+12]
    734          	// Configure ports as analog input
    735          	// First and Second samples
    736              #if(SRMCATOD_ADC1_MUX_SET == 1)
    737                  #if((SRMCATOD_ADC1_FIRST_SAMPLE_CHN >= 4) && (SRMCATOD_ADC1_FIRST_SAMPLE_CHN < 8))
    738                      PCIPORTC.PCR[SRMCATOD_ADC1_FIRST_SAMPLE_CHN + 4] = PORT_PCR_MUX(SRMCATOD_ANALOG_INPUT_CONFIG);
    739                  #endif
    740          
    741                  #if((SRMCATOD_ADC1_SECOND_SAMPLE_CHN >= 4) && (SRMCATOD_ADC1_SECOND_SAMPLE_CHN < 8))
    742                      PCIPORTC.PCR[SRMCATOD_ADC1_SECOND_SAMPLE_CHN + 4] = PORT_PCR_MUX(SRMCATOD_ANALOG_INPUT_CONFIG);
    743                  #endif
    744              #else
    745                  #if ((SRMCATOD_ADC1_FIRST_SAMPLE_CHN >= 4) && (SRMCATOD_ADC1_FIRST_SAMPLE_CHN < 8))
    746                      PCIPORTE.PCR[SRMCATOD_ADC1_FIRST_SAMPLE_CHN -4] = PORT_PCR_MUX(SRMCATOD_ANALOG_INPUT_CONFIG);
    747                  #endif
    748                  #if ((SRMCATOD_ADC1_SECOND_SAMPLE_CHN >= 4) && (SRMCATOD_ADC1_SECOND_SAMPLE_CHN < 8))
    749                      PCIPORTE.PCR[SRMCATOD_ADC1_SECOND_SAMPLE_CHN -4] = PORT_PCR_MUX(SRMCATOD_ANALOG_INPUT_CONFIG);
    750                  #endif
    751              #endif
    752              #if((SRMCATOD_ADC1_FIRST_SAMPLE_CHN == 14) || (SRMCATOD_ADC1_FIRST_SAMPLE_CHN == 15))
    753                  PCIPORTB.PCR[SRMCATOD_ADC1_FIRST_SAMPLE_CHN - 4] = PORT_PCR_MUX(SRMCATOD_ANALOG_INPUT_CONFIG);
    754              #elif(SRMCATOD_ADC1_FIRST_SAMPLE_CHN == 17)
    755                  PCIPORTA.PCR[SRMCATOD_ADC1_FIRST_SAMPLE_CHN] = PORT_PCR_MUX(SRMCATOD_ANALOG_INPUT_CONFIG);
    756              #endif
    757              #if((SRMCATOD_ADC1_SECOND_SAMPLE_CHN == 8) || (SRMCATOD_ADC1_SECOND_SAMPLE_CHN == 9))
    758                  PCIPORTB.PCR[SRMCATOD_ADC1_SECOND_SAMPLE_CHN - 8] = PORT_PCR_MUX(SRMCATOD_ANALOG_INPUT_CONFIG);
   \   0000009A   0x2000             MOVS     R0,#+0
   \   0000009C   0x....             LDR.N    R1,??DataTable7_12  ;; 0x4004a004
   \   0000009E   0x6008             STR      R0,[R1, #+0]
   \   000000A0   0x2200             MOVS     R2,#+0
    759              #elif((SRMCATOD_ADC1_SECOND_SAMPLE_CHN == 14) || (SRMCATOD_ADC1_SECOND_SAMPLE_CHN == 15))
    760                  PCIPORTB.PCR[SRMCATOD_ADC1_FIRST_SAMPLE_CHN - 4] = PORT_PCR_MUX(SRMCATOD_ANALOG_INPUT_CONFIG);
    761              #elif(SRMCATOD_ADC1_SECOND_SAMPLE_CHN == 17)
    762                  PCIPORTA.PCR[SRMCATOD_ADC1_SECOND_SAMPLE_CHN] = PORT_PCR_MUX(SRMCATOD_ANALOG_INPUT_CONFIG);
    763              #endif
    764              // Additional sample
    765              #if(SRMCATOD_ENABLE_ADDITIONAL_READING == 1)
    766                  #if(SRMCATOD_ADDITIONAL_READING_ADC_ENGINE == 1)
    767                      #if(SRMCATOD_ADDITIONAL_READING_MUX_SELECT == 1)
    768                          #if((SRMCATOD_ADDITIONAL_READING_CHANNEL >= 4) && (SRMCATOD_ADDITIONAL_READING_CHANNEL < 8))
    769                              PCIPORTC.PCR[SRMCATOD_ADDITIONAL_READING_CHANNEL + 4] = PORT_PCR_MUX(SRMCATOD_ANALOG_INPUT_CONFIG);
    770                          #endif
    771                      #else
    772                          #if ((SRMCATOD_ADDITIONAL_READING_CHANNEL >= 4) && (SRMCATOD_ADDITIONAL_READING_CHANNEL < 8))
    773                              PCIPORTE.PCR[SRMCATOD_ADDITIONAL_READING_CHANNEL -4] = PORT_PCR_MUX(SRMCATOD_ANALOG_INPUT_CONFIG);
    774                          #endif
    775                      #endif
    776                      #if((SRMCATOD_ADDITIONAL_READING_CHANNEL == 14) || (SRMCATOD_ADDITIONAL_READING_CHANNEL == 15))
    777                          PCIPORTB.PCR[SRMCATOD_ADDITIONAL_READING_CHANNEL - 4] = PORT_PCR_MUX(SRMCATOD_ANALOG_INPUT_CONFIG);
    778                      #elif(SRMCATOD_ADDITIONAL_READING_CHANNEL == 17)
    779                          PCIPORTA.PCR[SRMCATOD_ADDITIONAL_READING_CHANNEL] = PORT_PCR_MUX(SRMCATOD_ANALOG_INPUT_CONFIG);
    780                      #elif((SRMCATOD_ADDITIONAL_READING_CHANNEL == 8) || (SRMCATOD_ADDITIONAL_READING_CHANNEL == 9))
    781                          PCIPORTB.PCR[SRMCATOD_ADDITIONAL_READING_CHANNEL - 8] = PORT_PCR_MUX(SRMCATOD_ANALOG_INPUT_CONFIG);
    782                      #endif
    783                  #endif
    784              #endif
    785              // Channel MUX configuration
    786          #if (SRMCATOD_ADC1_MUX_SET == 1)
    787              ADC1.ADC_CFG2 |= ADC_CFG2_MUXSEL_MASK;
    788          #endif
    789              // setting prescaler to get ADCK = bus clock, 12 bits resolution, short sample time and normal operation mode
    790              ADC1.ADC_CFG1 = ADC_CFG1_ADIV(SRMCATOD_ADC1_CLOCK_DIVIDE_SEL)
    791              				| ADC_CFG1_ADICLK(SRMCATOD_ADC1_CLK_INPUT)
    792          					| ADC_CFG1_MODE(SRMCATOD_ADC1_RES_MODE);
   \   000000A2   0x2024             MOVS     R0,#+36
   \   000000A4   0x60A0             STR      R0,[R4, #+8]
   \   000000A6   0x2100             MOVS     R1,#+0
    793          
    794              // hardware trigger enabled
    795          	ADC1.ADC_SC2 |= ADC_SC2_ADTRG_MASK;
   \   000000A8   0x6A20             LDR      R0,[R4, #+32]
   \   000000AA   0xF040 0x0040      ORR      R0,R0,#0x40
   \   000000AE   0x6220             STR      R0,[R4, #+32]
    796              // hardware averaging disabled and calibration bit cleared (allows next calibration to be called next reset)
    797              ADC1.ADC_SC3 = 0;
   \   000000B0   0x2000             MOVS     R0,#+0
   \   000000B2   0x6260             STR      R0,[R4, #+36]
    798          
    799              // start conversion of channels and in this application, disables ADC interrupts
    800              ADC1.ADC_SC1[0] = ADC_SC1_ADCH(SRMCATOD_ADC1_FIRST_SAMPLE_CHN);
   \   000000B4   0x2008             MOVS     R0,#+8
   \   000000B6   0x6020             STR      R0,[R4, #+0]
    801              ADC1.ADC_SC1[1] = ADC_SC1_ADCH(SRMCATOD_ADC1_SECOND_SAMPLE_CHN)|ADC_SC1_AIEN_MASK;
   \   000000B8   0x2049             MOVS     R0,#+73
   \   000000BA   0x6060             STR      R0,[R4, #+4]
    802          	EnableEndOfConversionInteruption(SR_AD_ENGINE_1);
   \   000000BC   0xB001             ADD      SP,SP,#+4
   \   000000BE   0xE8BD 0x40F0      POP      {R4-R7,LR}
   \   000000C2   0x.... 0x....      B.W      Micro__NVICEnableIRQ
    803          }

   \                                 In section .text, align 4, keep-with-next
   \                     ??DataTable7:
   \   00000000   0x40048018         DC32     0x40048018

   \                                 In section .text, align 4, keep-with-next
   \                     ??DataTable7_1:
   \   00000000   0x40036000         DC32     0x40036000

   \                                 In section .text, align 4, keep-with-next
   \                     ??DataTable7_2:
   \   00000000   0x00020303         DC32     0x20303

   \                                 In section .text, align 4, keep-with-next
   \                     ??DataTable7_3:
   \   00000000   0x000A0880         DC32     0xa0880

   \                                 In section .text, align 4, keep-with-next
   \                     ??DataTable7_4:
   \   00000000   0x4007D002         DC32     0x4007d002

   \                                 In section .text, align 4, keep-with-next
   \                     ??DataTable7_5:
   \   00000000   0x........         DC32     SR_State

   \                                 In section .text, align 4, keep-with-next
   \                     ??DataTable7_6:
   \   00000000   0x4003B000         DC32     0x4003b000

   \                                 In section .text, align 4, keep-with-next
   \                     ??DataTable7_7:
   \   00000000   0x40027000         DC32     0x40027000

   \                                 In section .text, align 4, keep-with-next
   \                     ??DataTable7_8:
   \   00000000   0x4004803C         DC32     0x4004803c

   \                                 In section .text, align 4, keep-with-next
   \                     ??DataTable7_9:
   \   00000000   0x4005200C         DC32     0x4005200c

   \                                 In section .text, align 4, keep-with-next
   \                     ??DataTable7_10:
   \   00000000   0x4004D040         DC32     0x4004d040

   \                                 In section .text, align 4, keep-with-next
   \                     ??DataTable7_11:
   \   00000000   0x4004A008         DC32     0x4004a008

   \                                 In section .text, align 4, keep-with-next
   \                     ??DataTable7_12:
   \   00000000   0x4004A004         DC32     0x4004a004
    804          
    805          /**
    806           *  @brief      ADC self calibration procedure start
    807           *
    808           *  @details    Recommended on AN3949 to operate with ADC clock between 2MHz and 4MHz, in high speed mode and 32 samples averaged.
    809           *              Calibration should be run with both VDDA and VREFH at or above 3V.
    810           *              The input channel, conversion mode setting, compare function values, resolution, and differential and single-ended
    811           *              settings have no effect on the calibration result.
    812           *              Software trigger selected: ADCx_SC2 bit ADTRG must be cleared before calibration.
    813           *              Disable interruptions during calibration.
    814           *              Calibration must be performed at least every reset.
    815           *              For single ended calibrations, minus side gain register can be skipped.
    816           *              Calibration may take as long as 15,000 ADCK cycles + 100 bus cycles
    817           *
    818           */
    819          static void SRCalibrateAD1(void)
    820          {
    821              uint16 calib;
    822          	// setting the clock to 7 MHz (ADIV and ADICLK bits), long sample time and single-ended 12-bit conversion (MODE bits);
    823          	ADC1.ADC_CFG1 = ADC_CFG1_ADIV(SRMCATOD_ADC1_CAL_CLOCK_DIVIDE_SEL)
    824          					| ADC_CFG1_MODE(SRMCATOD_ADC1_RES_MODE)
    825          					| ADC_CFG1_ADICLK(SRMCATOD_ADC1_CLK_INPUT)
    826          					| ADC_CFG1_ADLSMP_MASK;
    827          
    828          	ADC1.ADC_CFG2 = ADC_CFG2_ADHSC_MASK;            // High speed configuration with longest sampling time(20 extra ADCK cycles, 24 total)
    829          
    830          	ADC1.ADC_SC2 = 0;                               // Software trigger selected
    831          
    832          	// HW averaging enabled, 32 samples averaged, one shot conversion mode
    833          	ADC1.ADC_SC3 = ADC_SC3_AVGE_MASK | ADC_SC3_AVGS(SRMCATOD_ADC1_CAL_HW_AVG_SEL);// | ADC_SC3_ADCO_MASK;
    834          
    835          	// starting the calibration of ADC1
    836          	ADC1.ADC_SC3 |= ADC_SC3_CAL_MASK;
    837          
    838          	do
    839          	{
    840          		// waits until the calibration completes
    841          		if ((ADC1.ADC_SC3 & ADC_SC3_CALF_MASK ) == ADC_SC3_CALF_MASK)
    842          		{
    843          			Micro__Trap();								// traps in here in case calibration failed, waiting for the watchdog (must be enabled before calling this configuration)
    844          		}
    845          		SERVICE_WATCHDOG();
    846          		
    847          	} while (((ADC1.ADC_SC1[0] & ADC_SC1_COCO_MASK) != ADC_SC1_COCO_MASK));
    848          
    849          	calib = 0;										//16 bit RAM initialized
    850          	calib += ADC1.ADC_CLP0;
    851          	calib += ADC1.ADC_CLP1;
    852          	calib += ADC1.ADC_CLP2;
    853          	calib += ADC1.ADC_CLP3;
    854          	calib += ADC1.ADC_CLP4;
    855          	calib += ADC1.ADC_CLPS;							// Calibration results added
    856          	calib = calib >> 1;								// Divided by 2
    857          	calib = calib | 0x8000; 						// set the MSB (2's complement)
    858          	ADC1.ADC_PG = calib; 							// Plus side gain register updated
    859          	// Minus side gain register updated (not required for single ended calibrations)
    860          	calib = 0;										//16 bit RAM initialized again, just in case
    861          	calib += ADC1.ADC_CLM0;
    862          	calib += ADC1.ADC_CLM1;
    863          	calib += ADC1.ADC_CLM2;
    864          	calib += ADC1.ADC_CLM3;
    865          	calib += ADC1.ADC_CLM4;
    866          	calib += ADC1.ADC_CLMS;                         // Calibration results added
    867          	calib = calib >> 1;                             // Divided by 2
    868          	calib = calib | 0x8000;                         // set the MSB (2's complement)
    869          	ADC1.ADC_MG = calib;                            // Minus side gain register updated
    870          }
    871          
    872          /**
    873           *  @brief      PDB0 peripheral initialization
    874           *
    875           */
    876          static void SRInitializePDB0(void)
    877          {
    878              // PDB configuration
    879          	SIM.SCGC6 |= SIM_SCGC6_PDB_MASK;				// Enables PDB clock
    880          
    881          	Micro__NVICDisableIRQ(PDB_IRQ_CHANNEL);
    882          
    883          	PDB.MOD = SRMCATOD_PDB_MODULUS_RELOAD & 0xFFFF;			// Specifies counter duration. When the counter reaches this value, it will be reset back to zero (16 bits  read/write).
    884          
    885          	PDB.CH[0].DLY[0] = SRMCATOD_PDB_DELAY_FIRST_CONVERSION;	// Defines a delay to avoid ringing noise in respect to center aligned PWM reload trigger event
    886          	PDB.CH[1].DLY[0] = SRMCATOD_PDB_DELAY_FIRST_CONVERSION; // Defines a delay to avoid ringing noise in respect to center aligned PWM reload trigger event
    887          
    888          
    889          	PDB.CH[0].C1 = PDB_C1_BB(SRMCATOD_PDB_PRE_TRIGGER_CHN_1) // back-to-back mode enabled
    890          			| PDB_C1_TOS(SRMCATOD_PDB_PRE_TRIGGER_CHN_0)
    891          			| PDB_C1_EN(SRMCATOD_PDB_PRE_TRIGGER_CHN_0)
    892          			| PDB_C1_TOS(SRMCATOD_PDB_PRE_TRIGGER_CHN_1)
    893          			| PDB_C1_EN(SRMCATOD_PDB_PRE_TRIGGER_CHN_1);
    894          
    895          	PDB.CH[1].C1 = PDB_C1_BB(SRMCATOD_PDB_PRE_TRIGGER_CHN_1) // back-to-back mode enabled
    896          			| PDB_C1_TOS(SRMCATOD_PDB_PRE_TRIGGER_CHN_0)
    897          			| PDB_C1_EN(SRMCATOD_PDB_PRE_TRIGGER_CHN_0)
    898          			| PDB_C1_TOS(SRMCATOD_PDB_PRE_TRIGGER_CHN_1)
    899          			| PDB_C1_EN(SRMCATOD_PDB_PRE_TRIGGER_CHN_1);
    900          
    901          	PDB.SC = 		PDB_SC_LDMOD(SRMCATOD_PDB_LD_MOD_SETTING)	// Configures PDB to load after trigger event and LDOK set
    902          			| PDB_SC_PRESCALER(SRMCATOD_PDB_PRESCALER_SETTING)
    903          			| PDB_SC_TRGSEL(SRMCATOD_PDB_TRIGGER_SEL)
    904          			| PDB_SC_MULT(SRMCATOD_PDB_MULT_PRESCALER)
    905          			| PDB_SC_PDBEIE_MASK					// Enables interruption error
    906          			| PDB_SC_PDBEN_MASK;       				// PDB enabled
    907          
    908          	PDB.SC |= PDB_SC_LDOK_MASK;						// PDB load OK
    909          
    910          	Micro__NVICEnableIRQ(PDB_IRQ_CHANNEL, SRMCATOD_INTERRUPT_PDB0_PREEMPTION_PRIORITY,SRMCATOD_PDB0_INTERRUPT_SUB_PRIORITY);
    911          	/* switch the trigger of the ADC to PDB */
    912          	SIM.SOPT7 = 0;
    913          }
    914          
    915          
    916          /**
    917           *  @brief      This function enables conversion interruption for selected engine.
    918           *
    919           *  @param[in]  engine Selected engine may be AD_ENGINE_0 or AD_ENGINE_1
    920           *
    921           */
    922          static void EnableEndOfConversionInteruption(SRMCATOD_CONVERTER_TYPE engine)
    923          {
    924              if (engine == SR_AD_ENGINE_0)
    925              {
    926              	Micro__NVICEnableIRQ(ADC0_IRQ_CHANNEL, SRMCATOD_INTERRUPT_ADC_PREEMPTION_PRIORITY,SRMCATOD_ADC_INTERRUPT_SUB_PRIORITY);
    927              }
    928              else if (engine == SR_AD_ENGINE_1)
    929              {
    930              	Micro__NVICEnableIRQ(ADC1_IRQ_CHANNEL, SRMCATOD_INTERRUPT_ADC_PREEMPTION_PRIORITY,SRMCATOD_ADC_INTERRUPT_SUB_PRIORITY);
    931              }
    932          }
    933          
    934          /**
    935           *  @brief      This function disables conversion interruption for selected engine.
    936           *
    937           *  @param      engine Selected engine may be AD_ENGINE_0 or AD_ENGINE_1
    938           *
    939           */
    940          static void DisableEndOfConversionInteruption(SRMCATOD_CONVERTER_TYPE engine)
    941          {
    942              if (engine == SR_AD_ENGINE_0)
    943              {
    944              	Micro__NVICDisableIRQ(ADC0_IRQ_CHANNEL);			// Disables ADC0 interruption during configuration
    945              }
    946              else if (engine == SR_AD_ENGINE_1)
    947              {
    948              	Micro__NVICDisableIRQ(ADC1_IRQ_CHANNEL);			// Disables ADC0 interruption during configuration
    949              }
    950          }
    951          
    952          
    953          /**
    954           *  @brief      Enable self diagnostic mode
    955           *
    956           *  @details    This function is used to enable/disable self check hardware for converter and register integrity.
    957           *              Drives to VREFH0, (VREFH0 x 1/2) and (VREFH0 x 0)
    958           *
    959           *  @param[in]  engine Defines which converter will be configured: AD_ENGINE_0 or AD_ENGINE_1
    960           *  @param[in]  mode Defines configuration mode:
    961           *              SELF_TEST_DISABLED,SELF_TEST_VREFH0_SCALE_0,SELF_TEST_VREFH0_SCALE_0_5,SELF_TEST_VREFH0_SCALE_1, AUTOMATED_SELF_TEST
    962           *
    963           */
    964          static void SREnableSelfDiagMode(SRMCATOD_CONVERTER_TYPE engine, SRMCATOD_DIAG_CONFIG_TYPE mode)
    965          {
    966          	if (engine == SR_AD_ENGINE_0)                  	// Configuration for S12AD0
    967          	{
    968          		switch (mode)                            	// Mode for self check
    969          		{
    970          			case SR_MCATOD_SELF_TEST_DISABLED:
    971          
    972          				ADC0.ADC_SC1[0] = ADC_SC1_ADCH(SRMCATOD_ADC0_FIRST_SAMPLE_CHN);
    973          				ADC0.ADC_SC1[1] = ADC_SC1_ADCH(SRMCATOD_ADC0_SECOND_SAMPLE_CHN);
    974          				break;
    975          
    976          			case SR_MCATOD_SELF_TEST_VREFH0_SCALE_0:
    977          				ADC0.ADC_SC1[0] = ADC_SC1_ADCH(SRMCATOD_ADC_VREF_LOW);
    978          				ADC0.ADC_SC1[1] = ADC_SC1_ADCH(SRMCATOD_ADC_VREF_LOW);
    979          
    980          				break;
    981          
    982          			case SR_MCATOD_SELF_TEST_VREFH0_SCALE_0_5:
    983          
    984          				ADC0.ADC_SC1[0] = ADC_SC1_ADCH(SRMCATOD_ADC0_VREF_INTERMEDIATE);
    985          				ADC0.ADC_SC1[1] = ADC_SC1_ADCH(SRMCATOD_ADC0_VREF_INTERMEDIATE);
    986          				break;
    987          
    988          			case SR_MCATOD_SELF_TEST_VREFH0_SCALE_1:
    989          
    990          				ADC0.ADC_SC1[0] = ADC_SC1_ADCH(SRMCATOD_ADC_VREF_HIGH);
    991          				ADC0.ADC_SC1[1] = ADC_SC1_ADCH(SRMCATOD_ADC_VREF_HIGH);
    992          				break;
    993          
    994          			case SR_MCATOD_AUTOMATED_SELF_TEST:
    995          
    996          				SRInitializeAD0();					// Performs self calibration routine and initializes converter configuration
    997          				break;
    998          
    999          			default:                                // In case it's not properly defined
   1000          
   1001          				SRInitializeAD0();					// Initializes converter configuration
   1002          				break;
   1003          		}
   1004          	}                                               // Uploads mirror data
   1005          	else if (engine == SR_AD_ENGINE_1)             	// Configuration for S12AD0
   1006          	{
   1007          		switch (mode)                               // Mode for self check
   1008          		{
   1009          			case SR_MCATOD_SELF_TEST_DISABLED:
   1010          
   1011          			    ADC1.ADC_SC1[0] = ADC_SC1_ADCH(SRMCATOD_ADC1_FIRST_SAMPLE_CHN);
   1012          			    ADC1.ADC_SC1[1] = ADC_SC1_ADCH(SRMCATOD_ADC1_SECOND_SAMPLE_CHN) | ADC_SC1_AIEN_MASK;
   1013          				break;
   1014          
   1015          			case SR_MCATOD_SELF_TEST_VREFH0_SCALE_0:
   1016          
   1017          				ADC1.ADC_SC1[0] = ADC_SC1_ADCH(SRMCATOD_ADC_VREF_LOW);
   1018          				ADC1.ADC_SC1[1] = ADC_SC1_ADCH(SRMCATOD_ADC_VREF_LOW) | ADC_SC1_AIEN_MASK;
   1019          				break;
   1020          
   1021          			case SR_MCATOD_SELF_TEST_VREFH0_SCALE_0_5:
   1022          
   1023          				ADC1.ADC_SC1[0] = ADC_SC1_ADCH(SRMCATOD_ADC1_VREF_INTERMEDIATE);
   1024          				ADC1.ADC_SC1[1] = ADC_SC1_ADCH(SRMCATOD_ADC1_VREF_INTERMEDIATE) | ADC_SC1_AIEN_MASK;
   1025          				break;
   1026          
   1027          			case SR_MCATOD_SELF_TEST_VREFH0_SCALE_1:
   1028          
   1029          				ADC1.ADC_SC1[0] = ADC_SC1_ADCH(SRMCATOD_ADC_VREF_HIGH);
   1030          				ADC1.ADC_SC1[1] = ADC_SC1_ADCH(SRMCATOD_ADC_VREF_HIGH) | ADC_SC1_AIEN_MASK;
   1031          				break;
   1032          
   1033          			case SR_MCATOD_AUTOMATED_SELF_TEST:
   1034          
   1035          				SRInitializeAD1();					// Performs self calibration routine and initializes converter configuration
   1036          				break;
   1037          
   1038          			default:                                // In case it's not properly defined
   1039          
   1040          				SRInitializeAD1();					// Performs self calibration routine and initializes converter configuration
   1041          				break;
   1042          		}
   1043              }
   1044          }
   1045          
   1046          /**
   1047           *  @brief      Detect if the peripheral is in safe status
   1048           *
   1049           *  @details    This function is used to check register and converter status.
   1050           *              May be used to test stuck at register failure and conversion errors.
   1051           *
   1052           *  @param[in]  engine defines which engine will be tested
   1053           *  @param[in]  threshold allows adjustable error for 1/2 VREFH0 conversion
   1054           *  @param[in]  mode The test mode that we need to check:
   1055           *              SELF_TEST_DISABLED,SELF_TEST_VREFH0_SCALE_0,SELF_TEST_VREFH0_SCALE_0_5,SELF_TEST_VREFH0_SCALE_1, AUTOMATED_SELF_TEST
   1056           *
   1057           *  @return     returns if peripheral test result TEST_NOT_PERFORMED, REGISTER_BIT_STUCK_AT_0,
   1058           *              REGISTER_BIT_STUCK_AT_1, CONVERTER_ERROR or PERIPHERAL_SAFE
   1059           */
   1060          static SRMCATOD_DIAG_ERROR_TYPE IsConverterSafe(SRMCATOD_CONVERTER_TYPE engine,sint16 local_threshold, SRMCATOD_DIAG_CONFIG_TYPE mode)
   1061          {
   1062              SRMCATOD_DIAG_ERROR_TYPE status;                // returns test result
   1063              sint16 temp;                        	// Gets converted result for check
   1064              sint16 temp_a;                        // Gets converted result for check
   1065              sint16 temp_b;                        // Gets converted result for check
   1066          
   1067              temp_a = 0;
   1068              temp_b = 0;
   1069          
   1070              if (engine == SR_AD_ENGINE_0)                   // Configuration for testing ADC0
   1071              {
   1072                  // Get data
   1073              	temp_a = SRMCATOD__ADC0_RA();
   1074              	temp_b = SRMCATOD__ADC0_RB();
   1075              }
   1076              else if (engine == SR_AD_ENGINE_1)              // Configuration for testing ADC1
   1077              {
   1078                  // Get data
   1079              	temp_a = SRMCATOD__ADC1_RA();
   1080              	temp_b = SRMCATOD__ADC1_RB();
   1081              }
   1082              switch (mode)                                   // Now it's all set for checking data according to test mode
   1083              {
   1084                  case SR_MCATOD_SELF_TEST_DISABLED:                 // If it wasn't tested
   1085                      status = SR_MCATOD_ERROR_TEST_NOT_PERFORMED;         // It's not possible to return peripheral is safe
   1086                      break;
   1087          
   1088                  case SR_MCATOD_SELF_TEST_VREFH0_SCALE_0:           // If connected to minimum reference
   1089                      status = SR_MCATOD_ERROR_REGISTER_BIT_STUCK_AT_1;    // Possible fault is bit stuck at 1
   1090                      temp = temp_a | temp_b;
   1091          
   1092                      if (temp <= ((sint16)(SR_MCATOD_MINIMUM_12BITS_AD_VALUE) + local_threshold))
   1093                      {                                       // Expected data on register is found
   1094                          status = SR_MCATOD_ERROR_PERIPHERAL_SAFE;        // Peripheral doesn't show this failure mode
   1095                      }
   1096                      break;
   1097          
   1098                  case SR_MCATOD_SELF_TEST_VREFH0_SCALE_0_5:         // If connected to half maximum value
   1099                      status = SR_MCATOD_ERROR_CONVERTER_ERROR;            // Possible fault is erroneous conversion
   1100                      temp = (temp_a + temp_b) >> 1;
   1101          
   1102                      if ((temp >= ((sint16)(SR_MCATOD_HALF_RANGE_12BITS_AD_VALUE) - local_threshold)) &&
   1103                          (temp <= ((sint16)(SR_MCATOD_HALF_RANGE_12BITS_AD_VALUE) + local_threshold)))
   1104                      {                                       // Expected data on register is found
   1105                          status = SR_MCATOD_ERROR_PERIPHERAL_SAFE;        // Peripheral doesn't show this failure mode
   1106                      }
   1107                      break;
   1108          
   1109                  case SR_MCATOD_SELF_TEST_VREFH0_SCALE_1:           // If connected to maximum value
   1110                      status = SR_MCATOD_ERROR_REGISTER_BIT_STUCK_AT_0;    // Possible fault is bit stuck at 0
   1111                      temp = temp_a & temp_b;
   1112          
   1113                      if (temp >= ((sint16)(SR_MCATOD_MAXIMUM_12BITS_AD_VALUE) - local_threshold))
   1114                      {                                       // Expected data on register is found
   1115                          status = SR_MCATOD_ERROR_PERIPHERAL_SAFE;        // Peripheral doesn't show this failure mode
   1116                      }
   1117                      break;
   1118          
   1119                  default:
   1120                      status = SR_MCATOD_ERROR_TEST_NOT_PERFORMED;         // It's not possible to return peripheral is safe
   1121                      break;
   1122              }
   1123          
   1124              return (status);                                // Returns status
   1125          }

   Maximum stack usage in bytes:

   .cstack Function
   ------- --------
      24   SRInitializeAD0
        24   -> Micro__NVICDisableIRQ
        24   -> Micro__Trap
      24   SRInitializeAD1
        24   -> Micro__NVICDisableIRQ
         0   -> Micro__NVICEnableIRQ
        24   -> Micro__Trap
      24   SRMCAtod__DiagnosticHandler
        24   -> SRData__CheckByte
        24   -> SRData__CheckShort
         0   -> SRData__UpdateByte
        24   -> SRData__UpdateByte
      16   SRMCAtod__EnableDiagnostic
        16   -> SRData__CheckByte
        16   -> SRData__CheckShort
         0   -> SRData__UpdateByte
        16   -> SRData__UpdateShort
      16   SRMCAtod__GetDiagnosticFeedback
        16   -> SRData__CheckByte
        16   -> SRData__UpdateByte
       0   SRMCAtod__ISR
         0   -> SRMotorSafetyMgr__MCPwmHandler
       8   SRMCAtod__Initialize
         8   -> Micro__NVICDisableIRQ
         8   -> Micro__NVICEnableIRQ
         8   -> SRData__UpdateByte
         8   -> SRData__UpdateShort
         8   -> SRInitializeAD0
         8   -> SRInitializeAD1
       0   SRMCPDB__ISR


   Section sizes:

   Bytes  Function/Label
   -----  --------------
       4  ??DataTable7
       4  ??DataTable7_1
       4  ??DataTable7_10
       4  ??DataTable7_11
       4  ??DataTable7_12
       4  ??DataTable7_2
       4  ??DataTable7_3
       4  ??DataTable7_4
       4  ??DataTable7_5
       4  ??DataTable7_6
       4  ??DataTable7_7
       4  ??DataTable7_8
       4  ??DataTable7_9
     192  SRInitializeAD0
     198  SRInitializeAD1
     482  SRMCAtod__DiagnosticHandler
      64  SRMCAtod__EnableDiagnostic
      70  SRMCAtod__GetDiagnosticFeedback
      70  SRMCAtod__ISR
     140  SRMCAtod__Initialize
      82  SRMCPDB__ISR
       8  SR_State
          SR_Fault_Holder
          SR_Threshold
          NSR_State
          NSR_Fault_Holder
          NSR_Threshold

 
     8 bytes in section .bss
 1 350 bytes in section .text
 
 1 350 bytes of CODE memory
     8 bytes of DATA memory

Errors: none
Warnings: none
