###############################################################################
#
# IAR ANSI C/C++ Compiler V7.20.5.7591/W32 for ARM        06/Aug/2024  13:42:32
# Copyright 1999-2014 IAR Systems AB.
#
#    Cpu mode     =  thumb
#    Endian       =  little
#    Source file  =  
#        C:\Data\Python\Self_Commissioning_Bpm\source\XCategory\Hbl\SRMotorSafetyMgr\SRMotorSafetyMgr.c
#    Command line =  
#        -I./ -I../cx/ -I../cx/inc/ -ICategory/ -ICategory/Application/
#        -ICategory/Application/ThermalModel/
#        -ICategory/Application/ThermalModel/ThermalModelCore_DD/
#        -ICategory/Application/ThermalModel/ThermalModelCore_sBPM/
#        -ICategory/Common/ -ICategory/Common/BoardDebugging/
#        -ICategory/Common/MasterCommander/
#        -ICategory/Common/MasterCommander/Source/
#        -ICategory/Common/MasterCommander/Source/HAL/
#        -ICategory/Common/SelfCommissioning/ -ICategory/Hbl/
#        -IProjectSpecific/ -IProjectSpecific/Application/
#        -IProjectSpecific/Application/API007App/
#        -IProjectSpecific/Application/ModeManagement/
#        -IProjectSpecific/Application/MotorSelector/
#        -IProjectSpecific/Application/ProductInfo/
#        -IProjectSpecific/Application/SRMcuSpeedMonitor/
#        -IProjectSpecific/Application/ThermalModel/
#        -IProjectSpecific/CommonCore/ -IProjectSpecific/Driver/
#        -IProjectSpecific/MasterCommander/ -IProjectSpecific/Mci/
#        -IProjectSpecific/Mci/Mcl/ -IProjectSpecific/Mci/Mcl/old_xls/
#        -IXCategory/ -IXCategory/Application/
#        -IXCategory/Application/MciParametersLoader/
#        -IXCategory/Application/Mode/ -IXCategory/Application/Reveal_APIs/
#        -IXCategory/Application/Reveal_APIs/API003Disc/
#        -IXCategory/Application/Reveal_APIs/API004Debug/
#        -IXCategory/Application/Reveal_APIs/API005LowLevel/
#        -IXCategory/Application/Reveal_APIs/API007Data/
#        -IXCategory/Application/Reveal_APIs/API009System/
#        -IXCategory/Application/Reveal_APIs/API010PollVar/
#        -IXCategory/Application/Reveal_APIs/API011AppCtr/
#        -IXCategory/Application/Reveal_APIs/API013RemoteFunction/
#        -IXCategory/Application/Reveal_APIs/API018Diagnostic/
#        -IXCategory/Application/Reveal_APIs/API019ProductInfo/
#        -IXCategory/Application/Reveal_APIs/API220MotorControl/
#        -IXCategory/Application/Reveal_APIs/API220MotorControl/API/
#        -IXCategory/Application/Reveal_APIs/API221MotionCtrl/
#        -IXCategory/Application/Reveal_APIs/SRAPI020Safety/
#        -IXCategory/Application/SFUpdater/ -IXCategory/Common/
#        -IXCategory/Common/Crc16/ -IXCategory/Common/Crc8/
#        -IXCategory/Common/Log/ -IXCategory/Common/Millis/
#        -IXCategory/Common/SettingFile/ -IXCategory/Common/SRClockMonitor/
#        -IXCategory/Common/SRData/ -IXCategory/Common/SRException/
#        -IXCategory/Common/SRFlow/ -IXCategory/Common/SRIsrMonitor/
#        -IXCategory/Common/SRMain/ -IXCategory/Common/SRMcuSpeedMonitor/
#        -IXCategory/Common/SRPowerMgr/ -IXCategory/Common/SRSignature/
#        -IXCategory/Common/SRSystemConfig/
#        -IXCategory/Common/SRTimerReference/ -IXCategory/Common/SystemConfig/
#        -IXCategory/Common/SystemTimers/ -IXCategory/Common/Utilities/
#        -IXCategory/Driver/ -IXCategory/Driver/API/
#        -IXCategory/Driver/API/Comparator/ -IXCategory/Driver/API/DataFlash/
#        -IXCategory/Driver/API/Dma/ -IXCategory/Driver/API/Flash/
#        -IXCategory/Driver/API/Gpio/ -IXCategory/Driver/API/Micro/
#        -IXCategory/Driver/API/Spi/ -IXCategory/Driver/API/SRMCAtod/
#        -IXCategory/Driver/API/SRMCInputCapture/
#        -IXCategory/Driver/API/SRMCPwm/ -IXCategory/Driver/API/TimerInterrupt/
#        -IXCategory/Driver/API/Uart/ -IXCategory/Driver/Comparator/
#        -IXCategory/Driver/DataFlash/ -IXCategory/Driver/Dma/
#        -IXCategory/Driver/Flash/ -IXCategory/Driver/Gpio/
#        -IXCategory/Driver/Micro/ -IXCategory/Driver/Spi/
#        -IXCategory/Driver/SRMCAtod/ -IXCategory/Driver/SRMCInputCapture/
#        -IXCategory/Driver/SRMCPwm/ -IXCategory/Driver/TimerInterrupt/
#        -IXCategory/Driver/Uart/ -IXCategory/Hbl/ -IXCategory/Hbl/Mci/
#        -IXCategory/Hbl/Mci/InverterTemp/ -IXCategory/Hbl/Mci/Mcl/
#        -IXCategory/Hbl/Mci/Mcl/Braking/ -IXCategory/Hbl/Mci/Mcl/MacroBlocks/
#        -IXCategory/Hbl/Mci/Mcl/MclFvt/ -IXCategory/Hbl/Mci/Mcl/MicroBlocks/
#        -IXCategory/Hbl/Mci/Mcl/MicroBlocks/ClrkPark/
#        -IXCategory/Hbl/Mci/Mcl/MicroBlocks/Filters/
#        -IXCategory/Hbl/Mci/Mcl/MicroBlocks/Math/
#        -IXCategory/Hbl/Mci/Mcl/MicroBlocks/ObserverPmsm/
#        -IXCategory/Hbl/Mci/Mcl/MicroBlocks/Pi/
#        -IXCategory/Hbl/Mci/Mcl/MicroBlocks/PwmModulation/
#        -IXCategory/Hbl/Mci/Mcl/ResistanceEstimation/
#        -IXCategory/Hbl/Mci/PowerModuleManager/
#        -IXCategory/Hbl/Mci/SpeedRefGen/ -IXCategory/Hbl/Mci/SurgeRelay/
#        -IXCategory/Hbl/SRMotorSafetyMgr/
#        -IXCategory/Hbl/SRMotorSafetyMgr/API/ -IXCategory/Service/
#        -IXCategory/Service/Reveal/ -IXCategory/Service/Win/ --remarks
#        --no_tbaa --debug --use_c++_inline --only_stdout --dlib_config
#        ..\cx\inc\DLib_Config_Normal.h -r -D
#        ENABLE_JUMP_TO_APPLICATION_WITHOUT_IAP_FIRMWARE -D
#        SET_FLASH_OPTION_CONFIGURATION -D ARM_MATH_CM4 -e --silent
#        --endian=little --cpu Cortex-M4 --fpu=VFPv4_sp -Ohs -o
#        SRMotorSafetyMgr.obj -l ..\listings\SRMotorSafetyMgr.lst
#        C:\Data\Python\Self_Commissioning_Bpm\source\XCategory\Hbl\SRMotorSafetyMgr\SRMotorSafetyMgr.c
#    List file    =  ..\listings\SRMotorSafetyMgr.lst
#    Object file  =  SRMotorSafetyMgr.obj
#
###############################################################################

C:\Data\Python\Self_Commissioning_Bpm\source\XCategory\Hbl\SRMotorSafetyMgr\SRMotorSafetyMgr.c
      1          /**
      2           *  @file       SRMotorSafetyMgr.c
      3           *  @defgroup   CLASS_B
      4           *  @brief      Basic description of file contents
      5           *
      6           *  @details    Detailed description of the file contents
      7           *
      8           *---------------------------------------------------------------------------------------------------------------------
      9           *------------------- Copyright 2012.  Whirlpool Corporation.  All rights reserved - CONFIDENTIAL ---------------------
     10           *---------------------------------------------------------------------------------------------------------------------
     11           */
     12          
     13          //-------------------------------------- Include Files ----------------------------------------------------------------
     14          #include "SRMotorSafetyMgr.h"
     15          #include "SRMotorSafetyMgr_prv.h"
     16          
     17          // Standard Safety Relevant Class B libraries
     18          #include "SRMicro.h"
     19          #include "SRData.h"
     20          #include "SRMCAtod.h"
     21          #include "SRMCPwm.h"
     22          #ifdef SR_CIM_MOTOR
     23          #include "SRMCInputCapture.h"
     24          #endif
     25          #include "Crc16.h"
     26          
     27          //-------------------------------------- PUBLIC (Variables) -----------------------------------------------------------
     28          
     29          
     30          //-------------------------------------- PRIVATE (Variables, Constants & Defines) -------------------------------------
     31          #ifndef SRDATA_CORRUPTION_EXCEPTION
     32              #define SRDATA_CORRUPTION_EXCEPTION(address)
     33          #endif
     34          
     35          /* Section identifiers for DATA corruption checks that are not using SRDATA */
     36          #define DATA_CORRUPTION_SAFETY_PARAMS_SECTION   0
     37          #define DATA_CORRUPTION_ANALOG_VAR_SECTION      1
     38          #define DATA_CORRUPTION_PWM_VAR_SECTION         2
     39          #define DATA_CORRUPTION_ISR_ENTER_SECTION       3
     40          #define DATA_CORRUPTION_ISR_HANDLER_SECTION     4
     41          
     42          //! Macros to update safety relevant data
     43          //! Update SR variable and its negate
     44          #define SR_MCU_MOTOR_UPDATE_VAR(var, value)             (var) = (value); (N##var) = ~((sint32)value)
     45          
     46          #define SR_MCU_MOTOR_UPDATE_N_VAR(var)                  (N##var) = ~((sint32)var)
     47          
     48          
     49          
     50          //! Macros to check safety relevant data
     51          //! Check SR byte
     52          #define SR_MCU_MOTOR_CHECK_BYTE(check,var)              {auto uint8 temp_u8;  temp_u8 = (uint8)(var); check += (temp_u8 !=  (uint8)(~(sint32)(N##var)));}
     53          //! Check SR short
     54          #define SR_MCU_MOTOR_CHECK_SHORT(check,var)             {auto uint16 temp_u16;  temp_u16 = (uint16)(var); check += (temp_u16 != (uint16)(~(sint32)(N##var)));}
     55          //! Check SR long
     56          #define SR_MCU_MOTOR_CHECK_LONG(check,var)              {auto uint32 temp_u32;  temp_u32 = (uint32)(var); check += (temp_u32 != (uint32)(~(sint32)(N##var)));}
     57          
     58          // Check MACRO definitions
     59          #define SR_DATA_MCU_CHECK_BYTE(var)                     SRData__CheckByte((uint8 *)&var, (uint8 *)&(N##var))
     60          #define SR_DATA_MCU_CHECK_SHORT(var)                    SRData__CheckShort((uint16 *)&var, (uint16 *)&(N##var))
     61          #define SR_DATA_MCU_CHECK_LONG(var)                     SRData__CheckLong((uint32 *)&var, (uint32 *)&(N##var))
     62          #define SR_DATA_MCU_CHECK_FLOAT(var)                    SRData__CheckFloat((float *)&var, (float *)&(N##var))
     63          
     64          #define SR_DATA_MCU_UPDATE_BYTE(var,value)              SRData__UpdateByte((uint8 *)&var, (uint8 *)&(N##var), (uint8)(value))
     65          #define SR_DATA_MCU_UPDATE_SHORT(var,value)             SRData__UpdateShort((uint16 *)&var, (uint16 *)&(N##var), (uint16)(value))
     66          #define SR_DATA_MCU_UPDATE_LONG(var,value)              SRData__UpdateLong((uint32 *)&var, (uint32 *)&(N##var), (uint32)(value))
     67          #define SR_DATA_MCU_UPDATE_FLOAT(var,value)             SRData__UpdateFloat((float *)&var, (float *)&(N##var), (float)(value))
     68          
     69          
     70          
     71          
     72          ///////////////////////////////////////////////////////////////////////////////////////////////
     73          // UNLOCK DOOR SPEED - define routine parameters based on the user parameters
     74          #define SR_UNLOCKDOORSPEED_CURR_THRES_FIXP              (sint32)(SR_UNLOCKDOORSPEED_MIN_CURR_READ)
     75          #define SR_UNLOCKDOORSPEED_DEBOUNCING_COUNTER           (uint32)(200.0f*SR_UNLOCKDOORSPEED_DEBOUNCING_TIME)
     76          #define SR_UNLOCKDOORSPEED_FAIL_TIMER_COUNTER           (uint32)(200.0f*SR_UNLOCKDOORSPEED_FAIL_DETECTION_TIME)
     77          // CIM Motor Handler defines
     78          #define SR_UNLOCKDOORSPEED_TARGET_NOT_REACHED_TIMEOUT   (51200) // 256 seconds @ 200 Hz
     79          ////////////////////////////////////////////////////////////////////////////////////////////////////////////////////////
     80          // COUNTER THRESHOLD FOR CIM MOTOR MOVING HANDLER
     81          // The Input Capture counter will be compared to this threshold in order to understand if the motor shall be considered
     82          // moving or not.
     83          #define SR_UNLOCKDOORSPEED_LOW_COUNTER_THR              (4428)  // 1270 rpm_M
     84          
     85          
     86          ///////////////////////////////////////////////////////////////////////////////////////////////
     87          // POWER UP - define routine parameters for power up routine
     88          #define SR_POWER_UP_DELAY_TIMER                         (sint16)(SR_POWER_UP_DELAY_TIME*1000.0/5.0)
     89          
     90          ///////////////////////////////////////////////////////////////////////////////////////////////
     91          // SHUT DOWN PLAUSIBILITY - define routine parameters for checking the Shut Down Pin circuitry
     92          #define SD_PIN_ZERO_TIME                                (uint32)(SD_PIN_ZERO_TIME_MS/1000.0f*(float32)SR_PWM_FREQUENCY_HZ)
     93          #define SD_PIN_ONE_TIME                                 (uint32)(SD_PIN_ONE_TIME_MS/1000.f*(float32)SR_PWM_FREQUENCY_HZ)
     94          
     95          ///////////////////////////////////////////////////////////////////////////////////////////////
     96          #define SR_MAX_LONG_VARIABLE                            4294967294L
     97          
     98          #define ONE_THIRD                                       0.33333333333f
     99          ///////////////////////////////////////////////////////////////////////////////////////////////////////////////
    100          // RMS INTEGRATION TIMING - define the samples amount to meet the required time for rms calculation
    101          #ifdef RMS_SAMPLING_TIME_MS
    102              #define RMS_SAMPLER_FREQUENCY                       4000.0f //! rms current sampler (1/RMS_SAMPLER_FREQUENCY = 250 us)
    103              #define RMS_COUNTER_SAMPLES_AT_TS                   (sint32)(((RMS_SAMPLING_TIME_MS * RMS_SAMPLER_FREQUENCY)/1000.0f)+1.0f) //
    104          #endif
    105          
    106          //! Maximum value used for period counter
    107          #define SR_MOTOR_SAFETY_MNGR_MAX_PERIOD_COUNTER         1073741824L
    108          
    109          #define OL_INIT_DEFAULT                                 35.0f
    110          
    111          //! Define the states for the state machine handler
    112          typedef enum
    113          {
    114              SAFETY_MNGR_NOT_DEFINED         = 0,                //! Reserved 0 index - shall not be used
    115              SAFETY_MNGR_INITIALIZE          = 1,                //! Initialization for the state machine
    116              SAFETY_MNGR_IDLE                = 2,                //! The state machine is able to accept requests to run the pre run tests
    117              SAFETY_MNGR_PRERUN_TESTS        = 3,                //! All tests before running the motor has to be performed within this state
    118              SAFETY_MNGR_POSTRUN_TESTS       = 4,                //! Performs tests after running and before setting the unlock door speed flag
    119              SAFETY_MNGR_RUNNING             = 5,                //! This state is used when the motor is running
    120              SAFETY_MNGR_ERROR_FOUND         = 6,                //! If an error is found, the state machine shall stay in this ERROR state
    121              SAFETY_MNGR_UNLOCK_DOOR_CHECK   = 7,                //! Perform the plausibility check only once after IDLING for some time
    122          } SAFETY_MNGR_TYPE;
    123          
    124          //! Define for current offset verification
    125          typedef enum
    126          {
    127              MOTOR_ANALOG_CHECK_CURR_FAIL = 0,
    128              MOTOR_ANALOG_CHECK_VBUS_FAIL,
    129              MOTOR_ANALOG_CHECK_CORRECT,
    130              MOTOR_ANALOG_CHECK_SIZE
    131          } MOTOR_ANALOG_CHECK_TYPE;
    132          
    133          
    134          MOTOR_SAFETY_PARAMS_TYPE* SR_MotorSafety_Params;
    135          
    136          static volatile SAFETY_MNGR_TYPE SR_SafetyMngr_State;
    137          
    138          // For these variables, use the SR_MOTOR_FAULT_LIST_TYPE for the bit definition
    139          static volatile uint16 SR_Motor_Fault;
    140          static volatile uint16 SR_Motor_Fault_Holder;
    141          
    142          // For these variables, use the SR_MOTOR_FLAGS_LIST_TYPE for the bit definition
    143          static volatile uint16 SR_Motor_Flags;
    144          
    145          static volatile sint16 SR_CurrentA;
    146          static sint16 SR_CurrentOffsetA;
    147          static volatile sint32 SR_CurrentOffsetHistA;
    148          
    149          static volatile sint16 SR_CurrentB;
    150          static sint16 SR_CurrentOffsetB;
    151          static volatile sint32 SR_CurrentOffsetHistB;
    152          
    153          static volatile sint16 SR_CurrentC;
    154          static sint16 SR_CurrentOffsetC;
    155          static volatile sint32 SR_CurrentOffsetHistC;
    156          
    157          static sint16 SR_Raw_CurrentA;
    158          static sint16 SR_Raw_CurrentB;
    159          static sint16 SR_Raw_CurrentC;
    160          
    161          static volatile uint16 SR_Sector;
    162          
    163          static sint16 SR_DCBus;
    164          static volatile sint16 SR_PowerUpTimer;
    165          
    166          static volatile uint32 SR_ZeroSpeedDebouncer;
    167          static volatile uint32 SR_ZeroSpeedWithCurrTimer;
    168          static volatile sint32 SR_SquaredCurrentsSum;
    169          static volatile uint32 SR_CalibrationCntr;
    170          
    171          #ifdef SR_CIM_MOTOR
    172              // Motor Moving Handler CIM variables
    173              static volatile uint32 SR_VerifyTargetCounter;
    174          #endif
    175          
    176          static volatile sint32 SR_SquaredCurrentRmsA;
    177          static volatile sint32 SR_SquaredCurrentRmsB;
    178          static volatile sint32 SR_SquaredCurrentRmsC;
    179          static volatile sint32 SR_SquaredCurrentSumA;
    180          static volatile sint32 SR_SquaredCurrentSumB;
    181          static volatile sint32 SR_SquaredCurrentSumC;
    182          static volatile sint32 SR_Curr_Rms_Counter;
    183          
    184          
    185          static volatile uint16 SR_Phase_Lost_Counter;
    186          static volatile uint32 SR_Timeout_Failure_Retry;
    187          
    188          
    189          static volatile uint16 SR_Overload_Counter;
    190          static volatile float SR_Overload_Temp;
    191          
    192          static float SR_Voltage_Frequency;                      //! [rpm] motor speed - use for class A - there is no RAM check
    193          static float SR_Squared_Current;                        //! [A] squared current sum of all 3 currents - use for class A - there is no RAM check
    194          
    195          
    196          //////////////////////////////////////////////////////////
    197          //////////////////////////////////////////////////////////
    198          
    199          static volatile SAFETY_MNGR_TYPE NSR_SafetyMngr_State;
    200          static volatile uint16 NSR_Motor_Fault;
    201          static volatile uint16 NSR_Motor_Fault_Holder;
    202          
    203          static volatile uint16 NSR_Motor_Flags;
    204          
    205          static volatile sint16 NSR_CurrentA;
    206          static volatile sint16 NSR_CurrentOffsetA;
    207          static volatile sint32 NSR_CurrentOffsetHistA;
    208          
    209          static volatile sint16 NSR_CurrentB;
    210          static volatile sint16 NSR_CurrentOffsetB;
    211          static volatile sint32 NSR_CurrentOffsetHistB;
    212          
    213          static volatile sint16 NSR_CurrentC;
    214          static volatile sint16 NSR_CurrentOffsetC;
    215          static volatile sint32 NSR_CurrentOffsetHistC;
    216          
    217          static volatile sint16 NSR_Raw_CurrentA;
    218          static volatile sint16 NSR_Raw_CurrentB;
    219          static volatile sint16 NSR_Raw_CurrentC;
    220          
    221          static volatile uint16 NSR_Sector;
    222          static volatile sint16 NSR_DCBus;
    223          static volatile sint16 NSR_PowerUpTimer;
    224          
    225          static volatile uint32 NSR_ZeroSpeedDebouncer;
    226          static volatile uint32 NSR_ZeroSpeedWithCurrTimer;
    227          static volatile sint32 NSR_SquaredCurrentsSum;
    228          static volatile uint32 NSR_CalibrationCntr;
    229          
    230          #ifdef SR_CIM_MOTOR
    231              // Motor Moving Handler CIM variables
    232              static volatile uint32 NSR_VerifyTargetCounter;
    233          #endif
    234          
    235          static volatile sint32 NSR_SquaredCurrentRmsA;
    236          static volatile sint32 NSR_SquaredCurrentRmsB;
    237          static volatile sint32 NSR_SquaredCurrentRmsC;
    238          static volatile sint32 NSR_SquaredCurrentSumA;
    239          static volatile sint32 NSR_SquaredCurrentSumB;
    240          static volatile sint32 NSR_SquaredCurrentSumC;
    241          static volatile sint32 NSR_Curr_Rms_Counter;
    242          
    243          
    244          static volatile uint16 NSR_Phase_Lost_Counter;
    245          static volatile uint32 NSR_Timeout_Failure_Retry;
    246          
    247          static volatile uint16 NSR_Overload_Counter;
    248          static volatile float NSR_Overload_Temp;
    249          
    250          static float NSR_Squared_Current;
    251          static float NSR_Voltage_Frequency;
    252          
    253          #ifdef SR_BPM_MOTOR
    254          

   \                                 In section .rodata, align 4, keep-with-next
    255              const uint32 CHECK_UNLOCK_DOOR_SPEED_TIMEOUT_COUNTER    = (uint32)((CHECK_UNLOCK_DOOR_SPEED_TIMEOUT_TIME/1000.0f)/0.005f);
   \                     CHECK_UNLOCK_DOOR_SPEED_TIMEOUT_COUNTER:
   \   00000000   0x00000190         DC32 400

   \                                 In section .rodata, align 4, keep-with-next
    256              const uint32 CHECK_UNLOCK_DOOR_SPEED_IDLING_BEFORE_CHECK_COUNT = (uint32)((CHECK_UNLOCK_DOOR_SPEED_IDLING_BEFORE_CHECK_TIME/1000.0f)/0.005f);
   \                     CHECK_UNLOCK_DOOR_SPEED_IDLING_BEFORE_CHECK_COUNT:
   \   00000000   0x000003E8         DC32 1000

   \                                 In section .rodata, align 4, keep-with-next
    257              const sint32 CHECK_UNLOCK_DOOR_MAX_VOLTAGE_COUNTS = (sint32)CHECK_UNLOCK_DOOR_MAX_VOLTAGE_DUTY;
   \                     CHECK_UNLOCK_DOOR_MAX_VOLTAGE_COUNTS:
   \   00000000   0x000003E8         DC32 1000

   \                                 In section .rodata, align 4, keep-with-next
    258              const sint32 CHECK_UNLOCK_DOOR_MAX_VOLTAGE_DUTY_STEP_COUNTS = (sint32)CHECK_UNLOCK_DOOR_MAX_VOLTAGE_DUTY_STEP;
   \                     CHECK_UNLOCK_DOOR_MAX_VOLTAGE_DUTY_STEP_COUNTS:
   \   00000000   0x00000032         DC32 50

   \                                 In section .rodata, align 2, keep-with-next
    259              const sint16 CHECK_UNLOCK_DOOR_CURRENT_THRESHOLDS_COUNTS = (sint32)CHECK_UNLOCK_DOOR_CURRENT_THRESHOLDS;
   \                     CHECK_UNLOCK_DOOR_CURRENT_THRESHOLDS_COUNTS:
   \   00000000   0x0019             DC16 25
    260          
    261              static sint32 SR_Avg_Fund_Period_High_Threshold;            //!<PARAMETER Average frequency HIGH threshold hysteresis
    262              static sint32 SR_Avg_Fund_Period_Low_Threshold;             //!<PARAMETER Average frequency LOW threshold hysteresis
    263              static uint8 SR_Avg_Fund_Period_Cycle_Total;                //!< PARAMETER Total cycles to calculate the average
    264          
    265              static sint32 SR_Avg_Threshold;                             //!< Instantaneous hysteresis
    266              static uint8 SR_Avg_Cross_Event;                            //!< Auxiliary variable to generate the cycles counter event
    267              static uint32 SR_Avg_Fund_Period_Time_Counter;              //!< Elapsed (accumulated) time
    268              static uint32 SR_Avg_Fund_Period_Cycle_Counter;             //!< Cycle counter
    269              static sint32 SR_Applied_Duty_A_Sum;                        //!< Applied duty cycle
    270              static sint32 SR_Applied_Duty_A_Sum_High;                   //!< Applied duty cycle
    271              static uint32 SR_Avg_Fund_Period;                           //!< Averaged speed from the fundamental output voltage
    272          
    273              static uint32 SR_Check_Unlock_Door_Speed_Timer;             //!< Timer to perform the unlock door speed check after idling for some time
    274              static sint32 SR_Check_Unlock_Door_Speed_Delta_Voltage;     //!< Delta voltage in pwm counts to control the output voltage of unlock speed check
    275              static uint8 SR_Avg_Fund_Ignored_First;                     //!< Variable used to ignore first startup cycle of average frequency calculation
    276          
    277              static sint32 NSR_Avg_Fund_Period_High_Threshold;           //!<PARAMETER Average frequency HIGH threshold hysteresis
    278              static sint32 NSR_Avg_Fund_Period_Low_Threshold;            //!<PARAMETER Average frequency LOW threshold hysteresis
    279              static uint8 NSR_Avg_Fund_Period_Cycle_Total;               //!< PARAMETER Total cycles to calculate the average
    280          
    281              static sint32 NSR_Avg_Threshold;                            //!< Instantaneous hysteresis
    282              static uint8 NSR_Avg_Cross_Event;                           //!< Auxiliary variable to generate the cycles counter event
    283              static uint32 NSR_Avg_Fund_Period_Time_Counter;             //!< Elapsed (accumulated) time
    284              static uint32 NSR_Avg_Fund_Period_Cycle_Counter;            //!< Cycle counter
    285              static sint32 NSR_Applied_Duty_A_Sum;                       //!< Applied duty cycle
    286              static sint32 NSR_Applied_Duty_A_Sum_High;                  //!< Applied duty cycle
    287              static uint32 NSR_Avg_Fund_Period;                          //!< Averaged speed from the fundamental output voltage
    288              static sint32 NSR_Check_Unlock_Door_Speed_Delta_Voltage;    //!< Delta voltage in pwm counts to control the output voltage of unlock speed check
    289          
    290              static uint32 NSR_Check_Unlock_Door_Speed_Timer;            //!< Timer to perform the unlock door speed check after idling for some time
    291          
    292              static uint8 NSR_Avg_Fund_Ignored_First;                    //!< Variable used to ignore first startup cycle of average frequency calculation
    293          #endif
    294          
    295          #ifdef SRMOTORSAFETYMGR_INTERNAL_ISR_CHECK
    296              static uint16 SR_MC_Isr_Enter_Cntr;
    297              static uint16 SR_MC_Isr_Exit_Cntr;
    298              static uint16 SR_250us_Isr_Enter_Cntr;
    299              static uint16 SR_250us_Isr_Exit_Cntr;
    300              static uint8  SR_Isr_Init_Flag;
    301          
    302              static uint16 NSR_MC_Isr_Enter_Cntr;
    303              static uint16 NSR_MC_Isr_Exit_Cntr;
    304              static uint16 NSR_250us_Isr_Enter_Cntr;
    305              static uint16 NSR_250us_Isr_Exit_Cntr;
    306              static uint8  NSR_Isr_Init_Flag;
    307          
    308          
    309              static void SrIsrMcEnterIsr(void);
    310              static void SrIsrMcExitIsr(void);
    311              static void SrIsr250usEnterIsr(void);
    312              static void SrIsrHandler(void);
    313          #endif
    314          
    315          //-------------------------------------- PRIVATE (Function Prototypes) ------------------------------------------------
    316          uint8 CheckSafetyParameters(void);
    317          static void CheckAnalogVariables4Failure(void);
    318          static void CheckVariables4Failure_Pwm(void);
    319          static void CheckVariables4Failure_250us(void);
    320          static void CheckVariables4Failure_5ms(void);
    321          static void CheckVariables4Failure_25ms(void);
    322          static void AverageSensorsOffset(void);
    323          static void CalculateRawAnalogData_250us(void);
    324          static void CalculateRmsAnalogData(void);
    325          static void PhaseLostHandler(void);
    326          static void RcThermalUpdate(void);
    327          static void InitOverLoadProtection(void);
    328          static void OverLoadProtection(void);
    329          static void PeripheralDiagnostic(void);
    330          static void ClassAPwmAccess(void);
    331          static void PowerUpSensors(void);
    332          static MOTOR_ANALOG_CHECK_TYPE MotorAnalogCircuitCheck(void);
    333          static uint8 CheckHwFaultStatus(void);
    334          static void OverVoltageCheck(void);
    335          static void OverVoltageProtection(void);
    336          static void CheckCurrentsPlausibility(void);
    337          static void Init_Avg_Frequency(void);
    338          static void Calc_Avg_Frequency(void);
    339          static void Check_Avg_Frequency(void);
    340          static void SetFault(uint16 fault);
    341          static void ClearFault(uint16 fault);
    342          
    343          #ifdef SR_THIRD_CURRENT_RECONSTRUCTION
    344          static void UpdateAdcConfig(void);
    345          #endif
    346          
    347          
    348          #ifdef SR_CIM_MOTOR
    349          
    350              static void InitMotorMovingHandlerCim(void);
    351              static void MotorMovingHandlerCim(void);
    352              static void InputCapturePlausibilityHandler(void);
    353          
    354              #define SR_MOTORSAFETY_MGR_POWERUP_ACTION()             SRMCPwm__TurnOffAllGates()
    355              #define SR_MOTORSAFETY_MGR_ERROR_REACTION()             SRMCPwm__TurnOffAllGates()
    356              #define SR_MOTORSAFETY_MGR_POSTRUN_ACTION()             SRMCPwm__TurnOffAllGates()
    357              #define SR_INITMOTORMOVINGHANDLER()                     InitMotorMovingHandlerCim()
    358              #define SR_MOTORMOVINGHANDLER()                         MotorMovingHandlerCim()
    359              #define SR_INPUTCAPTUREPLAUSIBILITYHANDLER()            InputCapturePlausibilityHandler()
    360          
    361          #endif
    362          
    363          #ifdef SR_BPM_MOTOR
    364          
    365              static void InitMotorMovingHandlerBpm(void);
    366              static void MotorMovingHandlerBpm(void);
    367          
    368              #define SR_INITMOTORMOVINGHANDLER()                     InitMotorMovingHandlerBpm()
    369              #define SR_MOTORMOVINGHANDLER()                         MotorMovingHandlerBpm()
    370              #define SR_INPUTCAPTUREPLAUSIBILITYHANDLER()
    371          
    372          #endif
    373          
    374          #ifndef SR_MOTORSAFETY_MGR_POWERUP_ACTION
    375              #define SR_MOTORSAFETY_MGR_POWERUP_ACTION()             SRMCPwm__TurnOnLowSideGates()
    376          #endif
    377          #ifndef SR_MOTORSAFETY_MGR_ERROR_REACTION
    378              #define SR_MOTORSAFETY_MGR_ERROR_REACTION()             SRMCPwm__TurnOnLowSideGates()
    379          #endif
    380          #ifndef SR_MOTORSAFETY_MGR_POSTRUN_ACTION
    381              #define SR_MOTORSAFETY_MGR_POSTRUN_ACTION()             SRMCPwm__TurnOnLowSideGates()
    382          #endif
    383          
    384          #ifndef SRMOTOR_RUNNING_PWM
    385              #define SRMOTOR_RUNNING_PWM()
    386          #endif
    387          
    388          #ifndef SR_MODULATION_LIMIT
    389              #define SR_MODULATION_LIMIT  1.0f
    390          #endif
    391          
    392          
    393          //=====================================================================================================================
    394          //-------------------------------------- Public Functions -------------------------------------------------------------
    395          //=====================================================================================================================
    396          
    397          //---------------------------------------------------------------------------------------------------------------------
    398          /**
    399           *  @brief      Initialize all protection submodule. This shall be a part of the whole class B protection.
    400           *              This shall be called once, when the processor is powering up or recovering from a reset.
    401           *
    402           *
    403           */

   \                                 In section .text, align 4, keep-with-next
    404          void SRMotorSafetyMgr__Initialize(void)
    405          {
   \                     SRMotorSafetyMgr__Initialize: (+1)
   \   00000000   0xB510             PUSH     {R4,LR}
    406              uint16 temp;
    407          
    408              SRMOTORSAFETYMGR_FLOW_INITIALIZE_BEGIN();
   \   00000002   0x2003             MOVS     R0,#+3
   \   00000004   0x.... 0x....      BL       SRFlow__InitLogEvent
    409          
    410          
    411              SR_DATA_MCU_UPDATE_SHORT(SR_Motor_Fault,0);
   \   00000008   0x.... 0x....      LDR.W    R4,??DataTable7
   \   0000000C   0x2200             MOVS     R2,#+0
   \   0000000E   0xF104 0x012A      ADD      R1,R4,#+42
   \   00000012   0xF104 0x0008      ADD      R0,R4,#+8
   \   00000016   0x.... 0x....      BL       SRData__UpdateShort
    412              SR_DATA_MCU_UPDATE_SHORT(SR_Motor_Fault_Holder,0);
   \   0000001A   0x2200             MOVS     R2,#+0
   \   0000001C   0xF104 0x01DE      ADD      R1,R4,#+222
   \   00000020   0xF104 0x000A      ADD      R0,R4,#+10
   \   00000024   0x.... 0x....      BL       SRData__UpdateShort
    413          
    414              SR_Motor_Flags = 0;                             // Due to warm reset possibility, this variable needs to be manually zeroed.
   \   00000028   0x2000             MOVS     R0,#+0
   \   0000002A   0x81A0             STRH     R0,[R4, #+12]
   \   0000002C   0xF64F 0x11FD      MOVW     R1,#+63997
    415              temp = SR_Motor_Flags;
   \   00000030   0x89A0             LDRH     R0,[R4, #+12]
    416              BIT_CLR(temp, SR_FLAG_CLASS_A_PWM_ACCESS);      // Deny the access to the pwm peripheral
    417              BIT_SET(temp, SR_FLAG_MICRO_POWERING_UP);       // Warn the protection handler that the micro is powering up...
    418              BIT_CLR(temp, SR_FLAG_UNLOCK_DOOR_SPEED_CHECK_REQUESTED); // Request to check unlock door speed after IDLE
    419              BIT_CLR(temp, SR_FLAG_MC_PARAMETERS_LOADED);    // Reset the motor control parameters loaded flag
    420              SR_DATA_MCU_UPDATE_SHORT(SR_Motor_Flags,temp);
   \   00000032   0x4008             ANDS     R0,R1,R0
   \   00000034   0xF040 0x0220      ORR      R2,R0,#0x20
   \   00000038   0xF104 0x012C      ADD      R1,R4,#+44
   \   0000003C   0xF104 0x000C      ADD      R0,R4,#+12
   \   00000040   0x.... 0x....      BL       SRData__UpdateShort
    421          
    422              SR_DATA_MCU_UPDATE_BYTE(SR_SafetyMngr_State,SAFETY_MNGR_INITIALIZE);   // Send the motor safety state machine to the initialize state
   \   00000044   0x2201             MOVS     R2,#+1
   \   00000046   0x1C61             ADDS     R1,R4,#+1
   \   00000048   0x4620             MOV      R0,R4
   \   0000004A   0x.... 0x....      BL       SRData__UpdateByte
    423              SR_INITMOTORMOVINGHANDLER();                    // Initialize the zero speed handler
   \   0000004E   0x89A0             LDRH     R0,[R4, #+12]
   \   00000050   0xF64F 0x71FE      MOVW     R1,#+65534
   \   00000054   0xEA01 0x0200      AND      R2,R1,R0
   \   00000058   0xF104 0x012C      ADD      R1,R4,#+44
   \   0000005C   0xF104 0x000C      ADD      R0,R4,#+12
   \   00000060   0x.... 0x....      BL       SRData__UpdateShort
   \   00000064   0x2200             MOVS     R2,#+0
   \   00000066   0xF104 0x01F8      ADD      R1,R4,#+248
   \   0000006A   0xF104 0x0058      ADD      R0,R4,#+88
   \   0000006E   0x.... 0x....      BL       SRData__UpdateLong
   \   00000072   0x2200             MOVS     R2,#+0
   \   00000074   0xF104 0x01F4      ADD      R1,R4,#+244
   \   00000078   0xF104 0x0054      ADD      R0,R4,#+84
   \   0000007C   0x.... 0x....      BL       SRData__UpdateLong
    424          
    425          
    426              // Initialize the over current (locked rotor and running overloaded) sub module
    427              SR_DATA_MCU_UPDATE_LONG(SR_SquaredCurrentsSum,2*SR_POWERING_UP_CURRENTS_THRESHOLD); // Initialize to a higher value than the comparison threshold,
   \   00000080   0x2214             MOVS     R2,#+20
   \   00000082   0xF104 0x01FC      ADD      R1,R4,#+252
   \   00000086   0xF104 0x005C      ADD      R0,R4,#+92
   \   0000008A   0x.... 0x....      BL       SRData__UpdateLong
    428              // to prevent any wrong decision before finishing the powering up
    429          
    430              SR_DATA_MCU_UPDATE_SHORT(SR_Raw_CurrentA,0);            // Consider the raw phase current as zero
   \   0000008E   0x2200             MOVS     R2,#+0
   \   00000090   0xF104 0x013A      ADD      R1,R4,#+58
   \   00000094   0xF104 0x001A      ADD      R0,R4,#+26
   \   00000098   0x.... 0x....      BL       SRData__UpdateShort
    431              SR_DATA_MCU_UPDATE_SHORT(SR_Raw_CurrentB,0);            // Consider the raw phase current as zero
   \   0000009C   0x2200             MOVS     R2,#+0
   \   0000009E   0xF104 0x013C      ADD      R1,R4,#+60
   \   000000A2   0xF104 0x001C      ADD      R0,R4,#+28
   \   000000A6   0x.... 0x....      BL       SRData__UpdateShort
    432              SR_DATA_MCU_UPDATE_SHORT(SR_Raw_CurrentC,0);            // Consider the raw phase current as zero
   \   000000AA   0x2200             MOVS     R2,#+0
   \   000000AC   0xF104 0x013E      ADD      R1,R4,#+62
   \   000000B0   0xF104 0x001E      ADD      R0,R4,#+30
   \   000000B4   0x.... 0x....      BL       SRData__UpdateShort
    433              SR_DATA_MCU_UPDATE_SHORT(SR_CurrentA,0);                // Consider the phase current as zero
   \   000000B8   0x2200             MOVS     R2,#+0
   \   000000BA   0xF104 0x012E      ADD      R1,R4,#+46
   \   000000BE   0xF104 0x000E      ADD      R0,R4,#+14
   \   000000C2   0x.... 0x....      BL       SRData__UpdateShort
    434              SR_DATA_MCU_UPDATE_SHORT(SR_CurrentB,0);                // Consider the phase current as zero
   \   000000C6   0x2200             MOVS     R2,#+0
   \   000000C8   0xF104 0x0132      ADD      R1,R4,#+50
   \   000000CC   0xF104 0x0012      ADD      R0,R4,#+18
   \   000000D0   0x.... 0x....      BL       SRData__UpdateShort
    435              SR_DATA_MCU_UPDATE_SHORT(SR_CurrentC,0);                // Consider the phase current as zero
   \   000000D4   0x2200             MOVS     R2,#+0
   \   000000D6   0xF104 0x0136      ADD      R1,R4,#+54
   \   000000DA   0xF104 0x0016      ADD      R0,R4,#+22
   \   000000DE   0x.... 0x....      BL       SRData__UpdateShort
    436              SR_DATA_MCU_UPDATE_SHORT(SR_CurrentOffsetA,0);          // Reset the offset information
   \   000000E2   0x2200             MOVS     R2,#+0
   \   000000E4   0xF104 0x0130      ADD      R1,R4,#+48
   \   000000E8   0xF104 0x0010      ADD      R0,R4,#+16
   \   000000EC   0x.... 0x....      BL       SRData__UpdateShort
    437              SR_DATA_MCU_UPDATE_SHORT(SR_CurrentOffsetB,0);          // Reset the offset information
   \   000000F0   0x2200             MOVS     R2,#+0
   \   000000F2   0xF104 0x0134      ADD      R1,R4,#+52
   \   000000F6   0xF104 0x0014      ADD      R0,R4,#+20
   \   000000FA   0x.... 0x....      BL       SRData__UpdateShort
    438              SR_DATA_MCU_UPDATE_SHORT(SR_CurrentOffsetC,0);          // Reset the offset information
   \   000000FE   0x2200             MOVS     R2,#+0
   \   00000100   0xF104 0x0138      ADD      R1,R4,#+56
   \   00000104   0xF104 0x0018      ADD      R0,R4,#+24
   \   00000108   0x.... 0x....      BL       SRData__UpdateShort
    439              SR_DATA_MCU_UPDATE_SHORT(SR_Sector,0);
   \   0000010C   0x2200             MOVS     R2,#+0
   \   0000010E   0xF104 0x0140      ADD      R1,R4,#+64
   \   00000112   0xF104 0x0020      ADD      R0,R4,#+32
   \   00000116   0x.... 0x....      BL       SRData__UpdateShort
    440              SR_DATA_MCU_UPDATE_LONG(SR_CurrentOffsetHistA,0);       // Reset the offset history (filter) information
   \   0000011A   0x2200             MOVS     R2,#+0
   \   0000011C   0xF104 0x01E8      ADD      R1,R4,#+232
   \   00000120   0xF104 0x0048      ADD      R0,R4,#+72
   \   00000124   0x.... 0x....      BL       SRData__UpdateLong
    441              SR_DATA_MCU_UPDATE_LONG(SR_CurrentOffsetHistB,0);       // Reset the offset history (filter) information
   \   00000128   0x2200             MOVS     R2,#+0
   \   0000012A   0xF104 0x01EC      ADD      R1,R4,#+236
   \   0000012E   0xF104 0x004C      ADD      R0,R4,#+76
   \   00000132   0x.... 0x....      BL       SRData__UpdateLong
    442              SR_DATA_MCU_UPDATE_LONG(SR_CurrentOffsetHistC,0);       // Reset the offset history (filter) information
   \   00000136   0x2200             MOVS     R2,#+0
   \   00000138   0xF104 0x01F0      ADD      R1,R4,#+240
   \   0000013C   0xF104 0x0050      ADD      R0,R4,#+80
   \   00000140   0x.... 0x....      BL       SRData__UpdateLong
    443              SR_DATA_MCU_UPDATE_SHORT(SR_DCBus,0);                   // Consider as the DC voltage as zero
   \   00000144   0x2200             MOVS     R2,#+0
   \   00000146   0xF104 0x0142      ADD      R1,R4,#+66
   \   0000014A   0xF104 0x0022      ADD      R0,R4,#+34
   \   0000014E   0x.... 0x....      BL       SRData__UpdateShort
    444              SR_DATA_MCU_UPDATE_SHORT(SR_PowerUpTimer,0);            // Zero the power up timer
   \   00000152   0x2200             MOVS     R2,#+0
   \   00000154   0xF104 0x01E0      ADD      R1,R4,#+224
   \   00000158   0xF104 0x0024      ADD      R0,R4,#+36
   \   0000015C   0x.... 0x....      BL       SRData__UpdateShort
    445              SR_DATA_MCU_UPDATE_LONG(SR_CalibrationCntr,0);
   \   00000160   0x2200             MOVS     R2,#+0
   \   00000162   0xF504 0x7180      ADD      R1,R4,#+256
   \   00000166   0xF104 0x0060      ADD      R0,R4,#+96
   \   0000016A   0x.... 0x....      BL       SRData__UpdateLong
    446              SR_DATA_MCU_UPDATE_LONG(SR_SquaredCurrentRmsA,0);       // Reset the current A rms calculated value
   \   0000016E   0x2200             MOVS     R2,#+0
   \   00000170   0xF504 0x7182      ADD      R1,R4,#+260
   \   00000174   0xF104 0x0064      ADD      R0,R4,#+100
   \   00000178   0x.... 0x....      BL       SRData__UpdateLong
    447              SR_DATA_MCU_UPDATE_LONG(SR_SquaredCurrentRmsB,0);       // Reset the current B rms calculated value
   \   0000017C   0x2200             MOVS     R2,#+0
   \   0000017E   0xF504 0x7184      ADD      R1,R4,#+264
   \   00000182   0xF104 0x0068      ADD      R0,R4,#+104
   \   00000186   0x.... 0x....      BL       SRData__UpdateLong
    448              SR_DATA_MCU_UPDATE_LONG(SR_SquaredCurrentRmsC,0);       // Reset the current C rms calculated value
   \   0000018A   0x2200             MOVS     R2,#+0
   \   0000018C   0xF504 0x7186      ADD      R1,R4,#+268
   \   00000190   0xF104 0x006C      ADD      R0,R4,#+108
   \   00000194   0x.... 0x....      BL       SRData__UpdateLong
    449              SR_DATA_MCU_UPDATE_LONG(SR_SquaredCurrentSumA,0);       // Reset the current A rms accumulator
   \   00000198   0x2200             MOVS     R2,#+0
   \   0000019A   0xF504 0x7188      ADD      R1,R4,#+272
   \   0000019E   0xF104 0x0070      ADD      R0,R4,#+112
   \   000001A2   0x.... 0x....      BL       SRData__UpdateLong
    450              SR_DATA_MCU_UPDATE_LONG(SR_SquaredCurrentSumB,0);       // Reset the current B rms accumulator
   \   000001A6   0x2200             MOVS     R2,#+0
   \   000001A8   0xF504 0x718A      ADD      R1,R4,#+276
   \   000001AC   0xF104 0x0074      ADD      R0,R4,#+116
   \   000001B0   0x.... 0x....      BL       SRData__UpdateLong
    451              SR_DATA_MCU_UPDATE_LONG(SR_SquaredCurrentSumC,0);       // Reset the current C rms accumulator
   \   000001B4   0x2200             MOVS     R2,#+0
   \   000001B6   0xF504 0x718C      ADD      R1,R4,#+280
   \   000001BA   0xF104 0x0078      ADD      R0,R4,#+120
   \   000001BE   0x.... 0x....      BL       SRData__UpdateLong
    452              SR_DATA_MCU_UPDATE_LONG(SR_Curr_Rms_Counter,0);
   \   000001C2   0x2200             MOVS     R2,#+0
   \   000001C4   0xF504 0x718E      ADD      R1,R4,#+284
   \   000001C8   0xF104 0x007C      ADD      R0,R4,#+124
   \   000001CC   0x.... 0x....      BL       SRData__UpdateLong
    453              SR_DATA_MCU_UPDATE_SHORT(SR_Phase_Lost_Counter,0);
   \   000001D0   0x2200             MOVS     R2,#+0
   \   000001D2   0xF104 0x01E2      ADD      R1,R4,#+226
   \   000001D6   0xF104 0x0026      ADD      R0,R4,#+38
   \   000001DA   0x.... 0x....      BL       SRData__UpdateShort
    454              SR_DATA_MCU_UPDATE_LONG(SR_Timeout_Failure_Retry,0);    // Update the time out to zero
   \   000001DE   0x2200             MOVS     R2,#+0
   \   000001E0   0xF504 0x7190      ADD      R1,R4,#+288
   \   000001E4   0xF104 0x0080      ADD      R0,R4,#+128
   \   000001E8   0x.... 0x....      BL       SRData__UpdateLong
    455          
    456          
    457          #ifdef SR_BPM_MOTOR
    458          
    459              SR_MCU_MOTOR_UPDATE_VAR(SR_Check_Unlock_Door_Speed_Timer, 0);
                     ^
Remark[Pe068]: integer conversion resulted in a change of sign
   \   000001EC   0x2000             MOVS     R0,#+0
   \   000001EE   0xF8C4 0x00B0      STR      R0,[R4, #+176]
    460              SR_MCU_MOTOR_UPDATE_VAR(SR_Check_Unlock_Door_Speed_Delta_Voltage, 0);
   \   000001F2   0x2100             MOVS     R1,#+0
   \   000001F4   0xF04F 0x30FF      MOV      R0,#-1
   \   000001F8   0xF8C4 0x00D8      STR      R0,[R4, #+216]
   \   000001FC   0xF8C4 0x00D4      STR      R0,[R4, #+212]
    461              SR_MCU_MOTOR_UPDATE_VAR(SR_Avg_Fund_Period_Time_Counter, 0);
                     ^
Remark[Pe068]: integer conversion resulted in a change of sign
   \   00000200   0xF8C4 0x00C4      STR      R0,[R4, #+196]
    462              SR_MCU_MOTOR_UPDATE_VAR(SR_Avg_Fund_Period_Cycle_Counter, 0);
                     ^
Remark[Pe068]: integer conversion resulted in a change of sign
   \   00000204   0xF8C4 0x00C8      STR      R0,[R4, #+200]
    463              SR_MCU_MOTOR_UPDATE_VAR(SR_Applied_Duty_A_Sum, 0);
   \   00000208   0xF8C4 0x00CC      STR      R0,[R4, #+204]
    464              SR_MCU_MOTOR_UPDATE_VAR(SR_Avg_Threshold, 0);
   \   0000020C   0xF8C4 0x00C0      STR      R0,[R4, #+192]
    465              SR_MCU_MOTOR_UPDATE_VAR(SR_Avg_Fund_Period_Low_Threshold, 0);
   \   00000210   0xF8C4 0x00BC      STR      R0,[R4, #+188]
    466              SR_MCU_MOTOR_UPDATE_VAR(SR_Avg_Fund_Period_High_Threshold, 0);
   \   00000214   0xF8C4 0x00B8      STR      R0,[R4, #+184]
   \   00000218   0xF8C4 0x10B4      STR      R1,[R4, #+180]
    467              SR_MCU_MOTOR_UPDATE_VAR(SR_Avg_Cross_Event, 0);
                     ^
Remark[Pe068]: integer conversion resulted in a change of sign
   \   0000021C   0x20FF             MOVS     R0,#+255
   \   0000021E   0x71A0             STRB     R0,[R4, #+6]
   \   00000220   0xF8C4 0x109C      STR      R1,[R4, #+156]
    468              SR_MCU_MOTOR_UPDATE_VAR(SR_Avg_Fund_Period_Cycle_Total, AVG_FREQUENCY_TOTAL_CYCLES);
                     ^
Remark[Pe068]: integer conversion resulted in a change of sign
   \   00000224   0x2014             MOVS     R0,#+20
   \   00000226   0x70A0             STRB     R0,[R4, #+2]
   \   00000228   0xF8C4 0x10A0      STR      R1,[R4, #+160]
   \   0000022C   0x20EB             MOVS     R0,#+235
   \   0000022E   0x7160             STRB     R0,[R4, #+5]
   \   00000230   0xF8C4 0x10A4      STR      R1,[R4, #+164]
    469              SR_MCU_MOTOR_UPDATE_VAR(SR_Avg_Fund_Period, SR_MOTOR_SAFETY_MNGR_MAX_PERIOD_COUNTER);
                     ^
Remark[Pe068]: integer conversion resulted in a change of sign
   \   00000234   0xF04F 0x4080      MOV      R0,#+1073741824
   \   00000238   0xF8C4 0x00AC      STR      R0,[R4, #+172]
   \   0000023C   0xF8C4 0x1098      STR      R1,[R4, #+152]
   \   00000240   0xF06F 0x4080      MVN      R0,#+1073741824
   \   00000244   0xF8C4 0x1094      STR      R1,[R4, #+148]
   \   00000248   0xF8C4 0x1090      STR      R1,[R4, #+144]
   \   0000024C   0x70E1             STRB     R1,[R4, #+3]
   \   0000024E   0xF8C4 0x00D0      STR      R0,[R4, #+208]
    470          
    471              SR_DATA_MCU_UPDATE_BYTE(SR_Avg_Fund_Ignored_First, FALSE);
   \   00000252   0x2200             MOVS     R2,#+0
   \   00000254   0xF104 0x01DC      ADD      R1,R4,#+220
   \   00000258   0x1D20             ADDS     R0,R4,#+4
   \   0000025A   0x.... 0x....      BL       SRData__UpdateByte
    472          
    473              SR_DATA_MCU_UPDATE_FLOAT(SR_Voltage_Frequency, 0.0f);
   \   0000025E   0xED9F 0x....      VLDR.W   S0,??DataTable5  ;; 0x0
   \   00000262   0xF504 0x7196      ADD      R1,R4,#+300
   \   00000266   0xF104 0x0088      ADD      R0,R4,#+136
   \   0000026A   0x.... 0x....      BL       SRData__UpdateFloat
    474              SR_DATA_MCU_UPDATE_FLOAT(SR_Overload_Temp,OL_INIT_DEFAULT); // Init the OverLoad temperature [default value]
   \   0000026E   0xED9F 0x....      VLDR.W   S0,??DataTable5_1  ;; 0x420c0000
   \   00000272   0xF504 0x7192      ADD      R1,R4,#+292
   \   00000276   0xF104 0x0084      ADD      R0,R4,#+132
   \   0000027A   0x.... 0x....      BL       SRData__UpdateFloat
    475              SR_DATA_MCU_UPDATE_FLOAT(SR_Squared_Current, 0.0f);
   \   0000027E   0xED9F 0x....      VLDR.W   S0,??DataTable5  ;; 0x0
   \   00000282   0xF504 0x7194      ADD      R1,R4,#+296
   \   00000286   0xF104 0x008C      ADD      R0,R4,#+140
   \   0000028A   0x.... 0x....      BL       SRData__UpdateFloat
    476          
    477          #endif
    478          
    479          #ifdef SRMOTORSAFETYMGR_INTERNAL_ISR_CHECK
    480              SR_DATA_MCU_UPDATE_SHORT(SR_MC_Isr_Enter_Cntr,0);
    481              SR_DATA_MCU_UPDATE_SHORT(SR_MC_Isr_Exit_Cntr,0);
    482              SR_DATA_MCU_UPDATE_SHORT(SR_250us_Isr_Enter_Cntr,0);
    483              SR_DATA_MCU_UPDATE_SHORT(SR_250us_Isr_Exit_Cntr,0);
    484              SR_DATA_MCU_UPDATE_BYTE(SR_Isr_Init_Flag,0);
    485          #endif
    486          
    487              // Initialize Class A module before framework start up
    488              INVOKE_CLASS_A_INIT_HANDLER();
   \   0000028E   0x.... 0x....      BL       Mci__Initialize
    489              // Initialize the SR Class B MCAtod module - required to initialize the MC Atod before MC Pwm.
    490              SRMCAtod__Initialize();
   \   00000292   0x.... 0x....      BL       SRMCAtod__Initialize
    491          
    492              // Initialize the SR Class B Pwm module
    493              SRMCPwm__Initialize(SR_PWM_FREQUENCY_HZ, SR_PWM_DEADTIME_NS);
   \   00000296   0xF44F 0x717A      MOV      R1,#+1000
   \   0000029A   0xF44F 0x507A      MOV      R0,#+16000
   \   0000029E   0x.... 0x....      BL       SRMCPwm__Initialize
    494              SR_MOTORSAFETY_MGR_POWERUP_ACTION();
   \   000002A2   0x.... 0x....      BL       SRMCPwm__TurnOnLowSideGates
    495              SRMCPwm__StartCounter();
   \   000002A6   0x.... 0x....      BL       SRMCPwm__StartCounter
    496          
    497          
    498          #ifdef SR_BPM_MOTOR
    499          
    500              Init_Avg_Frequency();
   \   000002AA   0x1DA1             ADDS     R1,R4,#+6
   \   000002AC   0x1CE0             ADDS     R0,R4,#+3
   \   000002AE   0x.... 0x....      BL       SRData__CheckByte
   \   000002B2   0xF104 0x01B8      ADD      R1,R4,#+184
   \   000002B6   0xF104 0x0090      ADD      R0,R4,#+144
   \   000002BA   0x.... 0x....      BL       SRData__CheckLong
   \   000002BE   0xF104 0x01BC      ADD      R1,R4,#+188
   \   000002C2   0xF104 0x0094      ADD      R0,R4,#+148
   \   000002C6   0x.... 0x....      BL       SRData__CheckLong
   \   000002CA   0xF104 0x01C0      ADD      R1,R4,#+192
   \   000002CE   0xF104 0x0098      ADD      R0,R4,#+152
   \   000002D2   0x.... 0x....      BL       SRData__CheckLong
   \   000002D6   0xF104 0x01C4      ADD      R1,R4,#+196
   \   000002DA   0xF104 0x009C      ADD      R0,R4,#+156
   \   000002DE   0x.... 0x....      BL       SRData__CheckLong
   \   000002E2   0xF104 0x01C8      ADD      R1,R4,#+200
   \   000002E6   0xF104 0x00A0      ADD      R0,R4,#+160
   \   000002EA   0x.... 0x....      BL       SRData__CheckLong
   \   000002EE   0xF104 0x01D0      ADD      R1,R4,#+208
   \   000002F2   0xF104 0x00AC      ADD      R0,R4,#+172
   \   000002F6   0x.... 0x....      BL       SRData__CheckLong
   \   000002FA   0xF104 0x01CC      ADD      R1,R4,#+204
   \   000002FE   0xF104 0x00A4      ADD      R0,R4,#+164
   \   00000302   0x.... 0x....      BL       SRData__CheckLong
   \   00000306   0xF104 0x01DC      ADD      R1,R4,#+220
   \   0000030A   0x1D20             ADDS     R0,R4,#+4
   \   0000030C   0x.... 0x....      BL       SRData__CheckByte
   \   00000310   0x.... 0x....      BL       SRMCPwm__GetMaxPwm
   \   00000314   0xEE00 0x0A10      VMOV     S0,R0
   \   00000318   0xEEB8 0x0A40      VCVT.F32.U32 S0,S0
   \   0000031C   0xEEBD 0x0AC0      VCVT.S32.F32 S0,S0
   \   00000320   0xEE10 0x0A10      VMOV     R0,S0
   \   00000324   0x1040             ASRS     R0,R0,#+1
   \   00000326   0xEE00 0x0A10      VMOV     S0,R0
   \   0000032A   0xEEB8 0x0AC0      VCVT.F32.S32 S0,S0
   \   0000032E   0xEDDF 0x....      VLDR.W   S1,??DataTable5_2  ;; 0x3f866666
   \   00000332   0xEE60 0x0A20      VMUL.F32 S1,S0,S1
   \   00000336   0xED9F 0x....      VLDR.W   S2,??DataTable5_3  ;; 0x3f733333
   \   0000033A   0xEE20 0x0A01      VMUL.F32 S0,S0,S2
   \   0000033E   0xEEFD 0x0AE0      VCVT.S32.F32 S1,S1
   \   00000342   0xEEBD 0x0AC0      VCVT.S32.F32 S0,S0
   \   00000346   0xEDC4 0x0A24      VSTR     S1,[R4, #+144]
   \   0000034A   0xED84 0x0A25      VSTR     S0,[R4, #+148]
   \   0000034E   0xEE10 0x2A90      VMOV     R2,S1
   \   00000352   0xF104 0x01B8      ADD      R1,R4,#+184
   \   00000356   0xF104 0x0090      ADD      R0,R4,#+144
   \   0000035A   0x.... 0x....      BL       SRData__UpdateLong
   \   0000035E   0xF8D4 0x2094      LDR      R2,[R4, #+148]
   \   00000362   0xF104 0x01BC      ADD      R1,R4,#+188
   \   00000366   0xF104 0x0094      ADD      R0,R4,#+148
   \   0000036A   0x.... 0x....      BL       SRData__UpdateLong
   \   0000036E   0xF8D4 0x2094      LDR      R2,[R4, #+148]
   \   00000372   0xF104 0x01C0      ADD      R1,R4,#+192
   \   00000376   0xF104 0x0098      ADD      R0,R4,#+152
   \   0000037A   0x.... 0x....      BL       SRData__UpdateLong
   \   0000037E   0x2200             MOVS     R2,#+0
   \   00000380   0x1DA1             ADDS     R1,R4,#+6
   \   00000382   0x1CE0             ADDS     R0,R4,#+3
   \   00000384   0x.... 0x....      BL       SRData__UpdateByte
   \   00000388   0x2200             MOVS     R2,#+0
   \   0000038A   0xF104 0x01C4      ADD      R1,R4,#+196
   \   0000038E   0xF104 0x009C      ADD      R0,R4,#+156
   \   00000392   0x.... 0x....      BL       SRData__UpdateLong
   \   00000396   0xF04F 0x4280      MOV      R2,#+1073741824
   \   0000039A   0xF104 0x01C8      ADD      R1,R4,#+200
   \   0000039E   0xF104 0x00A0      ADD      R0,R4,#+160
   \   000003A2   0x.... 0x....      BL       SRData__UpdateLong
   \   000003A6   0xF04F 0x4280      MOV      R2,#+1073741824
   \   000003AA   0xF104 0x01D0      ADD      R1,R4,#+208
   \   000003AE   0xF104 0x00AC      ADD      R0,R4,#+172
   \   000003B2   0x.... 0x....      BL       SRData__UpdateLong
   \   000003B6   0x2200             MOVS     R2,#+0
   \   000003B8   0xF104 0x01CC      ADD      R1,R4,#+204
   \   000003BC   0xF104 0x00A4      ADD      R0,R4,#+164
   \   000003C0   0x.... 0x....      BL       SRData__UpdateLong
   \   000003C4   0x2200             MOVS     R2,#+0
   \   000003C6   0xF504 0x7198      ADD      R1,R4,#+304
   \   000003CA   0xF104 0x00A8      ADD      R0,R4,#+168
   \   000003CE   0x.... 0x....      BL       SRData__UpdateLong
   \   000003D2   0x2200             MOVS     R2,#+0
   \   000003D4   0xF104 0x01DC      ADD      R1,R4,#+220
   \   000003D8   0x1D20             ADDS     R0,R4,#+4
   \   000003DA   0x.... 0x....      BL       SRData__UpdateByte
    501          
    502          #endif
    503          
    504              // Initialize the SR Flow control module
    505              SRMOTORSAFETYMGR_FLOW_INITIALIZE_END();
   \   000003DE   0xE8BD 0x4010      POP      {R4,LR}
   \   000003E2   0x2004             MOVS     R0,#+4
   \   000003E4   0x.... 0x....      B.W      SRFlow__InitLogEvent
    506          }
    507          
    508          
    509          
    510          //---------------------------------------------------------------------------------------------------------------------
    511          /**
    512           *  @brief      Class B MCPwm Handler (same rate as the MCPwm period)
    513           *
    514           */

   \                                 In section .text, align 2, keep-with-next
    515          void SRMotorSafetyMgr__MCPwmHandler(void)
    516          {
   \                     SRMotorSafetyMgr__MCPwmHandler: (+1)
   \   00000000   0xE92D 0x47F0      PUSH     {R4-R10,LR}
    517          #if (defined SRMOTOR_RUNNING_2ND_PWM)
    518              static unsigned char pwm_post_scaler = 0;
    519          #endif
    520          
    521              register sint16 current_ia;
    522              register sint16 current_ib;
    523              register sint16 current_ic;
    524              register sint16 dc_bus;
    525          
    526              SRMOTORSAFETYMGR_ISRMONITOR_MCPWM_HANDLER_BEGIN();
   \   00000004   0x.... 0x....      BL       SRIsrMonitor__EnterIsr
    527          
    528              // Safety variables check
    529              CheckVariables4Failure_Pwm();
   \   00000008   0x.... 0x....      LDR.W    R4,??DataTable7
   \   0000000C   0x7821             LDRB     R1,[R4, #+0]
   \   0000000E   0x7862             LDRB     R2,[R4, #+1]
   \   00000010   0x43D2             MVNS     R2,R2
   \   00000012   0x2000             MOVS     R0,#+0
   \   00000014   0xB2D2             UXTB     R2,R2
   \   00000016   0x4291             CMP      R1,R2
   \   00000018   0xBF18             IT       NE 
   \   0000001A   0x2001             MOVNE    R0,#+1
   \   0000001C   0x89A1             LDRH     R1,[R4, #+12]
   \   0000001E   0x8DA2             LDRH     R2,[R4, #+44]
   \   00000020   0x43D2             MVNS     R2,R2
   \   00000022   0xB292             UXTH     R2,R2
   \   00000024   0x4291             CMP      R1,R2
   \   00000026   0xBF18             IT       NE 
   \   00000028   0x1C40             ADDNE    R0,R0,#+1
   \   0000002A   0x8921             LDRH     R1,[R4, #+8]
   \   0000002C   0x8D62             LDRH     R2,[R4, #+42]
   \   0000002E   0x43D2             MVNS     R2,R2
   \   00000030   0xB292             UXTH     R2,R2
   \   00000032   0x4291             CMP      R1,R2
   \   00000034   0xBF18             IT       NE 
   \   00000036   0x1C40             ADDNE    R0,R0,#+1
   \   00000038   0xF9B4 0x101A      LDRSH    R1,[R4, #+26]
   \   0000003C   0xF9B4 0x203A      LDRSH    R2,[R4, #+58]
   \   00000040   0x43D2             MVNS     R2,R2
   \   00000042   0xB289             UXTH     R1,R1
   \   00000044   0xB292             UXTH     R2,R2
   \   00000046   0x4291             CMP      R1,R2
   \   00000048   0xBF18             IT       NE 
   \   0000004A   0x1C40             ADDNE    R0,R0,#+1
   \   0000004C   0xF9B4 0x101C      LDRSH    R1,[R4, #+28]
   \   00000050   0xF9B4 0x203C      LDRSH    R2,[R4, #+60]
   \   00000054   0x43D2             MVNS     R2,R2
   \   00000056   0xB289             UXTH     R1,R1
   \   00000058   0xB292             UXTH     R2,R2
   \   0000005A   0x4291             CMP      R1,R2
   \   0000005C   0xBF18             IT       NE 
   \   0000005E   0x1C40             ADDNE    R0,R0,#+1
   \   00000060   0xF9B4 0x101E      LDRSH    R1,[R4, #+30]
   \   00000064   0xF9B4 0x203E      LDRSH    R2,[R4, #+62]
   \   00000068   0x43D2             MVNS     R2,R2
   \   0000006A   0xB289             UXTH     R1,R1
   \   0000006C   0xB292             UXTH     R2,R2
   \   0000006E   0x4291             CMP      R1,R2
   \   00000070   0xBF18             IT       NE 
   \   00000072   0x1C40             ADDNE    R0,R0,#+1
   \   00000074   0xF9B4 0x1022      LDRSH    R1,[R4, #+34]
   \   00000078   0xF9B4 0x2042      LDRSH    R2,[R4, #+66]
   \   0000007C   0x43D2             MVNS     R2,R2
   \   0000007E   0xB289             UXTH     R1,R1
   \   00000080   0xB292             UXTH     R2,R2
   \   00000082   0x4291             CMP      R1,R2
   \   00000084   0xBF18             IT       NE 
   \   00000086   0x1C40             ADDNE    R0,R0,#+1
   \   00000088   0x8C21             LDRH     R1,[R4, #+32]
   \   0000008A   0xF8B4 0x2040      LDRH     R2,[R4, #+64]
   \   0000008E   0x43D2             MVNS     R2,R2
   \   00000090   0xB292             UXTH     R2,R2
   \   00000092   0x4291             CMP      R1,R2
   \   00000094   0xBF18             IT       NE 
   \   00000096   0x1C40             ADDNE    R0,R0,#+1
   \   00000098   0xB120             CBZ.N    R0,??SRMotorSafetyMgr__MCPwmHandler_0
   \   0000009A   0x2202             MOVS     R2,#+2
   \   0000009C   0x2100             MOVS     R1,#+0
   \   0000009E   0x2001             MOVS     R0,#+1
   \   000000A0   0x.... 0x....      BL       SRException__Queue
    530          
    531          #ifdef SR_CIM_MOTOR
    532              // InputCapture PWM Handler
    533              SRMCInputCapture__PwmHandler();
    534          #endif
    535          
    536          #ifdef SR_THIRD_CURRENT_RECONSTRUCTION
    537              switch (SR_Sector)
   \                     ??SRMotorSafetyMgr__MCPwmHandler_0: (+1)
   \   000000A4   0x8C20             LDRH     R0,[R4, #+32]
   \   000000A6   0x.... 0x....      LDR.W    R5,??DataTable7_1  ;; 0x4003b000
   \   000000AA   0x2801             CMP      R0,#+1
   \   000000AC   0xD004             BEQ.N    ??SRMotorSafetyMgr__MCPwmHandler_1
   \   000000AE   0xD33F             BCC.N    ??SRMotorSafetyMgr__MCPwmHandler_2
   \   000000B0   0x2803             CMP      R0,#+3
   \   000000B2   0xD028             BEQ.N    ??SRMotorSafetyMgr__MCPwmHandler_3
   \   000000B4   0xD313             BCC.N    ??SRMotorSafetyMgr__MCPwmHandler_4
   \   000000B6   0xE03B             B.N      ??SRMotorSafetyMgr__MCPwmHandler_2
    538              {
    539          		case 1:
    540          			SR_Raw_CurrentB = SRMCATOD__GETADC2_REC1();
   \                     ??SRMotorSafetyMgr__MCPwmHandler_1: (+1)
   \   000000B8   0x.... 0x....      LDR.W    R0,??DataTable7_2  ;; 0x40027000
   \   000000BC   0x6900             LDR      R0,[R0, #+16]
    541          			current_ib 		= SR_Raw_CurrentB - SR_CurrentOffsetB;   // Subtract zero offset
   \   000000BE   0x8AA1             LDRH     R1,[R4, #+20]
   \   000000C0   0x83A0             STRH     R0,[R4, #+28]
   \   000000C2   0x8BA0             LDRH     R0,[R4, #+28]
   \   000000C4   0x1A46             SUBS     R6,R0,R1
    542          
    543          			SR_Raw_CurrentC = SRMCATOD__GETADC3_REC1();
   \   000000C6   0x6928             LDR      R0,[R5, #+16]
    544          			current_ic 		= SR_Raw_CurrentC - SR_CurrentOffsetC;   // Subtract zero offset
   \   000000C8   0x8B21             LDRH     R1,[R4, #+24]
   \   000000CA   0xB236             SXTH     R6,R6
   \   000000CC   0x1A47             SUBS     R7,R0,R1
   \   000000CE   0xB23F             SXTH     R7,R7
    545          
    546          			// Reconstruct phase A
    547          			current_ia 		= -current_ib - current_ic;
   \   000000D0   0x4271             RSBS     R1,R6,#+0
   \   000000D2   0xEBA1 0x0807      SUB      R8,R1,R7
    548          			SR_Raw_CurrentA = current_ia + SR_CurrentOffsetA;
   \   000000D6   0x8A21             LDRH     R1,[R4, #+16]
   \   000000D8   0x4441             ADD      R1,R1,R8
   \   000000DA   0x8361             STRH     R1,[R4, #+26]
    549          			break;
   \   000000DC   0xE03E             B.N      ??SRMotorSafetyMgr__MCPwmHandler_5
    550          
    551          		case 2:
    552          			SR_Raw_CurrentA = SRMCATOD__GETADC1_REC2();
   \                     ??SRMotorSafetyMgr__MCPwmHandler_4: (+1)
   \   000000DE   0x.... 0x....      LDR.W    R0,??DataTable7_2  ;; 0x40027000
   \   000000E2   0x6900             LDR      R0,[R0, #+16]
    553          			current_ia 		= SR_Raw_CurrentA - SR_CurrentOffsetA;   // Subtract zero offset
   \   000000E4   0x8A21             LDRH     R1,[R4, #+16]
   \   000000E6   0x8360             STRH     R0,[R4, #+26]
   \   000000E8   0x8B60             LDRH     R0,[R4, #+26]
   \   000000EA   0x1A40             SUBS     R0,R0,R1
   \   000000EC   0xFA0F 0xF880      SXTH     R8,R0
    554          
    555          			SR_Raw_CurrentC = SRMCATOD__GETADC3_REC2();
   \   000000F0   0x6928             LDR      R0,[R5, #+16]
    556          			current_ic 		= SR_Raw_CurrentC - SR_CurrentOffsetC;   // Subtract zero offset
   \   000000F2   0x8B21             LDRH     R1,[R4, #+24]
   \   000000F4   0x1A47             SUBS     R7,R0,R1
   \   000000F6   0xB23F             SXTH     R7,R7
    557          
    558          			// Reconstruct phase B
    559          			current_ib 		= -current_ia - current_ic;
   \   000000F8   0xF1C8 0x0100      RSB      R1,R8,#+0
   \   000000FC   0x1BCE             SUBS     R6,R1,R7
    560          			SR_Raw_CurrentB = current_ib + SR_CurrentOffsetB;
   \   000000FE   0x8AA1             LDRH     R1,[R4, #+20]
   \   00000100   0x1989             ADDS     R1,R1,R6
   \   00000102   0x83A1             STRH     R1,[R4, #+28]
    561          			break;
   \   00000104   0xE02A             B.N      ??SRMotorSafetyMgr__MCPwmHandler_5
    562          
    563          		case 3:
    564          			SR_Raw_CurrentA = SRMCATOD__GETADC1_REC3();
   \                     ??SRMotorSafetyMgr__MCPwmHandler_3: (+1)
   \   00000106   0x.... 0x....      LDR.W    R0,??DataTable7_2  ;; 0x40027000
   \   0000010A   0x6900             LDR      R0,[R0, #+16]
    565          			current_ia 		= SR_Raw_CurrentA - SR_CurrentOffsetA;   // Subtract zero offset
   \   0000010C   0x8A21             LDRH     R1,[R4, #+16]
   \   0000010E   0x8360             STRH     R0,[R4, #+26]
   \   00000110   0x8B60             LDRH     R0,[R4, #+26]
   \   00000112   0x1A40             SUBS     R0,R0,R1
   \   00000114   0xFA0F 0xF880      SXTH     R8,R0
    566          
    567          			SR_Raw_CurrentB = SRMCATOD__GETADC2_REC3();
   \   00000118   0x6928             LDR      R0,[R5, #+16]
    568          			current_ib 		= SR_Raw_CurrentB - SR_CurrentOffsetB;   // Subtract zero offset
   \   0000011A   0x8AA1             LDRH     R1,[R4, #+20]
   \   0000011C   0x83A0             STRH     R0,[R4, #+28]
   \   0000011E   0x8BA0             LDRH     R0,[R4, #+28]
   \   00000120   0x1A46             SUBS     R6,R0,R1
   \   00000122   0xB236             SXTH     R6,R6
    569          
    570          			// Reconstruct phase C
    571          			current_ic 		= -current_ia - current_ib;
   \   00000124   0xF1C8 0x0000      RSB      R0,R8,#+0
   \   00000128   0x1B87             SUBS     R7,R0,R6
    572          			SR_Raw_CurrentC = current_ic + SR_CurrentOffsetC;
   \   0000012A   0x8B20             LDRH     R0,[R4, #+24]
   \   0000012C   0x19C0             ADDS     R0,R0,R7
    573          			break;
   \   0000012E   0xE015             B.N      ??SRMotorSafetyMgr__MCPwmHandler_5
    574          
    575          		default:
    576          		    // Adc calculations - no reconstruction
    577          		    SR_Raw_CurrentA = SRMCATOD__GETADC1();              // Read the converted values...
   \                     ??SRMotorSafetyMgr__MCPwmHandler_2: (+1)
   \   00000130   0x.... 0x....      LDR.W    R0,??DataTable7_2  ;; 0x40027000
   \   00000134   0x6901             LDR      R1,[R0, #+16]
    578          		    current_ia = SR_Raw_CurrentA - SR_CurrentOffsetA;   // Subtract zero offset
   \   00000136   0xF9B4 0x2010      LDRSH    R2,[R4, #+16]
   \   0000013A   0x8361             STRH     R1,[R4, #+26]
   \   0000013C   0xF9B4 0x101A      LDRSH    R1,[R4, #+26]
    579          
    580          
    581          		    SR_Raw_CurrentB = SRMCATOD__GETADC2();              // Read the converted values...
   \   00000140   0x6940             LDR      R0,[R0, #+20]
   \   00000142   0x83A0             STRH     R0,[R4, #+28]
   \   00000144   0xEBA1 0x0802      SUB      R8,R1,R2
    582          		    current_ib = SR_Raw_CurrentB - SR_CurrentOffsetB;   // Subtract zero offset
   \   00000148   0xF9B4 0x001C      LDRSH    R0,[R4, #+28]
   \   0000014C   0xF9B4 0x1014      LDRSH    R1,[R4, #+20]
   \   00000150   0x1A46             SUBS     R6,R0,R1
    583          
    584          		    SR_Raw_CurrentC = SRMCATOD__GETADC3();              // Read the converted values...
   \   00000152   0x6928             LDR      R0,[R5, #+16]
    585          		    current_ic = SR_Raw_CurrentC - SR_CurrentOffsetC;   // Subtract zero offset
   \   00000154   0xF9B4 0x1018      LDRSH    R1,[R4, #+24]
   \   00000158   0xB200             SXTH     R0,R0
   \   0000015A   0x1A47             SUBS     R7,R0,R1
    586          			break;
   \                     ??SRMotorSafetyMgr__MCPwmHandler_5: (+1)
   \   0000015C   0x83E0             STRH     R0,[R4, #+30]
    587              }
    588          
    589              SR_MCU_MOTOR_UPDATE_N_VAR(SR_Raw_CurrentA);
   \   0000015E   0xF9B4 0x001A      LDRSH    R0,[R4, #+26]
   \   00000162   0x43C0             MVNS     R0,R0
   \   00000164   0x8760             STRH     R0,[R4, #+58]
    590              SR_MCU_MOTOR_UPDATE_N_VAR(SR_Raw_CurrentB);
   \   00000166   0xF9B4 0x001C      LDRSH    R0,[R4, #+28]
   \   0000016A   0x43C0             MVNS     R0,R0
   \   0000016C   0x87A0             STRH     R0,[R4, #+60]
    591              SR_MCU_MOTOR_UPDATE_N_VAR(SR_Raw_CurrentC);
   \   0000016E   0xF9B4 0x001E      LDRSH    R0,[R4, #+30]
   \   00000172   0x43C0             MVNS     R0,R0
   \   00000174   0x87E0             STRH     R0,[R4, #+62]
    592          
    593          
    594          
    595          #else
    596              // Adc calculations
    597              SR_Raw_CurrentA = SRMCATOD__GETADC1();              // Read the converted values...
    598              current_ia = SR_Raw_CurrentA - SR_CurrentOffsetA;   // Subtract zero offset
    599              SR_MCU_MOTOR_UPDATE_N_VAR(SR_Raw_CurrentA);
    600          
    601              SR_Raw_CurrentB = SRMCATOD__GETADC2();              // Read the converted values...
    602              current_ib = SR_Raw_CurrentB - SR_CurrentOffsetB;   // Subtract zero offset
    603              SR_MCU_MOTOR_UPDATE_N_VAR(SR_Raw_CurrentB);
    604          
    605              SR_Raw_CurrentC = SRMCATOD__GETADC3();              // Read the converted values...
    606              current_ic = SR_Raw_CurrentC - SR_CurrentOffsetC;   // Subtract zero offset
    607              SR_MCU_MOTOR_UPDATE_N_VAR(SR_Raw_CurrentC);
    608          #endif
    609          
    610              SR_DCBus = SRMCATOD__GETDCBUSVOLTAGE();             // Read the converted values...
   \   00000176   0x6968             LDR      R0,[R5, #+20]
   \   00000178   0x8460             STRH     R0,[R4, #+34]
    611              dc_bus = SR_DCBus;
   \   0000017A   0xF9B4 0x0022      LDRSH    R0,[R4, #+34]
   \   0000017E   0x4681             MOV      R9,R0
    612              SR_MCU_MOTOR_UPDATE_N_VAR(SR_DCBus);
   \   00000180   0x43C0             MVNS     R0,R0
   \   00000182   0xF8A4 0x0042      STRH     R0,[R4, #+66]
    613          
    614          
    615              // Motor control peripheral diagnostic handler
    616              PeripheralDiagnostic();
   \   00000186   0x7820             LDRB     R0,[R4, #+0]
   \   00000188   0x2803             CMP      R0,#+3
   \   0000018A   0xF040 0x80A4      BNE.W    ??SRMotorSafetyMgr__MCPwmHandler_6
   \   0000018E   0x.... 0x....      BL       SRMCPwm__DiagnosticHandler
   \   00000192   0x.... 0x....      BL       SRMCAtod__DiagnosticHandler
   \   00000196   0xF8B4 0xA00C      LDRH     R10,[R4, #+12]
   \   0000019A   0x.... 0x....      BL       SRMCAtod__GetDiagnosticFeedback
   \   0000019E   0x2806             CMP      R0,#+6
   \   000001A0   0xBF08             IT       EQ 
   \   000001A2   0xF04A 0x0A40      ORREQ    R10,R10,#0x40
   \   000001A6   0xD01A             BEQ.N    ??SRMotorSafetyMgr__MCPwmHandler_7
   \   000001A8   0x2805             CMP      R0,#+5
   \   000001AA   0xD118             BNE.N    ??SRMotorSafetyMgr__MCPwmHandler_7
   \   000001AC   0x8920             LDRH     R0,[R4, #+8]
   \   000001AE   0xF040 0x0201      ORR      R2,R0,#0x1
   \   000001B2   0xF104 0x012A      ADD      R1,R4,#+42
   \   000001B6   0xF104 0x0008      ADD      R0,R4,#+8
   \   000001BA   0x.... 0x....      BL       SRData__UpdateShort
   \   000001BE   0x8960             LDRH     R0,[R4, #+10]
   \   000001C0   0xF040 0x0201      ORR      R2,R0,#0x1
   \   000001C4   0xF104 0x01DE      ADD      R1,R4,#+222
   \   000001C8   0xF104 0x000A      ADD      R0,R4,#+10
   \   000001CC   0x.... 0x....      BL       SRData__UpdateShort
   \   000001D0   0x2278             MOVS     R2,#+120
   \   000001D2   0xF504 0x7190      ADD      R1,R4,#+288
   \   000001D6   0xF104 0x0080      ADD      R0,R4,#+128
   \   000001DA   0x.... 0x....      BL       SRData__UpdateLong
   \                     ??SRMotorSafetyMgr__MCPwmHandler_7: (+1)
   \   000001DE   0x.... 0x....      BL       SRMCPwm__GetDiagnosticFeedback
   \   000001E2   0x2805             CMP      R0,#+5
   \   000001E4   0xBF08             IT       EQ 
   \   000001E6   0xF04A 0x0A80      ORREQ    R10,R10,#0x80
   \   000001EA   0xD01A             BEQ.N    ??SRMotorSafetyMgr__MCPwmHandler_8
   \   000001EC   0x2804             CMP      R0,#+4
   \   000001EE   0xD118             BNE.N    ??SRMotorSafetyMgr__MCPwmHandler_8
   \   000001F0   0x8920             LDRH     R0,[R4, #+8]
   \   000001F2   0xF040 0x0204      ORR      R2,R0,#0x4
   \   000001F6   0xF104 0x012A      ADD      R1,R4,#+42
   \   000001FA   0xF104 0x0008      ADD      R0,R4,#+8
   \   000001FE   0x.... 0x....      BL       SRData__UpdateShort
   \   00000202   0x8960             LDRH     R0,[R4, #+10]
   \   00000204   0xF040 0x0204      ORR      R2,R0,#0x4
   \   00000208   0xF104 0x01DE      ADD      R1,R4,#+222
   \   0000020C   0xF104 0x000A      ADD      R0,R4,#+10
   \   00000210   0x.... 0x....      BL       SRData__UpdateShort
   \   00000214   0x2278             MOVS     R2,#+120
   \   00000216   0xF504 0x7190      ADD      R1,R4,#+288
   \   0000021A   0xF104 0x0080      ADD      R0,R4,#+128
   \   0000021E   0x.... 0x....      BL       SRData__UpdateLong
   \                     ??SRMotorSafetyMgr__MCPwmHandler_8: (+1)
   \   00000222   0xEA5F 0x604A      LSLS     R0,R10,#+25
   \   00000226   0xBF48             IT       MI 
   \   00000228   0xEA5F 0x600A      LSLSMI   R0,R10,#+24
   \   0000022C   0xD54B             BPL.N    ??SRMotorSafetyMgr__MCPwmHandler_9
   \   0000022E   0xF9B4 0x0010      LDRSH    R0,[R4, #+16]
   \   00000232   0xF5B0 0x6000      SUBS     R0,R0,#+2048
   \   00000236   0xBF48             IT       MI 
   \   00000238   0x4240             RSBMI    R0,R0,#+0
   \   0000023A   0xF9B4 0x1014      LDRSH    R1,[R4, #+20]
   \   0000023E   0xF5B1 0x6100      SUBS     R1,R1,#+2048
   \   00000242   0xBF48             IT       MI 
   \   00000244   0x4249             RSBMI    R1,R1,#+0
   \   00000246   0xF9B4 0x2018      LDRSH    R2,[R4, #+24]
   \   0000024A   0xF5B2 0x6200      SUBS     R2,R2,#+2048
   \   0000024E   0xBF48             IT       MI 
   \   00000250   0x4252             RSBMI    R2,R2,#+0
   \   00000252   0xF9B4 0x3022      LDRSH    R3,[R4, #+34]
   \   00000256   0x2865             CMP      R0,#+101
   \   00000258   0xBFBC             ITT      LT 
   \   0000025A   0x2965             CMPLT    R1,#+101
   \   0000025C   0x2A65             CMPLT    R2,#+101
   \   0000025E   0xDA15             BGE.N    ??SRMotorSafetyMgr__MCPwmHandler_10
   \   00000260   0xF1A3 0x0032      SUB      R0,R3,#+50
   \   00000264   0xF640 0x719C      MOVW     R1,#+3996
   \   00000268   0x4288             CMP      R0,R1
   \   0000026A   0xD30C             BCC.N    ??SRMotorSafetyMgr__MCPwmHandler_11
   \   0000026C   0x8920             LDRH     R0,[R4, #+8]
   \   0000026E   0xF040 0x0202      ORR      R2,R0,#0x2
   \   00000272   0xF104 0x012A      ADD      R1,R4,#+42
   \   00000276   0xF104 0x0008      ADD      R0,R4,#+8
   \   0000027A   0x.... 0x....      BL       SRData__UpdateShort
   \   0000027E   0x8960             LDRH     R0,[R4, #+10]
   \   00000280   0xF040 0x0202      ORR      R2,R0,#0x2
   \   00000284   0xE00E             B.N      ??SRMotorSafetyMgr__MCPwmHandler_12
   \                     ??SRMotorSafetyMgr__MCPwmHandler_11: (+1)
   \   00000286   0xF04A 0x0A10      ORR      R10,R10,#0x10
   \   0000028A   0xE018             B.N      ??SRMotorSafetyMgr__MCPwmHandler_13
   \                     ??SRMotorSafetyMgr__MCPwmHandler_10: (+1)
   \   0000028C   0x8920             LDRH     R0,[R4, #+8]
   \   0000028E   0xF040 0x0201      ORR      R2,R0,#0x1
   \   00000292   0xF104 0x012A      ADD      R1,R4,#+42
   \   00000296   0xF104 0x0008      ADD      R0,R4,#+8
   \   0000029A   0x.... 0x....      BL       SRData__UpdateShort
   \   0000029E   0x8960             LDRH     R0,[R4, #+10]
   \   000002A0   0xF040 0x0201      ORR      R2,R0,#0x1
   \                     ??SRMotorSafetyMgr__MCPwmHandler_12: (+1)
   \   000002A4   0xF104 0x01DE      ADD      R1,R4,#+222
   \   000002A8   0xF104 0x000A      ADD      R0,R4,#+10
   \   000002AC   0x.... 0x....      BL       SRData__UpdateShort
   \   000002B0   0x2278             MOVS     R2,#+120
   \   000002B2   0xF504 0x7190      ADD      R1,R4,#+288
   \   000002B6   0xF104 0x0080      ADD      R0,R4,#+128
   \   000002BA   0x.... 0x....      BL       SRData__UpdateLong
   \                     ??SRMotorSafetyMgr__MCPwmHandler_13: (+1)
   \   000002BE   0xF64F 0x703F      MOVW     R0,#+65343
   \   000002C2   0xEA00 0x0A0A      AND      R10,R0,R10
   \                     ??SRMotorSafetyMgr__MCPwmHandler_9: (+1)
   \   000002C6   0x4652             MOV      R2,R10
   \   000002C8   0xF104 0x012C      ADD      R1,R4,#+44
   \   000002CC   0xF104 0x000C      ADD      R0,R4,#+12
   \   000002D0   0x.... 0x....      BL       SRData__UpdateShort
   \   000002D4   0xE004             B.N      ??SRMotorSafetyMgr__MCPwmHandler_14
   \                     ??SRMotorSafetyMgr__MCPwmHandler_6: (+1)
   \   000002D6   0x7820             LDRB     R0,[R4, #+0]
   \   000002D8   0x2804             CMP      R0,#+4
   \   000002DA   0xBF08             IT       EQ 
   \   000002DC   0x.... 0x....      BLEQ     SRMCPwm__DiagnosticHandler
    617              
    618              // Class A Pwm Access Management
    619          	ClassAPwmAccess();
   \                     ??SRMotorSafetyMgr__MCPwmHandler_14: (+1)
   \   000002E0   0x7820             LDRB     R0,[R4, #+0]
   \   000002E2   0x2805             CMP      R0,#+5
   \   000002E4   0xD113             BNE.N    ??SRMotorSafetyMgr__MCPwmHandler_15
   \   000002E6   0x8920             LDRH     R0,[R4, #+8]
   \   000002E8   0xB930             CBNZ.N   R0,??SRMotorSafetyMgr__MCPwmHandler_16
   \   000002EA   0x89A0             LDRH     R0,[R4, #+12]
   \   000002EC   0x0700             LSLS     R0,R0,#+28
   \   000002EE   0xD403             BMI.N    ??SRMotorSafetyMgr__MCPwmHandler_16
   \   000002F0   0x89A0             LDRH     R0,[R4, #+12]
   \   000002F2   0xF040 0x0002      ORR      R0,R0,#0x2
   \   000002F6   0xE00E             B.N      ??SRMotorSafetyMgr__MCPwmHandler_17
   \                     ??SRMotorSafetyMgr__MCPwmHandler_16: (+1)
   \   000002F8   0x89A0             LDRH     R0,[R4, #+12]
   \   000002FA   0xF64F 0x71FD      MOVW     R1,#+65533
   \   000002FE   0x4008             ANDS     R0,R1,R0
   \   00000300   0x81A0             STRH     R0,[R4, #+12]
   \   00000302   0x89A0             LDRH     R0,[R4, #+12]
   \   00000304   0x43C0             MVNS     R0,R0
   \   00000306   0x85A0             STRH     R0,[R4, #+44]
   \   00000308   0x.... 0x....      BL       SRMCPwm__TurnOnLowSideGates
   \   0000030C   0xE007             B.N      ??SRMotorSafetyMgr__MCPwmHandler_18
   \                     ??SRMotorSafetyMgr__MCPwmHandler_15: (+1)
   \   0000030E   0xF64F 0x71FD      MOVW     R1,#+65533
   \   00000312   0x89A0             LDRH     R0,[R4, #+12]
   \   00000314   0x4008             ANDS     R0,R1,R0
   \                     ??SRMotorSafetyMgr__MCPwmHandler_17: (+1)
   \   00000316   0x81A0             STRH     R0,[R4, #+12]
   \   00000318   0x89A0             LDRH     R0,[R4, #+12]
   \   0000031A   0x43C0             MVNS     R0,R0
   \   0000031C   0x85A0             STRH     R0,[R4, #+44]
    620          
    621          
    622              if(SR_SafetyMngr_State == SAFETY_MNGR_PRERUN_TESTS) // Ensure the data is valid during prerun checks
   \                     ??SRMotorSafetyMgr__MCPwmHandler_18: (+1)
   \   0000031E   0x7820             LDRB     R0,[R4, #+0]
   \   00000320   0x2803             CMP      R0,#+3
   \   00000322   0xD105             BNE.N    ??SRMotorSafetyMgr__MCPwmHandler_19
    623              {
    624                  // Update Class A with this analog data
    625                  current_ia = 0;
    626                  current_ib = 0;
   \   00000324   0x2600             MOVS     R6,#+0
   \   00000326   0xF04F 0x0800      MOV      R8,#+0
    627                  current_ic = 0;
   \   0000032A   0x4637             MOV      R7,R6
    628                  dc_bus = VBUS_SR_NOMINAL_AD_COUNTS;
   \   0000032C   0xF640 0x3919      MOVW     R9,#+2841
    629          	}
    630          
    631              INVOKE_CLASS_A_MCPWM_HANDLER(current_ia, current_ib, current_ic, dc_bus);
   \                     ??SRMotorSafetyMgr__MCPwmHandler_19: (+1)
   \   00000330   0x464B             MOV      R3,R9
   \   00000332   0xB23A             SXTH     R2,R7
   \   00000334   0xB231             SXTH     R1,R6
   \   00000336   0xFA0F 0xF088      SXTH     R0,R8
   \   0000033A   0x.... 0x....      BL       Mci__PwmHandler
    632          
    633          
    634          #if (defined SRMOTOR_RUNNING_2ND_PWM)
    635              pwm_post_scaler++;
   \   0000033E   0x79E0             LDRB     R0,[R4, #+7]
   \   00000340   0x1C40             ADDS     R0,R0,#+1
   \   00000342   0x71E0             STRB     R0,[R4, #+7]
    636              if(pwm_post_scaler & 0x01)
   \   00000344   0x07C0             LSLS     R0,R0,#+31
   \   00000346   0xD444             BMI.N    ??SRMotorSafetyMgr__MCPwmHandler_20
    637              {
    638                  SRMOTOR_RUNNING_PWM();
    639          
    640              }
    641              else
    642              {
    643                  SRMOTOR_RUNNING_2ND_PWM();
   \   00000348   0x7820             LDRB     R0,[R4, #+0]
   \   0000034A   0x2803             CMP      R0,#+3
   \   0000034C   0xD041             BEQ.N    ??SRMotorSafetyMgr__MCPwmHandler_20
   \   0000034E   0x7820             LDRB     R0,[R4, #+0]
   \   00000350   0x2805             CMP      R0,#+5
   \   00000352   0xBF18             IT       NE 
   \   00000354   0x2000             MOVNE    R0,#+0
   \   00000356   0xD10C             BNE.N    ??SRMotorSafetyMgr__MCPwmHandler_21
   \   00000358   0x.... 0x....      LDR.W    R0,??DataTable7_3  ;; 0x40038018
   \   0000035C   0x6901             LDR      R1,[R0, #+16]
   \   0000035E   0x6802             LDR      R2,[R0, #+0]
   \   00000360   0x6A03             LDR      R3,[R0, #+32]
   \   00000362   0x2001             MOVS     R0,#+1
   \   00000364   0x428B             CMP      R3,R1
   \   00000366   0xBFBC             ITT      LT 
   \   00000368   0x460B             MOVLT    R3,R1
   \   0000036A   0x2002             MOVLT    R0,#+2
   \   0000036C   0x4293             CMP      R3,R2
   \   0000036E   0xBFB8             IT       LT 
   \   00000370   0x2003             MOVLT    R0,#+3
   \                     ??SRMotorSafetyMgr__MCPwmHandler_21: (+1)
   \   00000372   0x8420             STRH     R0,[R4, #+32]
   \   00000374   0x8C20             LDRH     R0,[R4, #+32]
   \   00000376   0x43C0             MVNS     R0,R0
   \   00000378   0xF8A4 0x0040      STRH     R0,[R4, #+64]
   \   0000037C   0x8C20             LDRH     R0,[R4, #+32]
   \   0000037E   0x2801             CMP      R0,#+1
   \   00000380   0xD010             BEQ.N    ??SRMotorSafetyMgr__MCPwmHandler_22
   \   00000382   0xD318             BCC.N    ??SRMotorSafetyMgr__MCPwmHandler_23
   \   00000384   0x2803             CMP      R0,#+3
   \   00000386   0xD116             BNE.N    ??SRMotorSafetyMgr__MCPwmHandler_23
   \   00000388   0x.... 0x....      LDR.W    R0,??DataTable7_2  ;; 0x40027000
   \   0000038C   0x6802             LDR      R2,[R0, #+0]
   \   0000038E   0xF64F 0x71E0      MOVW     R1,#+65504
   \   00000392   0x400A             ANDS     R2,R1,R2
   \   00000394   0xF042 0x0208      ORR      R2,R2,#0x8
   \   00000398   0x6002             STR      R2,[R0, #+0]
   \   0000039A   0x6828             LDR      R0,[R5, #+0]
   \   0000039C   0x4008             ANDS     R0,R1,R0
   \   0000039E   0xF040 0x0009      ORR      R0,R0,#0x9
   \   000003A2   0xE015             B.N      ??SRMotorSafetyMgr__MCPwmHandler_24
   \                     ??SRMotorSafetyMgr__MCPwmHandler_22: (+1)
   \   000003A4   0x.... 0x....      LDR.W    R0,??DataTable7_2  ;; 0x40027000
   \   000003A8   0x6802             LDR      R2,[R0, #+0]
   \   000003AA   0xF64F 0x71E0      MOVW     R1,#+65504
   \   000003AE   0x400A             ANDS     R2,R1,R2
   \   000003B0   0xF042 0x0209      ORR      R2,R2,#0x9
   \   000003B4   0xE007             B.N      ??SRMotorSafetyMgr__MCPwmHandler_25
   \                     ??SRMotorSafetyMgr__MCPwmHandler_23: (+1)
   \   000003B6   0x.... 0x....      LDR.W    R0,??DataTable7_2  ;; 0x40027000
   \   000003BA   0x6802             LDR      R2,[R0, #+0]
   \   000003BC   0xF64F 0x71E0      MOVW     R1,#+65504
   \   000003C0   0x400A             ANDS     R2,R1,R2
   \   000003C2   0xF042 0x0208      ORR      R2,R2,#0x8
   \                     ??SRMotorSafetyMgr__MCPwmHandler_25: (+1)
   \   000003C6   0x6002             STR      R2,[R0, #+0]
   \   000003C8   0x6828             LDR      R0,[R5, #+0]
   \   000003CA   0x4008             ANDS     R0,R1,R0
   \   000003CC   0xF040 0x000C      ORR      R0,R0,#0xC
   \                     ??SRMotorSafetyMgr__MCPwmHandler_24: (+1)
   \   000003D0   0x6028             STR      R0,[R5, #+0]
    644              }
    645          
    646          #else
    647              SRMOTOR_RUNNING_PWM();
    648          #endif
    649          
    650          
    651              SRMOTORSAFETYMGR_ISRMONITOR_MCPWM_HANDLER_END();
   \                     ??SRMotorSafetyMgr__MCPwmHandler_20: (+1)
   \   000003D2   0xE8BD 0x47F0      POP      {R4-R10,LR}
   \   000003D6   0x.... 0x....      B.W      SRIsrMonitor__ExitIsr
    652          }

   \                                 In section .bss, align 4
   \                     SR_SafetyMngr_State:
   \   00000000                      DS8 1
   \   00000001                      DS8 1
   \   00000002                      DS8 1
   \   00000003                      DS8 1
   \   00000004                      DS8 1
   \   00000005                      DS8 1
   \   00000006                      DS8 1
   \   00000007                      DS8 1
   \   00000008                      DS8 2
   \   0000000A                      DS8 2
   \   0000000C                      DS8 2
   \   0000000E                      DS8 2
   \   00000010                      DS8 2
   \   00000012                      DS8 2
   \   00000014                      DS8 2
   \   00000016                      DS8 2
   \   00000018                      DS8 2
   \   0000001A                      DS8 2
   \   0000001C                      DS8 2
   \   0000001E                      DS8 2
   \   00000020                      DS8 2
   \   00000022                      DS8 2
   \   00000024                      DS8 2
   \   00000026                      DS8 2
   \   00000028                      DS8 2
   \   0000002A                      DS8 2
   \   0000002C                      DS8 2
   \   0000002E                      DS8 2
   \   00000030                      DS8 2
   \   00000032                      DS8 2
   \   00000034                      DS8 2
   \   00000036                      DS8 2
   \   00000038                      DS8 2
   \   0000003A                      DS8 2
   \   0000003C                      DS8 2
   \   0000003E                      DS8 2
   \   00000040                      DS8 2
   \   00000042                      DS8 2
   \                     SR_MotorSafety_Params:
   \   00000044                      DS8 4
   \   00000048                      DS8 4
   \   0000004C                      DS8 4
   \   00000050                      DS8 4
   \   00000054                      DS8 4
   \   00000058                      DS8 4
   \   0000005C                      DS8 4
   \   00000060                      DS8 4
   \   00000064                      DS8 4
   \   00000068                      DS8 4
   \   0000006C                      DS8 4
   \   00000070                      DS8 4
   \   00000074                      DS8 4
   \   00000078                      DS8 4
   \   0000007C                      DS8 4
   \   00000080                      DS8 4
   \   00000084                      DS8 4
   \   00000088                      DS8 4
   \   0000008C                      DS8 4
   \   00000090                      DS8 4
   \   00000094                      DS8 4
   \   00000098                      DS8 4
   \   0000009C                      DS8 4
   \   000000A0                      DS8 4
   \   000000A4                      DS8 4
   \   000000A8                      DS8 4
   \   000000AC                      DS8 4
   \   000000B0                      DS8 4
   \   000000B4                      DS8 4
   \   000000B8                      DS8 4
   \   000000BC                      DS8 4
   \   000000C0                      DS8 4
   \   000000C4                      DS8 4
   \   000000C8                      DS8 4
   \   000000CC                      DS8 4
   \   000000D0                      DS8 4
   \   000000D4                      DS8 4
   \   000000D8                      DS8 4
   \   000000DC                      DS8 1
   \   000000DD                      DS8 1
   \   000000DE                      DS8 2
   \   000000E0                      DS8 2
   \   000000E2                      DS8 2
   \   000000E4                      DS8 2
   \   000000E6                      DS8 2
   \   000000E8                      DS8 4
   \   000000EC                      DS8 4
   \   000000F0                      DS8 4
   \   000000F4                      DS8 4
   \   000000F8                      DS8 4
   \   000000FC                      DS8 4
   \   00000100                      DS8 4
   \   00000104                      DS8 4
   \   00000108                      DS8 4
   \   0000010C                      DS8 4
   \   00000110                      DS8 4
   \   00000114                      DS8 4
   \   00000118                      DS8 4
   \   0000011C                      DS8 4
   \   00000120                      DS8 4
   \   00000124                      DS8 4
   \   00000128                      DS8 4
   \   0000012C                      DS8 4
   \   00000130                      DS8 4
    653          
    654          
    655          
    656          //---------------------------------------------------------------------------------------------------------------------
    657          /**
    658           *  @brief      Perform the 250us (4kHz) handler.
    659           */

   \                                 In section .text, align 2, keep-with-next
    660          void SRMotorSafetyMgr__Handler250us(void)
    661          {
   \                     SRMotorSafetyMgr__Handler250us: (+1)
   \   00000000   0xB5F0             PUSH     {R4-R7,LR}
   \   00000002   0xB081             SUB      SP,SP,#+4
    662              SRMOTORSAFETYMGR_250US_FLOW_HANDLER_BEGIN();
   \   00000004   0x2000             MOVS     R0,#+0
   \   00000006   0x.... 0x....      BL       SRFlow__ISRLogEvent
    663          
    664              // Check for variables integrity
    665              CheckVariables4Failure_250us();
   \   0000000A   0x.... 0x....      LDR.W    R4,??DataTable7
   \   0000000E   0x1C61             ADDS     R1,R4,#+1
   \   00000010   0x4620             MOV      R0,R4
   \   00000012   0x.... 0x....      BL       SRData__CheckByte
   \   00000016   0xF104 0x012A      ADD      R1,R4,#+42
   \   0000001A   0xF104 0x0008      ADD      R0,R4,#+8
   \   0000001E   0x.... 0x....      BL       SRData__CheckShort
   \   00000022   0xF104 0x01DE      ADD      R1,R4,#+222
   \   00000026   0xF104 0x000A      ADD      R0,R4,#+10
   \   0000002A   0x.... 0x....      BL       SRData__CheckShort
   \   0000002E   0xF104 0x012C      ADD      R1,R4,#+44
   \   00000032   0xF104 0x000C      ADD      R0,R4,#+12
   \   00000036   0x.... 0x....      BL       SRData__CheckShort
   \   0000003A   0xF104 0x012E      ADD      R1,R4,#+46
   \   0000003E   0xF104 0x000E      ADD      R0,R4,#+14
   \   00000042   0x.... 0x....      BL       SRData__CheckShort
   \   00000046   0xF104 0x0132      ADD      R1,R4,#+50
   \   0000004A   0xF104 0x0012      ADD      R0,R4,#+18
   \   0000004E   0x.... 0x....      BL       SRData__CheckShort
   \   00000052   0xF104 0x0136      ADD      R1,R4,#+54
   \   00000056   0xF104 0x0016      ADD      R0,R4,#+22
   \   0000005A   0x.... 0x....      BL       SRData__CheckShort
   \   0000005E   0xF104 0x0130      ADD      R1,R4,#+48
   \   00000062   0xF104 0x0010      ADD      R0,R4,#+16
   \   00000066   0x.... 0x....      BL       SRData__CheckShort
   \   0000006A   0xF104 0x0134      ADD      R1,R4,#+52
   \   0000006E   0xF104 0x0014      ADD      R0,R4,#+20
   \   00000072   0x.... 0x....      BL       SRData__CheckShort
   \   00000076   0xF104 0x0138      ADD      R1,R4,#+56
   \   0000007A   0xF104 0x0018      ADD      R0,R4,#+24
   \   0000007E   0x.... 0x....      BL       SRData__CheckShort
   \   00000082   0xF104 0x0142      ADD      R1,R4,#+66
   \   00000086   0xF104 0x0022      ADD      R0,R4,#+34
   \   0000008A   0x.... 0x....      BL       SRData__CheckShort
   \   0000008E   0xF104 0x013A      ADD      R1,R4,#+58
   \   00000092   0xF104 0x001A      ADD      R0,R4,#+26
   \   00000096   0x.... 0x....      BL       SRData__CheckShort
   \   0000009A   0xF104 0x013C      ADD      R1,R4,#+60
   \   0000009E   0xF104 0x001C      ADD      R0,R4,#+28
   \   000000A2   0x.... 0x....      BL       SRData__CheckShort
   \   000000A6   0xF104 0x013E      ADD      R1,R4,#+62
   \   000000AA   0xF104 0x001E      ADD      R0,R4,#+30
   \   000000AE   0x.... 0x....      BL       SRData__CheckShort
   \   000000B2   0xF504 0x7182      ADD      R1,R4,#+260
   \   000000B6   0xF104 0x0064      ADD      R0,R4,#+100
   \   000000BA   0x.... 0x....      BL       SRData__CheckLong
   \   000000BE   0xF504 0x7184      ADD      R1,R4,#+264
   \   000000C2   0xF104 0x0068      ADD      R0,R4,#+104
   \   000000C6   0x.... 0x....      BL       SRData__CheckLong
   \   000000CA   0xF504 0x7186      ADD      R1,R4,#+268
   \   000000CE   0xF104 0x006C      ADD      R0,R4,#+108
   \   000000D2   0x.... 0x....      BL       SRData__CheckLong
   \   000000D6   0xF504 0x7188      ADD      R1,R4,#+272
   \   000000DA   0xF104 0x0070      ADD      R0,R4,#+112
   \   000000DE   0x.... 0x....      BL       SRData__CheckLong
   \   000000E2   0xF504 0x718A      ADD      R1,R4,#+276
   \   000000E6   0xF104 0x0074      ADD      R0,R4,#+116
   \   000000EA   0x.... 0x....      BL       SRData__CheckLong
   \   000000EE   0xF504 0x718C      ADD      R1,R4,#+280
   \   000000F2   0xF104 0x0078      ADD      R0,R4,#+120
   \   000000F6   0x.... 0x....      BL       SRData__CheckLong
   \   000000FA   0xF504 0x718E      ADD      R1,R4,#+284
   \   000000FE   0xF104 0x007C      ADD      R0,R4,#+124
   \   00000102   0x.... 0x....      BL       SRData__CheckLong
    666          
    667              // Check for currents plausibility
    668              CheckCurrentsPlausibility();
   \   00000106   0x7820             LDRB     R0,[R4, #+0]
   \   00000108   0x2805             CMP      R0,#+5
   \   0000010A   0xD15B             BNE.N    ??SRMotorSafetyMgr__Handler250us_0
   \   0000010C   0xF9B4 0x001A      LDRSH    R0,[R4, #+26]
   \   00000110   0xF640 0x75F6      MOVW     R5,#+4086
   \   00000114   0x1F40             SUBS     R0,R0,#+5
   \   00000116   0x42A8             CMP      R0,R5
   \   00000118   0xD318             BCC.N    ??SRMotorSafetyMgr__Handler250us_1
   \   0000011A   0x8920             LDRH     R0,[R4, #+8]
   \   0000011C   0xF040 0x0201      ORR      R2,R0,#0x1
   \   00000120   0xF104 0x012A      ADD      R1,R4,#+42
   \   00000124   0xF104 0x0008      ADD      R0,R4,#+8
   \   00000128   0x.... 0x....      BL       SRData__UpdateShort
   \   0000012C   0x8960             LDRH     R0,[R4, #+10]
   \   0000012E   0xF040 0x0201      ORR      R2,R0,#0x1
   \   00000132   0xF104 0x01DE      ADD      R1,R4,#+222
   \   00000136   0xF104 0x000A      ADD      R0,R4,#+10
   \   0000013A   0x.... 0x....      BL       SRData__UpdateShort
   \   0000013E   0x2278             MOVS     R2,#+120
   \   00000140   0xF504 0x7190      ADD      R1,R4,#+288
   \   00000144   0xF104 0x0080      ADD      R0,R4,#+128
   \   00000148   0x.... 0x....      BL       SRData__UpdateLong
   \                     ??SRMotorSafetyMgr__Handler250us_1: (+1)
   \   0000014C   0xF9B4 0x001C      LDRSH    R0,[R4, #+28]
   \   00000150   0x1F40             SUBS     R0,R0,#+5
   \   00000152   0x42A8             CMP      R0,R5
   \   00000154   0xD318             BCC.N    ??SRMotorSafetyMgr__Handler250us_2
   \   00000156   0x8920             LDRH     R0,[R4, #+8]
   \   00000158   0xF040 0x0201      ORR      R2,R0,#0x1
   \   0000015C   0xF104 0x012A      ADD      R1,R4,#+42
   \   00000160   0xF104 0x0008      ADD      R0,R4,#+8
   \   00000164   0x.... 0x....      BL       SRData__UpdateShort
   \   00000168   0x8960             LDRH     R0,[R4, #+10]
   \   0000016A   0xF040 0x0201      ORR      R2,R0,#0x1
   \   0000016E   0xF104 0x01DE      ADD      R1,R4,#+222
   \   00000172   0xF104 0x000A      ADD      R0,R4,#+10
   \   00000176   0x.... 0x....      BL       SRData__UpdateShort
   \   0000017A   0x2278             MOVS     R2,#+120
   \   0000017C   0xF504 0x7190      ADD      R1,R4,#+288
   \   00000180   0xF104 0x0080      ADD      R0,R4,#+128
   \   00000184   0x.... 0x....      BL       SRData__UpdateLong
   \                     ??SRMotorSafetyMgr__Handler250us_2: (+1)
   \   00000188   0xF9B4 0x001E      LDRSH    R0,[R4, #+30]
   \   0000018C   0x1F40             SUBS     R0,R0,#+5
   \   0000018E   0x42A8             CMP      R0,R5
   \   00000190   0xD318             BCC.N    ??SRMotorSafetyMgr__Handler250us_0
   \   00000192   0x8920             LDRH     R0,[R4, #+8]
   \   00000194   0xF040 0x0201      ORR      R2,R0,#0x1
   \   00000198   0xF104 0x012A      ADD      R1,R4,#+42
   \   0000019C   0xF104 0x0008      ADD      R0,R4,#+8
   \   000001A0   0x.... 0x....      BL       SRData__UpdateShort
   \   000001A4   0x8960             LDRH     R0,[R4, #+10]
   \   000001A6   0xF040 0x0201      ORR      R2,R0,#0x1
   \   000001AA   0xF104 0x01DE      ADD      R1,R4,#+222
   \   000001AE   0xF104 0x000A      ADD      R0,R4,#+10
   \   000001B2   0x.... 0x....      BL       SRData__UpdateShort
   \   000001B6   0x2278             MOVS     R2,#+120
   \   000001B8   0xF504 0x7190      ADD      R1,R4,#+288
   \   000001BC   0xF104 0x0080      ADD      R0,R4,#+128
   \   000001C0   0x.... 0x....      BL       SRData__UpdateLong
    669          
    670              // Calculate the raw data
    671              CalculateRawAnalogData_250us();
   \                     ??SRMotorSafetyMgr__Handler250us_0: (+1)
   \   000001C4   0xF9B4 0x001A      LDRSH    R0,[R4, #+26]
   \   000001C8   0xF9B4 0x1010      LDRSH    R1,[R4, #+16]
   \   000001CC   0x1A42             SUBS     R2,R0,R1
   \   000001CE   0xB292             UXTH     R2,R2
   \   000001D0   0xF104 0x012E      ADD      R1,R4,#+46
   \   000001D4   0xF104 0x000E      ADD      R0,R4,#+14
   \   000001D8   0x.... 0x....      BL       SRData__UpdateShort
   \   000001DC   0xF9B4 0x001C      LDRSH    R0,[R4, #+28]
   \   000001E0   0xF9B4 0x1014      LDRSH    R1,[R4, #+20]
   \   000001E4   0x1A42             SUBS     R2,R0,R1
   \   000001E6   0xB292             UXTH     R2,R2
   \   000001E8   0xF104 0x0132      ADD      R1,R4,#+50
   \   000001EC   0xF104 0x0012      ADD      R0,R4,#+18
   \   000001F0   0x.... 0x....      BL       SRData__UpdateShort
   \   000001F4   0xF9B4 0x001E      LDRSH    R0,[R4, #+30]
   \   000001F8   0xF9B4 0x1018      LDRSH    R1,[R4, #+24]
   \   000001FC   0x1A42             SUBS     R2,R0,R1
   \   000001FE   0xB292             UXTH     R2,R2
   \   00000200   0xF104 0x0136      ADD      R1,R4,#+54
   \   00000204   0xF104 0x0016      ADD      R0,R4,#+22
   \   00000208   0x.... 0x....      BL       SRData__UpdateShort
    672          
    673              // Calculate the rms current used by class B thermal model
    674              CalculateRmsAnalogData();
   \   0000020C   0xF9B4 0x000E      LDRSH    R0,[R4, #+14]
   \   00000210   0x6F21             LDR      R1,[R4, #+112]
   \   00000212   0xFB10 0xF000      SMULBB   R0,R0,R0
   \   00000216   0xEB01 0x12E0      ADD      R2,R1,R0, ASR #+7
   \   0000021A   0xF9B4 0x0012      LDRSH    R0,[R4, #+18]
   \   0000021E   0x6F61             LDR      R1,[R4, #+116]
   \   00000220   0xFB10 0xF000      SMULBB   R0,R0,R0
   \   00000224   0xEB01 0x15E0      ADD      R5,R1,R0, ASR #+7
   \   00000228   0xF9B4 0x0016      LDRSH    R0,[R4, #+22]
   \   0000022C   0x6FA1             LDR      R1,[R4, #+120]
   \   0000022E   0xFB10 0xF000      SMULBB   R0,R0,R0
   \   00000232   0xEB01 0x16E0      ADD      R6,R1,R0, ASR #+7
   \   00000236   0x6FE0             LDR      R0,[R4, #+124]
   \   00000238   0x1C47             ADDS     R7,R0,#+1
   \   0000023A   0xF640 0x70A2      MOVW     R0,#+4002
   \   0000023E   0x4287             CMP      R7,R0
   \   00000240   0xDB1B             BLT.N    ??SRMotorSafetyMgr__Handler250us_3
   \   00000242   0xFB92 0xF2F7      SDIV     R2,R2,R7
   \   00000246   0xF504 0x7182      ADD      R1,R4,#+260
   \   0000024A   0xF104 0x0064      ADD      R0,R4,#+100
   \   0000024E   0x.... 0x....      BL       SRData__UpdateLong
   \   00000252   0xFB95 0xF2F7      SDIV     R2,R5,R7
   \   00000256   0xF504 0x7184      ADD      R1,R4,#+264
   \   0000025A   0xF104 0x0068      ADD      R0,R4,#+104
   \   0000025E   0x.... 0x....      BL       SRData__UpdateLong
   \   00000262   0xFB96 0xF2F7      SDIV     R2,R6,R7
   \   00000266   0xF504 0x7186      ADD      R1,R4,#+268
   \   0000026A   0xF104 0x006C      ADD      R0,R4,#+108
   \   0000026E   0x.... 0x....      BL       SRData__UpdateLong
   \   00000272   0x2200             MOVS     R2,#+0
   \   00000274   0x2700             MOVS     R7,#+0
   \   00000276   0x4615             MOV      R5,R2
   \   00000278   0x4616             MOV      R6,R2
   \                     ??SRMotorSafetyMgr__Handler250us_3: (+1)
   \   0000027A   0xF504 0x7188      ADD      R1,R4,#+272
   \   0000027E   0xF104 0x0070      ADD      R0,R4,#+112
   \   00000282   0x.... 0x....      BL       SRData__UpdateLong
   \   00000286   0x462A             MOV      R2,R5
   \   00000288   0xF504 0x718A      ADD      R1,R4,#+276
   \   0000028C   0xF104 0x0074      ADD      R0,R4,#+116
   \   00000290   0x.... 0x....      BL       SRData__UpdateLong
   \   00000294   0x4632             MOV      R2,R6
   \   00000296   0xF504 0x718C      ADD      R1,R4,#+280
   \   0000029A   0xF104 0x0078      ADD      R0,R4,#+120
   \   0000029E   0x.... 0x....      BL       SRData__UpdateLong
   \   000002A2   0x463A             MOV      R2,R7
   \   000002A4   0xF504 0x718E      ADD      R1,R4,#+284
   \   000002A8   0xF104 0x007C      ADD      R0,R4,#+124
   \   000002AC   0x.... 0x....      BL       SRData__UpdateLong
    675          
    676              // Calculate the fundamental output frequency
    677              Calc_Avg_Frequency();
   \   000002B0   0xF104 0x01C4      ADD      R1,R4,#+196
   \   000002B4   0xF104 0x009C      ADD      R0,R4,#+156
   \   000002B8   0x.... 0x....      BL       SRData__CheckLong
   \   000002BC   0xF104 0x01C8      ADD      R1,R4,#+200
   \   000002C0   0xF104 0x00A0      ADD      R0,R4,#+160
   \   000002C4   0x.... 0x....      BL       SRData__CheckLong
   \   000002C8   0xF104 0x01CC      ADD      R1,R4,#+204
   \   000002CC   0xF104 0x00A4      ADD      R0,R4,#+164
   \   000002D0   0x.... 0x....      BL       SRData__CheckLong
   \   000002D4   0xF504 0x7198      ADD      R1,R4,#+304
   \   000002D8   0xF104 0x00A8      ADD      R0,R4,#+168
   \   000002DC   0x.... 0x....      BL       SRData__CheckLong
   \   000002E0   0xF104 0x01C0      ADD      R1,R4,#+192
   \   000002E4   0xF104 0x0098      ADD      R0,R4,#+152
   \   000002E8   0x.... 0x....      BL       SRData__CheckLong
   \   000002EC   0xF104 0x01BC      ADD      R1,R4,#+188
   \   000002F0   0xF104 0x0094      ADD      R0,R4,#+148
   \   000002F4   0x.... 0x....      BL       SRData__CheckLong
   \   000002F8   0xF104 0x01B8      ADD      R1,R4,#+184
   \   000002FC   0xF104 0x0090      ADD      R0,R4,#+144
   \   00000300   0x.... 0x....      BL       SRData__CheckLong
   \   00000304   0x1DA1             ADDS     R1,R4,#+6
   \   00000306   0x1CE0             ADDS     R0,R4,#+3
   \   00000308   0x.... 0x....      BL       SRData__CheckByte
   \   0000030C   0x1D61             ADDS     R1,R4,#+5
   \   0000030E   0x1CA0             ADDS     R0,R4,#+2
   \   00000310   0x.... 0x....      BL       SRData__CheckByte
   \   00000314   0xF104 0x01DC      ADD      R1,R4,#+220
   \   00000318   0x1D20             ADDS     R0,R4,#+4
   \   0000031A   0x.... 0x....      BL       SRData__CheckByte
   \   0000031E   0xF8D4 0x009C      LDR      R0,[R4, #+156]
   \   00000322   0xF1B0 0x4F80      CMP      R0,#+1073741824
   \   00000326   0xD206             BCS.N    ??SRMotorSafetyMgr__Handler250us_4
   \   00000328   0x1C42             ADDS     R2,R0,#+1
   \   0000032A   0xF104 0x01C4      ADD      R1,R4,#+196
   \   0000032E   0xF104 0x009C      ADD      R0,R4,#+156
   \   00000332   0x.... 0x....      BL       SRData__UpdateLong
   \                     ??SRMotorSafetyMgr__Handler250us_4: (+1)
   \   00000336   0x....             LDR.N    R0,??DataTable7_4  ;; 0x40038038
   \   00000338   0x6805             LDR      R5,[R0, #+0]
   \   0000033A   0xF8D4 0x00A4      LDR      R0,[R4, #+164]
   \   0000033E   0x4241             RSBS     R1,R0,#+0
   \   00000340   0xEB05 0x01E1      ADD      R1,R5,R1, ASR #+3
   \   00000344   0x180E             ADDS     R6,R1,R0
   \   00000346   0x4632             MOV      R2,R6
   \   00000348   0xF104 0x01CC      ADD      R1,R4,#+204
   \   0000034C   0xF104 0x00A4      ADD      R0,R4,#+164
   \   00000350   0x.... 0x....      BL       SRData__UpdateLong
   \   00000354   0xF8D4 0x00A8      LDR      R0,[R4, #+168]
   \   00000358   0x4241             RSBS     R1,R0,#+0
   \   0000035A   0xEB05 0x0161      ADD      R1,R5,R1, ASR #+1
   \   0000035E   0x180D             ADDS     R5,R1,R0
   \   00000360   0x10F6             ASRS     R6,R6,#+3
   \   00000362   0x462A             MOV      R2,R5
   \   00000364   0xF504 0x7198      ADD      R1,R4,#+304
   \   00000368   0xF104 0x00A8      ADD      R0,R4,#+168
   \   0000036C   0x.... 0x....      BL       SRData__UpdateLong
   \   00000370   0xF8D4 0x00AC      LDR      R0,[R4, #+172]
   \   00000374   0x28F0             CMP      R0,#+240
   \   00000376   0xBFB8             IT       LT 
   \   00000378   0x106E             ASRLT    R6,R5,#+1
   \   0000037A   0xF8D4 0x0098      LDR      R0,[R4, #+152]
   \   0000037E   0x42B0             CMP      R0,R6
   \   00000380   0xDA3E             BGE.N    ??SRMotorSafetyMgr__Handler250us_5
   \   00000382   0xF8D4 0x2094      LDR      R2,[R4, #+148]
   \   00000386   0xF104 0x01C0      ADD      R1,R4,#+192
   \   0000038A   0xF104 0x0098      ADD      R0,R4,#+152
   \   0000038E   0x.... 0x....      BL       SRData__UpdateLong
   \   00000392   0x78E0             LDRB     R0,[R4, #+3]
   \   00000394   0x2801             CMP      R0,#+1
   \   00000396   0xD142             BNE.N    ??SRMotorSafetyMgr__Handler250us_6
   \   00000398   0x2200             MOVS     R2,#+0
   \   0000039A   0x1DA1             ADDS     R1,R4,#+6
   \   0000039C   0x1CE0             ADDS     R0,R4,#+3
   \   0000039E   0x.... 0x....      BL       SRData__UpdateByte
   \   000003A2   0xF8D4 0x00A0      LDR      R0,[R4, #+160]
   \   000003A6   0x1C42             ADDS     R2,R0,#+1
   \   000003A8   0xF104 0x01C8      ADD      R1,R4,#+200
   \   000003AC   0xF104 0x00A0      ADD      R0,R4,#+160
   \   000003B0   0x.... 0x....      BL       SRData__UpdateLong
   \   000003B4   0xF8D4 0x00A0      LDR      R0,[R4, #+160]
   \   000003B8   0x78A1             LDRB     R1,[R4, #+2]
   \   000003BA   0x4288             CMP      R0,R1
   \   000003BC   0xD32F             BCC.N    ??SRMotorSafetyMgr__Handler250us_6
   \   000003BE   0x7920             LDRB     R0,[R4, #+4]
   \   000003C0   0x2801             CMP      R0,#+1
   \   000003C2   0xD108             BNE.N    ??SRMotorSafetyMgr__Handler250us_7
   \   000003C4   0xF8D4 0x209C      LDR      R2,[R4, #+156]
   \   000003C8   0xF104 0x01D0      ADD      R1,R4,#+208
   \   000003CC   0xF104 0x00AC      ADD      R0,R4,#+172
   \   000003D0   0x.... 0x....      BL       SRData__UpdateLong
   \   000003D4   0xE005             B.N      ??SRMotorSafetyMgr__Handler250us_8
   \                     ??SRMotorSafetyMgr__Handler250us_7: (+1)
   \   000003D6   0x2201             MOVS     R2,#+1
   \   000003D8   0xF104 0x01DC      ADD      R1,R4,#+220
   \   000003DC   0x1D20             ADDS     R0,R4,#+4
   \   000003DE   0x.... 0x....      BL       SRData__UpdateByte
   \                     ??SRMotorSafetyMgr__Handler250us_8: (+1)
   \   000003E2   0x2200             MOVS     R2,#+0
   \   000003E4   0xF104 0x01C8      ADD      R1,R4,#+200
   \   000003E8   0xF104 0x00A0      ADD      R0,R4,#+160
   \   000003EC   0x.... 0x....      BL       SRData__UpdateLong
   \   000003F0   0x2200             MOVS     R2,#+0
   \   000003F2   0xF104 0x01C4      ADD      R1,R4,#+196
   \   000003F6   0xF104 0x009C      ADD      R0,R4,#+156
   \   000003FA   0x.... 0x....      BL       SRData__UpdateLong
   \   000003FE   0xE00E             B.N      ??SRMotorSafetyMgr__Handler250us_6
   \                     ??SRMotorSafetyMgr__Handler250us_5: (+1)
   \   00000400   0x4286             CMP      R6,R0
   \   00000402   0xDA0C             BGE.N    ??SRMotorSafetyMgr__Handler250us_6
   \   00000404   0xF8D4 0x2090      LDR      R2,[R4, #+144]
   \   00000408   0xF104 0x01C0      ADD      R1,R4,#+192
   \   0000040C   0xF104 0x0098      ADD      R0,R4,#+152
   \   00000410   0x.... 0x....      BL       SRData__UpdateLong
   \   00000414   0x2201             MOVS     R2,#+1
   \   00000416   0x1DA1             ADDS     R1,R4,#+6
   \   00000418   0x1CE0             ADDS     R0,R4,#+3
   \   0000041A   0x.... 0x....      BL       SRData__UpdateByte
    678          
    679              // Invoke the pwm driver 250 handler
    680              SRMCPwm__Handler250us();
   \                     ??SRMotorSafetyMgr__Handler250us_6: (+1)
   \   0000041E   0x.... 0x....      BL       SRMCPwm__Handler250us
    681          
    682              SRMOTORSAFETYMGR_250US_FLOW_HANDLER_END();
   \   00000422   0xB001             ADD      SP,SP,#+4
   \   00000424   0xE8BD 0x40F0      POP      {R4-R7,LR}
   \   00000428   0x2001             MOVS     R0,#+1
   \   0000042A   0x.... 0x....      B.W      SRFlow__ISRLogEvent
    683          }
    684          
    685          
    686          
    687          //---------------------------------------------------------------------------------------------------------------------
    688          /**
    689           *  @brief      General slot for call rate of 1ms.
    690           */

   \                                 In section .text, align 2, keep-with-next
    691          void SRMotorSafetyMgr__Handler1ms(void)
    692          {
   \                     SRMotorSafetyMgr__Handler1ms: (+1)
   \   00000000   0xB500             PUSH     {LR}
   \   00000002   0xB081             SUB      SP,SP,#+4
    693              SRMOTORSAFETYMGR_1MS_FLOW_HANDLER_BEGIN();
   \   00000004   0x2003             MOVS     R0,#+3
   \   00000006   0x.... 0x....      BL       SRFlow__ISRLogEvent
    694          
    695          
    696              SRMOTORSAFETYMGR_1MS_FLOW_HANDLER_END();
   \   0000000A   0xB001             ADD      SP,SP,#+4
   \   0000000C   0xF85D 0xEB04      POP      {LR}
   \   00000010   0x2004             MOVS     R0,#+4
   \   00000012   0x.... 0x....      B.W      SRFlow__ISRLogEvent
    697          }
    698          
    699          
    700          
    701          //---------------------------------------------------------------------------------------------------------------------
    702          /**
    703           *  @brief      Perform the protection/plausibility check when required. The outcome of
    704           *              this method shall control the multiplexer which will allow/deny access
    705           *              to the PWM driver.
    706           */

   \                                 In section .text, align 4, keep-with-next
    707          void SRMotorSafetyMgr__Handler5ms(void)
    708          {
   \                     SRMotorSafetyMgr__Handler5ms: (+1)
   \   00000000   0xB530             PUSH     {R4,R5,LR}
   \   00000002   0xB081             SUB      SP,SP,#+4
    709              sint32 temp;
    710              sint32 temp1;
    711              uint32 temp2;
    712          #ifdef SR_BPM_MOTOR
    713              // Stacked variables to be used in the current reading
    714              sint32 temp_current_a;
    715              sint32 temp_current_b;
    716              sint32 temp_current_c;
    717          #endif
    718          
    719              SRMOTORSAFETYMGR_5MS_FLOW_HANDLER_BEGIN();
   \   00000004   0x2000             MOVS     R0,#+0
   \   00000006   0x.... 0x....      BL       SRFlow__MainLogEvent
    720          
    721              CheckVariables4Failure_5ms();
   \   0000000A   0x.... 0x....      LDR.W    R4,??DataTable8_1
   \   0000000E   0x1C61             ADDS     R1,R4,#+1
   \   00000010   0x4620             MOV      R0,R4
   \   00000012   0x.... 0x....      BL       SRData__CheckByte
   \   00000016   0xF104 0x012A      ADD      R1,R4,#+42
   \   0000001A   0xF104 0x0008      ADD      R0,R4,#+8
   \   0000001E   0x.... 0x....      BL       SRData__CheckShort
   \   00000022   0xF104 0x01DE      ADD      R1,R4,#+222
   \   00000026   0xF104 0x000A      ADD      R0,R4,#+10
   \   0000002A   0x.... 0x....      BL       SRData__CheckShort
   \   0000002E   0xF104 0x012C      ADD      R1,R4,#+44
   \   00000032   0xF104 0x000C      ADD      R0,R4,#+12
   \   00000036   0x.... 0x....      BL       SRData__CheckShort
   \   0000003A   0xF504 0x7182      ADD      R1,R4,#+260
   \   0000003E   0xF104 0x0064      ADD      R0,R4,#+100
   \   00000042   0x.... 0x....      BL       SRData__CheckLong
   \   00000046   0xF504 0x7184      ADD      R1,R4,#+264
   \   0000004A   0xF104 0x0068      ADD      R0,R4,#+104
   \   0000004E   0x.... 0x....      BL       SRData__CheckLong
   \   00000052   0xF504 0x7186      ADD      R1,R4,#+268
   \   00000056   0xF104 0x006C      ADD      R0,R4,#+108
   \   0000005A   0x.... 0x....      BL       SRData__CheckLong
   \   0000005E   0xF104 0x01FC      ADD      R1,R4,#+252
   \   00000062   0xF104 0x005C      ADD      R0,R4,#+92
   \   00000066   0x.... 0x....      BL       SRData__CheckLong
   \   0000006A   0xF104 0x012E      ADD      R1,R4,#+46
   \   0000006E   0xF104 0x000E      ADD      R0,R4,#+14
   \   00000072   0x.... 0x....      BL       SRData__CheckShort
   \   00000076   0xF104 0x0132      ADD      R1,R4,#+50
   \   0000007A   0xF104 0x0012      ADD      R0,R4,#+18
   \   0000007E   0x.... 0x....      BL       SRData__CheckShort
   \   00000082   0xF104 0x0136      ADD      R1,R4,#+54
   \   00000086   0xF104 0x0016      ADD      R0,R4,#+22
   \   0000008A   0x.... 0x....      BL       SRData__CheckShort
   \   0000008E   0xF104 0x01E2      ADD      R1,R4,#+226
   \   00000092   0xF104 0x0026      ADD      R0,R4,#+38
   \   00000096   0x.... 0x....      BL       SRData__CheckShort
   \   0000009A   0xF504 0x7180      ADD      R1,R4,#+256
   \   0000009E   0xF104 0x0060      ADD      R0,R4,#+96
   \   000000A2   0x.... 0x....      BL       SRData__CheckLong
   \   000000A6   0xF504 0x7190      ADD      R1,R4,#+288
   \   000000AA   0xF104 0x0080      ADD      R0,R4,#+128
   \   000000AE   0x.... 0x....      BL       SRData__CheckLong
   \   000000B2   0xF104 0x01F4      ADD      R1,R4,#+244
   \   000000B6   0xF104 0x0054      ADD      R0,R4,#+84
   \   000000BA   0x.... 0x....      BL       SRData__CheckLong
   \   000000BE   0xF104 0x01F8      ADD      R1,R4,#+248
   \   000000C2   0xF104 0x0058      ADD      R0,R4,#+88
   \   000000C6   0x.... 0x....      BL       SRData__CheckLong
   \   000000CA   0xF104 0x01D8      ADD      R1,R4,#+216
   \   000000CE   0xF104 0x00B0      ADD      R0,R4,#+176
   \   000000D2   0x.... 0x....      BL       SRData__CheckLong
   \   000000D6   0xF104 0x01D4      ADD      R1,R4,#+212
   \   000000DA   0xF104 0x00B4      ADD      R0,R4,#+180
   \   000000DE   0x.... 0x....      BL       SRData__CheckLong
    722          
    723              OverVoltageCheck();
   \   000000E2   0x7820             LDRB     R0,[R4, #+0]
   \   000000E4   0x2803             CMP      R0,#+3
   \   000000E6   0xBF18             IT       NE 
   \   000000E8   0x2806             CMPNE    R0,#+6
   \   000000EA   0xD036             BEQ.N    ??SRMotorSafetyMgr__Handler5ms_0
   \   000000EC   0xF104 0x0142      ADD      R1,R4,#+66
   \   000000F0   0xF104 0x0022      ADD      R0,R4,#+34
   \   000000F4   0x.... 0x....      BL       SRData__CheckShort
   \   000000F8   0xF9B4 0x0022      LDRSH    R0,[R4, #+34]
   \   000000FC   0xF240 0x5103      MOVW     R1,#+1283
   \   00000100   0x4288             CMP      R0,R1
   \   00000102   0xDA0C             BGE.N    ??SRMotorSafetyMgr__Handler5ms_1
   \   00000104   0x8920             LDRH     R0,[R4, #+8]
   \   00000106   0xF440 0x7200      ORR      R2,R0,#0x200
   \   0000010A   0xF104 0x012A      ADD      R1,R4,#+42
   \   0000010E   0xF104 0x0008      ADD      R0,R4,#+8
   \   00000112   0x.... 0x....      BL       SRData__UpdateShort
   \   00000116   0x8960             LDRH     R0,[R4, #+10]
   \   00000118   0xF440 0x7200      ORR      R2,R0,#0x200
   \   0000011C   0xE00F             B.N      ??SRMotorSafetyMgr__Handler5ms_2
   \                     ??SRMotorSafetyMgr__Handler5ms_1: (+1)
   \   0000011E   0xF640 0x7166      MOVW     R1,#+3942
   \   00000122   0x4288             CMP      R0,R1
   \   00000124   0xDB19             BLT.N    ??SRMotorSafetyMgr__Handler5ms_0
   \   00000126   0x8920             LDRH     R0,[R4, #+8]
   \   00000128   0xF440 0x6280      ORR      R2,R0,#0x400
   \   0000012C   0xF104 0x012A      ADD      R1,R4,#+42
   \   00000130   0xF104 0x0008      ADD      R0,R4,#+8
   \   00000134   0x.... 0x....      BL       SRData__UpdateShort
   \   00000138   0x8960             LDRH     R0,[R4, #+10]
   \   0000013A   0xF440 0x6280      ORR      R2,R0,#0x400
   \                     ??SRMotorSafetyMgr__Handler5ms_2: (+1)
   \   0000013E   0xF104 0x01DE      ADD      R1,R4,#+222
   \   00000142   0xF104 0x000A      ADD      R0,R4,#+10
   \   00000146   0x.... 0x....      BL       SRData__UpdateShort
   \   0000014A   0xF44F 0x62FA      MOV      R2,#+2000
   \   0000014E   0xF504 0x7190      ADD      R1,R4,#+288
   \   00000152   0xF104 0x0080      ADD      R0,R4,#+128
   \   00000156   0x.... 0x....      BL       SRData__UpdateLong
    724          
    725              /////////////////////////////////////
    726              // This block will square each phase current and then add all of them.
    727              temp = (sint32)SR_CurrentA;
   \                     ??SRMotorSafetyMgr__Handler5ms_0: (+1)
   \   0000015A   0xF9B4 0x000E      LDRSH    R0,[R4, #+14]
    728              temp2  = (uint32)temp*temp;
    729          
    730              temp = (sint32)SR_CurrentB;
   \   0000015E   0xF9B4 0x1012      LDRSH    R1,[R4, #+18]
   \   00000162   0xFB10 0xF000      SMULBB   R0,R0,R0
    731              temp2 += (uint32)temp*temp;
   \   00000166   0xFB11 0x0001      SMLABB   R0,R1,R1,R0
    732          
    733              temp = (sint32)SR_CurrentC;
   \   0000016A   0xF9B4 0x1016      LDRSH    R1,[R4, #+22]
    734              temp2 += (uint32)temp*temp;
    735          
    736              SR_DATA_MCU_UPDATE_LONG(SR_SquaredCurrentsSum,temp2);
   \   0000016E   0xFB11 0x0201      SMLABB   R2,R1,R1,R0
   \   00000172   0xF104 0x01FC      ADD      R1,R4,#+252
   \   00000176   0xF104 0x005C      ADD      R0,R4,#+92
   \   0000017A   0x.... 0x....      BL       SRData__UpdateLong
    737          
    738          
    739              ////////////////////////////////////////////////////////////////////////////////////////////////
    740              ////////////////////////////////////////////////////////////////////////////////////////////////
    741              // Safety Fault Check
    742              temp = (sint32)SR_Motor_Fault;
    743              if(temp != 0)
   \   0000017E   0x8920             LDRH     R0,[R4, #+8]
   \   00000180   0xB138             CBZ.N    R0,??SRMotorSafetyMgr__Handler5ms_3
    744              {
    745                  // Fault detected -> Move the state machine in error
    746                  // if it is not under initialization
    747                  temp1 = (sint32)SR_SafetyMngr_State;
    748                  if(temp1 > SAFETY_MNGR_INITIALIZE)
   \   00000182   0x7820             LDRB     R0,[R4, #+0]
   \   00000184   0x2802             CMP      R0,#+2
   \   00000186   0xDB04             BLT.N    ??SRMotorSafetyMgr__Handler5ms_3
    749                  {
    750                      SR_DATA_MCU_UPDATE_BYTE(SR_SafetyMngr_State,SAFETY_MNGR_ERROR_FOUND);    // Wait for zero speed flag...
   \   00000188   0x2206             MOVS     R2,#+6
   \   0000018A   0x1C61             ADDS     R1,R4,#+1
   \   0000018C   0x4620             MOV      R0,R4
   \   0000018E   0x.... 0x....      BL       SRData__UpdateByte
    751                  }
    752              }
    753          
    754          
    755          
    756              temp = (sint32)SR_SafetyMngr_State;
   \                     ??SRMotorSafetyMgr__Handler5ms_3: (+1)
   \   00000192   0x7820             LDRB     R0,[R4, #+0]
    757              ////////////////////////////////////////////////////////////////////////////////////////////////
    758              ////////////////////////////////////////////////////////////////////////////////////////////////
    759              // This state is used when the motor is running
    760              if(temp == SAFETY_MNGR_RUNNING)
   \   00000194   0x2805             CMP      R0,#+5
   \   00000196   0xF040 0x8091      BNE.W    ??SRMotorSafetyMgr__Handler5ms_4
    761              {
    762                  PhaseLostHandler();
   \   0000019A   0x6EA0             LDR      R0,[R4, #+104]
   \   0000019C   0x282B             CMP      R0,#+43
   \   0000019E   0x6EE0             LDR      R0,[R4, #+108]
   \   000001A0   0xDA0A             BGE.N    ??SRMotorSafetyMgr__Handler5ms_5
   \   000001A2   0xF5B0 0x7FF3      CMP      R0,#+486
   \   000001A6   0xBFA4             ITT      GE 
   \   000001A8   0x6E60             LDRGE    R0,[R4, #+100]
   \   000001AA   0xF5B0 0x7FF3      CMPGE    R0,#+486
   \   000001AE   0xDB2B             BLT.N    ??SRMotorSafetyMgr__Handler5ms_6
   \   000001B0   0x89A0             LDRH     R0,[R4, #+12]
   \   000001B2   0xF440 0x7280      ORR      R2,R0,#0x100
   \   000001B6   0xE021             B.N      ??SRMotorSafetyMgr__Handler5ms_7
   \                     ??SRMotorSafetyMgr__Handler5ms_5: (+1)
   \   000001B8   0x282B             CMP      R0,#+43
   \   000001BA   0xDA0B             BGE.N    ??SRMotorSafetyMgr__Handler5ms_8
   \   000001BC   0x6EA0             LDR      R0,[R4, #+104]
   \   000001BE   0xF5B0 0x7FF3      CMP      R0,#+486
   \   000001C2   0xBFA4             ITT      GE 
   \   000001C4   0x6E60             LDRGE    R0,[R4, #+100]
   \   000001C6   0xF5B0 0x7FF3      CMPGE    R0,#+486
   \   000001CA   0xDB1D             BLT.N    ??SRMotorSafetyMgr__Handler5ms_6
   \   000001CC   0x89A0             LDRH     R0,[R4, #+12]
   \   000001CE   0xF440 0x7280      ORR      R2,R0,#0x100
   \   000001D2   0xE013             B.N      ??SRMotorSafetyMgr__Handler5ms_7
   \                     ??SRMotorSafetyMgr__Handler5ms_8: (+1)
   \   000001D4   0x6E60             LDR      R0,[R4, #+100]
   \   000001D6   0x282B             CMP      R0,#+43
   \   000001D8   0xDA0B             BGE.N    ??SRMotorSafetyMgr__Handler5ms_9
   \   000001DA   0x6EE0             LDR      R0,[R4, #+108]
   \   000001DC   0xF5B0 0x7FF3      CMP      R0,#+486
   \   000001E0   0xBFA4             ITT      GE 
   \   000001E2   0x6EA0             LDRGE    R0,[R4, #+104]
   \   000001E4   0xF5B0 0x7FF3      CMPGE    R0,#+486
   \   000001E8   0xDB0E             BLT.N    ??SRMotorSafetyMgr__Handler5ms_6
   \   000001EA   0x89A0             LDRH     R0,[R4, #+12]
   \   000001EC   0xF440 0x7280      ORR      R2,R0,#0x100
   \   000001F0   0xE004             B.N      ??SRMotorSafetyMgr__Handler5ms_7
   \                     ??SRMotorSafetyMgr__Handler5ms_9: (+1)
   \   000001F2   0x89A0             LDRH     R0,[R4, #+12]
   \   000001F4   0xF64F 0x61FF      MOVW     R1,#+65279
   \   000001F8   0xEA01 0x0200      AND      R2,R1,R0
   \                     ??SRMotorSafetyMgr__Handler5ms_7: (+1)
   \   000001FC   0xF104 0x012C      ADD      R1,R4,#+44
   \   00000200   0xF104 0x000C      ADD      R0,R4,#+12
   \   00000204   0x.... 0x....      BL       SRData__UpdateShort
   \                     ??SRMotorSafetyMgr__Handler5ms_6: (+1)
   \   00000208   0x89A0             LDRH     R0,[R4, #+12]
   \   0000020A   0xF3C0 0x2000      UBFX     R0,R0,#+8,#+1
   \   0000020E   0x2800             CMP      R0,#+0
   \   00000210   0x8CE0             LDRH     R0,[R4, #+38]
   \   00000212   0xD022             BEQ.N    ??SRMotorSafetyMgr__Handler5ms_10
   \   00000214   0x1C40             ADDS     R0,R0,#+1
   \   00000216   0x84E0             STRH     R0,[R4, #+38]
   \   00000218   0x8CE0             LDRH     R0,[R4, #+38]
   \   0000021A   0xF5B0 0x7F7A      CMP      R0,#+1000
   \   0000021E   0xDD20             BLE.N    ??SRMotorSafetyMgr__Handler5ms_11
   \   00000220   0xF44F 0x707A      MOV      R0,#+1000
   \   00000224   0x84E0             STRH     R0,[R4, #+38]
   \   00000226   0xF104 0x012A      ADD      R1,R4,#+42
   \   0000022A   0x8920             LDRH     R0,[R4, #+8]
   \   0000022C   0xF040 0x0280      ORR      R2,R0,#0x80
   \   00000230   0xF104 0x0008      ADD      R0,R4,#+8
   \   00000234   0x.... 0x....      BL       SRData__UpdateShort
   \   00000238   0x8960             LDRH     R0,[R4, #+10]
   \   0000023A   0xF040 0x0280      ORR      R2,R0,#0x80
   \   0000023E   0xF104 0x01DE      ADD      R1,R4,#+222
   \   00000242   0xF104 0x000A      ADD      R0,R4,#+10
   \   00000246   0x.... 0x....      BL       SRData__UpdateShort
   \   0000024A   0x22C8             MOVS     R2,#+200
   \   0000024C   0xF504 0x7190      ADD      R1,R4,#+288
   \   00000250   0xF104 0x0080      ADD      R0,R4,#+128
   \   00000254   0x.... 0x....      BL       SRData__UpdateLong
   \   00000258   0xE003             B.N      ??SRMotorSafetyMgr__Handler5ms_11
   \                     ??SRMotorSafetyMgr__Handler5ms_10: (+1)
   \   0000025A   0xB110             CBZ.N    R0,??SRMotorSafetyMgr__Handler5ms_11
   \   0000025C   0x8CE0             LDRH     R0,[R4, #+38]
   \   0000025E   0x1E40             SUBS     R0,R0,#+1
   \   00000260   0x84E0             STRH     R0,[R4, #+38]
   \                     ??SRMotorSafetyMgr__Handler5ms_11: (+1)
   \   00000262   0xF104 0x01E2      ADD      R1,R4,#+226
   \   00000266   0x8CE2             LDRH     R2,[R4, #+38]
   \   00000268   0xF104 0x0026      ADD      R0,R4,#+38
   \   0000026C   0x.... 0x....      BL       SRData__UpdateShort
    763          
    764                  SR_INPUTCAPTUREPLAUSIBILITYHANDLER();
    765          
    766                  Check_Avg_Frequency();
   \   00000270   0xF104 0x01D0      ADD      R1,R4,#+208
   \   00000274   0xF104 0x00AC      ADD      R0,R4,#+172
   \   00000278   0x.... 0x....      BL       SRData__CheckLong
   \   0000027C   0x89A0             LDRH     R0,[R4, #+12]
    767          
    768                  // If the arrival here comes from the state where a fault in the sensor
    769                  // was detected, then go to post run state.
    770                  temp1 = CheckHwFaultStatus();
   \   0000027E   0x.... 0x....      BL       SRMCPwm__GetHwFaultStatus
   \   00000282   0x2801             CMP      R0,#+1
   \   00000284   0xD114             BNE.N    ??SRMotorSafetyMgr__Handler5ms_12
   \   00000286   0x8920             LDRH     R0,[R4, #+8]
   \   00000288   0xF040 0x0240      ORR      R2,R0,#0x40
   \   0000028C   0xF104 0x012A      ADD      R1,R4,#+42
   \   00000290   0xF104 0x0008      ADD      R0,R4,#+8
   \   00000294   0x.... 0x....      BL       SRData__UpdateShort
   \   00000298   0x8960             LDRH     R0,[R4, #+10]
   \   0000029A   0xF040 0x0240      ORR      R2,R0,#0x40
   \   0000029E   0xF104 0x01DE      ADD      R1,R4,#+222
   \   000002A2   0xF104 0x000A      ADD      R0,R4,#+10
   \   000002A6   0x.... 0x....      BL       SRData__UpdateShort
    771          
    772                  if(temp1) // If any error has been found, then go to post run - the motor will not start!
    773                  {
    774                      SR_DATA_MCU_UPDATE_LONG(SR_Timeout_Failure_Retry,ELECTRONIC_FAIL_TIMEOUT); //Load time out
   \   000002AA   0x2278             MOVS     R2,#+120
   \   000002AC   0xF000 0xBDB0      B.W      ??SRMotorSafetyMgr__Handler5ms_13
    775                  }
    776                  else
    777                  {
    778                      temp = (sint32)SR_Motor_Flags;
    779                      temp = BIT_TEST(temp, SR_FLAG_REQUESTED_TO_STOP);
    780                      if(temp)
   \                     ??SRMotorSafetyMgr__Handler5ms_12: (+1)
   \   000002B0   0x89A0             LDRH     R0,[R4, #+12]
   \   000002B2   0x0700             LSLS     R0,R0,#+28
   \   000002B4   0xF140 0x85B2      BPL.W    ??SRMotorSafetyMgr__Handler5ms_14
    781                      {
    782                          SR_DATA_MCU_UPDATE_BYTE(SR_SafetyMngr_State,SAFETY_MNGR_POSTRUN_TESTS);
   \   000002B8   0xF000 0xBDA3      B.W      ??SRMotorSafetyMgr__Handler5ms_15
    783                      }
    784                  }
    785              }
    786          
    787          
    788          
    789              ////////////////////////////////////////////////////////////////////////////////////////////////
    790              ////////////////////////////////////////////////////////////////////////////////////////////////
    791              /// The state performs tests after running and before setting the unlock door speed flag,    ///
    792              /// the goal is check the harness and hardware before setting the unlock door speed flag     ///
    793              /// The motor in state is still considered as running, this state machine might go back to   ///
    794              /// the running state on a new Prepare2Start motor. The goal is to prevent a dead lock when  ///
    795              /// verifying any condition after running the motor.
    796              else if(temp == SAFETY_MNGR_POSTRUN_TESTS)
   \                     ??SRMotorSafetyMgr__Handler5ms_4: (+1)
   \   000002BC   0x2804             CMP      R0,#+4
   \   000002BE   0xF040 0x80C2      BNE.W    ??SRMotorSafetyMgr__Handler5ms_16
    797              {
    798          
    799                  SR_MOTORSAFETY_MGR_POSTRUN_ACTION();
   \   000002C2   0x.... 0x....      BL       SRMCPwm__TurnOnLowSideGates
    800          
    801                  SR_MOTORMOVINGHANDLER();                    // Invoke the Unlock Door Speed handler
   \   000002C6   0x.... 0x....      BL       MotorMovingHandlerBpm
    802          
    803                  // if the sensors could not be checked, send
    804                  // the machine to the waiting state, and keep 
    805                  // seeing for a while if there is no current 
    806                  // flowing through the shunt resistors.
    807          #ifdef SR_BPM_MOTOR
    808          
    809                  temp = (sint32)SR_Motor_Flags;
   \   000002CA   0x89A0             LDRH     R0,[R4, #+12]
    810                  temp = BIT_TEST(temp, SR_FLAG_UNLOCK_DOOR_SPEED_CHECK_REQUESTED);
    811          
    812          #endif
    813          
    814          #ifdef SR_CIM_MOTOR
    815          
    816                  temp = (sint32)SR_Motor_Flags;
    817                  temp = BIT_TEST(temp, SR_FLAG_UNLOCK_DOOR_SPEED);
    818          #endif
    819          
    820                  temp1 = (sint32)SR_Motor_Fault;
    821                  temp1 = BIT_TEST(temp1, SR_FAULT_UNLOCK_DOOR_SPEED_FAILED);
    822          
    823          
    824                  if(temp1)
   \   000002CC   0x8921             LDRH     R1,[R4, #+8]
   \   000002CE   0x0709             LSLS     R1,R1,#+28
   \   000002D0   0xBF48             IT       MI 
    825                  {
    826                      // Unlock door speed failed
    827                      SR_DATA_MCU_UPDATE_LONG(SR_Timeout_Failure_Retry,TACHO_TIMEOUT); //Load time out
   \   000002D2   0x2278             MOVMI    R2,#+120
   \   000002D4   0xF100 0x859C      BMI.W    ??SRMotorSafetyMgr__Handler5ms_13
    828                  }
    829                  else if(temp)
   \   000002D8   0x0540             LSLS     R0,R0,#+21
   \   000002DA   0xF140 0x859F      BPL.W    ??SRMotorSafetyMgr__Handler5ms_14
    830                  {
    831                      // Unlock door speed found
    832                      temp = (sint32)SR_Motor_Flags;
   \   000002DE   0x89A0             LDRH     R0,[R4, #+12]
    833                      BIT_CLR(temp, SR_FLAG_REQUESTED_TO_START);
    834                      SR_DATA_MCU_UPDATE_SHORT(SR_Motor_Flags,temp);
   \   000002E0   0xF64F 0x71FB      MOVW     R1,#+65531
   \   000002E4   0xEA01 0x0200      AND      R2,R1,R0
   \   000002E8   0xF104 0x012C      ADD      R1,R4,#+44
   \   000002EC   0xF104 0x000C      ADD      R0,R4,#+12
   \   000002F0   0x.... 0x....      BL       SRData__UpdateShort
    835          
    836          #ifdef SR_BPM_MOTOR
    837                      // Idle for this amount of time before checking hardware integrity
    838                      temp = (sint32)SR_Motor_Flags;
    839                      temp = BIT_TEST(temp, SR_FLAG_FORCE_TO_STOP);
    840                      if(temp)
   \   000002F4   0x89A0             LDRH     R0,[R4, #+12]
   \   000002F6   0x0500             LSLS     R0,R0,#+20
   \   000002F8   0xBF4C             ITE      MI 
    841                      {
    842                          // a force to stop was requested --> immediately check hardware integrity
    843                          SR_DATA_MCU_UPDATE_LONG(SR_Check_Unlock_Door_Speed_Timer, 0);
   \   000002FA   0x2200             MOVMI    R2,#+0
    844                      }
    845                      else
    846                      {   // standard stop request --> wait some time before checking hardware integrity
    847                          SR_DATA_MCU_UPDATE_LONG(SR_Check_Unlock_Door_Speed_Timer, CHECK_UNLOCK_DOOR_SPEED_IDLING_BEFORE_CHECK_COUNT);
   \   000002FC   0xF44F 0x727A      MOVPL    R2,#+1000
   \   00000300   0xF104 0x01D8      ADD      R1,R4,#+216
   \   00000304   0xF104 0x00B0      ADD      R0,R4,#+176
   \   00000308   0x.... 0x....      BL       SRData__UpdateLong
    848                      }
    849          #endif
    850          
    851                      Init_Avg_Frequency();
   \   0000030C   0x1DA1             ADDS     R1,R4,#+6
   \   0000030E   0x1CE0             ADDS     R0,R4,#+3
   \   00000310   0x.... 0x....      BL       SRData__CheckByte
   \   00000314   0xF104 0x01B8      ADD      R1,R4,#+184
   \   00000318   0xF104 0x0090      ADD      R0,R4,#+144
   \   0000031C   0x.... 0x....      BL       SRData__CheckLong
   \   00000320   0xF104 0x01BC      ADD      R1,R4,#+188
   \   00000324   0xF104 0x0094      ADD      R0,R4,#+148
   \   00000328   0x.... 0x....      BL       SRData__CheckLong
   \   0000032C   0xF104 0x01C0      ADD      R1,R4,#+192
   \   00000330   0xF104 0x0098      ADD      R0,R4,#+152
   \   00000334   0x.... 0x....      BL       SRData__CheckLong
   \   00000338   0xF104 0x01C4      ADD      R1,R4,#+196
   \   0000033C   0xF104 0x009C      ADD      R0,R4,#+156
   \   00000340   0x.... 0x....      BL       SRData__CheckLong
   \   00000344   0xF104 0x01C8      ADD      R1,R4,#+200
   \   00000348   0xF104 0x00A0      ADD      R0,R4,#+160
   \   0000034C   0x.... 0x....      BL       SRData__CheckLong
   \   00000350   0xF104 0x01D0      ADD      R1,R4,#+208
   \   00000354   0xF104 0x00AC      ADD      R0,R4,#+172
   \   00000358   0x.... 0x....      BL       SRData__CheckLong
   \   0000035C   0xF104 0x01CC      ADD      R1,R4,#+204
   \   00000360   0xF104 0x00A4      ADD      R0,R4,#+164
   \   00000364   0x.... 0x....      BL       SRData__CheckLong
   \   00000368   0xF104 0x01DC      ADD      R1,R4,#+220
   \   0000036C   0x1D20             ADDS     R0,R4,#+4
   \   0000036E   0x.... 0x....      BL       SRData__CheckByte
   \   00000372   0x.... 0x....      BL       SRMCPwm__GetMaxPwm
   \   00000376   0xEE00 0x0A10      VMOV     S0,R0
   \   0000037A   0xEEB8 0x0A40      VCVT.F32.U32 S0,S0
   \   0000037E   0xEEBD 0x0AC0      VCVT.S32.F32 S0,S0
   \   00000382   0xEE10 0x0A10      VMOV     R0,S0
   \   00000386   0x1040             ASRS     R0,R0,#+1
   \   00000388   0xEE00 0x0A10      VMOV     S0,R0
   \   0000038C   0xEEB8 0x0AC0      VCVT.F32.S32 S0,S0
   \   00000390   0xEDDF 0x0AAC      VLDR.W   S1,??SRMotorSafetyMgr__Handler5ms_17  ;; 0x3f866666
   \   00000394   0xEE60 0x0A20      VMUL.F32 S1,S0,S1
   \   00000398   0xED9F 0x1AAB      VLDR.W   S2,??SRMotorSafetyMgr__Handler5ms_17+0x4  ;; 0x3f733333
   \   0000039C   0xEE20 0x0A01      VMUL.F32 S0,S0,S2
   \   000003A0   0xEEFD 0x0AE0      VCVT.S32.F32 S1,S1
   \   000003A4   0xEEBD 0x0AC0      VCVT.S32.F32 S0,S0
   \   000003A8   0xEDC4 0x0A24      VSTR     S1,[R4, #+144]
   \   000003AC   0xED84 0x0A25      VSTR     S0,[R4, #+148]
   \   000003B0   0xEE10 0x2A90      VMOV     R2,S1
   \   000003B4   0xF104 0x01B8      ADD      R1,R4,#+184
   \   000003B8   0xF104 0x0090      ADD      R0,R4,#+144
   \   000003BC   0x.... 0x....      BL       SRData__UpdateLong
   \   000003C0   0xF8D4 0x2094      LDR      R2,[R4, #+148]
   \   000003C4   0xF104 0x01BC      ADD      R1,R4,#+188
   \   000003C8   0xF104 0x0094      ADD      R0,R4,#+148
   \   000003CC   0x.... 0x....      BL       SRData__UpdateLong
   \   000003D0   0xF8D4 0x2094      LDR      R2,[R4, #+148]
   \   000003D4   0xF104 0x01C0      ADD      R1,R4,#+192
   \   000003D8   0xF104 0x0098      ADD      R0,R4,#+152
   \   000003DC   0x.... 0x....      BL       SRData__UpdateLong
   \   000003E0   0x2200             MOVS     R2,#+0
   \   000003E2   0x1DA1             ADDS     R1,R4,#+6
   \   000003E4   0x1CE0             ADDS     R0,R4,#+3
   \   000003E6   0x.... 0x....      BL       SRData__UpdateByte
   \   000003EA   0x2200             MOVS     R2,#+0
   \   000003EC   0xF104 0x01C4      ADD      R1,R4,#+196
   \   000003F0   0xF104 0x009C      ADD      R0,R4,#+156
   \   000003F4   0x.... 0x....      BL       SRData__UpdateLong
   \   000003F8   0xF04F 0x4280      MOV      R2,#+1073741824
   \   000003FC   0xF104 0x01C8      ADD      R1,R4,#+200
   \   00000400   0xF104 0x00A0      ADD      R0,R4,#+160
   \   00000404   0x.... 0x....      BL       SRData__UpdateLong
   \   00000408   0xF04F 0x4280      MOV      R2,#+1073741824
   \   0000040C   0xF104 0x01D0      ADD      R1,R4,#+208
   \   00000410   0xF104 0x00AC      ADD      R0,R4,#+172
   \   00000414   0x.... 0x....      BL       SRData__UpdateLong
   \   00000418   0x2200             MOVS     R2,#+0
   \   0000041A   0xF104 0x01CC      ADD      R1,R4,#+204
   \   0000041E   0xF104 0x00A4      ADD      R0,R4,#+164
   \   00000422   0x.... 0x....      BL       SRData__UpdateLong
   \   00000426   0x2200             MOVS     R2,#+0
   \   00000428   0xF504 0x7198      ADD      R1,R4,#+304
   \   0000042C   0xF104 0x00A8      ADD      R0,R4,#+168
   \   00000430   0x.... 0x....      BL       SRData__UpdateLong
   \   00000434   0x2200             MOVS     R2,#+0
   \   00000436   0xF104 0x01DC      ADD      R1,R4,#+220
   \   0000043A   0x1D20             ADDS     R0,R4,#+4
   \   0000043C   0x.... 0x....      BL       SRData__UpdateByte
    852          
    853                      // Go idle
    854                      SR_DATA_MCU_UPDATE_BYTE(SR_SafetyMngr_State,SAFETY_MNGR_IDLE);
   \   00000440   0x2202             MOVS     R2,#+2
   \   00000442   0xF000 0xBCDF      B.W      ??SRMotorSafetyMgr__Handler5ms_18
    855                  }
    856          
    857              }
    858          
    859          
    860              ////////////////////////////////////////////////////////////////////////////////////////////////
    861              ////////////////////////////////////////////////////////////////////////////////////////////////
    862              // All tests before running the motor has to be performed within this state
    863              else if(temp == SAFETY_MNGR_PRERUN_TESTS)
   \                     ??SRMotorSafetyMgr__Handler5ms_16: (+1)
   \   00000446   0x2803             CMP      R0,#+3
   \   00000448   0xF040 0x8100      BNE.W    ??SRMotorSafetyMgr__Handler5ms_19
    864              {
    865                  SRMCPwm__TurnOnLowSideGates();          // As in the idle state, the IGBTs are switched off
   \   0000044C   0x.... 0x....      BL       SRMCPwm__TurnOnLowSideGates
    866                  // then the inverter bootstrap capacitors need to be
    867                  // charged. The time is provided by the longest
    868                  // peripheral integrity check, in this case, the
    869                  // SRMCPwm Diagnostic handler.
    870          
    871                  temp = (sint32)SR_Motor_Flags;
    872                  temp = BIT_TEST(temp, SR_FLAG_REQUESTED_TO_START);
    873                  if(temp)
   \   00000450   0x89A0             LDRH     R0,[R4, #+12]
   \   00000452   0x0740             LSLS     R0,R0,#+29
   \   00000454   0xD51D             BPL.N    ??SRMotorSafetyMgr__Handler5ms_20
    874                  {
    875                      // Clear the request to start bit.
    876                      temp = (sint32)SR_Motor_Flags;
   \   00000456   0x89A0             LDRH     R0,[R4, #+12]
    877                      BIT_CLR(temp, SR_FLAG_REQUESTED_TO_START);
    878                      SR_DATA_MCU_UPDATE_SHORT(SR_Motor_Flags,temp);
   \   00000458   0xF64F 0x71FB      MOVW     R1,#+65531
   \   0000045C   0xEA01 0x0200      AND      R2,R1,R0
   \   00000460   0xF104 0x012C      ADD      R1,R4,#+44
   \   00000464   0xF104 0x000C      ADD      R0,R4,#+12
   \   00000468   0x.... 0x....      BL       SRData__UpdateShort
    879          
    880                      // Clear the "prerun tests finished" bit.
    881                      // This bit shall be set by finishing the plausibility check
    882                      // of the hardware. The plausibility check tests are
    883                      // implemented in the SRMotorSafetyMgr__MCPwmHandler()
    884                      temp = (sint32)SR_Motor_Flags;
   \   0000046C   0x89A0             LDRH     R0,[R4, #+12]
    885                      BIT_CLR(temp, SR_FLAG_PRERUN_TESTS_FINISHED);
    886                      SR_DATA_MCU_UPDATE_SHORT(SR_Motor_Flags,temp);
   \   0000046E   0xF64F 0x71EF      MOVW     R1,#+65519
   \   00000472   0xEA01 0x0200      AND      R2,R1,R0
   \   00000476   0xF104 0x012C      ADD      R1,R4,#+44
   \   0000047A   0xF104 0x000C      ADD      R0,R4,#+12
   \   0000047E   0x.... 0x....      BL       SRData__UpdateShort
    887          
    888          
    889          #ifdef SR_CIM_MOTOR
    890                      // If the InputCapture is disabled, enable it
    891                      if (SRMCInputCapture__GetStatus() != ENABLED)
    892                      {
    893                          SRMCInputCapture__EnableCapture();
    894                      }
    895          
    896                      SRMCInputCapture__InitDiagnostic();
    897          #endif
    898          
    899                      SRMCAtod__EnableDiagnostic(SR_MCATOD_PLAUSIBILITY_CHECK_THRESHOLD);
   \   00000482   0x207D             MOVS     R0,#+125
   \   00000484   0x.... 0x....      BL       SRMCAtod__EnableDiagnostic
    900                      SRMCPwm__EnableDiagnostic(SD_PIN_ZERO_TIME, SD_PIN_ONE_TIME);
   \   00000488   0xF44F 0x71A0      MOV      R1,#+320
   \   0000048C   0x2028             MOVS     R0,#+40
   \   0000048E   0x.... 0x....      BL       SRMCPwm__EnableDiagnostic
    901                  }
    902          
    903                  // Check if the plausibility chech has been already performed
    904                  temp = (sint32)SR_Motor_Flags;
    905                  temp = BIT_TEST(temp, SR_FLAG_PRERUN_TESTS_FINISHED);
    906                  if(temp)
   \                     ??SRMotorSafetyMgr__Handler5ms_20: (+1)
   \   00000492   0x89A0             LDRH     R0,[R4, #+12]
   \   00000494   0x06C0             LSLS     R0,R0,#+27
   \   00000496   0xF140 0x80BC      BPL.W    ??SRMotorSafetyMgr__Handler5ms_21
    907                  {
    908          
    909                      SR_INITMOTORMOVINGHANDLER();       // Initialize the zero speed handler
   \   0000049A   0x89A0             LDRH     R0,[R4, #+12]
   \   0000049C   0xF64F 0x71FE      MOVW     R1,#+65534
   \   000004A0   0xEA01 0x0200      AND      R2,R1,R0
   \   000004A4   0xF104 0x012C      ADD      R1,R4,#+44
   \   000004A8   0xF104 0x000C      ADD      R0,R4,#+12
   \   000004AC   0x.... 0x....      BL       SRData__UpdateShort
   \   000004B0   0x2200             MOVS     R2,#+0
   \   000004B2   0xF104 0x01F8      ADD      R1,R4,#+248
   \   000004B6   0xF104 0x0058      ADD      R0,R4,#+88
   \   000004BA   0x.... 0x....      BL       SRData__UpdateLong
   \   000004BE   0x2200             MOVS     R2,#+0
   \   000004C0   0xF104 0x01F4      ADD      R1,R4,#+244
   \   000004C4   0xF104 0x0054      ADD      R0,R4,#+84
   \   000004C8   0x.... 0x....      BL       SRData__UpdateLong
    910          
    911                      Init_Avg_Frequency();
   \   000004CC   0x1DA1             ADDS     R1,R4,#+6
   \   000004CE   0x1CE0             ADDS     R0,R4,#+3
   \   000004D0   0x.... 0x....      BL       SRData__CheckByte
   \   000004D4   0xF104 0x01B8      ADD      R1,R4,#+184
   \   000004D8   0xF104 0x0090      ADD      R0,R4,#+144
   \   000004DC   0x.... 0x....      BL       SRData__CheckLong
   \   000004E0   0xF104 0x01BC      ADD      R1,R4,#+188
   \   000004E4   0xF104 0x0094      ADD      R0,R4,#+148
   \   000004E8   0x.... 0x....      BL       SRData__CheckLong
   \   000004EC   0xF104 0x01C0      ADD      R1,R4,#+192
   \   000004F0   0xF104 0x0098      ADD      R0,R4,#+152
   \   000004F4   0x.... 0x....      BL       SRData__CheckLong
   \   000004F8   0xF104 0x01C4      ADD      R1,R4,#+196
   \   000004FC   0xF104 0x009C      ADD      R0,R4,#+156
   \   00000500   0x.... 0x....      BL       SRData__CheckLong
   \   00000504   0xF104 0x01C8      ADD      R1,R4,#+200
   \   00000508   0xF104 0x00A0      ADD      R0,R4,#+160
   \   0000050C   0x.... 0x....      BL       SRData__CheckLong
   \   00000510   0xF104 0x01D0      ADD      R1,R4,#+208
   \   00000514   0xF104 0x00AC      ADD      R0,R4,#+172
   \   00000518   0x.... 0x....      BL       SRData__CheckLong
   \   0000051C   0xF104 0x01CC      ADD      R1,R4,#+204
   \   00000520   0xF104 0x00A4      ADD      R0,R4,#+164
   \   00000524   0x.... 0x....      BL       SRData__CheckLong
   \   00000528   0xF104 0x01DC      ADD      R1,R4,#+220
   \   0000052C   0x1D20             ADDS     R0,R4,#+4
   \   0000052E   0x.... 0x....      BL       SRData__CheckByte
   \   00000532   0x.... 0x....      BL       SRMCPwm__GetMaxPwm
   \   00000536   0xEE00 0x0A10      VMOV     S0,R0
   \   0000053A   0xEEB8 0x0A40      VCVT.F32.U32 S0,S0
   \   0000053E   0xEEBD 0x0AC0      VCVT.S32.F32 S0,S0
   \   00000542   0xEE10 0x0A10      VMOV     R0,S0
   \   00000546   0x1040             ASRS     R0,R0,#+1
   \   00000548   0xEE00 0x0A10      VMOV     S0,R0
   \   0000054C   0xEEB8 0x0AC0      VCVT.F32.S32 S0,S0
   \   00000550   0xEDDF 0x0A3C      VLDR.W   S1,??SRMotorSafetyMgr__Handler5ms_17  ;; 0x3f866666
   \   00000554   0xEE60 0x0A20      VMUL.F32 S1,S0,S1
   \   00000558   0xED9F 0x1A3B      VLDR.W   S2,??SRMotorSafetyMgr__Handler5ms_17+0x4  ;; 0x3f733333
   \   0000055C   0xEE20 0x0A01      VMUL.F32 S0,S0,S2
   \   00000560   0xEEFD 0x0AE0      VCVT.S32.F32 S1,S1
   \   00000564   0xEEBD 0x0AC0      VCVT.S32.F32 S0,S0
   \   00000568   0xEDC4 0x0A24      VSTR     S1,[R4, #+144]
   \   0000056C   0xED84 0x0A25      VSTR     S0,[R4, #+148]
   \   00000570   0xEE10 0x2A90      VMOV     R2,S1
   \   00000574   0xF104 0x01B8      ADD      R1,R4,#+184
   \   00000578   0xF104 0x0090      ADD      R0,R4,#+144
   \   0000057C   0x.... 0x....      BL       SRData__UpdateLong
   \   00000580   0xF8D4 0x2094      LDR      R2,[R4, #+148]
   \   00000584   0xF104 0x01BC      ADD      R1,R4,#+188
   \   00000588   0xF104 0x0094      ADD      R0,R4,#+148
   \   0000058C   0x.... 0x....      BL       SRData__UpdateLong
   \   00000590   0xF8D4 0x2094      LDR      R2,[R4, #+148]
   \   00000594   0xF104 0x01C0      ADD      R1,R4,#+192
   \   00000598   0xF104 0x0098      ADD      R0,R4,#+152
   \   0000059C   0x.... 0x....      BL       SRData__UpdateLong
   \   000005A0   0x2200             MOVS     R2,#+0
   \   000005A2   0x1DA1             ADDS     R1,R4,#+6
   \   000005A4   0x1CE0             ADDS     R0,R4,#+3
   \   000005A6   0x.... 0x....      BL       SRData__UpdateByte
   \   000005AA   0x2200             MOVS     R2,#+0
   \   000005AC   0xF104 0x01C4      ADD      R1,R4,#+196
   \   000005B0   0xF104 0x009C      ADD      R0,R4,#+156
   \   000005B4   0x.... 0x....      BL       SRData__UpdateLong
   \   000005B8   0xF04F 0x4280      MOV      R2,#+1073741824
   \   000005BC   0xF104 0x01C8      ADD      R1,R4,#+200
   \   000005C0   0xF104 0x00A0      ADD      R0,R4,#+160
   \   000005C4   0x.... 0x....      BL       SRData__UpdateLong
   \   000005C8   0xF04F 0x4280      MOV      R2,#+1073741824
   \   000005CC   0xF104 0x01D0      ADD      R1,R4,#+208
   \   000005D0   0xF104 0x00AC      ADD      R0,R4,#+172
   \   000005D4   0x.... 0x....      BL       SRData__UpdateLong
   \   000005D8   0x2200             MOVS     R2,#+0
   \   000005DA   0xF104 0x01CC      ADD      R1,R4,#+204
   \   000005DE   0xF104 0x00A4      ADD      R0,R4,#+164
   \   000005E2   0x.... 0x....      BL       SRData__UpdateLong
   \   000005E6   0x2200             MOVS     R2,#+0
   \   000005E8   0xF504 0x7198      ADD      R1,R4,#+304
   \   000005EC   0xF104 0x00A8      ADD      R0,R4,#+168
   \   000005F0   0x.... 0x....      BL       SRData__UpdateLong
   \   000005F4   0x2200             MOVS     R2,#+0
   \   000005F6   0xF104 0x01DC      ADD      R1,R4,#+220
   \   000005FA   0x1D20             ADDS     R0,R4,#+4
   \   000005FC   0x.... 0x....      BL       SRData__UpdateByte
    912          
    913                      // Check if a request to stop has arrived when performing the pre run tests.
    914                      // There are handler in conditional states, these flags prevents leaving
    915                      // pre run state without accomplishing those tests.
    916                      temp = (sint32)SR_Motor_Flags;
    917                      temp = BIT_TEST(temp, SR_FLAG_REQUESTED_TO_STOP);
    918                      if(temp)
   \   00000600   0x89A0             LDRH     R0,[R4, #+12]
   \   00000602   0x0700             LSLS     R0,R0,#+28
   \   00000604   0xBF4C             ITE      MI 
    919                      {
    920                          SR_DATA_MCU_UPDATE_BYTE(SR_SafetyMngr_State,SAFETY_MNGR_POSTRUN_TESTS);
   \   00000606   0x2204             MOVMI    R2,#+4
    921                      }
    922                      else
    923                      {
    924                          // Go to running state and allow the pwm access for the class A software.
    925                          SR_DATA_MCU_UPDATE_BYTE(SR_SafetyMngr_State,SAFETY_MNGR_RUNNING);
   \   00000608   0x2205             MOVPL    R2,#+5
   \   0000060A   0x1C61             ADDS     R1,R4,#+1
   \   0000060C   0x4620             MOV      R0,R4
   \   0000060E   0x.... 0x....      BL       SRData__UpdateByte
    926                      }
    927          
    928                  }
    929          
    930                  // If the arrival here comes from the state where a fault in the sensor
    931                  // was detected, then go to error state.
    932                  temp1 = CheckHwFaultStatus();
   \                     ??SRMotorSafetyMgr__Handler5ms_21: (+1)
   \   00000612   0x.... 0x....      BL       SRMCPwm__GetHwFaultStatus
   \   00000616   0x2801             CMP      R0,#+1
   \   00000618   0xF040 0x8400      BNE.W    ??SRMotorSafetyMgr__Handler5ms_14
   \   0000061C   0x8920             LDRH     R0,[R4, #+8]
   \   0000061E   0xF040 0x0240      ORR      R2,R0,#0x40
   \   00000622   0xF104 0x012A      ADD      R1,R4,#+42
   \   00000626   0xF104 0x0008      ADD      R0,R4,#+8
   \   0000062A   0x.... 0x....      BL       SRData__UpdateShort
   \   0000062E   0x8960             LDRH     R0,[R4, #+10]
   \   00000630   0xF040 0x0240      ORR      R2,R0,#0x40
   \   00000634   0xF104 0x01DE      ADD      R1,R4,#+222
   \   00000638   0xF104 0x000A      ADD      R0,R4,#+10
   \   0000063C   0x.... 0x....      BL       SRData__UpdateShort
    933          
    934                  if(temp1) // If any error has been found, then go to error - the motor will not start!
    935                  {
    936                      SR_DATA_MCU_UPDATE_LONG(SR_Timeout_Failure_Retry,ELECTRONIC_FAIL_TIMEOUT); //Load time out
   \   00000640   0x2278             MOVS     R2,#+120
   \   00000642   0xE3E5             B.N      ??SRMotorSafetyMgr__Handler5ms_13
   \                     ??SRMotorSafetyMgr__Handler5ms_17:
   \   00000644   0x3F866666         DC32     0x3f866666
   \   00000648   0x3F733333         DC32     0x3f733333
    937                  }
    938              }
    939          
    940          
    941              ////////////////////////////////////////////////////////////////////////////////////////////////
    942              ////////////////////////////////////////////////////////////////////////////////////////////////
    943              // When the state machine is able to accept requests to run the pre run tests,
    944              // shall stay in this IDLE state
    945              else if(temp == SAFETY_MNGR_IDLE)
   \                     ??SRMotorSafetyMgr__Handler5ms_19: (+1)
   \   0000064C   0x2802             CMP      R0,#+2
   \   0000064E   0xF040 0x810B      BNE.W    ??SRMotorSafetyMgr__Handler5ms_22
    946              {
    947                  //! Turning both low and high side igbt off does not cause bee noise when motor stopped
    948                  SRMCPwm__TurnOffAllGates();
   \   00000652   0x.... 0x....      BL       SRMCPwm__TurnOffAllGates
    949          
    950                  AverageSensorsOffset();                 // Average the offsets and update the analog data
   \   00000656   0x2000             MOVS     R0,#+0
   \   00000658   0xF3EF 0x8510      MRS      R5,PRIMASK
   \   0000065C   0xB672             CPSID    I
   \   0000065E   0xF9B4 0x100E      LDRSH    R1,[R4, #+14]
   \   00000662   0xF9B4 0x202E      LDRSH    R2,[R4, #+46]
   \   00000666   0x43D2             MVNS     R2,R2
   \   00000668   0xB289             UXTH     R1,R1
   \   0000066A   0xB292             UXTH     R2,R2
   \   0000066C   0x4291             CMP      R1,R2
   \   0000066E   0xBF18             IT       NE 
   \   00000670   0x2001             MOVNE    R0,#+1
   \   00000672   0xF9B4 0x1012      LDRSH    R1,[R4, #+18]
   \   00000676   0xF9B4 0x2032      LDRSH    R2,[R4, #+50]
   \   0000067A   0x43D2             MVNS     R2,R2
   \   0000067C   0xB289             UXTH     R1,R1
   \   0000067E   0xB292             UXTH     R2,R2
   \   00000680   0x4291             CMP      R1,R2
   \   00000682   0xBF18             IT       NE 
   \   00000684   0x1C40             ADDNE    R0,R0,#+1
   \   00000686   0xF9B4 0x1016      LDRSH    R1,[R4, #+22]
   \   0000068A   0xF9B4 0x2036      LDRSH    R2,[R4, #+54]
   \   0000068E   0x43D2             MVNS     R2,R2
   \   00000690   0xB289             UXTH     R1,R1
   \   00000692   0xB292             UXTH     R2,R2
   \   00000694   0x4291             CMP      R1,R2
   \   00000696   0xBF18             IT       NE 
   \   00000698   0x1C40             ADDNE    R0,R0,#+1
   \   0000069A   0xF9B4 0x1010      LDRSH    R1,[R4, #+16]
   \   0000069E   0xF9B4 0x2030      LDRSH    R2,[R4, #+48]
   \   000006A2   0x43D2             MVNS     R2,R2
   \   000006A4   0xB289             UXTH     R1,R1
   \   000006A6   0xB292             UXTH     R2,R2
   \   000006A8   0x4291             CMP      R1,R2
   \   000006AA   0xBF18             IT       NE 
   \   000006AC   0x1C40             ADDNE    R0,R0,#+1
   \   000006AE   0xF9B4 0x1014      LDRSH    R1,[R4, #+20]
   \   000006B2   0xF9B4 0x2034      LDRSH    R2,[R4, #+52]
   \   000006B6   0x43D2             MVNS     R2,R2
   \   000006B8   0xB289             UXTH     R1,R1
   \   000006BA   0xB292             UXTH     R2,R2
   \   000006BC   0x4291             CMP      R1,R2
   \   000006BE   0xBF18             IT       NE 
   \   000006C0   0x1C40             ADDNE    R0,R0,#+1
   \   000006C2   0xF9B4 0x1018      LDRSH    R1,[R4, #+24]
   \   000006C6   0xF9B4 0x2038      LDRSH    R2,[R4, #+56]
   \   000006CA   0x43D2             MVNS     R2,R2
   \   000006CC   0xB289             UXTH     R1,R1
   \   000006CE   0xB292             UXTH     R2,R2
   \   000006D0   0x4291             CMP      R1,R2
   \   000006D2   0xBF18             IT       NE 
   \   000006D4   0x1C40             ADDNE    R0,R0,#+1
   \   000006D6   0xF9B4 0x1022      LDRSH    R1,[R4, #+34]
   \   000006DA   0xF9B4 0x2042      LDRSH    R2,[R4, #+66]
   \   000006DE   0x43D2             MVNS     R2,R2
   \   000006E0   0xB289             UXTH     R1,R1
   \   000006E2   0xB292             UXTH     R2,R2
   \   000006E4   0x4291             CMP      R1,R2
   \   000006E6   0xBF18             IT       NE 
   \   000006E8   0x1C40             ADDNE    R0,R0,#+1
   \   000006EA   0xB120             CBZ.N    R0,??SRMotorSafetyMgr__Handler5ms_23
   \   000006EC   0x2201             MOVS     R2,#+1
   \   000006EE   0x2100             MOVS     R1,#+0
   \   000006F0   0x2001             MOVS     R0,#+1
   \   000006F2   0x.... 0x....      BL       SRException__Queue
   \                     ??SRMotorSafetyMgr__Handler5ms_23: (+1)
   \   000006F6   0xF385 0x8810      MSR      PRIMASK,R5
   \   000006FA   0xF104 0x01E8      ADD      R1,R4,#+232
   \   000006FE   0xF104 0x0048      ADD      R0,R4,#+72
   \   00000702   0x.... 0x....      BL       SRData__CheckLong
   \   00000706   0xF104 0x01EC      ADD      R1,R4,#+236
   \   0000070A   0xF104 0x004C      ADD      R0,R4,#+76
   \   0000070E   0x.... 0x....      BL       SRData__CheckLong
   \   00000712   0xF104 0x01F0      ADD      R1,R4,#+240
   \   00000716   0xF104 0x0050      ADD      R0,R4,#+80
   \   0000071A   0x.... 0x....      BL       SRData__CheckLong
   \   0000071E   0x6CA0             LDR      R0,[R4, #+72]
   \   00000720   0xF9B4 0x100E      LDRSH    R1,[R4, #+14]
   \   00000724   0xF9B4 0x2010      LDRSH    R2,[R4, #+16]
   \   00000728   0x1851             ADDS     R1,R2,R1
   \   0000072A   0xEBA1 0x4120      SUB      R1,R1,R0, ASR #+16
   \   0000072E   0xEB01 0x0281      ADD      R2,R1,R1, LSL #+2
   \   00000732   0xEB00 0x15C2      ADD      R5,R0,R2, LSL #+7
   \   00000736   0x462A             MOV      R2,R5
   \   00000738   0xF104 0x01E8      ADD      R1,R4,#+232
   \   0000073C   0xF104 0x0048      ADD      R0,R4,#+72
   \   00000740   0x.... 0x....      BL       SRData__UpdateLong
   \   00000744   0x142A             ASRS     R2,R5,#+16
   \   00000746   0xB292             UXTH     R2,R2
   \   00000748   0xF104 0x0130      ADD      R1,R4,#+48
   \   0000074C   0xF104 0x0010      ADD      R0,R4,#+16
   \   00000750   0x.... 0x....      BL       SRData__UpdateShort
   \   00000754   0x6CE0             LDR      R0,[R4, #+76]
   \   00000756   0xF9B4 0x1012      LDRSH    R1,[R4, #+18]
   \   0000075A   0xF9B4 0x2014      LDRSH    R2,[R4, #+20]
   \   0000075E   0x1851             ADDS     R1,R2,R1
   \   00000760   0xEBA1 0x4120      SUB      R1,R1,R0, ASR #+16
   \   00000764   0xEB01 0x0281      ADD      R2,R1,R1, LSL #+2
   \   00000768   0xEB00 0x15C2      ADD      R5,R0,R2, LSL #+7
   \   0000076C   0x462A             MOV      R2,R5
   \   0000076E   0xF104 0x01EC      ADD      R1,R4,#+236
   \   00000772   0xF104 0x004C      ADD      R0,R4,#+76
   \   00000776   0x.... 0x....      BL       SRData__UpdateLong
   \   0000077A   0x142A             ASRS     R2,R5,#+16
   \   0000077C   0xB292             UXTH     R2,R2
   \   0000077E   0xF104 0x0134      ADD      R1,R4,#+52
   \   00000782   0xF104 0x0014      ADD      R0,R4,#+20
   \   00000786   0x.... 0x....      BL       SRData__UpdateShort
   \   0000078A   0x6D20             LDR      R0,[R4, #+80]
   \   0000078C   0xF9B4 0x1016      LDRSH    R1,[R4, #+22]
   \   00000790   0xF9B4 0x2018      LDRSH    R2,[R4, #+24]
   \   00000794   0x1851             ADDS     R1,R2,R1
   \   00000796   0xEBA1 0x4120      SUB      R1,R1,R0, ASR #+16
   \   0000079A   0xEB01 0x0281      ADD      R2,R1,R1, LSL #+2
   \   0000079E   0xEB00 0x15C2      ADD      R5,R0,R2, LSL #+7
   \   000007A2   0x462A             MOV      R2,R5
   \   000007A4   0xF104 0x01F0      ADD      R1,R4,#+240
   \   000007A8   0xF104 0x0050      ADD      R0,R4,#+80
   \   000007AC   0x.... 0x....      BL       SRData__UpdateLong
   \   000007B0   0x142A             ASRS     R2,R5,#+16
   \   000007B2   0xB292             UXTH     R2,R2
   \   000007B4   0xF104 0x0138      ADD      R1,R4,#+56
   \   000007B8   0xF104 0x0018      ADD      R0,R4,#+24
   \   000007BC   0x.... 0x....      BL       SRData__UpdateShort
    951          
    952                  temp = (sint32)SR_Motor_Flags;
    953                  temp = BIT_TEST(temp, SR_FLAG_REQUESTED_TO_START);
    954                  if(temp)
   \   000007C0   0x89A0             LDRH     R0,[R4, #+12]
   \   000007C2   0x0740             LSLS     R0,R0,#+29
   \   000007C4   0xD521             BPL.N    ??SRMotorSafetyMgr__Handler5ms_24
    955                  {
    956                      // Clear the request to force stop
    957                      temp = SR_Motor_Flags;
   \   000007C6   0x89A0             LDRH     R0,[R4, #+12]
    958                      BIT_CLR(temp, SR_FLAG_FORCE_TO_STOP);
    959                      SR_DATA_MCU_UPDATE_SHORT(SR_Motor_Flags,temp);
   \   000007C8   0xF24F 0x71FF      MOVW     R1,#+63487
   \   000007CC   0xEA01 0x0200      AND      R2,R1,R0
   \   000007D0   0xF104 0x012C      ADD      R1,R4,#+44
   \   000007D4   0xF104 0x000C      ADD      R0,R4,#+12
   \   000007D8   0x.... 0x....      BL       SRData__UpdateShort
    960          
    961                      // Cancel the request to check the flags
    962                      temp = (uint32)SR_Motor_Flags;
   \   000007DC   0x89A0             LDRH     R0,[R4, #+12]
    963                      BIT_CLR(temp, SR_FLAG_UNLOCK_DOOR_SPEED_CHECK_REQUESTED);
    964                      SR_DATA_MCU_UPDATE_SHORT(SR_Motor_Flags,temp);
   \   000007DE   0xF64F 0x31FF      MOVW     R1,#+64511
   \   000007E2   0xEA01 0x0200      AND      R2,R1,R0
   \   000007E6   0xF104 0x012C      ADD      R1,R4,#+44
   \   000007EA   0xF104 0x000C      ADD      R0,R4,#+12
   \   000007EE   0x.... 0x....      BL       SRData__UpdateShort
    965          
    966                      SR_DATA_MCU_UPDATE_BYTE(SR_SafetyMngr_State,SAFETY_MNGR_PRERUN_TESTS);
   \   000007F2   0x2203             MOVS     R2,#+3
   \   000007F4   0x1C61             ADDS     R1,R4,#+1
   \   000007F6   0x4620             MOV      R0,R4
   \   000007F8   0x.... 0x....      BL       SRData__UpdateByte
    967          
    968                      SR_DATA_MCU_UPDATE_SHORT(SR_Motor_Fault_Holder,0);
   \   000007FC   0x2200             MOVS     R2,#+0
   \   000007FE   0xF104 0x01DE      ADD      R1,R4,#+222
   \   00000802   0xF104 0x000A      ADD      R0,R4,#+10
   \   00000806   0x.... 0x....      BL       SRData__UpdateShort
    969                  }
    970          
    971          #ifdef SR_BPM_MOTOR
    972          
    973                  SR_MOTOR_SAFETY_MGR__AVG_FREQUENCY_BELOW_THREHOLD();
    974          
    975                  temp = (sint32)SR_Motor_Flags;
   \                     ??SRMotorSafetyMgr__Handler5ms_24: (+1)
   \   0000080A   0x89A0             LDRH     R0,[R4, #+12]
    976                  temp = BIT_TEST(temp, SR_FLAG_UNLOCK_DOOR_SPEED_CHECK_REQUESTED);
    977          
    978                  temp1 = (sint32)SR_Motor_Flags;
   \   0000080C   0x89A1             LDRH     R1,[R4, #+12]
    979                  temp1 = BIT_TEST(temp1, SR_FLAG_UNLOCK_DOOR_SPEED);
    980          
    981                  if( (temp)    &&                            // if requested to check hardware integrity AND
    982                      (!temp1) )                              // if unlock door speed was not yet checked...
   \   0000080E   0x0540             LSLS     R0,R0,#+21
   \   00000810   0xF140 0x8304      BPL.W    ??SRMotorSafetyMgr__Handler5ms_14
   \   00000814   0x07C8             LSLS     R0,R1,#+31
   \   00000816   0xF100 0x8301      BMI.W    ??SRMotorSafetyMgr__Handler5ms_14
    983                  {
    984                      // SR_Check_Unlock_Door_Speed_Timer is used to count the requested amount of idling time
    985                      temp2 = SR_Check_Unlock_Door_Speed_Timer;
   \   0000081A   0xF8D4 0x00B0      LDR      R0,[R4, #+176]
    986                      if(temp2)
   \   0000081E   0xB128             CBZ.N    R0,??SRMotorSafetyMgr__Handler5ms_25
    987                      {
    988                          temp2--;
    989                          SR_DATA_MCU_UPDATE_LONG(SR_Check_Unlock_Door_Speed_Timer, temp2);
   \   00000820   0x1E42             SUBS     R2,R0,#+1
   \   00000822   0xF104 0x01D8      ADD      R1,R4,#+216
   \   00000826   0xF104 0x00B0      ADD      R0,R4,#+176
   \   0000082A   0xE2F5             B.N      ??SRMotorSafetyMgr__Handler5ms_26
    990                      }
    991                      else
    992                      {
    993                      #ifndef DISABLE_INVERTER_CHECK
    994                          // Cancel the request to check the flags
    995                          temp = (uint32)SR_Motor_Flags;
   \                     ??SRMotorSafetyMgr__Handler5ms_25: (+1)
   \   0000082C   0x89A0             LDRH     R0,[R4, #+12]
    996                          BIT_CLR(temp, SR_FLAG_UNLOCK_DOOR_SPEED_CHECK_REQUESTED);
    997                          SR_DATA_MCU_UPDATE_SHORT(SR_Motor_Flags,temp);
   \   0000082E   0xF64F 0x31FF      MOVW     R1,#+64511
   \   00000832   0xEA01 0x0200      AND      R2,R1,R0
   \   00000836   0xF104 0x012C      ADD      R1,R4,#+44
   \   0000083A   0xF104 0x000C      ADD      R0,R4,#+12
   \   0000083E   0x.... 0x....      BL       SRData__UpdateShort
    998          
    999                          // Load a timeout to detect hardware integrity
   1000                          SR_DATA_MCU_UPDATE_LONG(SR_Check_Unlock_Door_Speed_Timer, CHECK_UNLOCK_DOOR_SPEED_TIMEOUT_COUNTER);
   \   00000842   0xF44F 0x72C8      MOV      R2,#+400
   \   00000846   0xF104 0x01D8      ADD      R1,R4,#+216
   \   0000084A   0xF104 0x00B0      ADD      R0,R4,#+176
   \   0000084E   0x.... 0x....      BL       SRData__UpdateLong
   1001          
   1002                          // Zero the delta voltage step
   1003                          SR_DATA_MCU_UPDATE_LONG(SR_Check_Unlock_Door_Speed_Delta_Voltage, 0);
   \   00000852   0x2200             MOVS     R2,#+0
   \   00000854   0xF104 0x01D4      ADD      R1,R4,#+212
   \   00000858   0xF104 0x00B4      ADD      R0,R4,#+180
   \   0000085C   0x.... 0x....      BL       SRData__UpdateLong
   1004          
   1005                          // Enable lowers on to charge the boot strap capacitors
   1006                          // the charging time is 5 ms.
   1007                          SRMCPwm__TurnOnLowSideGates();
   \   00000860   0x.... 0x....      BL       SRMCPwm__TurnOnLowSideGates
   1008          
   1009                          // Move state machine to perform the final check of the unlock door requirement
   1010                          SR_DATA_MCU_UPDATE_BYTE(SR_SafetyMngr_State, SAFETY_MNGR_UNLOCK_DOOR_CHECK);
   \   00000864   0x2207             MOVS     R2,#+7
   \   00000866   0xE2CD             B.N      ??SRMotorSafetyMgr__Handler5ms_18
   1011                      #else
   1012                          // Reset the unlock door speed flag
   1013                          temp = SR_Motor_Flags;
   1014                          BIT_SET(temp, SR_FLAG_UNLOCK_DOOR_SPEED);
   1015                          SR_DATA_MCU_UPDATE_SHORT(SR_Motor_Flags,temp);
   1016          
   1017                          Init_Avg_Frequency();
   1018          
   1019                     #endif
   1020                      }
   1021                  }
   1022          #endif
   1023              }
   1024          
   1025          
   1026          
   1027              ////////////////////////////////////////////////////////////////////////////////////////////////
   1028              ////////////////////////////////////////////////////////////////////////////////////////////////
   1029              // after idling for some time, the integrity of the hardware shall be checked once,
   1030              // once the check is over, the state machine shall get back to IDLE
   1031              else if(temp == SAFETY_MNGR_UNLOCK_DOOR_CHECK)
   \                     ??SRMotorSafetyMgr__Handler5ms_22: (+1)
   \   00000868   0x2807             CMP      R0,#+7
   \   0000086A   0xF040 0x818F      BNE.W    ??SRMotorSafetyMgr__Handler5ms_27
   1032              {
   1033          #ifdef SR_BPM_MOTOR
   1034          
   1035                  // SR_Check_Unlock_Door_Speed_Timer is used as timeout for the algorithm
   1036                  temp2 = SR_Check_Unlock_Door_Speed_Timer;
   \   0000086E   0xF8D4 0x00B0      LDR      R0,[R4, #+176]
   1037                  if(temp2)
   \   00000872   0x2800             CMP      R0,#+0
   \   00000874   0xF000 0x80D8      BEQ.W    ??SRMotorSafetyMgr__Handler5ms_28
   1038                  {
   1039                      temp2--;
   1040                      SR_DATA_MCU_UPDATE_LONG(SR_Check_Unlock_Door_Speed_Timer, temp2);
   \   00000878   0x1E42             SUBS     R2,R0,#+1
   \   0000087A   0xF104 0x01D8      ADD      R1,R4,#+216
   \   0000087E   0xF104 0x00B0      ADD      R0,R4,#+176
   \   00000882   0x.... 0x....      BL       SRData__UpdateLong
   1041          
   1042                      // Inject some voltage and look for current to check hardware integrity
   1043                      temp1 = SR_Check_Unlock_Door_Speed_Delta_Voltage;
   \   00000886   0xF8D4 0x50B4      LDR      R5,[R4, #+180]
   1044                      if(temp1 < CHECK_UNLOCK_DOOR_MAX_VOLTAGE_COUNTS)
   \   0000088A   0xF5B5 0x7F7A      CMP      R5,#+1000
   \   0000088E   0xDA07             BGE.N    ??SRMotorSafetyMgr__Handler5ms_29
   1045                      {
   1046                          temp1 += CHECK_UNLOCK_DOOR_MAX_VOLTAGE_DUTY_STEP_COUNTS;
   \   00000890   0x3532             ADDS     R5,R5,#+50
   1047                          SR_DATA_MCU_UPDATE_LONG(SR_Check_Unlock_Door_Speed_Delta_Voltage, temp1);
   \   00000892   0x462A             MOV      R2,R5
   \   00000894   0xF104 0x01D4      ADD      R1,R4,#+212
   \   00000898   0xF104 0x00B4      ADD      R0,R4,#+180
   \   0000089C   0x.... 0x....      BL       SRData__UpdateLong
   1048                      }
   1049          
   1050                      SRMCPwm__LoadAllPwmValues((16384L + temp1), 16384L, (16384L - temp1));
   \                     ??SRMotorSafetyMgr__Handler5ms_29: (+1)
   \   000008A0   0xF5C5 0x4280      RSB      R2,R5,#+16384
   \   000008A4   0xF505 0x4080      ADD      R0,R5,#+16384
   \   000008A8   0xB292             UXTH     R2,R2
   \   000008AA   0xF44F 0x4180      MOV      R1,#+16384
   \   000008AE   0xB280             UXTH     R0,R0
   \   000008B0   0x.... 0x....      BL       SRMCPwm__LoadAllPwmValues
   1051          
   1052                      // Load currents to the stack
   1053                      temp_current_a = SR_CurrentA;
   \   000008B4   0xF9B4 0x000E      LDRSH    R0,[R4, #+14]
   1054                      temp_current_b = SR_CurrentB;
   \   000008B8   0xF9B4 0x1012      LDRSH    R1,[R4, #+18]
   1055                      temp_current_c = SR_CurrentC;
   \   000008BC   0xF9B4 0x2016      LDRSH    R2,[R4, #+22]
   1056          
   1057                      // One current will be positive, other negative and the third one shall be zero;
   1058                      // the zero one has a larger zone since it shall prevent hardware noise
   1059                      if( (temp_current_a <    -CHECK_UNLOCK_DOOR_CURRENT_THRESHOLDS_COUNTS)  &&
   1060                          (temp_current_b > -(2*CHECK_UNLOCK_DOOR_CURRENT_THRESHOLDS_COUNTS)) &&
   1061                          (temp_current_b <  (2*CHECK_UNLOCK_DOOR_CURRENT_THRESHOLDS_COUNTS)) &&
   1062                          (temp_current_c >     CHECK_UNLOCK_DOOR_CURRENT_THRESHOLDS_COUNTS)  )
   \   000008C0   0xF110 0x0F19      CMN      R0,#+25
   \   000008C4   0xF280 0x82AA      BGE.W    ??SRMotorSafetyMgr__Handler5ms_14
   \   000008C8   0xF101 0x0031      ADD      R0,R1,#+49
   \   000008CC   0x2863             CMP      R0,#+99
   \   000008CE   0xF080 0x82A5      BCS.W    ??SRMotorSafetyMgr__Handler5ms_14
   \   000008D2   0x2A1A             CMP      R2,#+26
   \   000008D4   0xF2C0 0x82A2      BLT.W    ??SRMotorSafetyMgr__Handler5ms_14
   1063                      {
   1064                          // Reset the unlock door speed flag
   1065                          temp = SR_Motor_Flags;
   \   000008D8   0x89A0             LDRH     R0,[R4, #+12]
   1066                          BIT_SET(temp, SR_FLAG_UNLOCK_DOOR_SPEED);
   1067                          SR_DATA_MCU_UPDATE_SHORT(SR_Motor_Flags,temp);
   \   000008DA   0xF040 0x0201      ORR      R2,R0,#0x1
   \   000008DE   0xF104 0x012C      ADD      R1,R4,#+44
   \   000008E2   0xF104 0x000C      ADD      R0,R4,#+12
   \   000008E6   0x.... 0x....      BL       SRData__UpdateShort
   1068          
   1069                          Init_Avg_Frequency();
   \   000008EA   0x1DA1             ADDS     R1,R4,#+6
   \   000008EC   0x1CE0             ADDS     R0,R4,#+3
   \   000008EE   0x.... 0x....      BL       SRData__CheckByte
   \   000008F2   0xF104 0x01B8      ADD      R1,R4,#+184
   \   000008F6   0xF104 0x0090      ADD      R0,R4,#+144
   \   000008FA   0x.... 0x....      BL       SRData__CheckLong
   \   000008FE   0xF104 0x01BC      ADD      R1,R4,#+188
   \   00000902   0xF104 0x0094      ADD      R0,R4,#+148
   \   00000906   0x.... 0x....      BL       SRData__CheckLong
   \   0000090A   0xF104 0x01C0      ADD      R1,R4,#+192
   \   0000090E   0xF104 0x0098      ADD      R0,R4,#+152
   \   00000912   0x.... 0x....      BL       SRData__CheckLong
   \   00000916   0xF104 0x01C4      ADD      R1,R4,#+196
   \   0000091A   0xF104 0x009C      ADD      R0,R4,#+156
   \   0000091E   0x.... 0x....      BL       SRData__CheckLong
   \   00000922   0xF104 0x01C8      ADD      R1,R4,#+200
   \   00000926   0xF104 0x00A0      ADD      R0,R4,#+160
   \   0000092A   0x.... 0x....      BL       SRData__CheckLong
   \   0000092E   0xF104 0x01D0      ADD      R1,R4,#+208
   \   00000932   0xF104 0x00AC      ADD      R0,R4,#+172
   \   00000936   0x.... 0x....      BL       SRData__CheckLong
   \   0000093A   0xF104 0x01CC      ADD      R1,R4,#+204
   \   0000093E   0xF104 0x00A4      ADD      R0,R4,#+164
   \   00000942   0x.... 0x....      BL       SRData__CheckLong
   \   00000946   0xF104 0x01DC      ADD      R1,R4,#+220
   \   0000094A   0x1D20             ADDS     R0,R4,#+4
   \   0000094C   0x.... 0x....      BL       SRData__CheckByte
   \   00000950   0x.... 0x....      BL       SRMCPwm__GetMaxPwm
   \   00000954   0xEE00 0x0A10      VMOV     S0,R0
   \   00000958   0xEEB8 0x0A40      VCVT.F32.U32 S0,S0
   \   0000095C   0xEEBD 0x0AC0      VCVT.S32.F32 S0,S0
   \   00000960   0xEE10 0x0A10      VMOV     R0,S0
   \   00000964   0x1040             ASRS     R0,R0,#+1
   \   00000966   0xEE00 0x0A10      VMOV     S0,R0
   \   0000096A   0xEEB8 0x0AC0      VCVT.F32.S32 S0,S0
   \   0000096E   0xEDDF 0x0A5A      VLDR.W   S1,??SRMotorSafetyMgr__Handler5ms_30  ;; 0x3f866666
   \   00000972   0xEE60 0x0A20      VMUL.F32 S1,S0,S1
   \   00000976   0xED9F 0x1A2B      VLDR.W   S2,??SRMotorSafetyMgr__Handler5ms_31  ;; 0x3f733333
   \   0000097A   0xEE20 0x0A01      VMUL.F32 S0,S0,S2
   \   0000097E   0xEEFD 0x0AE0      VCVT.S32.F32 S1,S1
   \   00000982   0xEEBD 0x0AC0      VCVT.S32.F32 S0,S0
   \   00000986   0xEDC4 0x0A24      VSTR     S1,[R4, #+144]
   \   0000098A   0xED84 0x0A25      VSTR     S0,[R4, #+148]
   \   0000098E   0xEE10 0x2A90      VMOV     R2,S1
   \   00000992   0xF104 0x01B8      ADD      R1,R4,#+184
   \   00000996   0xF104 0x0090      ADD      R0,R4,#+144
   \   0000099A   0x.... 0x....      BL       SRData__UpdateLong
   \   0000099E   0xF8D4 0x2094      LDR      R2,[R4, #+148]
   \   000009A2   0xF104 0x01BC      ADD      R1,R4,#+188
   \   000009A6   0xF104 0x0094      ADD      R0,R4,#+148
   \   000009AA   0x.... 0x....      BL       SRData__UpdateLong
   \   000009AE   0xF8D4 0x2094      LDR      R2,[R4, #+148]
   \   000009B2   0xF104 0x01C0      ADD      R1,R4,#+192
   \   000009B6   0xF104 0x0098      ADD      R0,R4,#+152
   \   000009BA   0x.... 0x....      BL       SRData__UpdateLong
   \   000009BE   0x2200             MOVS     R2,#+0
   \   000009C0   0x1DA1             ADDS     R1,R4,#+6
   \   000009C2   0x1CE0             ADDS     R0,R4,#+3
   \   000009C4   0x.... 0x....      BL       SRData__UpdateByte
   \   000009C8   0x2200             MOVS     R2,#+0
   \   000009CA   0xF104 0x01C4      ADD      R1,R4,#+196
   \   000009CE   0xF104 0x009C      ADD      R0,R4,#+156
   \   000009D2   0x.... 0x....      BL       SRData__UpdateLong
   \   000009D6   0xF04F 0x4280      MOV      R2,#+1073741824
   \   000009DA   0xF104 0x01C8      ADD      R1,R4,#+200
   \   000009DE   0xF104 0x00A0      ADD      R0,R4,#+160
   \   000009E2   0x.... 0x....      BL       SRData__UpdateLong
   \   000009E6   0xF04F 0x4280      MOV      R2,#+1073741824
   \   000009EA   0xF104 0x01D0      ADD      R1,R4,#+208
   \   000009EE   0xF104 0x00AC      ADD      R0,R4,#+172
   \   000009F2   0x.... 0x....      BL       SRData__UpdateLong
   \   000009F6   0x2200             MOVS     R2,#+0
   \   000009F8   0xF104 0x01CC      ADD      R1,R4,#+204
   \   000009FC   0xF104 0x00A4      ADD      R0,R4,#+164
   \   00000A00   0x.... 0x....      BL       SRData__UpdateLong
   \   00000A04   0x2200             MOVS     R2,#+0
   \   00000A06   0xF504 0x7198      ADD      R1,R4,#+304
   \   00000A0A   0xF104 0x00A8      ADD      R0,R4,#+168
   \   00000A0E   0x.... 0x....      BL       SRData__UpdateLong
   \   00000A12   0x2200             MOVS     R2,#+0
   \   00000A14   0xF104 0x01DC      ADD      R1,R4,#+220
   \   00000A18   0x1D20             ADDS     R0,R4,#+4
   \   00000A1A   0x.... 0x....      BL       SRData__UpdateByte
   1070          
   1071                          SR_DATA_MCU_UPDATE_BYTE(SR_SafetyMngr_State,SAFETY_MNGR_IDLE);
   \   00000A1E   0x2202             MOVS     R2,#+2
   \   00000A20   0xE1F0             B.N      ??SRMotorSafetyMgr__Handler5ms_18
   \   00000A22   0xBF00             Nop      
   \                     ??SRMotorSafetyMgr__Handler5ms_31:
   \   00000A24   0x3F733333         DC32     0x3f733333
   1072                      }
   1073                  }
   1074                  else // unlock door speed check time is over!
   1075                  {
   1076                      // Unable to detect current on time, so, it has failed
   1077                      SetFault(SR_FAULT_UNLOCK_DOOR_SPEED_FAILED);
   \                     ??SRMotorSafetyMgr__Handler5ms_28: (+1)
   \   00000A28   0x8920             LDRH     R0,[R4, #+8]
   \   00000A2A   0xF040 0x0208      ORR      R2,R0,#0x8
   \   00000A2E   0xF104 0x012A      ADD      R1,R4,#+42
   \   00000A32   0xF104 0x0008      ADD      R0,R4,#+8
   \   00000A36   0x.... 0x....      BL       SRData__UpdateShort
   \   00000A3A   0x8960             LDRH     R0,[R4, #+10]
   \   00000A3C   0xF040 0x0208      ORR      R2,R0,#0x8
   \   00000A40   0xF104 0x01DE      ADD      R1,R4,#+222
   \   00000A44   0xF104 0x000A      ADD      R0,R4,#+10
   \   00000A48   0x.... 0x....      BL       SRData__UpdateShort
   1078          
   1079                      Init_Avg_Frequency();
   \   00000A4C   0x1DA1             ADDS     R1,R4,#+6
   \   00000A4E   0x1CE0             ADDS     R0,R4,#+3
   \   00000A50   0x.... 0x....      BL       SRData__CheckByte
   \   00000A54   0xF104 0x01B8      ADD      R1,R4,#+184
   \   00000A58   0xF104 0x0090      ADD      R0,R4,#+144
   \   00000A5C   0x.... 0x....      BL       SRData__CheckLong
   \   00000A60   0xF104 0x01BC      ADD      R1,R4,#+188
   \   00000A64   0xF104 0x0094      ADD      R0,R4,#+148
   \   00000A68   0x.... 0x....      BL       SRData__CheckLong
   \   00000A6C   0xF104 0x01C0      ADD      R1,R4,#+192
   \   00000A70   0xF104 0x0098      ADD      R0,R4,#+152
   \   00000A74   0x.... 0x....      BL       SRData__CheckLong
   \   00000A78   0xF104 0x01C4      ADD      R1,R4,#+196
   \   00000A7C   0xF104 0x009C      ADD      R0,R4,#+156
   \   00000A80   0x.... 0x....      BL       SRData__CheckLong
   \   00000A84   0xF104 0x01C8      ADD      R1,R4,#+200
   \   00000A88   0xF104 0x00A0      ADD      R0,R4,#+160
   \   00000A8C   0x.... 0x....      BL       SRData__CheckLong
   \   00000A90   0xF104 0x01D0      ADD      R1,R4,#+208
   \   00000A94   0xF104 0x00AC      ADD      R0,R4,#+172
   \   00000A98   0x.... 0x....      BL       SRData__CheckLong
   \   00000A9C   0xF104 0x01CC      ADD      R1,R4,#+204
   \   00000AA0   0xF104 0x00A4      ADD      R0,R4,#+164
   \   00000AA4   0x.... 0x....      BL       SRData__CheckLong
   \   00000AA8   0xF104 0x01DC      ADD      R1,R4,#+220
   \   00000AAC   0x1D20             ADDS     R0,R4,#+4
   \   00000AAE   0x.... 0x....      BL       SRData__CheckByte
   \   00000AB2   0x.... 0x....      BL       SRMCPwm__GetMaxPwm
   \   00000AB6   0xEE00 0x0A10      VMOV     S0,R0
   \   00000ABA   0xEEB8 0x0A40      VCVT.F32.U32 S0,S0
   \   00000ABE   0xEEBD 0x0AC0      VCVT.S32.F32 S0,S0
   \   00000AC2   0xEE10 0x0A10      VMOV     R0,S0
   \   00000AC6   0x1040             ASRS     R0,R0,#+1
   \   00000AC8   0xEE00 0x0A10      VMOV     S0,R0
   \   00000ACC   0xEEB8 0x0AC0      VCVT.F32.S32 S0,S0
   \   00000AD0   0xEDDF 0x0A01      VLDR.W   S1,??SRMotorSafetyMgr__Handler5ms_30  ;; 0x3f866666
   \   00000AD4   0xE002             B.N      ??SRMotorSafetyMgr__Handler5ms_32
   \   00000AD6   0xBF00             Nop      
   \                     ??SRMotorSafetyMgr__Handler5ms_30:
   \   00000AD8   0x3F866666         DC32     0x3f866666
   \                     ??SRMotorSafetyMgr__Handler5ms_32: (+1)
   \   00000ADC   0xEE60 0x0A20      VMUL.F32 S1,S0,S1
   \   00000AE0   0xED9F 0x....      VLDR.W   S2,??DataTable8  ;; 0x3f733333
   \   00000AE4   0xEE20 0x0A01      VMUL.F32 S0,S0,S2
   \   00000AE8   0xEEFD 0x0AE0      VCVT.S32.F32 S1,S1
   \   00000AEC   0xEEBD 0x0AC0      VCVT.S32.F32 S0,S0
   \   00000AF0   0xEDC4 0x0A24      VSTR     S1,[R4, #+144]
   \   00000AF4   0xED84 0x0A25      VSTR     S0,[R4, #+148]
   \   00000AF8   0xEE10 0x2A90      VMOV     R2,S1
   \   00000AFC   0xF104 0x01B8      ADD      R1,R4,#+184
   \   00000B00   0xF104 0x0090      ADD      R0,R4,#+144
   \   00000B04   0x.... 0x....      BL       SRData__UpdateLong
   \   00000B08   0xF8D4 0x2094      LDR      R2,[R4, #+148]
   \   00000B0C   0xF104 0x01BC      ADD      R1,R4,#+188
   \   00000B10   0xF104 0x0094      ADD      R0,R4,#+148
   \   00000B14   0x.... 0x....      BL       SRData__UpdateLong
   \   00000B18   0xF8D4 0x2094      LDR      R2,[R4, #+148]
   \   00000B1C   0xF104 0x01C0      ADD      R1,R4,#+192
   \   00000B20   0xF104 0x0098      ADD      R0,R4,#+152
   \   00000B24   0x.... 0x....      BL       SRData__UpdateLong
   \   00000B28   0x2200             MOVS     R2,#+0
   \   00000B2A   0x1DA1             ADDS     R1,R4,#+6
   \   00000B2C   0x1CE0             ADDS     R0,R4,#+3
   \   00000B2E   0x.... 0x....      BL       SRData__UpdateByte
   \   00000B32   0x2200             MOVS     R2,#+0
   \   00000B34   0xF104 0x01C4      ADD      R1,R4,#+196
   \   00000B38   0xF104 0x009C      ADD      R0,R4,#+156
   \   00000B3C   0x.... 0x....      BL       SRData__UpdateLong
   \   00000B40   0xF04F 0x4280      MOV      R2,#+1073741824
   \   00000B44   0xF104 0x01C8      ADD      R1,R4,#+200
   \   00000B48   0xF104 0x00A0      ADD      R0,R4,#+160
   \   00000B4C   0x.... 0x....      BL       SRData__UpdateLong
   \   00000B50   0xF04F 0x4280      MOV      R2,#+1073741824
   \   00000B54   0xF104 0x01D0      ADD      R1,R4,#+208
   \   00000B58   0xF104 0x00AC      ADD      R0,R4,#+172
   \   00000B5C   0x.... 0x....      BL       SRData__UpdateLong
   \   00000B60   0x2200             MOVS     R2,#+0
   \   00000B62   0xF104 0x01CC      ADD      R1,R4,#+204
   \   00000B66   0xF104 0x00A4      ADD      R0,R4,#+164
   \   00000B6A   0x.... 0x....      BL       SRData__UpdateLong
   \   00000B6E   0x2200             MOVS     R2,#+0
   \   00000B70   0xF504 0x7198      ADD      R1,R4,#+304
   \   00000B74   0xF104 0x00A8      ADD      R0,R4,#+168
   \   00000B78   0x.... 0x....      BL       SRData__UpdateLong
   \   00000B7C   0x2200             MOVS     R2,#+0
   \   00000B7E   0xF104 0x01DC      ADD      R1,R4,#+220
   \   00000B82   0x1D20             ADDS     R0,R4,#+4
   \   00000B84   0x.... 0x....      BL       SRData__UpdateByte
   1080          
   1081                      SR_DATA_MCU_UPDATE_LONG(SR_Timeout_Failure_Retry, TACHO_TIMEOUT); //Load time out
   \   00000B88   0x2278             MOVS     R2,#+120
   \   00000B8A   0xE141             B.N      ??SRMotorSafetyMgr__Handler5ms_13
   1082                  }
   1083          
   1084          #endif
   1085          
   1086          #ifdef SR_CIM_MOTOR
   1087          
   1088                  // State required only for BPM, if the sw falls here, the
   1089                  // state variable is corrupted.
   1090                  SRDATA_CORRUPTION_EXCEPTION(10);
   1091          
   1092          #endif
   1093              }
   1094          
   1095          
   1096          
   1097          
   1098              ////////////////////////////////////////////////////////////////////////////////////////////////
   1099              ////////////////////////////////////////////////////////////////////////////////////////////////
   1100              /// Initialize the variables for this state machine and waiting until the power up is performed
   1101              else if(temp == SAFETY_MNGR_INITIALIZE)
   \                     ??SRMotorSafetyMgr__Handler5ms_27: (+1)
   \   00000B8C   0x2801             CMP      R0,#+1
   \   00000B8E   0xF040 0x80EA      BNE.W    ??SRMotorSafetyMgr__Handler5ms_33
   1102              {
   1103          
   1104                  AverageSensorsOffset();                 // Average the offsets and update the analog data
   \   00000B92   0x2000             MOVS     R0,#+0
   \   00000B94   0xF3EF 0x8510      MRS      R5,PRIMASK
   \   00000B98   0xB672             CPSID    I
   \   00000B9A   0xF9B4 0x100E      LDRSH    R1,[R4, #+14]
   \   00000B9E   0xF9B4 0x202E      LDRSH    R2,[R4, #+46]
   \   00000BA2   0x43D2             MVNS     R2,R2
   \   00000BA4   0xB289             UXTH     R1,R1
   \   00000BA6   0xB292             UXTH     R2,R2
   \   00000BA8   0x4291             CMP      R1,R2
   \   00000BAA   0xBF18             IT       NE 
   \   00000BAC   0x2001             MOVNE    R0,#+1
   \   00000BAE   0xF9B4 0x1012      LDRSH    R1,[R4, #+18]
   \   00000BB2   0xF9B4 0x2032      LDRSH    R2,[R4, #+50]
   \   00000BB6   0x43D2             MVNS     R2,R2
   \   00000BB8   0xB289             UXTH     R1,R1
   \   00000BBA   0xB292             UXTH     R2,R2
   \   00000BBC   0x4291             CMP      R1,R2
   \   00000BBE   0xBF18             IT       NE 
   \   00000BC0   0x1C40             ADDNE    R0,R0,#+1
   \   00000BC2   0xF9B4 0x1016      LDRSH    R1,[R4, #+22]
   \   00000BC6   0xF9B4 0x2036      LDRSH    R2,[R4, #+54]
   \   00000BCA   0x43D2             MVNS     R2,R2
   \   00000BCC   0xB289             UXTH     R1,R1
   \   00000BCE   0xB292             UXTH     R2,R2
   \   00000BD0   0x4291             CMP      R1,R2
   \   00000BD2   0xBF18             IT       NE 
   \   00000BD4   0x1C40             ADDNE    R0,R0,#+1
   \   00000BD6   0xF9B4 0x1010      LDRSH    R1,[R4, #+16]
   \   00000BDA   0xF9B4 0x2030      LDRSH    R2,[R4, #+48]
   \   00000BDE   0x43D2             MVNS     R2,R2
   \   00000BE0   0xB289             UXTH     R1,R1
   \   00000BE2   0xB292             UXTH     R2,R2
   \   00000BE4   0x4291             CMP      R1,R2
   \   00000BE6   0xBF18             IT       NE 
   \   00000BE8   0x1C40             ADDNE    R0,R0,#+1
   \   00000BEA   0xF9B4 0x1014      LDRSH    R1,[R4, #+20]
   \   00000BEE   0xF9B4 0x2034      LDRSH    R2,[R4, #+52]
   \   00000BF2   0x43D2             MVNS     R2,R2
   \   00000BF4   0xB289             UXTH     R1,R1
   \   00000BF6   0xB292             UXTH     R2,R2
   \   00000BF8   0x4291             CMP      R1,R2
   \   00000BFA   0xBF18             IT       NE 
   \   00000BFC   0x1C40             ADDNE    R0,R0,#+1
   \   00000BFE   0xF9B4 0x1018      LDRSH    R1,[R4, #+24]
   \   00000C02   0xF9B4 0x2038      LDRSH    R2,[R4, #+56]
   \   00000C06   0x43D2             MVNS     R2,R2
   \   00000C08   0xB289             UXTH     R1,R1
   \   00000C0A   0xB292             UXTH     R2,R2
   \   00000C0C   0x4291             CMP      R1,R2
   \   00000C0E   0xBF18             IT       NE 
   \   00000C10   0x1C40             ADDNE    R0,R0,#+1
   \   00000C12   0xF9B4 0x1022      LDRSH    R1,[R4, #+34]
   \   00000C16   0xF9B4 0x2042      LDRSH    R2,[R4, #+66]
   \   00000C1A   0x43D2             MVNS     R2,R2
   \   00000C1C   0xB289             UXTH     R1,R1
   \   00000C1E   0xB292             UXTH     R2,R2
   \   00000C20   0x4291             CMP      R1,R2
   \   00000C22   0xBF18             IT       NE 
   \   00000C24   0x1C40             ADDNE    R0,R0,#+1
   \   00000C26   0xB120             CBZ.N    R0,??SRMotorSafetyMgr__Handler5ms_34
   \   00000C28   0x2201             MOVS     R2,#+1
   \   00000C2A   0x2100             MOVS     R1,#+0
   \   00000C2C   0x2001             MOVS     R0,#+1
   \   00000C2E   0x.... 0x....      BL       SRException__Queue
   \                     ??SRMotorSafetyMgr__Handler5ms_34: (+1)
   \   00000C32   0xF385 0x8810      MSR      PRIMASK,R5
   \   00000C36   0xF104 0x01E8      ADD      R1,R4,#+232
   \   00000C3A   0xF104 0x0048      ADD      R0,R4,#+72
   \   00000C3E   0x.... 0x....      BL       SRData__CheckLong
   \   00000C42   0xF104 0x01EC      ADD      R1,R4,#+236
   \   00000C46   0xF104 0x004C      ADD      R0,R4,#+76
   \   00000C4A   0x.... 0x....      BL       SRData__CheckLong
   \   00000C4E   0xF104 0x01F0      ADD      R1,R4,#+240
   \   00000C52   0xF104 0x0050      ADD      R0,R4,#+80
   \   00000C56   0x.... 0x....      BL       SRData__CheckLong
   \   00000C5A   0x6CA0             LDR      R0,[R4, #+72]
   \   00000C5C   0xF9B4 0x100E      LDRSH    R1,[R4, #+14]
   \   00000C60   0xF9B4 0x2010      LDRSH    R2,[R4, #+16]
   \   00000C64   0x1851             ADDS     R1,R2,R1
   \   00000C66   0xEBA1 0x4120      SUB      R1,R1,R0, ASR #+16
   \   00000C6A   0xEB01 0x0281      ADD      R2,R1,R1, LSL #+2
   \   00000C6E   0xEB00 0x15C2      ADD      R5,R0,R2, LSL #+7
   \   00000C72   0x462A             MOV      R2,R5
   \   00000C74   0xF104 0x01E8      ADD      R1,R4,#+232
   \   00000C78   0xF104 0x0048      ADD      R0,R4,#+72
   \   00000C7C   0x.... 0x....      BL       SRData__UpdateLong
   \   00000C80   0x142A             ASRS     R2,R5,#+16
   \   00000C82   0xB292             UXTH     R2,R2
   \   00000C84   0xF104 0x0130      ADD      R1,R4,#+48
   \   00000C88   0xF104 0x0010      ADD      R0,R4,#+16
   \   00000C8C   0x.... 0x....      BL       SRData__UpdateShort
   \   00000C90   0x6CE0             LDR      R0,[R4, #+76]
   \   00000C92   0xF9B4 0x1012      LDRSH    R1,[R4, #+18]
   \   00000C96   0xF9B4 0x2014      LDRSH    R2,[R4, #+20]
   \   00000C9A   0x1851             ADDS     R1,R2,R1
   \   00000C9C   0xEBA1 0x4120      SUB      R1,R1,R0, ASR #+16
   \   00000CA0   0xEB01 0x0281      ADD      R2,R1,R1, LSL #+2
   \   00000CA4   0xEB00 0x15C2      ADD      R5,R0,R2, LSL #+7
   \   00000CA8   0x462A             MOV      R2,R5
   \   00000CAA   0xF104 0x01EC      ADD      R1,R4,#+236
   \   00000CAE   0xF104 0x004C      ADD      R0,R4,#+76
   \   00000CB2   0x.... 0x....      BL       SRData__UpdateLong
   \   00000CB6   0x142A             ASRS     R2,R5,#+16
   \   00000CB8   0xB292             UXTH     R2,R2
   \   00000CBA   0xF104 0x0134      ADD      R1,R4,#+52
   \   00000CBE   0xF104 0x0014      ADD      R0,R4,#+20
   \   00000CC2   0x.... 0x....      BL       SRData__UpdateShort
   \   00000CC6   0x6D20             LDR      R0,[R4, #+80]
   \   00000CC8   0xF9B4 0x1016      LDRSH    R1,[R4, #+22]
   \   00000CCC   0xF9B4 0x2018      LDRSH    R2,[R4, #+24]
   \   00000CD0   0x1851             ADDS     R1,R2,R1
   \   00000CD2   0xEBA1 0x4120      SUB      R1,R1,R0, ASR #+16
   \   00000CD6   0xEB01 0x0281      ADD      R2,R1,R1, LSL #+2
   \   00000CDA   0xEB00 0x15C2      ADD      R5,R0,R2, LSL #+7
   \   00000CDE   0x462A             MOV      R2,R5
   \   00000CE0   0xF104 0x01F0      ADD      R1,R4,#+240
   \   00000CE4   0xF104 0x0050      ADD      R0,R4,#+80
   \   00000CE8   0x.... 0x....      BL       SRData__UpdateLong
   \   00000CEC   0x142A             ASRS     R2,R5,#+16
   \   00000CEE   0xB292             UXTH     R2,R2
   \   00000CF0   0xF104 0x0138      ADD      R1,R4,#+56
   \   00000CF4   0xF104 0x0018      ADD      R0,R4,#+24
   \   00000CF8   0x.... 0x....      BL       SRData__UpdateShort
   1105          
   1106                  PowerUpSensors();                       // Check and set a flag accordingly if the power up condition is already finished
   \   00000CFC   0xF104 0x01E0      ADD      R1,R4,#+224
   \   00000D00   0xF104 0x0024      ADD      R0,R4,#+36
   \   00000D04   0x.... 0x....      BL       SRData__CheckShort
   \   00000D08   0xF9B4 0x0024      LDRSH    R0,[R4, #+36]
   \   00000D0C   0x28C8             CMP      R0,#+200
   \   00000D0E   0xDA06             BGE.N    ??SRMotorSafetyMgr__Handler5ms_35
   \   00000D10   0x1C42             ADDS     R2,R0,#+1
   \   00000D12   0xB292             UXTH     R2,R2
   \   00000D14   0xF104 0x01E0      ADD      R1,R4,#+224
   \   00000D18   0xF104 0x0024      ADD      R0,R4,#+36
   \   00000D1C   0xE01D             B.N      ??SRMotorSafetyMgr__Handler5ms_36
   \                     ??SRMotorSafetyMgr__Handler5ms_35: (+1)
   \   00000D1E   0x6DE0             LDR      R0,[R4, #+92]
   \   00000D20   0x6E21             LDR      R1,[R4, #+96]
   \   00000D22   0x280A             CMP      R0,#+10
   \   00000D24   0xD21B             BCS.N    ??SRMotorSafetyMgr__Handler5ms_37
   \   00000D26   0x1C4D             ADDS     R5,R1,#+1
   \   00000D28   0x462A             MOV      R2,R5
   \   00000D2A   0xF504 0x7180      ADD      R1,R4,#+256
   \   00000D2E   0xF104 0x0060      ADD      R0,R4,#+96
   \   00000D32   0x.... 0x....      BL       SRData__UpdateLong
   \   00000D36   0x2D06             CMP      R5,#+6
   \   00000D38   0xD311             BCC.N    ??SRMotorSafetyMgr__Handler5ms_37
   \   00000D3A   0x2200             MOVS     R2,#+0
   \   00000D3C   0xF504 0x7180      ADD      R1,R4,#+256
   \   00000D40   0xF104 0x0060      ADD      R0,R4,#+96
   \   00000D44   0x.... 0x....      BL       SRData__UpdateLong
   \   00000D48   0x89A0             LDRH     R0,[R4, #+12]
   \   00000D4A   0xF64F 0x71DF      MOVW     R1,#+65503
   \   00000D4E   0xEA01 0x0200      AND      R2,R1,R0
   \   00000D52   0xF104 0x012C      ADD      R1,R4,#+44
   \   00000D56   0xF104 0x000C      ADD      R0,R4,#+12
   \                     ??SRMotorSafetyMgr__Handler5ms_36: (+1)
   \   00000D5A   0x.... 0x....      BL       SRData__UpdateShort
   1107          
   1108                  // Check if the powering up stage has been completed
   1109                  temp = (sint32)SR_Motor_Flags;
   1110                  temp1 = BIT_TEST(temp, SR_FLAG_MICRO_POWERING_UP);
   1111          
   1112                  if(!temp1)
   \                     ??SRMotorSafetyMgr__Handler5ms_37: (+1)
   \   00000D5E   0x89A0             LDRH     R0,[R4, #+12]
   \   00000D60   0x0680             LSLS     R0,R0,#+26
   \   00000D62   0xD45B             BMI.N    ??SRMotorSafetyMgr__Handler5ms_14
   1113                  {
   1114                      SR_DATA_MCU_UPDATE_BYTE(SR_SafetyMngr_State,SAFETY_MNGR_POSTRUN_TESTS);
   \   00000D64   0xE04D             B.N      ??SRMotorSafetyMgr__Handler5ms_15
   1115                  }
   1116              }
   1117          
   1118          
   1119              ////////////////////////////////////////////////////////////////////////////////////////////////
   1120              ////////////////////////////////////////////////////////////////////////////////////////////////
   1121              // If an error is found, the state machine shall stay in this ERROR state
   1122              else if(temp == SAFETY_MNGR_ERROR_FOUND)
   \                     ??SRMotorSafetyMgr__Handler5ms_33: (+1)
   \   00000D66   0x2806             CMP      R0,#+6
   \   00000D68   0xD158             BNE.N    ??SRMotorSafetyMgr__Handler5ms_14
   1123              {
   1124          
   1125                  temp2 = (uint32)SR_Motor_Fault;
   1126                  temp2  = BIT_TEST(temp2, SR_FAULT_OVER_CURRENT);
   1127                  if(!temp2) // If no overcurrent failure has been found, then apply the pwm error reaction, otherwise turn off Pwm
   \   00000D6A   0x8920             LDRH     R0,[R4, #+8]
   \   00000D6C   0xF3C0 0x1080      UBFX     R0,R0,#+6,#+1
   \   00000D70   0xB9B8             CBNZ.N   R0,??SRMotorSafetyMgr__Handler5ms_38
   1128                  {
   1129                      OverVoltageProtection();
   \   00000D72   0x8920             LDRH     R0,[R4, #+8]
   \   00000D74   0xF3C0 0x2040      UBFX     R0,R0,#+9,#+1
   \   00000D78   0xB180             CBZ.N    R0,??SRMotorSafetyMgr__Handler5ms_39
   \   00000D7A   0xF104 0x0142      ADD      R1,R4,#+66
   \   00000D7E   0xF104 0x0022      ADD      R0,R4,#+34
   \   00000D82   0x.... 0x....      BL       SRData__CheckShort
   \   00000D86   0xF9B4 0x0022      LDRSH    R0,[R4, #+34]
   \   00000D8A   0xF640 0x7166      MOVW     R1,#+3942
   \   00000D8E   0x4288             CMP      R0,R1
   \   00000D90   0xDA04             BGE.N    ??SRMotorSafetyMgr__Handler5ms_39
   \   00000D92   0xF240 0x5103      MOVW     R1,#+1283
   \   00000D96   0x4288             CMP      R0,R1
   \   00000D98   0xDA05             BGE.N    ??SRMotorSafetyMgr__Handler5ms_40
   \   00000D9A   0xE002             B.N      ??SRMotorSafetyMgr__Handler5ms_38
   \                     ??SRMotorSafetyMgr__Handler5ms_39: (+1)
   \   00000D9C   0x.... 0x....      BL       SRMCPwm__TurnOnLowSideGates
   \   00000DA0   0xE001             B.N      ??SRMotorSafetyMgr__Handler5ms_40
   1130                  }
   1131                  else
   1132                  {
   1133                      SRMCPwm__TurnOffAllGates();
   \                     ??SRMotorSafetyMgr__Handler5ms_38: (+1)
   \   00000DA2   0x.... 0x....      BL       SRMCPwm__TurnOffAllGates
   1134                  }
   1135          
   1136                  temp2 = (uint32)SR_Motor_Fault;
   1137                  temp2  = BIT_TEST(temp2, SR_FAULT_OVER_LOAD);
   1138          
   1139                  if(!temp2)
   \                     ??SRMotorSafetyMgr__Handler5ms_40: (+1)
   \   00000DA6   0x8920             LDRH     R0,[R4, #+8]
   \   00000DA8   0xF3C0 0x2000      UBFX     R0,R0,#+8,#+1
   \   00000DAC   0xBBB0             CBNZ.N   R0,??SRMotorSafetyMgr__Handler5ms_14
   1140                  {
   1141                      // no overload condition
   1142                      temp2 = (uint32)SR_Timeout_Failure_Retry;
   \   00000DAE   0xF8D4 0x0080      LDR      R0,[R4, #+128]
   1143          
   1144                      if(!temp2)//timeout to zero
   \   00000DB2   0xBB60             CBNZ.N   R0,??SRMotorSafetyMgr__Handler5ms_41
   1145                      {
   1146                          SR_DATA_MCU_UPDATE_SHORT(SR_Phase_Lost_Counter,0);
   \   00000DB4   0x2200             MOVS     R2,#+0
   \   00000DB6   0xF104 0x01E2      ADD      R1,R4,#+226
   \   00000DBA   0xF104 0x0026      ADD      R0,R4,#+38
   \   00000DBE   0x.... 0x....      BL       SRData__UpdateShort
   1147          
   1148                          // Clear all Sr Fault except the overload one
   1149                          SR_DATA_MCU_UPDATE_SHORT(SR_Motor_Fault,0);
   \   00000DC2   0x2200             MOVS     R2,#+0
   \   00000DC4   0xF104 0x012A      ADD      R1,R4,#+42
   \   00000DC8   0xF104 0x0008      ADD      R0,R4,#+8
   \   00000DCC   0x.... 0x....      BL       SRData__UpdateShort
   1150          
   1151                          // Go postrun test to restart the motor
   1152                          SR_INITMOTORMOVINGHANDLER();
   \   00000DD0   0x89A0             LDRH     R0,[R4, #+12]
   \   00000DD2   0xF64F 0x71FE      MOVW     R1,#+65534
   \   00000DD6   0xEA01 0x0200      AND      R2,R1,R0
   \   00000DDA   0xF104 0x012C      ADD      R1,R4,#+44
   \   00000DDE   0xF104 0x000C      ADD      R0,R4,#+12
   \   00000DE2   0x.... 0x....      BL       SRData__UpdateShort
   \   00000DE6   0x2200             MOVS     R2,#+0
   \   00000DE8   0xF104 0x01F8      ADD      R1,R4,#+248
   \   00000DEC   0xF104 0x0058      ADD      R0,R4,#+88
   \   00000DF0   0x.... 0x....      BL       SRData__UpdateLong
   \   00000DF4   0x2200             MOVS     R2,#+0
   \   00000DF6   0xF104 0x01F4      ADD      R1,R4,#+244
   \   00000DFA   0xF104 0x0054      ADD      R0,R4,#+84
   \   00000DFE   0x.... 0x....      BL       SRData__UpdateLong
   1153                          SR_DATA_MCU_UPDATE_BYTE(SR_SafetyMngr_State,SAFETY_MNGR_POSTRUN_TESTS);
   \                     ??SRMotorSafetyMgr__Handler5ms_15: (+1)
   \   00000E02   0x2204             MOVS     R2,#+4
   \                     ??SRMotorSafetyMgr__Handler5ms_18: (+1)
   \   00000E04   0x1C61             ADDS     R1,R4,#+1
   \   00000E06   0x4620             MOV      R0,R4
   \   00000E08   0x.... 0x....      BL       SRData__UpdateByte
   \   00000E0C   0xE006             B.N      ??SRMotorSafetyMgr__Handler5ms_14
   1154          
   1155                      }
   1156                      else //reduce time
   1157                      {
   1158                          temp2--;
   1159                          SR_DATA_MCU_UPDATE_LONG(SR_Timeout_Failure_Retry,temp2);
   \                     ??SRMotorSafetyMgr__Handler5ms_41: (+1)
   \   00000E0E   0x1E42             SUBS     R2,R0,#+1
   \                     ??SRMotorSafetyMgr__Handler5ms_13: (+1)
   \   00000E10   0xF504 0x7190      ADD      R1,R4,#+288
   \   00000E14   0xF104 0x0080      ADD      R0,R4,#+128
   \                     ??SRMotorSafetyMgr__Handler5ms_26: (+1)
   \   00000E18   0x.... 0x....      BL       SRData__UpdateLong
   1160                      }
   1161                  }
   1162              }
   1163          
   1164          
   1165              SRMOTORSAFETYMGR_5MS_FLOW_HANDLER_END();
   \                     ??SRMotorSafetyMgr__Handler5ms_14: (+1)
   \   00000E1C   0xB001             ADD      SP,SP,#+4
   \   00000E1E   0xE8BD 0x4030      POP      {R4,R5,LR}
   \   00000E22   0x2001             MOVS     R0,#+1
   \   00000E24   0x.... 0x....      B.W      SRFlow__MainLogEvent
   1166          }
   1167          
   1168          
   1169          
   1170          //---------------------------------------------------------------------------------------------------------------------
   1171          /**
   1172           *  @brief      Perform the motor over load verification
   1173           */

   \                                 In section .text, align 2, keep-with-next
   1174          void SRMotorSafetyMgr__SlowHandler(void)
   1175          {
   \                     SRMotorSafetyMgr__SlowHandler: (+1)
   \   00000000   0xB510             PUSH     {R4,LR}
   1176              uint16 temp;
   1177              uint16 temp2;
   1178          
   1179              SRMOTORSAFETYMGR_25MS_FLOW_HANDLER_BEGIN();
   \   00000002   0x2006             MOVS     R0,#+6
   \   00000004   0x.... 0x....      BL       SRFlow__MainLogEvent
   1180          
   1181              SR_DATA_MCU_CHECK_BYTE(SR_SafetyMngr_State);
   \   00000008   0x.... 0x....      LDR.W    R4,??DataTable29_3
   \   0000000C   0x1C61             ADDS     R1,R4,#+1
   \   0000000E   0x4620             MOV      R0,R4
   \   00000010   0x.... 0x....      BL       SRData__CheckByte
   1182          
   1183              temp = (uint16)SR_SafetyMngr_State;
   \   00000014   0x7820             LDRB     R0,[R4, #+0]
   1184          
   1185              temp2 = SR_Motor_Flags;
   \   00000016   0x89A1             LDRH     R1,[R4, #+12]
   1186              temp2 = BIT_TEST(temp2, SR_FLAG_MC_PARAMETERS_LOADED);
   1187          
   1188              if( (temp > SAFETY_MNGR_INITIALIZE) &&          // overload temperature initialized
   1189                  (temp2) )                                   // and ensure parameters are loaded
   \   00000018   0x2802             CMP      R0,#+2
   \   0000001A   0xF2C0 0x808F      BLT.W    ??SRMotorSafetyMgr__SlowHandler_0
   \   0000001E   0xF3C1 0x2040      UBFX     R0,R1,#+9,#+1
   \   00000022   0x2800             CMP      R0,#+0
   \   00000024   0xF000 0x808A      BEQ.W    ??SRMotorSafetyMgr__SlowHandler_0
   1190              {
   1191                  CheckSafetyParameters();
   \   00000028   0x6C60             LDR      R0,[R4, #+68]
   \   0000002A   0x2232             MOVS     R2,#+50
   \   0000002C   0xF64F 0x71FF      MOVW     R1,#+65535
   \   00000030   0x1C80             ADDS     R0,R0,#+2
   \   00000032   0x.... 0x....      BL       Crc16__RangeProcess
   \   00000036   0x6C61             LDR      R1,[R4, #+68]
   \   00000038   0x8809             LDRH     R1,[R1, #+0]
   \   0000003A   0x4288             CMP      R0,R1
   \   0000003C   0xD004             BEQ.N    ??SRMotorSafetyMgr__SlowHandler_1
   \   0000003E   0x2200             MOVS     R2,#+0
   \   00000040   0x2100             MOVS     R1,#+0
   \   00000042   0x2001             MOVS     R0,#+1
   \   00000044   0x.... 0x....      BL       SRException__Queue
   1192          
   1193                  CheckVariables4Failure_25ms();
   \                     ??SRMotorSafetyMgr__SlowHandler_1: (+1)
   \   00000048   0xF104 0x012A      ADD      R1,R4,#+42
   \   0000004C   0xF104 0x0008      ADD      R0,R4,#+8
   \   00000050   0x.... 0x....      BL       SRData__CheckShort
   \   00000054   0xF104 0x01DE      ADD      R1,R4,#+222
   \   00000058   0xF104 0x000A      ADD      R0,R4,#+10
   \   0000005C   0x.... 0x....      BL       SRData__CheckShort
   \   00000060   0xF104 0x012C      ADD      R1,R4,#+44
   \   00000064   0xF104 0x000C      ADD      R0,R4,#+12
   \   00000068   0x.... 0x....      BL       SRData__CheckShort
   \   0000006C   0xF104 0x01E4      ADD      R1,R4,#+228
   \   00000070   0xF104 0x0028      ADD      R0,R4,#+40
   \   00000074   0x.... 0x....      BL       SRData__CheckShort
   \   00000078   0xF504 0x7192      ADD      R1,R4,#+292
   \   0000007C   0xF104 0x0084      ADD      R0,R4,#+132
   \   00000080   0x.... 0x....      BL       SRData__CheckFloat
   \   00000084   0xF504 0x7182      ADD      R1,R4,#+260
   \   00000088   0xF104 0x0064      ADD      R0,R4,#+100
   \   0000008C   0x.... 0x....      BL       SRData__CheckLong
   \   00000090   0xF504 0x7184      ADD      R1,R4,#+264
   \   00000094   0xF104 0x0068      ADD      R0,R4,#+104
   \   00000098   0x.... 0x....      BL       SRData__CheckLong
   \   0000009C   0xF504 0x7186      ADD      R1,R4,#+268
   \   000000A0   0xF104 0x006C      ADD      R0,R4,#+108
   \   000000A4   0x.... 0x....      BL       SRData__CheckLong
   1194          
   1195                  OverLoadProtection();
   \   000000A8   0x8D20             LDRH     R0,[R4, #+40]
   \   000000AA   0x1C40             ADDS     R0,R0,#+1
   \   000000AC   0x8520             STRH     R0,[R4, #+40]
   \   000000AE   0x8D20             LDRH     R0,[R4, #+40]
   \   000000B0   0x2828             CMP      R0,#+40
   \   000000B2   0xDB03             BLT.N    ??SRMotorSafetyMgr__SlowHandler_2
   \   000000B4   0x.... 0x....      BL       RcThermalUpdate
   \   000000B8   0x2000             MOVS     R0,#+0
   \   000000BA   0x8520             STRH     R0,[R4, #+40]
   \                     ??SRMotorSafetyMgr__SlowHandler_2: (+1)
   \   000000BC   0xED94 0x0A21      VLDR     S0,[R4, #+132]
   \   000000C0   0x8921             LDRH     R1,[R4, #+8]
   \   000000C2   0xF3C1 0x2100      UBFX     R1,R1,#+8,#+1
   \   000000C6   0xEEBD 0x0AC0      VCVT.S32.F32 S0,S0
   \   000000CA   0x2900             CMP      R1,#+0
   \   000000CC   0xEE10 0x0A10      VMOV     R0,S0
   \   000000D0   0x6C61             LDR      R1,[R4, #+68]
   \   000000D2   0xB200             SXTH     R0,R0
   \   000000D4   0xD00D             BEQ.N    ??SRMotorSafetyMgr__SlowHandler_3
   \   000000D6   0xF9B1 0x1004      LDRSH    R1,[R1, #+4]
   \   000000DA   0x4288             CMP      R0,R1
   \   000000DC   0xDA1F             BGE.N    ??SRMotorSafetyMgr__SlowHandler_4
   \   000000DE   0x8920             LDRH     R0,[R4, #+8]
   \   000000E0   0xF64F 0x61FF      MOVW     R1,#+65279
   \   000000E4   0xEA01 0x0200      AND      R2,R1,R0
   \   000000E8   0xF104 0x012A      ADD      R1,R4,#+42
   \   000000EC   0xF104 0x0008      ADD      R0,R4,#+8
   \   000000F0   0xE013             B.N      ??SRMotorSafetyMgr__SlowHandler_5
   \                     ??SRMotorSafetyMgr__SlowHandler_3: (+1)
   \   000000F2   0xF9B1 0x1006      LDRSH    R1,[R1, #+6]
   \   000000F6   0x4281             CMP      R1,R0
   \   000000F8   0xDA11             BGE.N    ??SRMotorSafetyMgr__SlowHandler_4
   \   000000FA   0x8920             LDRH     R0,[R4, #+8]
   \   000000FC   0xF440 0x7280      ORR      R2,R0,#0x100
   \   00000100   0xF104 0x012A      ADD      R1,R4,#+42
   \   00000104   0xF104 0x0008      ADD      R0,R4,#+8
   \   00000108   0x.... 0x....      BL       SRData__UpdateShort
   \   0000010C   0x8960             LDRH     R0,[R4, #+10]
   \   0000010E   0xF440 0x7280      ORR      R2,R0,#0x100
   \   00000112   0xF104 0x01DE      ADD      R1,R4,#+222
   \   00000116   0xF104 0x000A      ADD      R0,R4,#+10
   \                     ??SRMotorSafetyMgr__SlowHandler_5: (+1)
   \   0000011A   0x.... 0x....      BL       SRData__UpdateShort
   \                     ??SRMotorSafetyMgr__SlowHandler_4: (+1)
   \   0000011E   0x8D22             LDRH     R2,[R4, #+40]
   \   00000120   0xF104 0x01E4      ADD      R1,R4,#+228
   \   00000124   0xF104 0x0028      ADD      R0,R4,#+40
   \   00000128   0x.... 0x....      BL       SRData__UpdateShort
   \   0000012C   0xED94 0x0A21      VLDR     S0,[R4, #+132]
   \   00000130   0xF504 0x7192      ADD      R1,R4,#+292
   \   00000134   0xF104 0x0084      ADD      R0,R4,#+132
   \   00000138   0x.... 0x....      BL       SRData__UpdateFloat
   1196              }
   1197          
   1198              SRMOTORSAFETYMGR_25MS_FLOW_HANDLER_END();
   \                     ??SRMotorSafetyMgr__SlowHandler_0: (+1)
   \   0000013C   0xE8BD 0x4010      POP      {R4,LR}
   \   00000140   0x2007             MOVS     R0,#+7
   \   00000142   0x.... 0x....      B.W      SRFlow__MainLogEvent
   1199          }
   1200          
   1201          
   1202          
   1203          
   1204          //---------------------------------------------------------------------------------------------------------------------
   1205          /**
   1206           *  @brief      Return if there is any exception on the motor control
   1207           *  @return     TRUE (fault found) or FALSE (no fault found)
   1208           */

   \                                 In section .text, align 2, keep-with-next
   1209          uint8 SRMotorSafetyMgr__AnyFaultFound(void)
   1210          {
   \                     SRMotorSafetyMgr__AnyFaultFound: (+1)
   \   00000000   0xB510             PUSH     {R4,LR}
   1211              uint8 response;
   1212              uint16 temp;
   1213          
   1214              SR_DATA_MCU_CHECK_SHORT(SR_Motor_Fault);
   \   00000002   0x.... 0x....      LDR.W    R4,??DataTable29_3
   \   00000006   0xF104 0x012A      ADD      R1,R4,#+42
   \   0000000A   0xF104 0x0008      ADD      R0,R4,#+8
   \   0000000E   0x.... 0x....      BL       SRData__CheckShort
   1215          
   1216              response = TRUE;
   1217          
   1218              temp = SR_Motor_Fault;
   1219          
   1220              if(!temp)
   \   00000012   0x8921             LDRH     R1,[R4, #+8]
   \   00000014   0x2001             MOVS     R0,#+1
   \   00000016   0xB901             CBNZ.N   R1,??SRMotorSafetyMgr__AnyFaultFound_0
   1221              {
   1222                  response = FALSE;
   \   00000018   0x2000             MOVS     R0,#+0
   1223              }
   1224          
   1225              return(response);
   \                     ??SRMotorSafetyMgr__AnyFaultFound_0: (+1)
   \   0000001A   0xBD10             POP      {R4,PC}          ;; return
   1226          }
   1227          
   1228          
   1229          
   1230          //---------------------------------------------------------------------------------------------------------------------
   1231          /**
   1232           *  @brief      Get if a single fault has happened.
   1233           *  @Param      request_this_fault gives which fault should be verified.
   1234           *              Check in the definition of SR_MOTOR_FAULT_LIST_TYPE
   1235           *  @return     TRUE: given fault found or FALSE: given fault not found
   1236           */

   \                                 In section .text, align 2, keep-with-next
   1237          uint8 SRMotorSafetyMgr__GetFault(SR_MOTOR_FAULT_LIST_TYPE request_this_fault)
   1238          {
   \                     SRMotorSafetyMgr__GetFault: (+1)
   \   00000000   0xB530             PUSH     {R4,R5,LR}
   \   00000002   0x4604             MOV      R4,R0
   1239              uint8 response = TRUE;
   1240              uint16 temp;
   1241          
   1242              SR_DATA_MCU_CHECK_SHORT(SR_Motor_Fault);
   \   00000004   0x.... 0x....      LDR.W    R5,??DataTable29_3
   \   00000008   0xB081             SUB      SP,SP,#+4
   \   0000000A   0xF105 0x012A      ADD      R1,R5,#+42
   \   0000000E   0xF105 0x0008      ADD      R0,R5,#+8
   \   00000012   0x.... 0x....      BL       SRData__CheckShort
   1243          
   1244              temp = SR_Motor_Fault;
   1245              temp = BIT_TEST(temp, (SR_MOTOR_FAULT_LIST_TYPE)request_this_fault);
   1246          
   1247              // Return the status of the tested fault.
   1248              if(temp)
   1249              {
   1250                  response = TRUE;
   1251              }
   1252              else
   1253              {
   1254                  response = FALSE;
   1255              }
   1256          
   1257              return(response);
   \   00000016   0x8928             LDRH     R0,[R5, #+8]
   \   00000018   0x40E0             LSRS     R0,R0,R4
   \   0000001A   0xF000 0x0001      AND      R0,R0,#0x1
   \   0000001E   0xB001             ADD      SP,SP,#+4
   \   00000020   0xBD30             POP      {R4,R5,PC}       ;; return
   1258          }
   1259          
   1260          
   1261          
   1262          //---------------------------------------------------------------------------------------------------------------------
   1263          /**
   1264           * Return if there any error below the MCI.
   1265           * @return  FALSE - No error detected or the error are already recovered
   1266           *          TRUE - There is a error somewhere.
   1267           */

   \                                 In section .text, align 2, keep-with-next
   1268          SR_MOTOR_FAULT_LIST_TYPE SRMotorSafetyMgr__GetListedError(void)
   1269          {
   \                     SRMotorSafetyMgr__GetListedError: (+1)
   \   00000000   0xB530             PUSH     {R4,R5,LR}
   1270              uint16 temp;
   1271              SR_MOTOR_FAULT_LIST_TYPE response;
   1272          
   1273              response = (SR_MOTOR_FAULT_LIST_TYPE)0xFF;     // By default, set all error in the flag.
   1274          
   1275              temp = (uint16)SR_DATA_MCU_CHECK_SHORT(SR_Motor_Fault);
   1276              if(temp == SRDATA_OK)                       // If the fault variable is intact...
   \   00000002   0x.... 0x....      LDR.W    R5,??DataTable29_3
   \   00000006   0xB081             SUB      SP,SP,#+4
   \   00000008   0x24FF             MOVS     R4,#+255
   \   0000000A   0xF105 0x012A      ADD      R1,R5,#+42
   \   0000000E   0xF105 0x0008      ADD      R0,R5,#+8
   \   00000012   0x.... 0x....      BL       SRData__CheckShort
   \   00000016   0xB900             CBNZ.N   R0,??SRMotorSafetyMgr__GetListedError_0
   1277              {
   1278                  response = (SR_MOTOR_FAULT_LIST_TYPE) SR_Motor_Fault;              // update the feedback variable
   \   00000018   0x892C             LDRH     R4,[R5, #+8]
   1279              }
   1280          
   1281              return(response);
   \                     ??SRMotorSafetyMgr__GetListedError_0: (+1)
   \   0000001A   0xB2E0             UXTB     R0,R4
   \   0000001C   0xB001             ADD      SP,SP,#+4
   \   0000001E   0xBD30             POP      {R4,R5,PC}       ;; return
   1282          }
   1283          
   1284          
   1285          
   1286          
   1287          //---------------------------------------------------------------------------------------------------------------------
   1288          /**
   1289           *  @brief      Get if a single fault has happened and kept in the holder register
   1290           *
   1291           *  @Param      request_this_fault gives which fault should be verified.
   1292           *              Check in the definition of SR_MOTOR_FAULT_LIST_TYPE
   1293           *  @return     TRUE: given fault found or FALSE: given fault not found
   1294           */

   \                                 In section .text, align 2, keep-with-next
   1295          uint8 SRMotorSafetyMgr__GetFaultHolder(SR_MOTOR_FAULT_LIST_TYPE request_this_fault)
   1296          {
   \                     SRMotorSafetyMgr__GetFaultHolder: (+1)
   \   00000000   0xB530             PUSH     {R4,R5,LR}
   \   00000002   0x4604             MOV      R4,R0
   1297              uint8 response;
   1298              uint16 temp_u16_holder;
   1299          
   1300              SR_DATA_MCU_CHECK_SHORT(SR_Motor_Fault_Holder);
   \   00000004   0x.... 0x....      LDR.W    R5,??DataTable29_3
   \   00000008   0xB081             SUB      SP,SP,#+4
   \   0000000A   0xF105 0x01DE      ADD      R1,R5,#+222
   \   0000000E   0xF105 0x000A      ADD      R0,R5,#+10
   \   00000012   0x.... 0x....      BL       SRData__CheckShort
   1301          
   1302              temp_u16_holder = SR_Motor_Fault_Holder;
   \   00000016   0x8969             LDRH     R1,[R5, #+10]
   1303              temp_u16_holder = BIT_TEST(temp_u16_holder, (SR_MOTOR_FAULT_LIST_TYPE)request_this_fault);
   1304          
   1305              response = TRUE;                                // By default, error is true.
   \   00000018   0x2001             MOVS     R0,#+1
   1306              if(temp_u16_holder == FALSE)                    // check if correlated bit is reset
   \   0000001A   0x40E1             LSRS     R1,R1,R4
   \   0000001C   0x07C9             LSLS     R1,R1,#+31
   \   0000001E   0xBF58             IT       PL 
   1307              {
   1308                  response = FALSE;                           // then return error is false.
   \   00000020   0x2000             MOVPL    R0,#+0
   1309              }
   1310          
   1311              return(response);
   \   00000022   0xB001             ADD      SP,SP,#+4
   \   00000024   0xBD30             POP      {R4,R5,PC}       ;; return
   1312          }
   1313          
   1314          
   1315          
   1316          
   1317          //---------------------------------------------------------------------------------------------------------------------
   1318          /**
   1319           *  @brief      Get if a single fault has happened.
   1320           *  @Param      request_this_fault gives which fault should be verified.
   1321           *              Check in the definition of SR_MOTOR_FLAGS_LIST_TYPE
   1322           *  @return     TRUE: given fault found or FALSE: given fault not found
   1323           */

   \                                 In section .text, align 2, keep-with-next
   1324          uint8 SRMotorSafetyMgr__GetFlag(SR_MOTOR_FLAGS_LIST_TYPE request_this_flag)
   1325          {
   \                     SRMotorSafetyMgr__GetFlag: (+1)
   \   00000000   0xB530             PUSH     {R4,R5,LR}
   \   00000002   0x4604             MOV      R4,R0
   1326              uint16 temp;
   1327              uint8 response = FALSE;
   1328          
   1329              SR_DATA_MCU_CHECK_SHORT(SR_Motor_Flags);
   \   00000004   0x.... 0x....      LDR.W    R5,??DataTable29_3
   \   00000008   0xB081             SUB      SP,SP,#+4
   \   0000000A   0xF105 0x012C      ADD      R1,R5,#+44
   \   0000000E   0xF105 0x000C      ADD      R0,R5,#+12
   \   00000012   0x.... 0x....      BL       SRData__CheckShort
   1330          
   1331              temp = SR_Motor_Flags;
   1332              temp = BIT_TEST(temp, (SR_MOTOR_FLAGS_LIST_TYPE)request_this_flag);
   1333          
   1334              // Return the status of the tested flag.
   1335              if(temp)
   1336              {
   1337                  response = TRUE;
   1338              }
   1339              else
   1340              {
   1341                  response = FALSE;
   1342              }
   1343          
   1344              return(response);
   \   00000016   0x89A8             LDRH     R0,[R5, #+12]
   \   00000018   0x40E0             LSRS     R0,R0,R4
   \   0000001A   0xF000 0x0001      AND      R0,R0,#0x1
   \   0000001E   0xB001             ADD      SP,SP,#+4
   \   00000020   0xBD30             POP      {R4,R5,PC}       ;; return
   1345          }
   1346          
   1347          
   1348          
   1349          //---------------------------------------------------------------------------------------------------------------------
   1350          /**
   1351           *  @brief      Feeds back if the state machine is in IDLe state.
   1352           *              being controller by a Class A software.
   1353           *  @param      none
   1354           *  @return     TRUE: is in IDLE / FALSE: is at any other state
   1355           */

   \                                 In section .text, align 2, keep-with-next
   1356          uint8 SRMotorSafetyMgr__IsInIdle(void)
   1357          {
   \                     SRMotorSafetyMgr__IsInIdle: (+1)
   \   00000000   0xB510             PUSH     {R4,LR}
   1358              uint8 temp;
   1359              uint16 temp16;
   1360          
   1361              SR_DATA_MCU_CHECK_BYTE(SR_SafetyMngr_State);
   \   00000002   0x.... 0x....      LDR.W    R4,??DataTable29_3
   \   00000006   0x1C61             ADDS     R1,R4,#+1
   \   00000008   0x4620             MOV      R0,R4
   \   0000000A   0x.... 0x....      BL       SRData__CheckByte
   1362              SR_DATA_MCU_CHECK_BYTE(SR_Motor_Flags);
   \   0000000E   0xF104 0x012C      ADD      R1,R4,#+44
   \   00000012   0xF104 0x000C      ADD      R0,R4,#+12
   \   00000016   0x.... 0x....      BL       SRData__CheckByte
   1363          
   1364              temp = (uint8)SR_SafetyMngr_State;
   \   0000001A   0x7820             LDRB     R0,[R4, #+0]
   1365              temp16 = SR_Motor_Flags;
   \   0000001C   0x89A1             LDRH     R1,[R4, #+12]
   1366          
   1367              if((temp == SAFETY_MNGR_IDLE) &&
   1368                 (BIT_TEST(temp16, SR_FLAG_REQUESTED_TO_START) == 0))
   \   0000001E   0x2802             CMP      R0,#+2
   \   00000020   0xD106             BNE.N    ??SRMotorSafetyMgr__IsInIdle_0
   1369              {
   1370                  temp = TRUE;
   \   00000022   0x0609             LSLS     R1,R1,#+24
   \   00000024   0x0E88             LSRS     R0,R1,#+26
   \   00000026   0xF000 0x0001      AND      R0,R0,#0x1
   \   0000002A   0xF080 0x0001      EOR      R0,R0,#0x1
   \   0000002E   0xBD10             POP      {R4,PC}
   1371              }
   1372              else
   1373              {
   1374                  temp = FALSE;
   \                     ??SRMotorSafetyMgr__IsInIdle_0: (+1)
   \   00000030   0x2000             MOVS     R0,#+0
   1375              }
   1376          
   1377              return(temp);
   \   00000032   0xBD10             POP      {R4,PC}          ;; return
   1378          }
   1379          
   1380          
   1381          
   1382          //---------------------------------------------------------------------------------------------------------------------
   1383          /**
   1384           * Warn the Safety Manager the motor is going to start - this routine shall
   1385           * trigger the class b plausibility check BEFORE starting the motor.
   1386           * @return  TRUE accepted request
   1387           *          FALSE denied request
   1388           */

   \                                 In section .text, align 2, keep-with-next
   1389          uint8 SRMotorSafetyMgr__Prepare2StartMotor(void)
   1390          {
   \                     SRMotorSafetyMgr__Prepare2StartMotor: (+1)
   \   00000000   0xB510             PUSH     {R4,LR}
   1391              uint16 temp;
   1392              uint16 temp2;
   1393          
   1394              SR_DATA_MCU_CHECK_BYTE(SR_SafetyMngr_State);
   \   00000002   0x.... 0x....      LDR.W    R4,??DataTable29_3
   \   00000006   0x1C61             ADDS     R1,R4,#+1
   \   00000008   0x4620             MOV      R0,R4
   \   0000000A   0x.... 0x....      BL       SRData__CheckByte
   1395              SR_DATA_MCU_CHECK_SHORT(SR_Motor_Flags);
   \   0000000E   0xF104 0x012C      ADD      R1,R4,#+44
   \   00000012   0xF104 0x000C      ADD      R0,R4,#+12
   \   00000016   0x.... 0x....      BL       SRData__CheckShort
   1396          
   1397              temp2 = SR_Motor_Flags;
   \   0000001A   0x89A0             LDRH     R0,[R4, #+12]
   1398              temp2 = BIT_TEST(temp2, SR_FLAG_MC_PARAMETERS_LOADED);
   1399          
   1400              temp = (uint16)SR_SafetyMngr_State;
   1401              if( (temp == SAFETY_MNGR_IDLE)  &&
   1402                  (temp2) )
   \   0000001C   0x7821             LDRB     R1,[R4, #+0]
   \   0000001E   0x2902             CMP      R1,#+2
   \   00000020   0xD118             BNE.N    ??SRMotorSafetyMgr__Prepare2StartMotor_0
   \   00000022   0xF3C0 0x2040      UBFX     R0,R0,#+9,#+1
   \   00000026   0xB1A8             CBZ.N    R0,??SRMotorSafetyMgr__Prepare2StartMotor_0
   1403              {
   1404                  temp = SR_Motor_Flags;
   \   00000028   0x89A0             LDRH     R0,[R4, #+12]
   1405                  BIT_SET(temp, SR_FLAG_REQUESTED_TO_START);
   1406                  SR_DATA_MCU_UPDATE_SHORT(SR_Motor_Flags,temp);
   \   0000002A   0xF040 0x0204      ORR      R2,R0,#0x4
   \   0000002E   0xF104 0x012C      ADD      R1,R4,#+44
   \   00000032   0xF104 0x000C      ADD      R0,R4,#+12
   \   00000036   0x.... 0x....      BL       SRData__UpdateShort
   1407          
   1408                  temp = SR_Motor_Flags;
   \   0000003A   0x89A0             LDRH     R0,[R4, #+12]
   1409                  BIT_CLR(temp, SR_FLAG_REQUESTED_TO_STOP);
   1410                  SR_DATA_MCU_UPDATE_SHORT(SR_Motor_Flags,temp);
   \   0000003C   0xF64F 0x71F7      MOVW     R1,#+65527
   \   00000040   0xEA01 0x0200      AND      R2,R1,R0
   \   00000044   0xF104 0x012C      ADD      R1,R4,#+44
   \   00000048   0xF104 0x000C      ADD      R0,R4,#+12
   \   0000004C   0x.... 0x....      BL       SRData__UpdateShort
   1411          
   1412                  temp = TRUE;
   \   00000050   0x2001             MOVS     R0,#+1
   \   00000052   0xBD10             POP      {R4,PC}
   1413              }
   1414              else
   1415              {
   1416                  temp = FALSE;
   \                     ??SRMotorSafetyMgr__Prepare2StartMotor_0: (+1)
   \   00000054   0x2000             MOVS     R0,#+0
   1417              }
   1418          
   1419          
   1420              return((uint8)temp);
   \   00000056   0xBD10             POP      {R4,PC}          ;; return
   1421          }
   1422          
   1423          
   1424          
   1425          //---------------------------------------------------------------------------------------------------------------------
   1426          /**
   1427           * Warn the Safety Manager the motor is going to stop soon - this routine shall
   1428           * trigger the class b zero speed measurements.
   1429           * @return  TRUE accepted request
   1430           *          FALSE denied request
   1431           */

   \                                 In section .text, align 2, keep-with-next
   1432          uint8 SRMotorSafetyMgr__Prepare2StopMotor(void)
   1433          {
   \                     SRMotorSafetyMgr__Prepare2StopMotor: (+1)
   \   00000000   0xB530             PUSH     {R4,R5,LR}
   1434              MICRO_DECLARE_INTERRUPT_CONTEXT_LOCAL();
   1435              uint16 temp;
   1436              uint16 temp_flags;
   1437          
   1438              SR_DATA_MCU_CHECK_BYTE(SR_SafetyMngr_State);
   \   00000002   0x.... 0x....      LDR.W    R4,??DataTable29_3
   \   00000006   0xB081             SUB      SP,SP,#+4
   \   00000008   0x1C61             ADDS     R1,R4,#+1
   \   0000000A   0x4620             MOV      R0,R4
   \   0000000C   0x.... 0x....      BL       SRData__CheckByte
   1439              SR_DATA_MCU_CHECK_SHORT(SR_Motor_Flags);
   \   00000010   0xF104 0x012C      ADD      R1,R4,#+44
   \   00000014   0xF104 0x000C      ADD      R0,R4,#+12
   \   00000018   0x.... 0x....      BL       SRData__CheckShort
   1440          
   1441              temp  = (uint16)SR_SafetyMngr_State;
   \   0000001C   0x7820             LDRB     R0,[R4, #+0]
   1442          
   1443              if( (temp == SAFETY_MNGR_RUNNING) ||
   1444                  (temp == SAFETY_MNGR_PRERUN_TESTS))
   \   0000001E   0x2805             CMP      R0,#+5
   \   00000020   0xBF18             IT       NE 
   \   00000022   0x2803             CMPNE    R0,#+3
   \   00000024   0xD110             BNE.N    ??SRMotorSafetyMgr__Prepare2StopMotor_0
   1445              {
   1446                  // From this moment on, the class B will
   1447                  // take over on the control of the pwm access
   1448          
   1449                  MICRO_SAVE_INTERRUPT_CONTEXT_LOCAL();
   \   00000026   0xF3EF 0x8510      MRS      R5,PRIMASK
   \   0000002A   0xB672             CPSID    I
   1450          
   1451                  // Set the request to stop
   1452                  temp_flags = SR_Motor_Flags;
   \   0000002C   0x89A0             LDRH     R0,[R4, #+12]
   1453                  BIT_SET(temp_flags, SR_FLAG_REQUESTED_TO_STOP);
   1454                  SR_DATA_MCU_UPDATE_SHORT(SR_Motor_Flags,temp_flags);
   \   0000002E   0xF040 0x0208      ORR      R2,R0,#0x8
   \   00000032   0xF104 0x012C      ADD      R1,R4,#+44
   \   00000036   0xF104 0x000C      ADD      R0,R4,#+12
   \   0000003A   0x.... 0x....      BL       SRData__UpdateShort
   1455          
   1456                  MICRO_RESTORE_INTERRUPT_CONTEXT_LOCAL();
   \   0000003E   0xF385 0x8810      MSR      PRIMASK,R5
   1457          
   1458                  temp = TRUE;
   \   00000042   0x2001             MOVS     R0,#+1
   1459              }
   1460              else
   1461              {
   1462                  temp = FALSE;
   1463              }
   1464          
   1465              return((uint8)temp);
   \   00000044   0xB001             ADD      SP,SP,#+4
   \   00000046   0xBD30             POP      {R4,R5,PC}
   \                     ??SRMotorSafetyMgr__Prepare2StopMotor_0: (+1)
   \   00000048   0x2000             MOVS     R0,#+0
   \   0000004A   0xB001             ADD      SP,SP,#+4
   \   0000004C   0xBD30             POP      {R4,R5,PC}       ;; return
   1466          }
   1467          
   1468          
   1469          
   1470          //---------------------------------------------------------------------------------------------------------------------
   1471          /**
   1472           *  @brief      Force the motor to stop in a safe way, regardless if the motor is
   1473           *              being controller by a Class A software.
   1474           *  @param      none
   1475           *  @return     TRUE: accepted / FALSE: not accepted
   1476           */

   \                                 In section .text, align 2, keep-with-next
   1477          uint8 SRMotorSafetyMgr__ForceStop(void)
   1478          {
   \                     SRMotorSafetyMgr__ForceStop: (+1)
   \   00000000   0xB510             PUSH     {R4,LR}
   1479              uint16 temp;
   1480          
   1481              SR_DATA_MCU_CHECK_SHORT(SR_Motor_Flags);
   \   00000002   0x.... 0x....      LDR.W    R4,??DataTable29_3
   \   00000006   0xF104 0x012C      ADD      R1,R4,#+44
   \   0000000A   0xF104 0x000C      ADD      R0,R4,#+12
   \   0000000E   0x.... 0x....      BL       SRData__CheckShort
   1482          
   1483              // Set the request to force stop
   1484              temp = SR_Motor_Flags;
   \   00000012   0x89A0             LDRH     R0,[R4, #+12]
   1485              BIT_SET(temp, SR_FLAG_FORCE_TO_STOP);
   1486              SR_DATA_MCU_UPDATE_SHORT(SR_Motor_Flags,temp);
   \   00000014   0xF440 0x6200      ORR      R2,R0,#0x800
   \   00000018   0xF104 0x012C      ADD      R1,R4,#+44
   \   0000001C   0xF104 0x000C      ADD      R0,R4,#+12
   \   00000020   0x.... 0x....      BL       SRData__UpdateShort
   1487          
   1488              temp = SRMotorSafetyMgr__Prepare2StopMotor();
   1489          
   1490              return((uint8)temp);
   \   00000024   0xE8BD 0x4010      POP      {R4,LR}
   \   00000028   0x....             B.N      SRMotorSafetyMgr__Prepare2StopMotor
   1491          }
   1492          
   1493          
   1494          
   1495          //---------------------------------------------------------------------------------------------------------------------
   1496          /**
   1497           *  @brief      Update Pwm variables - class A part
   1498           *  @param      pwm values
   1499           *
   1500           */

   \                                 In section .text, align 2, keep-with-next
   1501          void SRMotorSafetyMgr__UpdatePwm(sint32 duty_a, sint32 duty_b, sint32 duty_c)
   1502          {
   \                     SRMotorSafetyMgr__UpdatePwm: (+1)
   \   00000000   0xB5F0             PUSH     {R4-R7,LR}
   \   00000002   0x4604             MOV      R4,R0
   \   00000004   0x460D             MOV      R5,R1
   1503              uint16 temp;
   1504          
   1505              SR_DATA_MCU_CHECK_SHORT(SR_Motor_Flags);
   \   00000006   0x.... 0x....      LDR.W    R7,??DataTable29_3
   \   0000000A   0xB081             SUB      SP,SP,#+4
   \   0000000C   0x4616             MOV      R6,R2
   \   0000000E   0xF107 0x012C      ADD      R1,R7,#+44
   \   00000012   0xF107 0x000C      ADD      R0,R7,#+12
   \   00000016   0x.... 0x....      BL       SRData__CheckShort
   1506          
   1507              temp = SR_Motor_Flags;
   1508              temp = BIT_TEST(temp, SR_FLAG_CLASS_A_PWM_ACCESS);
   1509              if(temp) // if the class A has access to the pwm peripheral
   \   0000001A   0x89B8             LDRH     R0,[R7, #+12]
   \   0000001C   0x0780             LSLS     R0,R0,#+30
   \   0000001E   0xD507             BPL.N    ??SRMotorSafetyMgr__UpdatePwm_0
   1510              {
   1511                  SRMCPWM__LOADALLPWMVALUES(duty_a, duty_b, duty_c);
   \   00000020   0xB2B2             UXTH     R2,R6
   \   00000022   0xB2A9             UXTH     R1,R5
   \   00000024   0xB2A0             UXTH     R0,R4
   \   00000026   0xB001             ADD      SP,SP,#+4
   \   00000028   0xE8BD 0x40F0      POP      {R4-R7,LR}
   \   0000002C   0x.... 0x....      B.W      SRMCPwm__LoadAllPwmValues
   1512              }
   1513          }
   \                     ??SRMotorSafetyMgr__UpdatePwm_0: (+1)
   \   00000030   0xB001             ADD      SP,SP,#+4
   \   00000032   0xBDF0             POP      {R4-R7,PC}       ;; return
   1514          
   1515          
   1516          
   1517          //---------------------------------------------------------------------------------------------------------------------
   1518          /**
   1519           *  @brief      Set protection active flag and output pattern. If a pattern which is not defined
   1520           *              is passed as parameter, it will force the state machine to error state.
   1521           *  @param      OUTPUT_PATTERN_TYPE pattern
   1522           *  @return     TRUE: request accepted / FALSE: request denied
   1523           */

   \                                 In section .text, align 2, keep-with-next
   1524          uint8 SRMotorSafetyMgr__ConfigPwmPattern(OUTPUT_PATTERN_TYPE pattern)
   1525          {
   \                     SRMotorSafetyMgr__ConfigPwmPattern: (+1)
   \   00000000   0xB530             PUSH     {R4,R5,LR}
   \   00000002   0x4604             MOV      R4,R0
   1526              uint16 temp;
   1527          
   1528              SR_DATA_MCU_CHECK_SHORT(SR_Motor_Flags);
   \   00000004   0x.... 0x....      LDR.W    R5,??DataTable29_3
   \   00000008   0xB081             SUB      SP,SP,#+4
   \   0000000A   0xF105 0x012C      ADD      R1,R5,#+44
   \   0000000E   0xF105 0x000C      ADD      R0,R5,#+12
   \   00000012   0x.... 0x....      BL       SRData__CheckShort
   1529          
   1530              temp = SR_Motor_Flags;
   1531              temp = BIT_TEST(temp, SR_FLAG_CLASS_A_PWM_ACCESS);
   \   00000016   0x89A8             LDRH     R0,[R5, #+12]
   \   00000018   0xF3C0 0x0540      UBFX     R5,R0,#+1,#+1
   1532              if(temp)    // if the class A has access to the pwm peripheral
   \   0000001C   0xB165             CBZ.N    R5,??SRMotorSafetyMgr__ConfigPwmPattern_0
   1533              {
   1534                  // The write the pattern asked by the class A to the pwm peripheral
   1535                  if(pattern == OUTPUT_PATTERN_LOWERS_ON)
   \   0000001E   0x2C01             CMP      R4,#+1
   \   00000020   0xD105             BNE.N    ??SRMotorSafetyMgr__ConfigPwmPattern_1
   1536                  {
   1537                      temp = TRUE;
   \   00000022   0x2501             MOVS     R5,#+1
   1538          
   1539                      SRMCPwm__TurnOnLowSideGates();
   \   00000024   0x.... 0x....      BL       SRMCPwm__TurnOnLowSideGates
   1540                  }
   1541                  else if(pattern == OUTPUT_PATTERN_ALL_DEV_OFF)
   1542                  {
   1543                      temp = TRUE;
   1544                      //! Turning only low side igbt off helps on the brownout management. Turn high side off does not help.
   1545                      SRMCPwm__TurnOffAllGates();
   1546                  }
   1547              }
   1548          
   1549              return(temp);
   \   00000028   0x4628             MOV      R0,R5
   \   0000002A   0xB001             ADD      SP,SP,#+4
   \   0000002C   0xBD30             POP      {R4,R5,PC}
   \                     ??SRMotorSafetyMgr__ConfigPwmPattern_1: (+1)
   \   0000002E   0x2C02             CMP      R4,#+2
   \   00000030   0xBF04             ITT      EQ 
   \   00000032   0x2501             MOVEQ    R5,#+1
   \   00000034   0x.... 0x....      BLEQ     SRMCPwm__TurnOffAllGates
   \                     ??SRMotorSafetyMgr__ConfigPwmPattern_0: (+1)
   \   00000038   0x4628             MOV      R0,R5
   \   0000003A   0xB001             ADD      SP,SP,#+4
   \   0000003C   0xBD30             POP      {R4,R5,PC}       ;; return
   1550          }
   1551          
   1552          //---------------------------------------------------------------------------------------------------------------------
   1553          /**
   1554           *  @brief      Variable PWM Frequency: update the PWM frequency.
   1555          
   1556           * @param[in]   pwm_period_perc The percentage of the nominal frequency\period we want to apply in the next pwm cycle.
   1557           */

   \                                 In section .text, align 2, keep-with-next
   1558          void SRMotorSafetyMgr__UpdatePwmPeriod(uint32 pwm_period_perc)
   1559          {
   1560              SRMCPwm__UpdatePeriod(pwm_period_perc);
   \                     SRMotorSafetyMgr__UpdatePwmPeriod: (+1)
   \   00000000   0x.... 0x....      B.W      SRMCPwm__UpdatePeriod
   1561          }
   1562          
   1563          //---------------------------------------------------------------------------------------------------------------------

   \                                 In section .text, align 2, keep-with-next
   1564          float SRMotorSafetyMgr__SR_SquaredCurrentRmsA()
   1565          {
   \                     SRMotorSafetyMgr__SR_SquaredCurrentRmsA: (+1)
   \   00000000   0xB510             PUSH     {R4,LR}
   1566              float data;
   1567          
   1568              SR_DATA_MCU_CHECK_LONG(SR_SquaredCurrentRmsA);
   \   00000002   0x.... 0x....      LDR.W    R4,??DataTable29_3
   \   00000006   0xF504 0x7182      ADD      R1,R4,#+260
   \   0000000A   0xF104 0x0064      ADD      R0,R4,#+100
   \   0000000E   0x.... 0x....      BL       SRData__CheckLong
   1569              data = (SR_SquaredCurrentRmsA);
   1570              return(data);
   \   00000012   0xED94 0x0A19      VLDR     S0,[R4, #+100]
   \   00000016   0xEEB8 0x0AC0      VCVT.F32.S32 S0,S0
   \   0000001A   0xBD10             POP      {R4,PC}          ;; return
   1571          }
   1572          
   1573          //---------------------------------------------------------------------------------------------------------------------

   \                                 In section .text, align 2, keep-with-next
   1574          float SRMotorSafetyMgr__SR_SquaredCurrentRmsB()
   1575          {
   \                     SRMotorSafetyMgr__SR_SquaredCurrentRmsB: (+1)
   \   00000000   0xB510             PUSH     {R4,LR}
   1576              float data;
   1577          
   1578              SR_DATA_MCU_CHECK_LONG(SR_SquaredCurrentRmsB);
   \   00000002   0x.... 0x....      LDR.W    R4,??DataTable29_3
   \   00000006   0xF504 0x7184      ADD      R1,R4,#+264
   \   0000000A   0xF104 0x0068      ADD      R0,R4,#+104
   \   0000000E   0x.... 0x....      BL       SRData__CheckLong
   1579              data = (SR_SquaredCurrentRmsB);
   1580              return(data);
   \   00000012   0xED94 0x0A1A      VLDR     S0,[R4, #+104]
   \   00000016   0xEEB8 0x0AC0      VCVT.F32.S32 S0,S0
   \   0000001A   0xBD10             POP      {R4,PC}          ;; return
   1581          }
   1582          
   1583          //---------------------------------------------------------------------------------------------------------------------

   \                                 In section .text, align 2, keep-with-next
   1584          float SRMotorSafetyMgr__SR_SquaredCurrentRmsC()
   1585          {
   \                     SRMotorSafetyMgr__SR_SquaredCurrentRmsC: (+1)
   \   00000000   0xB510             PUSH     {R4,LR}
   1586              float data;
   1587          
   1588              SR_DATA_MCU_CHECK_LONG(SR_SquaredCurrentRmsC);
   \   00000002   0x.... 0x....      LDR.W    R4,??DataTable29_3
   \   00000006   0xF504 0x7186      ADD      R1,R4,#+268
   \   0000000A   0xF104 0x006C      ADD      R0,R4,#+108
   \   0000000E   0x.... 0x....      BL       SRData__CheckLong
   1589              data = SR_SquaredCurrentRmsC;
   1590              return(data);
   \   00000012   0xED94 0x0A1B      VLDR     S0,[R4, #+108]
   \   00000016   0xEEB8 0x0AC0      VCVT.F32.S32 S0,S0
   \   0000001A   0xBD10             POP      {R4,PC}          ;; return
   1591          }
   1592          
   1593          
   1594          
   1595          //---------------------------------------------------------------------------------------------------------------------
   1596          /**
   1597           *  @brief      Write the address of SRMotorSafety parameters.
   1598           *  @details
   1599           *
   1600           * @return  TRUE - value accepted
   1601           *          FALSE - value denied - default answer.
   1602           */
   1603          

   \                                 In section .text, align 4, keep-with-next
   1604          BOOL_TYPE SRMotorSafetyMgr__SetParams(void *params_address)
   1605          {
   \                     SRMotorSafetyMgr__SetParams: (+1)
   \   00000000   0xB570             PUSH     {R4-R6,LR}
   \   00000002   0x4605             MOV      R5,R0
   1606              BOOL_TYPE ret_val = FALSE;
   1607              uint16 temp;
   1608          
   1609              SR_DATA_MCU_CHECK_SHORT(SR_Motor_Flags);
   \   00000004   0x.... 0x....      LDR.W    R4,??DataTable29_3
   \   00000008   0x2600             MOVS     R6,#+0
   \   0000000A   0xF104 0x012C      ADD      R1,R4,#+44
   \   0000000E   0xF104 0x000C      ADD      R0,R4,#+12
   \   00000012   0x.... 0x....      BL       SRData__CheckShort
   1610          
   1611              if (params_address != NULL)
   \   00000016   0x2D00             CMP      R5,#+0
   \   00000018   0xD04A             BEQ.N    ??SRMotorSafetyMgr__SetParams_0
   1612              {
   1613                  SR_MotorSafety_Params = (MOTOR_SAFETY_PARAMS_TYPE *)params_address;
   \   0000001A   0x6465             STR      R5,[R4, #+68]
   1614          
   1615                  temp = CheckSafetyParameters();
   \   0000001C   0x2232             MOVS     R2,#+50
   \   0000001E   0xF64F 0x71FF      MOVW     R1,#+65535
   \   00000022   0x1CA8             ADDS     R0,R5,#+2
   \   00000024   0x.... 0x....      BL       Crc16__RangeProcess
   \   00000028   0x6C61             LDR      R1,[R4, #+68]
   \   0000002A   0x8809             LDRH     R1,[R1, #+0]
   \   0000002C   0x4288             CMP      R0,R1
   \   0000002E   0xD011             BEQ.N    ??SRMotorSafetyMgr__SetParams_1
   \   00000030   0x2200             MOVS     R2,#+0
   \   00000032   0x4611             MOV      R1,R2
   \   00000034   0x2001             MOVS     R0,#+1
   \   00000036   0x.... 0x....      BL       SRException__Queue
   1616                  if(temp == SRDATA_OK)
   1617                  {
   1618                      temp = SR_Motor_Flags;
   1619                      BIT_SET(temp, SR_FLAG_MC_PARAMETERS_LOADED);
   1620                      SR_DATA_MCU_UPDATE_SHORT(SR_Motor_Flags,temp);
   1621          
   1622                      InitOverLoadProtection();
   1623          
   1624                      ret_val = TRUE;
   1625                  }
   1626                  else
   1627                  {
   1628                      temp = SR_Motor_Flags;
   \   0000003A   0x89A0             LDRH     R0,[R4, #+12]
   1629                      BIT_CLR(temp, SR_FLAG_MC_PARAMETERS_LOADED);
   1630                      SR_DATA_MCU_UPDATE_SHORT(SR_Motor_Flags,temp);
   \   0000003C   0xF64F 0x51FF      MOVW     R1,#+65023
   \   00000040   0xEA01 0x0200      AND      R2,R1,R0
   \   00000044   0xF104 0x012C      ADD      R1,R4,#+44
   \   00000048   0xF104 0x000C      ADD      R0,R4,#+12
   \   0000004C   0x.... 0x....      BL       SRData__UpdateShort
   1631                      ret_val = FALSE;
   1632                  }
   1633              }
   1634              return ret_val;
   \   00000050   0x4630             MOV      R0,R6
   \   00000052   0xBD70             POP      {R4-R6,PC}
   \                     ??SRMotorSafetyMgr__SetParams_1: (+1)
   \   00000054   0x89A0             LDRH     R0,[R4, #+12]
   \   00000056   0xF440 0x7200      ORR      R2,R0,#0x200
   \   0000005A   0xF104 0x012C      ADD      R1,R4,#+44
   \   0000005E   0xF104 0x000C      ADD      R0,R4,#+12
   \   00000062   0x.... 0x....      BL       SRData__UpdateShort
   \   00000066   0x2200             MOVS     R2,#+0
   \   00000068   0xF104 0x01E4      ADD      R1,R4,#+228
   \   0000006C   0xF104 0x0028      ADD      R0,R4,#+40
   \   00000070   0x.... 0x....      BL       SRData__UpdateShort
   \   00000074   0x6C60             LDR      R0,[R4, #+68]
   \   00000076   0xF9B0 0x0002      LDRSH    R0,[R0, #+2]
   \   0000007A   0xEE00 0x0A10      VMOV     S0,R0
   \   0000007E   0xEEB8 0x0AC0      VCVT.F32.S32 S0,S0
   \   00000082   0xF504 0x7192      ADD      R1,R4,#+292
   \   00000086   0xF104 0x0084      ADD      R0,R4,#+132
   \   0000008A   0x.... 0x....      BL       SRData__UpdateFloat
   \   0000008E   0xED9F 0x....      VLDR.W   S0,??DataTable28  ;; 0x0
   \   00000092   0xF504 0x7194      ADD      R1,R4,#+296
   \   00000096   0xF104 0x008C      ADD      R0,R4,#+140
   \   0000009A   0x.... 0x....      BL       SRData__UpdateFloat
   \   0000009E   0xED9F 0x....      VLDR.W   S0,??DataTable28  ;; 0x0
   \   000000A2   0xF504 0x7196      ADD      R1,R4,#+300
   \   000000A6   0xF104 0x0088      ADD      R0,R4,#+136
   \   000000AA   0x.... 0x....      BL       SRData__UpdateFloat
   \   000000AE   0x2601             MOVS     R6,#+1
   \                     ??SRMotorSafetyMgr__SetParams_0: (+1)
   \   000000B0   0x4630             MOV      R0,R6
   \   000000B2   0xBD70             POP      {R4-R6,PC}       ;; return
   1635          }
   1636          
   1637          
   1638          
   1639          
   1640          //---------------------------------------------------------------------------------------------------------------------
   1641          /**
   1642           *  @brief      Get the calculated fundamental frequency of voltage
   1643           *  @param      none
   1644           *  @return     [Hz] float - Class A interface - fundamental voltage
   1645           */

   \                                 In section .text, align 2, keep-with-next
   1646          float SRMotorSafetyMgr__GetVoltageFrequency(void)
   1647          {
   \                     SRMotorSafetyMgr__GetVoltageFrequency: (+1)
   \   00000000   0xB510             PUSH     {R4,LR}
   1648              SR_DATA_MCU_CHECK_FLOAT(SR_Voltage_Frequency);
   \   00000002   0x....             LDR.N    R4,??DataTable29_3
   \   00000004   0xF504 0x7196      ADD      R1,R4,#+300
   \   00000008   0xF104 0x0088      ADD      R0,R4,#+136
   \   0000000C   0x.... 0x....      BL       SRData__CheckFloat
   1649          
   1650              return(SR_Voltage_Frequency);
   \   00000010   0xED94 0x0A22      VLDR     S0,[R4, #+136]
   \   00000014   0xBD10             POP      {R4,PC}          ;; return
   1651          }
   1652          
   1653          
   1654          
   1655          
   1656          //---------------------------------------------------------------------------------------------------------------------
   1657          /**
   1658           *  @brief      Get the squared currents
   1659           *  @param      none
   1660           *  @return     [A] float - Class A interface - squared current sum of all 3 currents
   1661           */

   \                                 In section .text, align 2, keep-with-next
   1662          float SRMotorSafetyMgr__GetSquaredCurrents(void)
   1663          {
   \                     SRMotorSafetyMgr__GetSquaredCurrents: (+1)
   \   00000000   0xB510             PUSH     {R4,LR}
   1664              SR_DATA_MCU_CHECK_FLOAT(SR_Squared_Current);
   \   00000002   0x....             LDR.N    R4,??DataTable29_3
   \   00000004   0xF504 0x7194      ADD      R1,R4,#+296
   \   00000008   0xF104 0x008C      ADD      R0,R4,#+140
   \   0000000C   0x.... 0x....      BL       SRData__CheckFloat
   1665          
   1666              return(SR_Squared_Current);
   \   00000010   0xED94 0x0A23      VLDR     S0,[R4, #+140]
   \   00000014   0xBD10             POP      {R4,PC}          ;; return
   1667          }
   1668          
   1669          
   1670          
   1671          
   1672          //---------------------------------------------------------------------------------------------------------------------
   1673          /**
   1674           *  @brief      Get the class B motor temperature (thermal model)
   1675           *  @param      none
   1676           *  @return     [deg C] float - Class A interface - motor temperature - calculated from thermal model
   1677           */

   \                                 In section .text, align 2, keep-with-next
   1678          float SRMotorSafetyMgr__GetMotorTemperature(void)
   1679          {
   \                     SRMotorSafetyMgr__GetMotorTemperature: (+1)
   \   00000000   0xB510             PUSH     {R4,LR}
   1680              SR_DATA_MCU_CHECK_FLOAT(SR_Overload_Temp);
   \   00000002   0x....             LDR.N    R4,??DataTable29_3
   \   00000004   0xF504 0x7192      ADD      R1,R4,#+292
   \   00000008   0xF104 0x0084      ADD      R0,R4,#+132
   \   0000000C   0x.... 0x....      BL       SRData__CheckFloat
   1681          
   1682              return(SR_Overload_Temp);
   \   00000010   0xED94 0x0A21      VLDR     S0,[R4, #+132]
   \   00000014   0xBD10             POP      {R4,PC}          ;; return
   1683          }
   1684          
   1685          
   1686          
   1687          
   1688          //=====================================================================================================================
   1689          //-------------------------------------- Private Functions ------------------------------------------------------------
   1690          //=====================================================================================================================
   1691          
   1692          /**
   1693           *  @brief      Handler the unlock door speed (or rotor not moving) detection sub module. This shall be a part of the
   1694           *              whole class B protection. It uses two flags, one is to detect when the speed is really zero and,
   1695           *              when there is no movement in at the motor shaft. For safety issues, the zero speed detection
   1696           *              shall be used as flag for lid opening. There is also a flag which warns that the unlock door speed
   1697           *              was not able to be detected, this is not a fault and will not prevent the motor to start over.
   1698           *              This error in the unlock door speed flag shall be used in the door lock routine.
   1699           */
   1700          #ifdef __IAR_SYSTEMS_ICC__
   1701          #pragma inline = forced
   1702          #endif
   1703          uint8 CheckSafetyParameters(void)
   1704          {
   1705              sint16 check = SRDATA_OK;
   1706              uint16 crc;
   1707          
   1708              crc = Crc16__RangeProcess((uint8 *)&(SR_MotorSafety_Params->OverLoad_Temp_Init),0xFFFF,(SAFETY_MOTOR_PARAMETERS_NUM-2)); //lint !e928
   1709          
   1710              if( crc !=  SR_MotorSafety_Params->SrCrc)
   1711              {
   1712                  SRDATA_CORRUPTION_EXCEPTION(DATA_CORRUPTION_SAFETY_PARAMS_SECTION);
   1713                  check = 1;
   1714              }
   1715          
   1716              return( (uint8)check);
   1717          }
   1718          
   1719          
   1720          
   1721          
   1722          /**
   1723           *  @brief      It tests the integrity of each variable used in this Class B module. It performs an OR
   1724           *              operation between all used variable.
   1725           *  @return     TRUE: at least one variable is corrupted
   1726           *              FALSE: all variables are ok (not corrupted)
   1727           */
   1728          #ifdef __IAR_SYSTEMS_ICC__
   1729          #pragma inline = forced
   1730          #endif
   1731          void CheckAnalogVariables4Failure(void)
   1732          {
   1733              sint16 check = SRDATA_OK;
   1734          
   1735              MICRO_DECLARE_INTERRUPT_CONTEXT_LOCAL();
   1736          
   1737              MICRO_SAVE_INTERRUPT_CONTEXT_LOCAL();
   1738          
   1739              SR_MCU_MOTOR_CHECK_SHORT(check,SR_CurrentA);
   1740              SR_MCU_MOTOR_CHECK_SHORT(check,SR_CurrentB);
   1741              SR_MCU_MOTOR_CHECK_SHORT(check,SR_CurrentC);
   1742              SR_MCU_MOTOR_CHECK_SHORT(check,SR_CurrentOffsetA);
   1743              SR_MCU_MOTOR_CHECK_SHORT(check,SR_CurrentOffsetB);
   1744              SR_MCU_MOTOR_CHECK_SHORT(check,SR_CurrentOffsetC);
   1745              SR_MCU_MOTOR_CHECK_SHORT(check,SR_DCBus);
   1746          
   1747              if(check)
   1748              {
   1749                  SRDATA_CORRUPTION_EXCEPTION(DATA_CORRUPTION_ANALOG_VAR_SECTION);
   1750              }
   1751          
   1752              MICRO_RESTORE_INTERRUPT_CONTEXT_LOCAL();
   1753          }
   1754          
   1755          
   1756          
   1757          
   1758          
   1759          
   1760          /**
   1761           *  @brief      It tests the integrity of each variable used in this Class B module. It performs an OR
   1762           *              operation between all used variable.
   1763           *  @return     TRUE: at least one variable is corrupted
   1764           *              FALSE: all variables are ok (not corrupted)
   1765           */
   1766          #ifdef __IAR_SYSTEMS_ICC__
   1767          #pragma inline = forced
   1768          #endif
   1769          void CheckVariables4Failure_Pwm(void)
   1770          {
   1771              sint16 check = SRDATA_OK;
   1772          
   1773              SR_MCU_MOTOR_CHECK_BYTE(check, SR_SafetyMngr_State);
   1774              SR_MCU_MOTOR_CHECK_SHORT(check, SR_Motor_Flags);
   1775              SR_MCU_MOTOR_CHECK_SHORT(check, SR_Motor_Fault);
   1776              SR_MCU_MOTOR_CHECK_SHORT(check, SR_Raw_CurrentA);
   1777              SR_MCU_MOTOR_CHECK_SHORT(check, SR_Raw_CurrentB);
   1778              SR_MCU_MOTOR_CHECK_SHORT(check, SR_Raw_CurrentC);
   1779              SR_MCU_MOTOR_CHECK_SHORT(check, SR_DCBus);
   1780          #ifdef SR_THIRD_CURRENT_RECONSTRUCTION
   1781              SR_MCU_MOTOR_CHECK_SHORT(check,SR_Sector);
   1782          #endif
   1783          
   1784              if(check)
   1785              {
   1786                  SRDATA_CORRUPTION_EXCEPTION(DATA_CORRUPTION_PWM_VAR_SECTION);
   1787              }
   1788          }
   1789          
   1790          
   1791          /**
   1792           *  @brief      It tests the integrity of each variable used in this Class B module. It performs an OR
   1793           *              operation between all used variable.
   1794           *  @return     TRUE: at least one variable is corrupted
   1795           *              FALSE: all variables are ok (not corrupted)
   1796           */
   1797          #ifdef __IAR_SYSTEMS_ICC__
   1798          #pragma inline = forced
   1799          #endif
   1800          void CheckVariables4Failure_250us(void)
   1801          {
   1802              SR_DATA_MCU_CHECK_BYTE(SR_SafetyMngr_State);
   1803          
   1804              SR_DATA_MCU_CHECK_SHORT(SR_Motor_Fault);
   1805              SR_DATA_MCU_CHECK_SHORT(SR_Motor_Fault_Holder);
   1806              SR_DATA_MCU_CHECK_SHORT(SR_Motor_Flags);
   1807              SR_DATA_MCU_CHECK_SHORT(SR_CurrentA);
   1808              SR_DATA_MCU_CHECK_SHORT(SR_CurrentB);
   1809              SR_DATA_MCU_CHECK_SHORT(SR_CurrentC);
   1810              SR_DATA_MCU_CHECK_SHORT(SR_CurrentOffsetA);
   1811              SR_DATA_MCU_CHECK_SHORT(SR_CurrentOffsetB);
   1812              SR_DATA_MCU_CHECK_SHORT(SR_CurrentOffsetC);
   1813              SR_DATA_MCU_CHECK_SHORT(SR_DCBus);
   1814              SR_DATA_MCU_CHECK_SHORT(SR_Raw_CurrentA);
   1815              SR_DATA_MCU_CHECK_SHORT(SR_Raw_CurrentB);
   1816              SR_DATA_MCU_CHECK_SHORT(SR_Raw_CurrentC);
   1817          
   1818              SR_DATA_MCU_CHECK_LONG(SR_SquaredCurrentRmsA);
   1819              SR_DATA_MCU_CHECK_LONG(SR_SquaredCurrentRmsB);
   1820              SR_DATA_MCU_CHECK_LONG(SR_SquaredCurrentRmsC);
   1821              SR_DATA_MCU_CHECK_LONG(SR_SquaredCurrentSumA);
   1822              SR_DATA_MCU_CHECK_LONG(SR_SquaredCurrentSumB);
   1823              SR_DATA_MCU_CHECK_LONG(SR_SquaredCurrentSumC);
   1824              SR_DATA_MCU_CHECK_LONG(SR_Curr_Rms_Counter);
   1825          }
   1826          
   1827          
   1828          /**
   1829           *  @brief      It tests the integrity of each variable used in this Class B module. It performs an OR
   1830           *              operation between all used variable.
   1831           *  @return     TRUE: at least one variable is corrupted
   1832           *              FALSE: all variables are ok (not corrupted)
   1833           */
   1834          #ifdef __IAR_SYSTEMS_ICC__
   1835          #pragma inline = forced
   1836          #endif
   1837          void CheckVariables4Failure_5ms(void)
   1838          {
   1839              SR_DATA_MCU_CHECK_BYTE(SR_SafetyMngr_State);
   1840              SR_DATA_MCU_CHECK_SHORT(SR_Motor_Fault);
   1841              SR_DATA_MCU_CHECK_SHORT(SR_Motor_Fault_Holder);
   1842              SR_DATA_MCU_CHECK_SHORT(SR_Motor_Flags);
   1843              SR_DATA_MCU_CHECK_LONG(SR_SquaredCurrentRmsA);
   1844              SR_DATA_MCU_CHECK_LONG(SR_SquaredCurrentRmsB);
   1845              SR_DATA_MCU_CHECK_LONG(SR_SquaredCurrentRmsC);
   1846              SR_DATA_MCU_CHECK_LONG(SR_SquaredCurrentsSum);
   1847              SR_DATA_MCU_CHECK_SHORT(SR_CurrentA);
   1848              SR_DATA_MCU_CHECK_SHORT(SR_CurrentB);
   1849              SR_DATA_MCU_CHECK_SHORT(SR_CurrentC);
   1850              SR_DATA_MCU_CHECK_SHORT(SR_Phase_Lost_Counter);
   1851              SR_DATA_MCU_CHECK_LONG(SR_CalibrationCntr);
   1852              SR_DATA_MCU_CHECK_LONG(SR_Timeout_Failure_Retry);
   1853          
   1854          #ifdef SR_CIM_MOTOR
   1855              SR_DATA_MCU_CHECK_LONG(SR_VerifyTargetCounter);
   1856          #else
   1857              SR_DATA_MCU_CHECK_LONG(SR_ZeroSpeedDebouncer);
   1858              SR_DATA_MCU_CHECK_LONG(SR_ZeroSpeedWithCurrTimer);
   1859              SR_DATA_MCU_CHECK_LONG(SR_Check_Unlock_Door_Speed_Timer);
   1860              SR_DATA_MCU_CHECK_LONG(SR_Check_Unlock_Door_Speed_Delta_Voltage);
   1861          #endif
   1862          
   1863          }
   1864          
   1865          
   1866          
   1867          /**
   1868           *  @brief      It tests the integrity of each variable used in this Class B module. It performs an OR
   1869           *              operation between all used variable.
   1870           *  @return     TRUE: at least one variable is corrupted
   1871           *              FALSE: all variables are ok (not corrupted)
   1872           */
   1873          #ifdef __IAR_SYSTEMS_ICC__
   1874          #pragma inline = forced
   1875          #endif
   1876          void CheckVariables4Failure_25ms(void)
   1877          {
   1878              SR_DATA_MCU_CHECK_SHORT(SR_Motor_Fault);
   1879              SR_DATA_MCU_CHECK_SHORT(SR_Motor_Fault_Holder);
   1880              SR_DATA_MCU_CHECK_SHORT(SR_Motor_Flags);
   1881              SR_DATA_MCU_CHECK_SHORT(SR_Overload_Counter);
   1882              SR_DATA_MCU_CHECK_FLOAT(SR_Overload_Temp);
   1883              SR_DATA_MCU_CHECK_LONG(SR_SquaredCurrentRmsA);
   1884              SR_DATA_MCU_CHECK_LONG(SR_SquaredCurrentRmsB);
   1885              SR_DATA_MCU_CHECK_LONG(SR_SquaredCurrentRmsC);
   1886          }
   1887          
   1888          
   1889          
   1890          
   1891          /**
   1892           *  @brief      Calculate the difference between the instantaneous adc value with the
   1893           *              average (if applicable) and save this values in SR variables. rate: 250 us
   1894           *  @return     none
   1895           *
   1896           */
   1897          #ifdef __IAR_SYSTEMS_ICC__
   1898          #pragma inline = forced
   1899          #endif
   1900          void CalculateRawAnalogData_250us(void)
   1901          {
   1902              sint16 raw_ia;
   1903              sint16 raw_ib;
   1904              sint16 raw_ic;
   1905          
   1906              raw_ia = SR_Raw_CurrentA - SR_CurrentOffsetA;   // Subtract zero offset
   1907              SR_DATA_MCU_UPDATE_SHORT(SR_CurrentA, raw_ia);
   1908          
   1909              raw_ib = SR_Raw_CurrentB - SR_CurrentOffsetB;   // Subtract zero offset
   1910              SR_DATA_MCU_UPDATE_SHORT(SR_CurrentB, raw_ib);
   1911          
   1912              raw_ic = SR_Raw_CurrentC - SR_CurrentOffsetC;   // Subtract zero offset
   1913              SR_DATA_MCU_UPDATE_SHORT(SR_CurrentC, raw_ic);
   1914          }
   1915          
   1916          /**
   1917           *  @brief      Checks for motor currents plausibility. If one of the three currents
   1918           *              is found out of the reading range, a fault is triggered.
   1919           *  @return     none
   1920           *
   1921           */
   1922          #ifdef __IAR_SYSTEMS_ICC__
   1923          #pragma inline = forced
   1924          #endif
   1925          void CheckCurrentsPlausibility(void)
   1926          {
   1927              if(SR_SafetyMngr_State == SAFETY_MNGR_RUNNING)
   1928              {
   1929                  if((SR_Raw_CurrentA < SR_CURRENT_PLAUSIBILITY_LOW_LIM) ||
   1930                     (SR_Raw_CurrentA > SR_CURRENT_PLAUSIBILITY_HIGH_LIM))
   1931                  {
   1932                      SetFault(SR_FAULT_CURRENT_SENSOR_FAILED);
   1933                      SR_DATA_MCU_UPDATE_LONG(SR_Timeout_Failure_Retry, ELECTRONIC_FAIL_TIMEOUT); //Load time out
   1934                  }
   1935          
   1936                  if((SR_Raw_CurrentB < SR_CURRENT_PLAUSIBILITY_LOW_LIM) ||
   1937                     (SR_Raw_CurrentB > SR_CURRENT_PLAUSIBILITY_HIGH_LIM))
   1938                  {
   1939                      SetFault(SR_FAULT_CURRENT_SENSOR_FAILED);
   1940                      SR_DATA_MCU_UPDATE_LONG(SR_Timeout_Failure_Retry, ELECTRONIC_FAIL_TIMEOUT); //Load time out
   1941                  }
   1942          
   1943                  if((SR_Raw_CurrentC < SR_CURRENT_PLAUSIBILITY_LOW_LIM) ||
   1944                     (SR_Raw_CurrentC > SR_CURRENT_PLAUSIBILITY_HIGH_LIM))
   1945                  {
   1946                      SetFault(SR_FAULT_CURRENT_SENSOR_FAILED);
   1947                      SR_DATA_MCU_UPDATE_LONG(SR_Timeout_Failure_Retry, ELECTRONIC_FAIL_TIMEOUT); //Load time out
   1948                  }
   1949              }
   1950          }
   1951          
   1952          
   1953          /**
   1954           *  @brief      Calculate the rms for each phase current
   1955           *  @return     none
   1956           *
   1957           */
   1958          #ifdef __IAR_SYSTEMS_ICC__
   1959          #pragma inline = forced
   1960          #endif
   1961          void CalculateRmsAnalogData(void)
   1962          {
   1963              sint32 temp_s32_1;
   1964              sint32 temp_s32_2;
   1965              sint32 temp_s32_3;
   1966              sint32 temp_counter_s32;
   1967          
   1968              /* This block calculate the rms for each phase current*/
   1969              temp_s32_1 = (sint32)SR_CurrentA;
   1970              temp_s32_1 = SR_SquaredCurrentSumA + ((temp_s32_1 * temp_s32_1)>>7);   //desired output format 17.15, input current are 21.11 format, 21.11*21.11 = 10.22 -> 17.15 = 10.22>>7
   1971          
   1972              temp_s32_2 = (sint32)SR_CurrentB;
   1973              temp_s32_2 = SR_SquaredCurrentSumB + ((temp_s32_2 * temp_s32_2)>>7);   //desired output format 17.15, input current are 21.11 format, 21.11*21.11 = 10.22 -> 17.15 = 10.22>>7
   1974          
   1975              temp_s32_3 = (sint32)SR_CurrentC;
   1976              temp_s32_3 = SR_SquaredCurrentSumC + ((temp_s32_3 * temp_s32_3)>>7);   //desired output format 17.15, input current are 21.11 format, 21.11*21.11 = 10.22 -> 17.15 = 10.22>>7
   1977          
   1978              temp_counter_s32 = SR_Curr_Rms_Counter;
   1979              temp_counter_s32++;
   1980          
   1981              if(temp_counter_s32 > RMS_COUNTER_SAMPLES_AT_TS) // Time elapsed - RMS_SAMPLING_TIME_MS
   1982              {
   1983                  /* Average of squared current */
   1984                  temp_s32_1 = temp_s32_1 / temp_counter_s32;
   1985                  SR_DATA_MCU_UPDATE_LONG(SR_SquaredCurrentRmsA, temp_s32_1);
   1986          
   1987                  temp_s32_2 = temp_s32_2 / temp_counter_s32;
   1988                  SR_DATA_MCU_UPDATE_LONG(SR_SquaredCurrentRmsB, temp_s32_2);
   1989          
   1990                  temp_s32_3 = temp_s32_3 / temp_counter_s32;
   1991                  SR_DATA_MCU_UPDATE_LONG(SR_SquaredCurrentRmsC, temp_s32_3);
   1992          
   1993                  // Reset of the sum terms
   1994                  temp_counter_s32 = 0;
   1995                  temp_s32_1 = 0;
   1996                  temp_s32_2 = 0;
   1997                  temp_s32_3 = 0;
   1998              }
   1999          
   2000              //Update Sr Data
   2001              SR_DATA_MCU_UPDATE_LONG(SR_SquaredCurrentSumA, temp_s32_1);
   2002              SR_DATA_MCU_UPDATE_LONG(SR_SquaredCurrentSumB, temp_s32_2);
   2003              SR_DATA_MCU_UPDATE_LONG(SR_SquaredCurrentSumC, temp_s32_3);
   2004              SR_DATA_MCU_UPDATE_LONG(SR_Curr_Rms_Counter, temp_counter_s32);
   2005          
   2006          }
   2007          
   2008          
   2009          
   2010          //---------------------------------------------------------------------------------------------------------------------
   2011          /**
   2012           *  @brief      Handler of the over current detection (locked rotor and over load).
   2013           *              It uses one single counter for two different periods. The time is counted when some shaft movement
   2014           *              is detected. The sum of the squared current is used in order to compare to a threshold. A debouncer is
   2015           *              implemented in order filter out some noise due to some current threshold crossings. This
   2016           *              current threshold is a sum of the squared value of the currents, it also considers the worst case
   2017           *              for noise in the current sensors. This debouncer implements a counting up and down
   2018           *              according to the comparison to this zero speed current threshold; the debounce is not zeroed after
   2019           *              crossing down the threshold because the "history" of some previous values shall be considered in the
   2020           *              future decisions. There is also a said starting time, which it is used todetect either a locked rotor
   2021           *              or overload. No speed information is used in this method, only sensed current.
   2022           *
   2023           *  @param      none
   2024           *  @return     none.
   2025           */
   2026          #ifdef __IAR_SYSTEMS_ICC__
   2027          #pragma inline = forced
   2028          #endif
   2029          void PhaseLostHandler(void)
   2030          {
   2031              uint32 tmp32;
   2032              uint16 temp;
   2033          
   2034          
   2035              //** phase lost management
   2036              if(SR_SquaredCurrentRmsB < CURRENT_LOW_THLD_A)
   2037              {
   2038                  if( (SR_SquaredCurrentRmsC > CURRENT_HIGH_THLD_A) &&
   2039                  (SR_SquaredCurrentRmsA > CURRENT_HIGH_THLD_A))// &&
   2040                      //(MATHCALC__ABS( SR_SquaredCurrentRmsA - SR_SquaredCurrentRmsC ) )< CURRENT_NOISE)
   2041                  {
   2042                      tmp32 = (uint32)SR_Motor_Flags;
   2043                      BIT_SET(tmp32, SR_FLAG_DETECTION_PHASE_LOST);
   2044                      SR_DATA_MCU_UPDATE_SHORT(SR_Motor_Flags,tmp32);
   2045                  }
   2046              }
   2047              else if(SR_SquaredCurrentRmsC < CURRENT_LOW_THLD_A)
   2048              {
   2049                  if( (SR_SquaredCurrentRmsB > CURRENT_HIGH_THLD_A) &&
   2050                      (SR_SquaredCurrentRmsA > CURRENT_HIGH_THLD_A) )//&&
   2051                      //(MATHCALC__ABS( SR_SquaredCurrentRmsA - SR_SquaredCurrentRmsB ) )< CURRENT_NOISE)
   2052                  {
   2053                      tmp32 = (uint32)SR_Motor_Flags;
   2054                      BIT_SET(tmp32, SR_FLAG_DETECTION_PHASE_LOST);
   2055                      SR_DATA_MCU_UPDATE_SHORT(SR_Motor_Flags,tmp32);
   2056                  }
   2057              }
   2058              else if(SR_SquaredCurrentRmsA < CURRENT_LOW_THLD_A)
   2059              {
   2060                  if( (SR_SquaredCurrentRmsC > CURRENT_HIGH_THLD_A) &&
   2061                      (SR_SquaredCurrentRmsB > CURRENT_HIGH_THLD_A) )//&&
   2062                      //(MATHCALC__ABS( SR_SquaredCurrentRmsB - SR_SquaredCurrentRmsC ) )< CURRENT_NOISE)
   2063                  {
   2064                      tmp32 = (uint32)SR_Motor_Flags;
   2065                      BIT_SET(tmp32, SR_FLAG_DETECTION_PHASE_LOST);
   2066                      SR_DATA_MCU_UPDATE_SHORT(SR_Motor_Flags,tmp32);
   2067                  }
   2068              }
   2069              else
   2070              {
   2071                  tmp32 = (uint32)SR_Motor_Flags;
   2072                  BIT_CLR(tmp32, SR_FLAG_DETECTION_PHASE_LOST);
   2073                  SR_DATA_MCU_UPDATE_SHORT(SR_Motor_Flags,tmp32);
   2074              }
   2075          
   2076              temp = SR_Motor_Flags;
   2077              temp = BIT_TEST(temp, SR_FLAG_DETECTION_PHASE_LOST);
   2078          
   2079              if(temp)
   2080              {
   2081                  SR_Phase_Lost_Counter++;
   2082                  if(SR_Phase_Lost_Counter > PHASE_LOST_COUNTER_THLD)
   2083                  {
   2084                      SR_Phase_Lost_Counter = PHASE_LOST_COUNTER_THLD;
   2085          
   2086                      SetFault(SR_FAULT_PHASE_LOST);
   2087          
   2088                      SR_DATA_MCU_UPDATE_LONG(SR_Timeout_Failure_Retry,PHASE_LOST_TIMEOUT); //Load time out
   2089                  }
   2090              }
   2091              else
   2092              {
   2093                  if(SR_Phase_Lost_Counter>0)
   2094                  {
   2095                      SR_Phase_Lost_Counter--;
   2096                  }
   2097              }
   2098          
   2099              SR_DATA_MCU_UPDATE_SHORT(SR_Phase_Lost_Counter,SR_Phase_Lost_Counter);
   2100          
   2101          }
   2102          
   2103          
   2104          /**
   2105           *  @brief      Simplified RC motor thermal model.
   2106           *
   2107           *  @return     none
   2108           */

   \                                 In section .text, align 4, keep-with-next
   2109          void RcThermalUpdate(void)
   2110          {
   \                     RcThermalUpdate: (+1)
   \   00000000   0xB510             PUSH     {R4,LR}
   2111              float gt;                                       //overall conductance from motor to environment
   2112              float psteel;                                   //steel heat loss dissipation in the motor
   2113              float qjoule;                                   //Winding joule loss dissipation in the motor
   2114              float qdiss;                                    //overall heat dissipation in the motor (qjoule+qsteel)
   2115              float qnet;                                     //net heat accumulated in the motor Capacitance (qdiss-gt(twind-tamb))
   2116              float dTdt;                                     //time derivative of the temperature
   2117              float temp_delta;                               //difference between motor temperature and enviroment temperature
   2118              float squared_current_f;                        //motor squared current in floating point
   2119              float squared_current_pu;                       //motor squared current in fixed point
   2120              float motor_speed_f;                            //motor speed in floating point
   2121          
   2122          
   2123              // delta temperature calculation
   2124              temp_delta = SR_Overload_Temp - SR_MotorSafety_Params->Rc_Thermal.Tamb;
   \   00000002   0x....             LDR.N    R4,??DataTable29_3
   \   00000004   0xED2D 0x8B04      VPUSH    {D8-D9}
   \   00000008   0x6C60             LDR      R0,[R4, #+68]
   \   0000000A   0xF9B0 0x0008      LDRSH    R0,[R0, #+8]
   \   0000000E   0xEDD4 0x0A21      VLDR     S1,[R4, #+132]
   \   00000012   0xEE00 0x0A10      VMOV     S0,R0
   \   00000016   0xEEB8 0x0AC0      VCVT.F32.S32 S0,S0
   \   0000001A   0xEE70 0x8AC0      VSUB.F32 S17,S1,S0
   2125          
   2126          
   2127              // Calculation of Motor Thermal Model Input -> Motor current RMS (Ia^2 + Ib^2 + Ic^2)
   2128              squared_current_pu = SR_SquaredCurrentRmsA;
   \   0000001E   0xED94 0x0A19      VLDR     S0,[R4, #+100]
   2129              squared_current_pu += SR_SquaredCurrentRmsB;
   \   00000022   0xEDD4 0x0A1A      VLDR     S1,[R4, #+104]
   2130              squared_current_pu += SR_SquaredCurrentRmsC;
   2131          
   2132              // motor square current format transformation: from fixed point to floating
   2133              squared_current_f = SRMC__IQ2REALF(squared_current_pu, BASE_CURRENT*BASE_CURRENT*ONE_THIRD, 15);
   \   00000026   0xEEB8 0x0AC0      VCVT.F32.S32 S0,S0
   \   0000002A   0xEEF8 0x0AE0      VCVT.F32.S32 S1,S1
   \   0000002E   0xEE30 0x0A20      VADD.F32 S0,S0,S1
   \   00000032   0xEDD4 0x0A1B      VLDR     S1,[R4, #+108]
   \   00000036   0xEEF8 0x0AE0      VCVT.F32.S32 S1,S1
   \   0000003A   0xEE30 0x0A20      VADD.F32 S0,S0,S1
   \   0000003E   0xEDDF 0x....      VLDR.W   S1,??DataTable29  ;; 0x41b3d4f4
   \   00000042   0xEE20 0x0A20      VMUL.F32 S0,S0,S1
   \   00000046   0xEDDF 0x....      VLDR.W   S1,??DataTable29_1  ;; 0x38000000
   \   0000004A   0xEE20 0x8A20      VMUL.F32 S16,S0,S1
   2134          
   2135          #ifdef SR_BPM_MOTOR
   2136          
   2137              // Check variable integrity
   2138              SR_DATA_MCU_CHECK_BYTE(SR_Avg_Fund_Period_Cycle_Total);
   \   0000004E   0x1D61             ADDS     R1,R4,#+5
   \   00000050   0x1CA0             ADDS     R0,R4,#+2
   \   00000052   0x.... 0x....      BL       SRData__CheckByte
   2139              SR_DATA_MCU_CHECK_LONG(SR_Avg_Fund_Period);
   \   00000056   0xF104 0x01D0      ADD      R1,R4,#+208
   \   0000005A   0xF104 0x00AC      ADD      R0,R4,#+172
   \   0000005E   0x.... 0x....      BL       SRData__CheckLong
   2140          
   2141              // motor speed format transformation: from fixed point to floating
   2142              motor_speed_f = (RMS_SAMPLER_FREQUENCY * SR_Avg_Fund_Period_Cycle_Total)/(1.0f + SR_Avg_Fund_Period);  // +1 to prevent zero division
   \   00000062   0x78A0             LDRB     R0,[R4, #+2]
   \   00000064   0xEE00 0x0A10      VMOV     S0,R0
   \   00000068   0xEEB8 0x0A40      VCVT.F32.U32 S0,S0
   \   0000006C   0xEDDF 0x....      VLDR.W   S1,??DataTable29_2  ;; 0x457a0000
   \   00000070   0xEE20 0x0A20      VMUL.F32 S0,S0,S1
   \   00000074   0xEDD4 0x0A2B      VLDR     S1,[R4, #+172]
   2143          
   2144          #else //SR_CIM_MOTOR
   2145          
   2146              motor_speed_f = 0.0f;
   2147          
   2148          #endif
   2149          
   2150              ///////////////////////Losses being generated in the Motor - Steel + Joulse Losses/////////////////
   2151              //Steel Losses
   2152              psteel = SR_MotorSafety_Params->Rc_Thermal.A1 * motor_speed_f + SR_MotorSafety_Params->Rc_Thermal.A2 * (motor_speed_f*motor_speed_f);
   \   00000078   0x6C60             LDR      R0,[R4, #+68]
   \   0000007A   0xEEF8 0x0A60      VCVT.F32.U32 S1,S1
   \   0000007E   0xEEB7 0x1A00      VMOV.F32 S2,#1.0
   \   00000082   0xEE70 0x0A81      VADD.F32 S1,S1,S2
   \   00000086   0xEE80 0x9A20      VDIV.F32 S18,S0,S1
   \   0000008A   0xED90 0x0A05      VLDR     S0,[R0, #+20]
   \   0000008E   0xED90 0x1A06      VLDR     S2,[R0, #+24]
   \   00000092   0xEE20 0x0A09      VMUL.F32 S0,S0,S18
   \   00000096   0xEE69 0x0A09      VMUL.F32 S1,S18,S18
   \   0000009A   0xEE00 0x0A81      VMLA.F32 S0,S1,S2
   2153          
   2154              //Joule losses    - considering variation of resitance with temperature
   2155              qjoule=3*SR_MotorSafety_Params->Rc_Thermal.Rwind*(1.0f+SR_MotorSafety_Params->Rc_Thermal.Alfa_Winding*(temp_delta))*squared_current_f;
   \   0000009E   0xEDD0 0x0A07      VLDR     S1,[R0, #+28]
   2156          
   2157              /////////////////////////////heat being dissipated by the motor to the air///////////////////////////////
   2158              //Overall thermal conductance from motor mass to the environment
   2159              if (motor_speed_f > SR_MotorSafety_Params->Rc_Thermal.SSpeed)
   \   000000A2   0xF9B0 0x100A      LDRSH    R1,[R0, #+10]
   \   000000A6   0xEEB0 0x1A08      VMOV.F32 S2,#3.0
   \   000000AA   0xEE60 0x0A81      VMUL.F32 S1,S1,S2
   \   000000AE   0xED90 0x1A08      VLDR     S2,[R0, #+32]
   \   000000B2   0xEEF7 0x1A00      VMOV.F32 S3,#1.0
   \   000000B6   0xEE41 0x1A28      VMLA.F32 S3,S2,S17
   \   000000BA   0xEE01 0x1A10      VMOV     S2,R1
   \   000000BE   0xEEB8 0x1AC1      VCVT.F32.S32 S2,S2
   \   000000C2   0xEE60 0x0AA1      VMUL.F32 S1,S1,S3
   \   000000C6   0xEEB4 0x1A49      VCMP.F32 S2,S18
   \   000000CA   0xEE60 0x0A88      VMUL.F32 S1,S1,S16
   \   000000CE   0xEEF1 0xFA10      FMSTAT   
   \   000000D2   0xBF4F             ITEEE    MI 
   2160              {
   2161                  gt = SR_MotorSafety_Params->Rc_Thermal.Gspin; //Spinning  SSpeed is the threshold to switch
   \   000000D4   0xED90 0x1A0B      VLDRMI   S2,[R0, #+44]
   2162              }
   2163              else
   2164              {
   2165                  gt = SR_MotorSafety_Params->Rc_Thermal.Gtumb1*(temp_delta) + SR_MotorSafety_Params->Rc_Thermal.Gtumb;  //Tumble
   \   000000D8   0xEDD0 0x1A0A      VLDRPL   S3,[R0, #+40]
   \   000000DC   0xED90 0x1A09      VLDRPL   S2,[R0, #+36]
   \   000000E0   0xEE01 0x1AA8      VMLAPL.F32 S2,S3,S17
   2166              }
   2167          
   2168          
   2169              //Dissipated Heat
   2170              qdiss =  gt*(temp_delta);
   2171          
   2172              //Net heat stored inside the motor - that generated the temperature variation
   2173              qnet =  qjoule + psteel - qdiss;
   2174          
   2175              //Temperature derivative with time
   2176              dTdt= qnet*SR_MotorSafety_Params->Rc_Thermal.Cmot_Inv;
   2177          
   2178              //Update motor temperature
   2179              SR_Overload_Temp = SR_Overload_Temp + dTdt*(SR_MotorSafety_Params->Rc_Thermal.Dt);
   \   000000E4   0xEE30 0x0A80      VADD.F32 S0,S1,S0
   \   000000E8   0xEE01 0x0A68      VMLS.F32 S0,S2,S17
   \   000000EC   0xEDD0 0x0A03      VLDR     S1,[R0, #+12]
   \   000000F0   0xEE20 0x0A20      VMUL.F32 S0,S0,S1
   \   000000F4   0xEDD0 0x0A04      VLDR     S1,[R0, #+16]
   \   000000F8   0xED94 0x1A21      VLDR     S2,[R4, #+132]
   \   000000FC   0xEE00 0x1A20      VMLA.F32 S2,S0,S1
   \   00000100   0xED84 0x1A21      VSTR     S2,[R4, #+132]
   2180          
   2181              // Check and update variables to communicate to other modules.
   2182              SR_DATA_MCU_CHECK_FLOAT(SR_Squared_Current);
   \   00000104   0xF504 0x7194      ADD      R1,R4,#+296
   \   00000108   0xF104 0x008C      ADD      R0,R4,#+140
   \   0000010C   0x.... 0x....      BL       SRData__CheckFloat
   2183              SR_DATA_MCU_CHECK_FLOAT(SR_Voltage_Frequency);
   \   00000110   0xF504 0x7196      ADD      R1,R4,#+300
   \   00000114   0xF104 0x0088      ADD      R0,R4,#+136
   \   00000118   0x.... 0x....      BL       SRData__CheckFloat
   2184          
   2185              SR_DATA_MCU_UPDATE_FLOAT(SR_Squared_Current, squared_current_f);
   \   0000011C   0xEEB0 0x0A48      VMOV.F32 S0,S16
   \   00000120   0xF504 0x7194      ADD      R1,R4,#+296
   \   00000124   0xF104 0x008C      ADD      R0,R4,#+140
   \   00000128   0x.... 0x....      BL       SRData__UpdateFloat
   2186              SR_DATA_MCU_UPDATE_FLOAT(SR_Voltage_Frequency, motor_speed_f);
   \   0000012C   0xEEB0 0x0A49      VMOV.F32 S0,S18
   \   00000130   0xF504 0x7196      ADD      R1,R4,#+300
   \   00000134   0xF104 0x0088      ADD      R0,R4,#+136
   \   00000138   0xECBD 0x8B04      VPOP     {D8-D9}
   \   0000013C   0xE8BD 0x4010      POP      {R4,LR}
   \   00000140   0x.... 0x....      B.W      SRData__UpdateFloat
   2187          }
   2188          
   2189          
   2190          
   2191          
   2192          /**
   2193           *  @brief      Motor overload Protection based on a simplified motor thermal model.
   2194           *
   2195           *  @return     none
   2196           */
   2197          #ifdef __IAR_SYSTEMS_ICC__
   2198          #pragma inline = forced
   2199          #endif
   2200          void InitOverLoadProtection(void)
   2201          {
   2202              SR_DATA_MCU_UPDATE_SHORT(SR_Overload_Counter,0);             // Reset the overload counter
   2203              SR_DATA_MCU_UPDATE_FLOAT(SR_Overload_Temp,(float)SR_MotorSafety_Params->OverLoad_Temp_Init); // Init the overload temperature
   2204          
   2205              SR_DATA_MCU_UPDATE_FLOAT(SR_Squared_Current, 0.0f);
   2206              SR_DATA_MCU_UPDATE_FLOAT(SR_Voltage_Frequency, 0.0f);
   2207          }
   2208          
   2209          
   2210          
   2211          
   2212          /**
   2213           *  @brief      Motor OverLoad Protection based on a simplified motor thermal model.
   2214           *
   2215           *  @return     none
   2216           */
   2217          #ifdef __IAR_SYSTEMS_ICC__
   2218          #pragma inline = forced
   2219          #endif
   2220          void OverLoadProtection(void)
   2221          {
   2222              sint16 temp;
   2223              uint16 temp1;
   2224          
   2225              SR_Overload_Counter++;
   2226          
   2227              if(SR_Overload_Counter >= ONE_SEC_TICK)
   2228              {
   2229                  RcThermalUpdate();
   2230          
   2231                  SR_Overload_Counter = 0;
   2232              }
   2233          
   2234              temp = (sint16)SR_Overload_Temp;             // Conversion from float to int
   2235          
   2236              temp1 = SR_Motor_Fault;
   2237              temp1 = BIT_TEST(temp1, SR_FAULT_OVER_LOAD);
   2238              if(temp1) // If overload condition detected
   2239              {
   2240                  if(temp < SR_MotorSafety_Params->OverLoad_Temp_Low)
   2241                  {
   2242                      // Motor temperature is lower than the lower threshold  -> Clear the overload fault
   2243                      ClearFault(SR_FAULT_OVER_LOAD);
   2244                  }
   2245              }
   2246              else
   2247              {
   2248                  if(temp > SR_MotorSafety_Params->OverLoad_Temp_High)
   2249                  {
   2250                      // Motor temperature is higher than the maximum allowed  -> Set the overload fault
   2251                      SetFault(SR_FAULT_OVER_LOAD);
   2252                  }
   2253              }
   2254          
   2255          
   2256              SR_DATA_MCU_UPDATE_SHORT(SR_Overload_Counter,SR_Overload_Counter);
   2257              SR_DATA_MCU_UPDATE_FLOAT(SR_Overload_Temp,SR_Overload_Temp);
   2258          }
   2259          
   2260          
   2261          
   2262          
   2263          /**
   2264           *  @brief      Performs the diagnostic of motor control peripherals (Atod and Pwm)
   2265           *  @return     none
   2266           *
   2267           */
   2268          #ifdef __IAR_SYSTEMS_ICC__
   2269          #pragma inline = forced
   2270          #endif
   2271          void PeripheralDiagnostic(void)
   2272          {
   2273              uint32 temp;
   2274              uint16 temp_flags;
   2275          
   2276              if(SR_SafetyMngr_State == SAFETY_MNGR_PRERUN_TESTS)
   2277              {
   2278                  // Perform the Shut Down pin plausibility check
   2279                  SRMCPwm__DiagnosticHandler();
   2280          
   2281                  // Perfom the ADCs plausibility check
   2282                  SRMCAtod__DiagnosticHandler();
   2283          
   2284                  // Read flag and fault to temp variables.
   2285                  temp_flags = SR_Motor_Flags;
   2286          
   2287                  // Handle the feedbacks
   2288          
   2289                  // AtoD module
   2290                  temp = SRMCAtod__GetDiagnosticFeedback();
   2291                  if (temp == SR_MCATOD_ERROR_PERIPHERAL_SAFE)
   2292                  {
   2293                      BIT_SET(temp_flags, SR_FLAG_ADC_PLAUSIB_CHECK_OK);
   2294                  }
   2295                  else if(temp == SR_MCATOD_ERROR_PERIPHERAL_NOT_SAFE)
   2296                  {
   2297                      SetFault(SR_FAULT_CURRENT_SENSOR_FAILED);
   2298          
   2299                      SR_DATA_MCU_UPDATE_LONG(SR_Timeout_Failure_Retry,ELECTRONIC_FAIL_TIMEOUT); //Load time out
   2300                  }
   2301          
   2302                  // PWM module
   2303                  temp = SRMCPwm__GetDiagnosticFeedback();
   2304                  if (temp == SR_MCPWM_ERROR_PERIPHERAL_SAFE)
   2305                  {
   2306                      BIT_SET(temp_flags, SR_FLAG_SHUTDOWN_PLAUSIB_CHECK_OK);
   2307                  }
   2308                  else if (temp == SR_MCPWM_ERROR_PERIPHERAL_NOT_SAFE)
   2309                  {
   2310                      SetFault(SR_FAULT_PWM_SHUTDOWN_FAILED);
   2311          
   2312                      SR_DATA_MCU_UPDATE_LONG(SR_Timeout_Failure_Retry,ELECTRONIC_FAIL_TIMEOUT); //Load time out
   2313                  }
   2314          
   2315                  // If there is nothing wrong in the plausibility chech of the sensors...
   2316                  if( (BIT_TEST(temp_flags, SR_FLAG_ADC_PLAUSIB_CHECK_OK) != 0)       &&
   2317                      (BIT_TEST(temp_flags, SR_FLAG_SHUTDOWN_PLAUSIB_CHECK_OK) != 0)  )
   2318                  {
   2319          
   2320                      // Check if the signals from the hardware are within the
   2321                      // acceptable levels.
   2322                      temp = MotorAnalogCircuitCheck();
   2323          
   2324                      if (temp == MOTOR_ANALOG_CHECK_CURR_FAIL)
   2325                      {
   2326                          SetFault(SR_FAULT_CURRENT_SENSOR_FAILED);
   2327          
   2328                          SR_DATA_MCU_UPDATE_LONG(SR_Timeout_Failure_Retry,ELECTRONIC_FAIL_TIMEOUT); //Load time out
   2329                      }
   2330                      else if (temp == MOTOR_ANALOG_CHECK_VBUS_FAIL)
   2331                      {
   2332                          SetFault(SR_FAULT_VOLTAGE_SENSOR_FAILED);
   2333          
   2334                          SR_DATA_MCU_UPDATE_LONG(SR_Timeout_Failure_Retry,ELECTRONIC_FAIL_TIMEOUT); //Load time out
   2335                      }
   2336                      else // no hardware circuit error was found so far.
   2337                      {
   2338                          BIT_SET(temp_flags, SR_FLAG_PRERUN_TESTS_FINISHED);     // Warn the initial tests were performed
   2339                      }
   2340          
   2341                      // Reset plausibility checks status - RICUPL
   2342                      BIT_CLR(temp_flags, SR_FLAG_ADC_PLAUSIB_CHECK_OK);
   2343                      BIT_CLR(temp_flags, SR_FLAG_SHUTDOWN_PLAUSIB_CHECK_OK);
   2344                  }
   2345          
   2346                  SR_DATA_MCU_UPDATE_SHORT(SR_Motor_Flags, temp_flags);
   2347              }
   2348              else if (SR_SafetyMngr_State == SAFETY_MNGR_POSTRUN_TESTS)
   2349              {
   2350                  // Perform the Shut Down pin plausibility check
   2351                  SRMCPwm__DiagnosticHandler();
   2352              }
   2353          
   2354          }
   2355          
   2356          
   2357          
   2358          /**
   2359           *  @brief      Manage the  Class A Pwm Access
   2360           *  @return     none
   2361           *
   2362           */
   2363          #ifdef __IAR_SYSTEMS_ICC__
   2364          #pragma inline = forced
   2365          #endif
   2366          void ClassAPwmAccess(void)
   2367          {
   2368              // Class A Pwm Access management
   2369              if (SR_SafetyMngr_State == SAFETY_MNGR_RUNNING)
   2370              {
   2371                  if(SR_Motor_Fault == 0 && (BIT_TEST(SR_Motor_Flags, SR_FLAG_REQUESTED_TO_STOP) == 0))
   2372                  {// No safety fault and request to stop are detected
   2373          
   2374                      // Allow the pwm access by Class A software,
   2375                      // the Class A shall start accessing the pwm driver from this moment...
   2376                      BIT_SET(SR_Motor_Flags, SR_FLAG_CLASS_A_PWM_ACCESS);
   2377                      SR_MCU_MOTOR_UPDATE_N_VAR(SR_Motor_Flags);
   2378          
   2379                  }
   2380                  else
   2381                  {
   2382                      // Class A software is not allowed to access the peripheral
   2383                      BIT_CLR(SR_Motor_Flags, SR_FLAG_CLASS_A_PWM_ACCESS);
   2384                      SR_MCU_MOTOR_UPDATE_N_VAR(SR_Motor_Flags);
   2385          
   2386                      // The state machine is still in running and a fault is detected,
   2387                      // apply the pwm error reaction before the 5 ms handler action
   2388                      SR_MOTORSAFETY_MGR_ERROR_REACTION();
   2389                  }
   2390          
   2391              }
   2392              else
   2393              {
   2394                  // Class A software is not allowed to access the peripheral
   2395                  BIT_CLR(SR_Motor_Flags, SR_FLAG_CLASS_A_PWM_ACCESS);
   2396                  SR_MCU_MOTOR_UPDATE_N_VAR(SR_Motor_Flags);
   2397              }
   2398          }
   2399          
   2400          
   2401          /**
   2402           *  @brief      Test if the power up condition for the MCU have already reached.
   2403           *              If the sum of the square of each current is smaller than the following
   2404           *              threshold, then the powering up is done in the current sensoring point
   2405           *              of view. The trick is: when the micro is powering up, the current offset
   2406           *              will take long time to stabilize, due to a low pass filter with a very
   2407           *              low cut off frequency. As for starting, then a current will be reading
   2408           *              (there is no current flowing the shunt resistors), so, when the offset
   2409           *              filter is stabilized, then the read current (i1, i2, i3) will be very
   2410           *              close to zero. It is not zero, since there is some noise in those sensors.
   2411           *  @return     TRUE: power up is already finished
   2412           *              FALSE: power up it not completed yet.
   2413           *
   2414           */
   2415          #ifdef __IAR_SYSTEMS_ICC__
   2416          #pragma inline = forced
   2417          #endif
   2418          void PowerUpSensors(void)
   2419          {
   2420              sint16 temp;
   2421              uint32 temp1;
   2422              uint32 temp2;
   2423          
   2424              SR_DATA_MCU_CHECK_SHORT(SR_PowerUpTimer);
   2425          
   2426              // Just count up a dummy timer, only used
   2427              // to prevent any hardware noise from the hardware power-up
   2428              temp = SR_PowerUpTimer;
   2429              if(temp < SR_POWER_UP_DELAY_TIMER)
   2430              {
   2431                  temp++;
   2432                  SR_DATA_MCU_UPDATE_SHORT(SR_PowerUpTimer,temp);
   2433              }
   2434              else
   2435              {
   2436                  // If the sum of the square current has converged to zero
   2437                  // then declare the power up is finished.
   2438                  temp1 = SR_SquaredCurrentsSum;
   2439                  temp2 = SR_CalibrationCntr;
   2440                  if(temp1 < SR_POWERING_UP_CURRENTS_THRESHOLD)
   2441                  {
   2442                      temp2++;
   2443                      SR_DATA_MCU_UPDATE_LONG(SR_CalibrationCntr,temp2);
   2444                      if (temp2 > SR_CALIBRATION_CNTR_THRESHOLD)
   2445                      {
   2446                          SR_DATA_MCU_UPDATE_LONG(SR_CalibrationCntr,0);
   2447                          // The currents readings are stabilized, so, transitory is finished!
   2448                          temp = (uint16)SR_Motor_Flags;
   2449                          BIT_CLR(temp, SR_FLAG_MICRO_POWERING_UP);
   2450                          SR_DATA_MCU_UPDATE_SHORT(SR_Motor_Flags,(uint16)temp);
   2451                      }
   2452                  }
   2453              }
   2454          
   2455          }
   2456          
   2457          
   2458          
   2459          /**
   2460           *  @brief      Calculate the average of the sensors offsets
   2461           *  @return     none
   2462           */
   2463          #ifdef __IAR_SYSTEMS_ICC__
   2464          #pragma inline = forced
   2465          #endif
   2466          void AverageSensorsOffset(void)
   2467          {
   2468              sint32 tempS32_1;
   2469              sint32 tempS32_2;
   2470          
   2471          
   2472              CheckAnalogVariables4Failure();
   2473              SR_DATA_MCU_CHECK_LONG(SR_CurrentOffsetHistA);
   2474              SR_DATA_MCU_CHECK_LONG(SR_CurrentOffsetHistB);
   2475              SR_DATA_MCU_CHECK_LONG(SR_CurrentOffsetHistC);
   2476          
   2477          
   2478              //////////////////////////////////////////////////////////////////////////////////////////////////////
   2479              tempS32_1 = SR_CurrentOffsetHistA;
   2480          
   2481              //tempS32_2 = SRMCATOD__GETADC1();                  // Read the converted values...
   2482              tempS32_2 = SR_CurrentA + SR_CurrentOffsetA;
   2483          
   2484              tempS32_2 -= (tempS32_1 >> 16);                 // Subtract zero offset
   2485              // this make 400ms time constant for 16kHz sampling frequency, i.e. reach final value in 6 x 400ms
   2486              tempS32_1 += tempS32_2 * AVERAGE_CURR_SENSOR_OFFSET_LPF_FACTOR;
   2487          
   2488              SR_DATA_MCU_UPDATE_LONG(SR_CurrentOffsetHistA,tempS32_1);
   2489              tempS32_1 = tempS32_1 >> 16;
   2490              SR_DATA_MCU_UPDATE_SHORT(SR_CurrentOffsetA,(sint16)tempS32_1);
   2491          
   2492          
   2493              //////////////////////////////////////////////////////////////////////////////////////////////////////
   2494              tempS32_1 = SR_CurrentOffsetHistB;
   2495          
   2496              //tempS32_2 = SRMCATOD__GETADC2();                  // Read the converted values...
   2497              tempS32_2 = SR_CurrentB + SR_CurrentOffsetB;
   2498          
   2499              tempS32_2 -= (tempS32_1 >> 16);                 // Subtract zero offset
   2500              // this make 400ms time constant for 16kHz sampling frequency, i.e. reach final value in 6 x 400ms
   2501              tempS32_1 += tempS32_2 * AVERAGE_CURR_SENSOR_OFFSET_LPF_FACTOR; 
   2502              
   2503              SR_DATA_MCU_UPDATE_LONG(SR_CurrentOffsetHistB,tempS32_1);
   2504              tempS32_1 = tempS32_1 >> 16;
   2505              SR_DATA_MCU_UPDATE_SHORT(SR_CurrentOffsetB,(sint16)tempS32_1);
   2506          
   2507          
   2508              //////////////////////////////////////////////////////////////////////////////////////////////////////
   2509              tempS32_1 = SR_CurrentOffsetHistC;
   2510          
   2511              //tempS32_2 = SRMCATOD__GETADC3();                  // Read the converted values...
   2512              tempS32_2 = SR_CurrentC + SR_CurrentOffsetC;
   2513          
   2514              tempS32_2 -= (tempS32_1 >> 16);                 // Subtract zero offset
   2515              // this make 400ms time constant for 16kHz sampling frequency, i.e. reach final value in 6 x 400ms
   2516              tempS32_1 += tempS32_2 * AVERAGE_CURR_SENSOR_OFFSET_LPF_FACTOR;
   2517              
   2518              SR_DATA_MCU_UPDATE_LONG(SR_CurrentOffsetHistC,tempS32_1);
   2519              tempS32_1 = tempS32_1 >> 16;
   2520              SR_DATA_MCU_UPDATE_SHORT(SR_CurrentOffsetC,(sint16)tempS32_1);
   2521          }
   2522          
   2523          
   2524          
   2525          
   2526          /**
   2527           *  @brief      Get the feed about the shut down pin and feeds back
   2528           *              in the case of a failure.
   2529           *  @return     TRUE: fault found; FALSE: nothing wrong
   2530           */
   2531          #ifdef __IAR_SYSTEMS_ICC__
   2532          #pragma inline = forced
   2533          #endif
   2534          uint8 CheckHwFaultStatus(void)
   2535          {
   2536              uint8 temp = FALSE;                     // Return variable
   2537              uint8 temp1;                            // temporary variable for SD pin feedback
   2538          
   2539              temp1 = SRMCPwm__GetHwFaultStatus();            // Gets SD pin status
   2540              if(temp1 == TRUE)                               // In case HW fault detected
   2541              {
   2542                  SetFault(SR_FAULT_OVER_CURRENT);
   2543          
   2544                  temp = TRUE;                                // Updates flags in classB and returns failure detected
   2545              }
   2546              return(temp);                                   // Returns check response
   2547          }
   2548          
   2549          
   2550          
   2551          
   2552          /**
   2553           *  @brief      Calculate the average of the sensors offsets
   2554           *  @return     none
   2555           */
   2556          #ifdef __IAR_SYSTEMS_ICC__
   2557          #pragma inline = forced
   2558          #endif
   2559          MOTOR_ANALOG_CHECK_TYPE MotorAnalogCircuitCheck(void)
   2560          {
   2561              MOTOR_ANALOG_CHECK_TYPE response;

   \                                 In section .bss, align 4
   \   00000000                      DS8 4
   2562              static sint32 delta_curr_a;

   \                                 In section .bss, align 4
   \   00000000                      DS8 4
   2563              static sint32 delta_curr_b;

   \                                 In section .bss, align 4
   \   00000000                      DS8 4
   2564              static sint32 delta_curr_c;

   \                                 In section .bss, align 2
   \   00000000                      DS8 2
   2565              static sint16 vbus;
   2566          
   2567              //Check of offset for current of phase A
   2568              delta_curr_a = SR_CurrentOffsetA - CURR_OFFSET_REF;
   2569              if(delta_curr_a<0)
   2570              {
   2571                  delta_curr_a = -delta_curr_a;
   2572              }
   2573          
   2574              //Check of offset for current of phase B
   2575              delta_curr_b = SR_CurrentOffsetB - CURR_OFFSET_REF;
   2576              if(delta_curr_b<0)
   2577              {
   2578                  delta_curr_b = -delta_curr_b;
   2579              }
   2580          
   2581              //Check of offset for current of phase C
   2582              delta_curr_c = SR_CurrentOffsetC - CURR_OFFSET_REF;
   2583              if(delta_curr_c<0)
   2584              {
   2585                  delta_curr_c = -delta_curr_c;
   2586              }
   2587          
   2588              //Check for consistency of vbus reading
   2589              vbus = SR_DCBus;
   2590          
   2591              if( (delta_curr_a > CURR_OFFSET_THD) ||
   2592                  (delta_curr_b > CURR_OFFSET_THD) ||
   2593                  (delta_curr_c > CURR_OFFSET_THD))
   2594              {
   2595                  response = MOTOR_ANALOG_CHECK_CURR_FAIL;
   2596              }
   2597              else if( (vbus > VBUS_SR_HIGH_LIM) ||
   2598                       (vbus < VBUS_SR_LOW_LIM)  )
   2599              {
   2600                  response = MOTOR_ANALOG_CHECK_VBUS_FAIL;
   2601              }
   2602              else
   2603              {
   2604                  response = MOTOR_ANALOG_CHECK_CORRECT;
   2605              }
   2606          
   2607              return(response);
   2608          }
   2609          
   2610          
   2611          
   2612          
   2613          /**
   2614           *  @brief      Evaluate if the voltage is within allowed range
   2615           *  @return     none
   2616           */
   2617          void OverVoltageCheck(void)
   2618          {
   2619              sint16 vbus;
   2620              uint16 temp;
   2621          
   2622              temp = (uint16)SR_SafetyMngr_State;
   2623              if((temp != SAFETY_MNGR_PRERUN_TESTS)&&(temp != SAFETY_MNGR_ERROR_FOUND)) //DC-Bus adc value is not reliable during adc diagnostic execution
   2624              {
   2625                  //Check for consistency of vbus reading
   2626                  SR_DATA_MCU_CHECK_SHORT(SR_DCBus);
   2627                  vbus = SR_DCBus;
   2628          
   2629                  // Powering up stage is completed -> adc signals are reliable
   2630                  if(vbus < VBUS_SR_LOW_THR_AD_COUNTS)
   2631                  {
   2632                      SetFault(SR_FAULT_DCBUS_UNDER_VOLTAGE);
   2633          
   2634                      SR_DATA_MCU_UPDATE_LONG(SR_Timeout_Failure_Retry,VOLTAGE_ERROR_TIMEOUT); //Load time out
   2635                  }
   2636                  else if(vbus > VBUS_SR_HIGH_THR_AD_COUNTS)
   2637                  {
   2638                      SetFault(SR_FAULT_DCBUS_OVER_VOLTAGE);
   2639          
   2640                      SR_DATA_MCU_UPDATE_LONG(SR_Timeout_Failure_Retry,VOLTAGE_ERROR_TIMEOUT); //Load time out
   2641                  }
   2642              }
   2643          }
   2644          
   2645          
   2646          
   2647          
   2648          /**
   2649           *  @brief      In the case the dc bus voltage is outside safe levels, take some
   2650           *              action to keep the voltage within safe level.
   2651           *  @oaram      none
   2652           *  @return     none
   2653           */
   2654          void OverVoltageProtection(void)
   2655          {
   2656              sint16 vbus;
   2657              uint16 temp;
   2658          
   2659              temp = SR_Motor_Fault;
   2660              temp  = BIT_TEST(temp, SR_FAULT_DCBUS_UNDER_VOLTAGE);
   2661              temp += BIT_TEST(temp, SR_FAULT_DCBUS_OVER_VOLTAGE);
   2662          
   2663              if(temp)
   2664              {
   2665                  //Check for consistency of vbus reading
   2666                  SR_DATA_MCU_CHECK_SHORT(SR_DCBus);
   2667                  vbus = SR_DCBus;
   2668          
   2669                  // Powering up stage is completed -> adc signals are reliable
   2670                  // Dc Voltage out of range fault detected
   2671                  if(vbus > VBUS_SR_HIGH_THR_AD_COUNTS)
   2672                  {
   2673                      SR_MOTORSAFETY_MGR_ERROR_REACTION();
   2674                  }
   2675                  else if(vbus < VBUS_SR_LOW_THR_AD_COUNTS)
   2676                  {
   2677                      SRMCPwm__TurnOffAllGates();
   2678                  }
   2679              }
   2680              else
   2681              {
   2682                  SR_MOTORSAFETY_MGR_ERROR_REACTION();
   2683              }
   2684          }
   2685          
   2686          #ifdef SR_CIM_MOTOR
   2687          
   2688          #ifdef __IAR_SYSTEMS_ICC__
   2689          #pragma inline = forced
   2690          #endif
   2691          void InitMotorMovingHandlerCim(void)
   2692          {
   2693              uint16 temp;
   2694          
   2695              //! To be safe start the motor warning that it is moving.
   2696          
   2697              // Reset the zero speed flag, i.e., the motor is moving
   2698              temp = SR_Motor_Flags;
   2699              BIT_CLR(temp, SR_FLAG_UNLOCK_DOOR_SPEED);
   2700              SR_DATA_MCU_UPDATE_SHORT(SR_Motor_Flags,temp);
   2701          
   2702              // Set the rotor moving flag, i.e., the motor is moving
   2703              ClearFault(SR_FAULT_UNLOCK_DOOR_SPEED_FAILED);
   2704          
   2705              // Reset the Tacho zero speed check counter
   2706              SR_DATA_MCU_UPDATE_LONG(SR_VerifyTargetCounter,0);
   2707          
   2708          
   2709          }
   2710          
   2711          /**
   2712           *  @brief      Handler the unlock door speed (or rotor not moving) detection sub module. This shall be a part of the
   2713           *              whole class B protection. It uses two flags, one is to detect when the speed is really zero and,
   2714           *              when there is no movement in at the motor shaft. For safety issues, the zero speed detection
   2715           *              shall be used as flag for lid opening. There is also a flag which warns that the unlock door speed
   2716           *              was not able to be detected, this is not a fault and will not prevent the motor to start over.
   2717           *              This error in the unlock door speed flag shall be used in the door lock routine.
   2718           */
   2719          void MotorMovingHandlerCim(void)
   2720          {
   2721              uint32 temp;
   2722          #ifndef SKIP_MOTOR_MOVING_CHECK
   2723              if (SRMCInputCapture__GetMovementStatus(SR_UNLOCKDOORSPEED_LOW_COUNTER_THR))
   2724              {
   2725                  // motor is moving
   2726                  // update the state
   2727          
   2728                  // Clear the unlock door speed flag.
   2729                  temp = (uint32)SR_Motor_Flags;
   2730                  BIT_CLR(temp, SR_FLAG_UNLOCK_DOOR_SPEED);
   2731                  SR_DATA_MCU_UPDATE_SHORT(SR_Motor_Flags,(uint16)temp);
   2732          
   2733                  temp = SR_VerifyTargetCounter;
   2734                  if (temp < SR_UNLOCKDOORSPEED_TARGET_NOT_REACHED_TIMEOUT)
   2735                  {
   2736                      // wait state
   2737                      temp++;
   2738                      SR_DATA_MCU_UPDATE_LONG(SR_VerifyTargetCounter,temp);
   2739                  }
   2740                  else
   2741                  {
   2742                      // timeout state
   2743                      // Set the flag that a failure has happened while detecting the unlock door speed flag
   2744                      SetFault(SR_FAULT_UNLOCK_DOOR_SPEED_FAILED);
   2745                  }
   2746              }
   2747              else
   2748          #endif
   2749              {
   2750                  // motor is stopped
   2751          
   2752                  // Set the unlock door speed flag.
   2753                  temp = (uint32)SR_Motor_Flags;
   2754                  BIT_SET(temp, SR_FLAG_UNLOCK_DOOR_SPEED);
   2755                  SR_DATA_MCU_UPDATE_SHORT(SR_Motor_Flags,(uint16)temp);
   2756              }
   2757          }
   2758          
   2759          
   2760          #ifdef __IAR_SYSTEMS_ICC__
   2761          #pragma inline = forced
   2762          #endif
   2763          
   2764          
   2765          #ifdef __IAR_SYSTEMS_ICC__
   2766          #pragma inline = forced
   2767          #endif
   2768          void InputCapturePlausibilityHandler(void)
   2769          {
   2770              uint16 temp;
   2771          
   2772              temp = SRMCInputCapture__GetDiagnosticFeedback();
   2773          
   2774              if (temp == SR_IC_MIN_TACH_ERROR)
   2775              {
   2776                  // Set the plausibility fault
   2777                  SetFault(SR_FAULT_INPUTCAPTURE_PLAUSIBILITY_MIN_FAILED);
   2778          
   2779                  SR_DATA_MCU_UPDATE_LONG(SR_Timeout_Failure_Retry,TACHO_TIMEOUT); //Load time out
   2780              }
   2781              else if (temp == SR_IC_MAX_SPEED_ERROR)
   2782              {
   2783                  SetFault(SR_FAULT_INPUTCAPTURE_PLAUSIBILITY_MAX_FAILED);
   2784          
   2785                  SR_DATA_MCU_UPDATE_LONG(SR_Timeout_Failure_Retry,TACHO_TIMEOUT); //Load time out
   2786              }
   2787              else if ((temp == SR_IC_TEST_NOT_INITIALIZED) || (temp == SR_IC_ERROR_PERIPHERAL_NOT_SAFE))
   2788              {
   2789                  // todo: which fault report?
   2790                  // Set the plausibility fault
   2791                  SetFault(SR_FAULT_INPUTCAPTURE_PLAUSIBILITY_MAX_FAILED);
   2792          
   2793                  SR_DATA_MCU_UPDATE_LONG(SR_Timeout_Failure_Retry,TACHO_TIMEOUT); //Load time out
   2794              }
   2795          }
   2796          
   2797          
   2798          
   2799          
   2800          //---------------------------------------------------------------------------------------------------------------------
   2801          /**
   2802           *  @brief      Get the latest captured value of the InputCapture driver.
   2803           *  @param      none
   2804           *  @return     Last value of the InputCapture driver. Zero if the IC driver is disabled
   2805           */
   2806          unsigned int SRMotorSafetyMgr__GetInputCaptureCounterValue(void)
   2807          {
   2808              unsigned int res = 0;
   2809              if (SRMCInputCapture__GetStatus() == INPUTCAPTURE_ENABLED)
   2810              {
   2811                  res = SRMCInputCapture__GetCounterValue();
   2812              }
   2813          
   2814              return res;
   2815          }
   2816          
   2817          
   2818          
   2819          
   2820          //---------------------------------------------------------------------------------------------------------------------
   2821          /**
   2822           *  @brief      Get if a Input Capture match event occurred.
   2823           *  @param      none
   2824           *  @return     TRUE: match event occurred; FALSE: no match event occurred.
   2825           */
   2826          uint8 SRMotorSafetyMgr__GetInputCaptureMatchEvent(void)
   2827          {
   2828              uint8 res = 0;
   2829          
   2830              if (SRMCInputCapture__GetStatus() == INPUTCAPTURE_ENABLED)
   2831              {
   2832                  res = SRMCInputCapture__GetMatchEvent();
   2833              }
   2834          
   2835              return res;
   2836          }
   2837          #endif
   2838          
   2839          
   2840          
   2841          
   2842          #ifdef SR_BPM_MOTOR
   2843          /**
   2844           *  @brief      Initializes the variable of the unlock door speed algorithm.
   2845           *  @param      None
   2846           *  @return     None
   2847           *
   2848           */
   2849          #ifdef __IAR_SYSTEMS_ICC__
   2850          #pragma inline = forced
   2851          #endif
   2852          void InitMotorMovingHandlerBpm(void)
   2853          {
   2854              uint16 temp;
   2855          
   2856              //! To be safe start the motor warning that it is moving.
   2857          
   2858              // Reset the zero speed flag, i.e., the motor is moving
   2859              temp = SR_Motor_Flags;
   2860              BIT_CLR(temp, SR_FLAG_UNLOCK_DOOR_SPEED);
   2861              SR_DATA_MCU_UPDATE_SHORT(SR_Motor_Flags,temp);
   2862          
   2863              SR_DATA_MCU_UPDATE_LONG(SR_ZeroSpeedWithCurrTimer,0);
   2864          
   2865              SR_DATA_MCU_UPDATE_LONG(SR_ZeroSpeedDebouncer,0);                           // Initialize reseting the zero speed debouncer
   2866          }
   2867          
   2868          
   2869          
   2870          
   2871          /**
   2872           *  @brief      Handles the the unlock door speed algorithm.
   2873           *  @details    Call rate: every 5 ms
   2874           *  @param      None
   2875           *  @return     None
   2876           *
   2877           */

   \                                 In section .text, align 2, keep-with-next
   2878          void MotorMovingHandlerBpm(void)
   2879          {
   \                     MotorMovingHandlerBpm: (+1)
   \   00000000   0xB530             PUSH     {R4,R5,LR}
   \   00000002   0xB081             SUB      SP,SP,#+4
   2880              uint32 temp;
   2881              uint32 temp1;
   2882              uint32 temp_a;
   2883              uint32 temp_b;
   2884          
   2885          #ifndef SKIP_MOTOR_MOVING_CHECK
   2886              CheckAnalogVariables4Failure(); // Check for corrupted data
   \   00000004   0x2000             MOVS     R0,#+0
   \   00000006   0xF3EF 0x8510      MRS      R5,PRIMASK
   \   0000000A   0xB672             CPSID    I
   \   0000000C   0x....             LDR.N    R4,??DataTable29_3
   \   0000000E   0xF9B4 0x100E      LDRSH    R1,[R4, #+14]
   \   00000012   0xF9B4 0x202E      LDRSH    R2,[R4, #+46]
   \   00000016   0x43D2             MVNS     R2,R2
   \   00000018   0xB289             UXTH     R1,R1
   \   0000001A   0xB292             UXTH     R2,R2
   \   0000001C   0x4291             CMP      R1,R2
   \   0000001E   0xBF18             IT       NE 
   \   00000020   0x2001             MOVNE    R0,#+1
   \   00000022   0xF9B4 0x1012      LDRSH    R1,[R4, #+18]
   \   00000026   0xF9B4 0x2032      LDRSH    R2,[R4, #+50]
   \   0000002A   0x43D2             MVNS     R2,R2
   \   0000002C   0xB289             UXTH     R1,R1
   \   0000002E   0xB292             UXTH     R2,R2
   \   00000030   0x4291             CMP      R1,R2
   \   00000032   0xBF18             IT       NE 
   \   00000034   0x1C40             ADDNE    R0,R0,#+1
   \   00000036   0xF9B4 0x1016      LDRSH    R1,[R4, #+22]
   \   0000003A   0xF9B4 0x2036      LDRSH    R2,[R4, #+54]
   \   0000003E   0x43D2             MVNS     R2,R2
   \   00000040   0xB289             UXTH     R1,R1
   \   00000042   0xB292             UXTH     R2,R2
   \   00000044   0x4291             CMP      R1,R2
   \   00000046   0xBF18             IT       NE 
   \   00000048   0x1C40             ADDNE    R0,R0,#+1
   \   0000004A   0xF9B4 0x1010      LDRSH    R1,[R4, #+16]
   \   0000004E   0xF9B4 0x2030      LDRSH    R2,[R4, #+48]
   \   00000052   0x43D2             MVNS     R2,R2
   \   00000054   0xB289             UXTH     R1,R1
   \   00000056   0xB292             UXTH     R2,R2
   \   00000058   0x4291             CMP      R1,R2
   \   0000005A   0xBF18             IT       NE 
   \   0000005C   0x1C40             ADDNE    R0,R0,#+1
   \   0000005E   0xF9B4 0x1014      LDRSH    R1,[R4, #+20]
   \   00000062   0xF9B4 0x2034      LDRSH    R2,[R4, #+52]
   \   00000066   0x43D2             MVNS     R2,R2
   \   00000068   0xB289             UXTH     R1,R1
   \   0000006A   0xB292             UXTH     R2,R2
   \   0000006C   0x4291             CMP      R1,R2
   \   0000006E   0xBF18             IT       NE 
   \   00000070   0x1C40             ADDNE    R0,R0,#+1
   \   00000072   0xF9B4 0x1018      LDRSH    R1,[R4, #+24]
   \   00000076   0xF9B4 0x2038      LDRSH    R2,[R4, #+56]
   \   0000007A   0x43D2             MVNS     R2,R2
   \   0000007C   0xB289             UXTH     R1,R1
   \   0000007E   0xB292             UXTH     R2,R2
   \   00000080   0x4291             CMP      R1,R2
   \   00000082   0xBF18             IT       NE 
   \   00000084   0x1C40             ADDNE    R0,R0,#+1
   \   00000086   0xF9B4 0x1022      LDRSH    R1,[R4, #+34]
   \   0000008A   0xF9B4 0x2042      LDRSH    R2,[R4, #+66]
   \   0000008E   0x43D2             MVNS     R2,R2
   \   00000090   0xB289             UXTH     R1,R1
   \   00000092   0xB292             UXTH     R2,R2
   \   00000094   0x4291             CMP      R1,R2
   \   00000096   0xBF18             IT       NE 
   \   00000098   0x1C40             ADDNE    R0,R0,#+1
   \   0000009A   0xB120             CBZ.N    R0,??MotorMovingHandlerBpm_0
   \   0000009C   0x2201             MOVS     R2,#+1
   \   0000009E   0x2100             MOVS     R1,#+0
   \   000000A0   0x2001             MOVS     R0,#+1
   \   000000A2   0x.... 0x....      BL       SRException__Queue
   \                     ??MotorMovingHandlerBpm_0: (+1)
   \   000000A6   0xF385 0x8810      MSR      PRIMASK,R5
   2887          
   2888              // Count up the timeout to stop the motor
   2889              temp = SR_ZeroSpeedWithCurrTimer;
   \   000000AA   0x6DA0             LDR      R0,[R4, #+88]
   2890              if(temp < SR_MAX_LONG_VARIABLE)
   \   000000AC   0x2100             MOVS     R1,#+0
   \   000000AE   0xF06F 0x0201      MVN      R2,#+1
   \   000000B2   0x4289             CMP      R1,R1
   \   000000B4   0xDC09             BGT.N    ??MotorMovingHandlerBpm_1
   \   000000B6   0xDB01             BLT.N    ??MotorMovingHandlerBpm_2
   \   000000B8   0x4290             CMP      R0,R2
   \   000000BA   0xD206             BCS.N    ??MotorMovingHandlerBpm_1
   2891              {
   2892                  temp++;
   2893                  SR_DATA_MCU_UPDATE_LONG(SR_ZeroSpeedWithCurrTimer,temp);
   \                     ??MotorMovingHandlerBpm_2: (+1)
   \   000000BC   0x1C42             ADDS     R2,R0,#+1
   \   000000BE   0xF104 0x01F8      ADD      R1,R4,#+248
   \   000000C2   0xF104 0x0058      ADD      R0,R4,#+88
   \   000000C6   0x.... 0x....      BL       SRData__UpdateLong
   2894              }
   2895          
   2896              temp1 = SR_SquaredCurrentsSum;
   \                     ??MotorMovingHandlerBpm_1: (+1)
   \   000000CA   0x6DE0             LDR      R0,[R4, #+92]
   2897          
   2898              //// The block below implements the unlock door speed debouncer
   2899              // if the sum of the squared currents is close to zero
   2900              // and the pwm is performing the "lowers on"
   2901              temp = SR_ZeroSpeedDebouncer;
   \   000000CC   0x6D61             LDR      R1,[R4, #+84]
   2902              if((temp1 < SR_UNLOCKDOORSPEED_CURR_THRES_FIXP)&&(temp < SR_UNLOCKDOORSPEED_DEBOUNCING_COUNTER)) // SRMCpwm driver is changed.
   \   000000CE   0xF242 0x7210      MOVW     R2,#+10000
   \   000000D2   0x4290             CMP      R0,R2
   \   000000D4   0xBF38             IT       CC 
   \   000000D6   0xF5B1 0x7FA0      CMPCC    R1,#+320
   \   000000DA   0xD233             BCS.N    ??MotorMovingHandlerBpm_3
   2903              {   // ZeroSpeedDebouncer does not already reached the desired value
   2904                  // If no exception in the hardware has been read (shut down input)
   2905                  temp = (uint32)CheckHwFaultStatus();
   \   000000DC   0x.... 0x....      BL       SRMCPwm__GetHwFaultStatus
   \   000000E0   0x2801             CMP      R0,#+1
   \   000000E2   0xD11F             BNE.N    ??MotorMovingHandlerBpm_4
   \   000000E4   0x8920             LDRH     R0,[R4, #+8]
   \   000000E6   0xF040 0x0240      ORR      R2,R0,#0x40
   \   000000EA   0xF104 0x012A      ADD      R1,R4,#+42
   \   000000EE   0xF104 0x0008      ADD      R0,R4,#+8
   \   000000F2   0x.... 0x....      BL       SRData__UpdateShort
   \   000000F6   0x8960             LDRH     R0,[R4, #+10]
   \   000000F8   0xF040 0x0240      ORR      R2,R0,#0x40
   \   000000FC   0xF104 0x01DE      ADD      R1,R4,#+222
   \   00000100   0xF104 0x000A      ADD      R0,R4,#+10
   \   00000104   0x.... 0x....      BL       SRData__UpdateShort
   2906                  if(!temp)
   2907                  {
   2908                      // Increment the "debouncer" timer
   2909                      temp = SR_ZeroSpeedDebouncer;
   2910                      if(temp < SR_MAX_LONG_VARIABLE)
   2911                      {
   2912                          temp++;
   2913                          SR_DATA_MCU_UPDATE_LONG(SR_ZeroSpeedDebouncer,temp);
   2914                      }
   2915          
   2916                  }
   2917                  else // else a hardware exception has happened
   2918                  {
   2919                      // then zero the "debouncer" timer.
   2920                      SR_DATA_MCU_UPDATE_LONG(SR_ZeroSpeedDebouncer,0);
   \   00000108   0x2200             MOVS     R2,#+0
   \   0000010A   0xF104 0x01F4      ADD      R1,R4,#+244
   \   0000010E   0xF104 0x0054      ADD      R0,R4,#+84
   \   00000112   0x.... 0x....      BL       SRData__UpdateLong
   2921          
   2922                      // Hw faults are detected -> wait 60 s before turn-on again PWM
   2923                      SR_DATA_MCU_UPDATE_LONG(SR_Timeout_Failure_Retry,HW_FAULT_POSTRUN_TIMEOUT); //Load time out
   \   00000116   0xF642 0x62E0      MOVW     R2,#+12000
   \   0000011A   0xF504 0x7190      ADD      R1,R4,#+288
   \   0000011E   0xF104 0x0080      ADD      R0,R4,#+128
   \   00000122   0xE00D             B.N      ??MotorMovingHandlerBpm_5
   2924                  }
   \                     ??MotorMovingHandlerBpm_4: (+1)
   \   00000124   0x6D60             LDR      R0,[R4, #+84]
   \   00000126   0x2100             MOVS     R1,#+0
   \   00000128   0xF06F 0x0201      MVN      R2,#+1
   \   0000012C   0x4289             CMP      R1,R1
   \   0000012E   0xDC09             BGT.N    ??MotorMovingHandlerBpm_3
   \   00000130   0xDB01             BLT.N    ??MotorMovingHandlerBpm_6
   \   00000132   0x4290             CMP      R0,R2
   \   00000134   0xD206             BCS.N    ??MotorMovingHandlerBpm_3
   \                     ??MotorMovingHandlerBpm_6: (+1)
   \   00000136   0x1C42             ADDS     R2,R0,#+1
   \   00000138   0xF104 0x01F4      ADD      R1,R4,#+244
   \   0000013C   0xF104 0x0054      ADD      R0,R4,#+84
   \                     ??MotorMovingHandlerBpm_5: (+1)
   \   00000140   0x.... 0x....      BL       SRData__UpdateLong
   2925              }
   2926          
   2927              // If the time is longer enough and very short compared to the zero speed detection
   2928              temp = SR_ZeroSpeedDebouncer;
   2929          
   2930              // Debounce the time for "unlock door speed" flag
   2931              // The "debouncer" time is over, then...
   2932              if(temp >= SR_UNLOCKDOORSPEED_DEBOUNCING_COUNTER)
   \                     ??MotorMovingHandlerBpm_3: (+1)
   \   00000144   0x6D60             LDR      R0,[R4, #+84]
   \   00000146   0xF5B0 0x7FA0      CMP      R0,#+320
   \   0000014A   0xD324             BCC.N    ??MotorMovingHandlerBpm_7
   2933              {
   2934                  // Trigger the shut down pin before setting the unlock door speed flags.
   2935                  // Start the Shut down plausibility check
   2936                  SRMCPwm__EnableDiagnostic(SD_PIN_ZERO_TIME, SD_PIN_ONE_TIME);
   \   0000014C   0xF44F 0x71A0      MOV      R1,#+320
   \   00000150   0x2028             MOVS     R0,#+40
   \   00000152   0x.... 0x....      BL       SRMCPwm__EnableDiagnostic
   2937          
   2938                  // Read the SRMCPwm diagnosis feedback
   2939                  temp = SRMCPwm__GetDiagnosticFeedback();
   \   00000156   0x.... 0x....      BL       SRMCPwm__GetDiagnosticFeedback
   2940          
   2941                  // If the pwm peripheral is unsafe...
   2942                  if(temp == SR_MCPWM_ERROR_PERIPHERAL_NOT_SAFE)
   \   0000015A   0x2804             CMP      R0,#+4
   \   0000015C   0xD110             BNE.N    ??MotorMovingHandlerBpm_8
   2943                  {
   2944                      // Set the flag warning the shut down circuit is malfunctioning.
   2945                      SetFault(SR_FAULT_PWM_SHUTDOWN_FAILED);
   \   0000015E   0x8920             LDRH     R0,[R4, #+8]
   \   00000160   0xF040 0x0204      ORR      R2,R0,#0x4
   \   00000164   0xF104 0x012A      ADD      R1,R4,#+42
   \   00000168   0xF104 0x0008      ADD      R0,R4,#+8
   \   0000016C   0x.... 0x....      BL       SRData__UpdateShort
   \   00000170   0x8960             LDRH     R0,[R4, #+10]
   \   00000172   0xF040 0x0204      ORR      R2,R0,#0x4
   \   00000176   0xF104 0x01DE      ADD      R1,R4,#+222
   \   0000017A   0xF104 0x000A      ADD      R0,R4,#+10
   \   0000017E   0xE008             B.N      ??MotorMovingHandlerBpm_9
   2946          
   2947                  }
   2948                  else if(temp == SR_MCPWM_ERROR_PERIPHERAL_SAFE) // if the shut down is safe
   \                     ??MotorMovingHandlerBpm_8: (+1)
   \   00000180   0x2805             CMP      R0,#+5
   \   00000182   0xD108             BNE.N    ??MotorMovingHandlerBpm_7
   2949                  {
   2950                      // Found zero speed with zero vector (1° test passed - zero motor currents), set the unlock door speed check request to execute 2° test (not zero motor currents)
   2951                      temp1 = (uint32)SR_Motor_Flags;
   \   00000184   0x89A0             LDRH     R0,[R4, #+12]
   2952                      BIT_SET(temp1, SR_FLAG_UNLOCK_DOOR_SPEED_CHECK_REQUESTED);
   2953                      SR_DATA_MCU_UPDATE_SHORT(SR_Motor_Flags,temp1);
   \   00000186   0xF440 0x6280      ORR      R2,R0,#0x400
   \   0000018A   0xF104 0x012C      ADD      R1,R4,#+44
   \   0000018E   0xF104 0x000C      ADD      R0,R4,#+12
   \                     ??MotorMovingHandlerBpm_9: (+1)
   \   00000192   0x.... 0x....      BL       SRData__UpdateShort
   2954                  }
   2955              }
   2956          
   2957              // Get all faults that prevents the unlock door speed be read properly
   2958              temp_a  = SR_Motor_Fault;
   \                     ??MotorMovingHandlerBpm_7: (+1)
   \   00000196   0x8920             LDRH     R0,[R4, #+8]
   2959              temp_b  = BIT_TEST(temp_a, SR_FAULT_CURRENT_SENSOR_FAILED);
   2960              temp_b += BIT_TEST(temp_a, SR_FAULT_VOLTAGE_SENSOR_FAILED);
   2961              temp_b += BIT_TEST(temp_a, SR_FAULT_PWM_SHUTDOWN_FAILED);
   2962          
   2963              // If the timeout is expired.
   2964              temp = SR_ZeroSpeedWithCurrTimer;
   2965              if( (temp >= SR_UNLOCKDOORSPEED_FAIL_TIMER_COUNTER) ||
   2966                  (temp_b) )
   \   00000198   0x6DA1             LDR      R1,[R4, #+88]
   \   0000019A   0xF5B1 0x4F48      CMP      R1,#+51200
   \   0000019E   0xD205             BCS.N    ??MotorMovingHandlerBpm_10
   \   000001A0   0x07C1             LSLS     R1,R0,#+31
   \   000001A2   0xD403             BMI.N    ??MotorMovingHandlerBpm_10
   \   000001A4   0x0781             LSLS     R1,R0,#+30
   \   000001A6   0xD401             BMI.N    ??MotorMovingHandlerBpm_10
   \   000001A8   0x0740             LSLS     R0,R0,#+29
   \   000001AA   0xD514             BPL.N    ??MotorMovingHandlerBpm_11
   2967              {
   2968                  // Set the flag that a failure has happened while detecting the unlock door speed flag
   2969                  SetFault(SR_FAULT_UNLOCK_DOOR_SPEED_FAILED);
   \                     ??MotorMovingHandlerBpm_10: (+1)
   \   000001AC   0x8920             LDRH     R0,[R4, #+8]
   \   000001AE   0xF040 0x0208      ORR      R2,R0,#0x8
   \   000001B2   0xF104 0x012A      ADD      R1,R4,#+42
   \   000001B6   0xF104 0x0008      ADD      R0,R4,#+8
   \   000001BA   0x.... 0x....      BL       SRData__UpdateShort
   \   000001BE   0x8960             LDRH     R0,[R4, #+10]
   \   000001C0   0xF040 0x0208      ORR      R2,R0,#0x8
   \   000001C4   0xF104 0x01DE      ADD      R1,R4,#+222
   \   000001C8   0xF104 0x000A      ADD      R0,R4,#+10
   \   000001CC   0xB001             ADD      SP,SP,#+4
   \   000001CE   0xE8BD 0x4030      POP      {R4,R5,LR}
   \   000001D2   0x.... 0x....      B.W      SRData__UpdateShort
   2970              }
   2971          #else
   2972              // Mock for BPM
   2973              // motor is stopped
   2974              // Clear the flag that the shut down was corrupted from previous run
   2975              ClearFault(SR_FAULT_PWM_SHUTDOWN_FAILED);
   2976          
   2977              // Set the zero speed flag.
   2978              temp1 = (uint32)SR_Motor_Flags;
   2979              BIT_SET(temp1, SR_FLAG_UNLOCK_DOOR_SPEED_CHECK_REQUESTED);
   2980              SR_DATA_MCU_UPDATE_SHORT(SR_Motor_Flags,temp1);
   2981          
   2982              // Clear the flag  that a failure has happened while detection the zero speed
   2983              ClearFault(SR_FAULT_UNLOCK_DOOR_SPEED_FAILED);
   2984          #endif
   2985          }
   \                     ??MotorMovingHandlerBpm_11: (+1)
   \   000001D6   0xB001             ADD      SP,SP,#+4
   \   000001D8   0xBD30             POP      {R4,R5,PC}       ;; return

   \                                 In section .text, align 4, keep-with-next
   \                     ??DataTable5:
   \   00000000   0x00000000         DC32     0x0

   \                                 In section .text, align 4, keep-with-next
   \                     ??DataTable5_1:
   \   00000000   0x420C0000         DC32     0x420c0000

   \                                 In section .text, align 4, keep-with-next
   \                     ??DataTable5_2:
   \   00000000   0x3F866666         DC32     0x3f866666

   \                                 In section .text, align 4, keep-with-next
   \                     ??DataTable5_3:
   \   00000000   0x3F733333         DC32     0x3f733333

   \                                 In section .text, align 4, keep-with-next
   \                     ??DataTable7:
   \   00000000   0x........         DC32     SR_SafetyMngr_State

   \                                 In section .text, align 4, keep-with-next
   \                     ??DataTable7_1:
   \   00000000   0x4003B000         DC32     0x4003b000

   \                                 In section .text, align 4, keep-with-next
   \                     ??DataTable7_2:
   \   00000000   0x40027000         DC32     0x40027000

   \                                 In section .text, align 4, keep-with-next
   \                     ??DataTable7_3:
   \   00000000   0x40038018         DC32     0x40038018

   \                                 In section .text, align 4, keep-with-next
   \                     ??DataTable7_4:
   \   00000000   0x40038038         DC32     0x40038038

   \                                 In section .text, align 4, keep-with-next
   \                     ??DataTable8:
   \   00000000   0x3F733333         DC32     0x3f733333

   \                                 In section .text, align 4, keep-with-next
   \                     ??DataTable8_1:
   \   00000000   0x........         DC32     SR_SafetyMngr_State

   \                                 In section .text, align 4, keep-with-next
   \                     ??DataTable28:
   \   00000000   0x00000000         DC32     0x0

   \                                 In section .text, align 4, keep-with-next
   \                     ??DataTable29:
   \   00000000   0x41B3D4F4         DC32     0x41b3d4f4

   \                                 In section .text, align 4, keep-with-next
   \                     ??DataTable29_1:
   \   00000000   0x38000000         DC32     0x38000000

   \                                 In section .text, align 4, keep-with-next
   \                     ??DataTable29_2:
   \   00000000   0x457A0000         DC32     0x457a0000

   \                                 In section .text, align 4, keep-with-next
   \                     ??DataTable29_3:
   \   00000000   0x........         DC32     SR_SafetyMngr_State
   2986          
   2987          #endif
   2988          
   2989          
   2990          
   2991          
   2992          
   2993          
   2994          /**
   2995           *  @brief      Initialize the variables used by the frequency measurement module.
   2996           *  @details    Called every motor control state machine starting up
   2997           *  @param      None
   2998           *  @return     None
   2999           *
   3000           */
   3001          #ifdef __IAR_SYSTEMS_ICC__
   3002          #pragma inline = forced
   3003          #endif
   3004          void Init_Avg_Frequency(void)
   3005          {
   3006          #ifdef SR_BPM_MOTOR
   3007          
   3008              sint32 temp_s32;
   3009          
   3010              SR_DATA_MCU_CHECK_BYTE(SR_Avg_Cross_Event);
   3011              SR_DATA_MCU_CHECK_LONG(SR_Avg_Fund_Period_High_Threshold);
   3012              SR_DATA_MCU_CHECK_LONG(SR_Avg_Fund_Period_Low_Threshold);
   3013              SR_DATA_MCU_CHECK_LONG(SR_Avg_Threshold);
   3014              SR_DATA_MCU_CHECK_LONG(SR_Avg_Fund_Period_Time_Counter);
   3015              SR_DATA_MCU_CHECK_LONG(SR_Avg_Fund_Period_Cycle_Counter);
   3016              SR_DATA_MCU_CHECK_LONG(SR_Avg_Fund_Period);
   3017              SR_DATA_MCU_CHECK_LONG(SR_Applied_Duty_A_Sum);
   3018              SR_DATA_MCU_CHECK_BYTE(SR_Avg_Fund_Ignored_First);
   3019          
   3020              temp_s32 = SRMCPWM__GETMAXPWM();
   3021              temp_s32 = (sint32)(SR_MODULATION_LIMIT * (float)temp_s32);
   3022              temp_s32 = temp_s32>>1;                         //!< Half value of the maximum duty, e.g. 0.5 pu
   3023              SR_Avg_Fund_Period_High_Threshold = (sint32)(((100.0f + AVG_THRESHOLD_HT)/100.0f) * temp_s32);  //!< High threshold hysteresis value;
   3024              SR_Avg_Fund_Period_Low_Threshold =  (sint32)(((100.0f - AVG_THRESHOLD_HT)/100.0f) * temp_s32);  //!< Low threshold hysteresis value
   3025          
   3026              SR_DATA_MCU_UPDATE_LONG(SR_Avg_Fund_Period_High_Threshold, SR_Avg_Fund_Period_High_Threshold);
   3027              SR_DATA_MCU_UPDATE_LONG(SR_Avg_Fund_Period_Low_Threshold, SR_Avg_Fund_Period_Low_Threshold);
   3028              SR_DATA_MCU_UPDATE_LONG(SR_Avg_Threshold, SR_Avg_Fund_Period_Low_Threshold);
   3029          
   3030              SR_DATA_MCU_UPDATE_BYTE(SR_Avg_Cross_Event, FALSE);
   3031              SR_DATA_MCU_UPDATE_LONG(SR_Avg_Fund_Period_Time_Counter, 0);
   3032              SR_DATA_MCU_UPDATE_LONG(SR_Avg_Fund_Period_Cycle_Counter, SR_MOTOR_SAFETY_MNGR_MAX_PERIOD_COUNTER);
   3033              SR_DATA_MCU_UPDATE_LONG(SR_Avg_Fund_Period, SR_MOTOR_SAFETY_MNGR_MAX_PERIOD_COUNTER);
   3034              SR_DATA_MCU_UPDATE_LONG(SR_Applied_Duty_A_Sum, 0);
   3035              SR_DATA_MCU_UPDATE_LONG(SR_Applied_Duty_A_Sum_High, 0);
   3036          
   3037              SR_DATA_MCU_UPDATE_BYTE(SR_Avg_Fund_Ignored_First, FALSE);
   3038          
   3039          #else // SR_CIM_MOTOR
   3040          
   3041          
   3042          #endif
   3043          }
   3044          
   3045          
   3046          
   3047          
   3048          /**
   3049           *  @brief      Measure the avereage frequency
   3050           *  @details    Call rate every motor control rate (pwm rate)
   3051           *  @param      None
   3052           *  @return     None
   3053           *
   3054           */
   3055          #ifdef __IAR_SYSTEMS_ICC__
   3056          #pragma inline = forced
   3057          #endif
   3058          void Calc_Avg_Frequency(void)
   3059          {
   3060          #ifdef SR_BPM_MOTOR
   3061          
   3062              uint32 temp_u32;
   3063              sint32 temp_s32;
   3064              sint32 temp_s32_1;
   3065              sint32 temp_s32_low;
   3066              sint32 temp_s32_high;
   3067          
   3068              SR_DATA_MCU_CHECK_LONG(SR_Avg_Fund_Period_Time_Counter);
   3069              SR_DATA_MCU_CHECK_LONG(SR_Avg_Fund_Period_Cycle_Counter);
   3070              SR_DATA_MCU_CHECK_LONG(SR_Applied_Duty_A_Sum);
   3071              SR_DATA_MCU_CHECK_LONG(SR_Applied_Duty_A_Sum_High);
   3072              SR_DATA_MCU_CHECK_LONG(SR_Avg_Threshold);
   3073              SR_DATA_MCU_CHECK_LONG(SR_Avg_Fund_Period_Low_Threshold);
   3074              SR_DATA_MCU_CHECK_LONG(SR_Avg_Fund_Period_High_Threshold);
   3075              SR_DATA_MCU_CHECK_BYTE(SR_Avg_Cross_Event);
   3076              SR_DATA_MCU_CHECK_BYTE(SR_Avg_Fund_Period_Cycle_Total);
   3077              SR_DATA_MCU_CHECK_BYTE(SR_Avg_Fund_Ignored_First);
   3078          
   3079              temp_u32 = SR_Avg_Fund_Period_Time_Counter;
   3080              if(temp_u32 < SR_MOTOR_SAFETY_MNGR_MAX_PERIOD_COUNTER)
   3081              {
   3082                  temp_u32++;
   3083                  SR_DATA_MCU_UPDATE_LONG(SR_Avg_Fund_Period_Time_Counter, temp_u32);
   3084              }
   3085          
   3086              temp_s32 = SRMCPWM__GET_PWM_A();
   3087          
   3088              temp_s32_1 = SR_Applied_Duty_A_Sum;
   3089              SRMC__FILTER_CALC(temp_s32, temp_s32_1, SRMOTOR_SAFETY_AVG_CALC_COFF_FREQ_LOW_SPD);
   3090              SR_DATA_MCU_UPDATE_LONG(SR_Applied_Duty_A_Sum, temp_s32_1);
   3091              temp_s32_low = SRMC__FILTER_GET_FILTERED_VAR(temp_s32_1, SRMOTOR_SAFETY_AVG_CALC_COFF_FREQ_LOW_SPD);
   3092          
   3093              temp_s32_1 = SR_Applied_Duty_A_Sum_High;
   3094              SRMC__FILTER_CALC(temp_s32, temp_s32_1, SRMOTOR_SAFETY_AVG_CALC_COFF_FREQ_HI_SPD);
   3095              SR_DATA_MCU_UPDATE_LONG(SR_Applied_Duty_A_Sum_High, temp_s32_1);
   3096              temp_s32_high = SRMC__FILTER_GET_FILTERED_VAR(temp_s32_1, SRMOTOR_SAFETY_AVG_CALC_COFF_FREQ_HI_SPD);
   3097          
   3098              // Select which filtered value will be used in the threshold, there is a small glitch
   3099              // when jumping from filter to other one but the error is small.
   3100              temp_s32 = SR_Avg_Fund_Period;
   3101              if(temp_s32 < SRMOTOR_SAFETY_AVG_HIST_LOW_TO_HIGH_THRES)
   3102              {
   3103                  temp_s32 = temp_s32_high;
   3104              }
   3105              else
   3106              {
   3107                  temp_s32 = temp_s32_low;
   3108              }
   3109          
   3110              // Look for complete cycles and count the time accordingly.
   3111              if(temp_s32 > SR_Avg_Threshold)
   3112              {
   3113                  SR_DATA_MCU_UPDATE_LONG(SR_Avg_Threshold, SR_Avg_Fund_Period_Low_Threshold);
   3114          
   3115                  if(SR_Avg_Cross_Event == TRUE)
   3116                  {
   3117                      SR_DATA_MCU_UPDATE_BYTE(SR_Avg_Cross_Event, FALSE);
   3118          
   3119                      temp_u32 = SR_Avg_Fund_Period_Cycle_Counter;
   3120                      temp_u32++;
   3121                      SR_DATA_MCU_UPDATE_LONG(SR_Avg_Fund_Period_Cycle_Counter, temp_u32);
   3122          
   3123                      if(SR_Avg_Fund_Period_Cycle_Counter >= SR_Avg_Fund_Period_Cycle_Total)
   3124                      {
   3125                      	if(SR_Avg_Fund_Ignored_First == TRUE)
   3126                      	{
   3127                      		SR_DATA_MCU_UPDATE_LONG(SR_Avg_Fund_Period, SR_Avg_Fund_Period_Time_Counter);
   3128                      	}
   3129                      	else
   3130                      	{
   3131                      		SR_DATA_MCU_UPDATE_BYTE(SR_Avg_Fund_Ignored_First, TRUE);
   3132                      	}
   3133          
   3134                          SR_DATA_MCU_UPDATE_LONG(SR_Avg_Fund_Period_Cycle_Counter, 0);
   3135                          SR_DATA_MCU_UPDATE_LONG(SR_Avg_Fund_Period_Time_Counter, 0);
   3136                      }
   3137                  }
   3138              }
   3139              else if(temp_s32 < SR_Avg_Threshold)
   3140              {
   3141                  SR_DATA_MCU_UPDATE_LONG(SR_Avg_Threshold, SR_Avg_Fund_Period_High_Threshold);
   3142                  SR_DATA_MCU_UPDATE_BYTE(SR_Avg_Cross_Event, TRUE);
   3143              }
   3144          
   3145          #endif
   3146          }
   3147          
   3148          
   3149          
   3150          
   3151          /**
   3152           *  @brief      Compare the averaged speed to a threshold.
   3153           *  @details    Called every 5 ms
   3154           *  @param      None
   3155           *  @return     None - calls back the Speed Monitor with TRUE (speed above) or FALSE (speed below) threshold.
   3156           *
   3157           */
   3158          #ifdef __IAR_SYSTEMS_ICC__
   3159          #pragma inline = forced
   3160          #endif
   3161          void Check_Avg_Frequency(void)
   3162          {
   3163          #ifdef SR_BPM_MOTOR
   3164          
   3165              uint16 temp;
   3166          
   3167              SR_DATA_MCU_CHECK_LONG(SR_Avg_Fund_Period);
   3168          
   3169          
   3170              temp = SR_Motor_Flags;
   3171              temp = BIT_TEST(temp, SR_FLAG_MC_PARAMETERS_LOADED);
   3172          
   3173              if(temp) // ensure parameters are loaded
   3174              {
   3175          
   3176                  if(SR_Avg_Fund_Period < SR_MotorSafety_Params->Avg_Fund_Period_Threshold_1)
   3177                  {
   3178                      // Call back warning the frequency is above the threshold set
   3179                      SR_MOTOR_SAFETY_MGR__AVG_FREQUENCY_ABOVE_THREHOLD();
   3180                  }
   3181                  else
   3182                  {
   3183                      // Call back warning the frequency is below the threshold set
   3184                      SR_MOTOR_SAFETY_MGR__AVG_FREQUENCY_BELOW_THREHOLD();
   3185                  }
   3186              }
   3187          #else //SR_CIM_MOTOR
   3188          
   3189              // To be implemented.
   3190          
   3191          #endif
   3192          }
   3193          
   3194          
   3195          
   3196          
   3197          
   3198          //---------------------------------------------------------------------------------------------------------------------
   3199          /**
   3200           *  @brief      Update Pwm variables - shall be only used by class B part
   3201           *  @param      pwm values
   3202           *
   3203           */
   3204          #ifdef __IAR_SYSTEMS_ICC__
   3205          #pragma inline = forced
   3206          #endif
   3207          
   3208          #ifdef SR_THIRD_CURRENT_RECONSTRUCTION
   3209          //---------------------------------------------------------------------------------------------------------------------
   3210          /**
   3211           *  @brief      Update ADC configuration according to duty-cycle pattern
   3212           *  @details    The ADC is configured so that the two currents corresponding to the
   3213           *              shortest duties are sampled on the first trigger event
   3214           *  @param
   3215           *
   3216           */
   3217          #ifdef __IAR_SYSTEMS_ICC__
   3218          #pragma inline = forced
   3219          #endif
   3220          void UpdateAdcConfig()
   3221          {
   3222              sint32 temp_s32;
   3223              uint16 index;   
   3224              sint32 b;
   3225              sint32 c;
   3226              if(SR_SafetyMngr_State != SAFETY_MNGR_PRERUN_TESTS)  // in prerun we must not touch the ADC configuration
   3227              {
   3228                  // Reconfigure ADC connections according to sector for third current reconstruction strategy
   3229                  if (SR_SafetyMngr_State != SAFETY_MNGR_RUNNING)
   3230                  {   // read all currents for correct offset update
   3231                      index = 0;
   3232                  }
   3233                  else
   3234                  {
   3235                      // calculate the index of the current corresponding to the longest duty (SR_sector)
   3236                      b = SRMCPWM__GET_PWM_B();
   3237                      c = SRMCPWM__GET_PWM_C();
   3238          
   3239                      temp_s32 = SRMCPWM__GET_PWM_A();
   3240                      index = 1;
   3241          
   3242                      if (b > temp_s32)
   3243                      {
   3244                          temp_s32 = b;
   3245                          index = 2;
   3246                      }
   3247          
   3248                      if (c > temp_s32)
   3249                      {
   3250                          index = 3;
   3251                      }
   3252                  }
   3253          
   3254                  SR_Sector = index;
   3255                  SR_MCU_MOTOR_UPDATE_N_VAR(SR_Sector);
   3256          
   3257                  // and reconfigure ADC accordingly
   3258                  switch (SR_Sector)
   3259                  {
   3260                      case 1:
   3261                          SRMCATOD__SETADC2_REC1();
   3262                          SRMCATOD__SETADC3_REC1();
   3263                          break;
   3264          
   3265                      case 2:
   3266                          SRMCATOD__SETADC1_REC2();
   3267                          SRMCATOD__SETADC3_REC2();
   3268                          break;
   3269          
   3270                      case 3:
   3271                          SRMCATOD__SETADC1_REC3();
   3272                          SRMCATOD__SETADC2_REC3();
   3273                          break;
   3274          
   3275                      default:
   3276                          SRMCATOD__SETADC1_DEFAULT();
   3277                          SRMCATOD__SETADC2_DEFAULT();
   3278                          SRMCATOD__SETADC3_DEFAULT();
   3279                          SRMCATOD__SETDCBUSVOLTAGE_DEFAULT();
   3280                          break;
   3281                  }
   3282              }
   3283          }
   3284          #endif
   3285          
   3286          
   3287          
   3288          //---------------------------------------------------------------------------------------------------------------------
   3289          /**
   3290           *  @brief      Set a bit fault in the fault and fault holder registers and deny access from class A.
   3291           *  @param[in]  error bit - refer to the SR_MOTOR_FAULT_LIST_TYPE for the bit definition
   3292           *
   3293           */
   3294          void SetFault(uint16 fault)
   3295          {
   3296          	uint16 temp_u16;
   3297          
   3298          	temp_u16 = SR_Motor_Fault;
   3299          	BIT_SET(temp_u16, fault);
   3300          	SR_DATA_MCU_UPDATE_SHORT(SR_Motor_Fault, temp_u16);
   3301          
   3302          	temp_u16 = SR_Motor_Fault_Holder;
   3303          	BIT_SET(temp_u16, fault);
   3304          	SR_DATA_MCU_UPDATE_SHORT(SR_Motor_Fault_Holder, temp_u16);
   3305          }
   3306          
   3307          
   3308          
   3309          
   3310          //---------------------------------------------------------------------------------------------------------------------
   3311          /**
   3312           *  @brief      Only clears the bit fault in the fault register.
   3313           *  @param[in]  error bit - refer to the SR_MOTOR_FAULT_LIST_TYPE for the bit definition
   3314           *
   3315           */
   3316          void ClearFault(uint16 fault)
   3317          {
   3318          	uint16 temp_fault;
   3319          	temp_fault = SR_Motor_Fault;
   3320          	BIT_CLR(temp_fault, (fault));
   3321          	SR_DATA_MCU_UPDATE_SHORT(SR_Motor_Fault, temp_fault);
   3322          }
   3323          
   3324          
   3325          #ifdef SRMOTORSAFETYMGR_INTERNAL_ISR_CHECK
   3326          //----------------------------------------------------------------------------------------------------------------------
   3327          /**
   3328           *  @brief      On entering Motor Control interrupt.
   3329           *
   3330           */
   3331          static void SrIsrMcEnterIsr(void)
   3332          {
   3333              sint16 check = SRDATA_OK;
   3334          
   3335              SR_MCU_MOTOR_CHECK_SHORT(check, SR_MC_Isr_Enter_Cntr);
   3336              SR_MCU_MOTOR_CHECK_SHORT(check, SR_MC_Isr_Exit_Cntr);
   3337              if(check)
   3338              {
   3339                  SRDATA_CORRUPTION_EXCEPTION(DATA_CORRUPTION_ISR_ENTER_SECTION);
   3340              }
   3341          
   3342              if (SR_MC_Isr_Enter_Cntr > SR_MC_ISRMONITOR_MAX)
   3343              {
   3344                  SRMOTORSAFETYMGR_ISR_FLOW_FAIL_OVERRUN();
   3345              }
   3346              else
   3347              {
   3348                  SR_MC_Isr_Enter_Cntr += 1;
   3349                  SR_MCU_MOTOR_UPDATE_N_VAR(SR_MC_Isr_Enter_Cntr);
   3350              }
   3351          }
   3352          
   3353          //----------------------------------------------------------------------------------------------------------------------
   3354          /**
   3355           *  @brief      On exiting Motor Control interrupt.
   3356           *
   3357           */
   3358          static void SrIsrMcExitIsr(void)
   3359          {
   3360              SR_MC_Isr_Exit_Cntr += 1;
   3361              SR_MCU_MOTOR_UPDATE_N_VAR(SR_MC_Isr_Exit_Cntr);
   3362          }
   3363          
   3364          
   3365          //----------------------------------------------------------------------------------------------------------------------
   3366          /**
   3367           *  @brief      On entering 250us interrupt.
   3368           *
   3369           */
   3370          static void SrIsr250usEnterIsr(void)
   3371          {
   3372              SR_DATA_MCU_CHECK_SHORT(SR_250us_Isr_Enter_Cntr);
   3373              SR_DATA_MCU_CHECK_SHORT(SR_250us_Isr_Exit_Cntr);
   3374              if (SR_250us_Isr_Enter_Cntr > SR_250US_ISRMONITOR_MAX)
   3375              {
   3376                  SRMOTORSAFETYMGR_ISR_FLOW_FAIL_OVERRUN();
   3377              }
   3378              else
   3379              {
   3380                  SR_DATA_MCU_UPDATE_SHORT(SR_250us_Isr_Enter_Cntr, (SR_250us_Isr_Enter_Cntr+1));
   3381              }
   3382          }
   3383          
   3384          
   3385          //----------------------------------------------------------------------------------------------------------------------
   3386          /**
   3387           *  @brief      Handler for ISR Internal checks.
   3388           *
   3389           */
   3390          static void SrIsrHandler(void)
   3391          {
   3392              sint16 check = SRDATA_OK;
   3393          
   3394              MICRO_DECLARE_INTERRUPT_CONTEXT_LOCAL();
   3395          
   3396              //------- ISR Protected Code --------------------------------------------------------------------------------------
   3397              MICRO_SAVE_INTERRUPT_CONTEXT_LOCAL();
   3398          
   3399              SR_MCU_MOTOR_CHECK_BYTE(check, SR_Isr_Init_Flag);
   3400              SR_MCU_MOTOR_CHECK_SHORT(check, SR_MC_Isr_Enter_Cntr);
   3401              SR_MCU_MOTOR_CHECK_SHORT(check, SR_MC_Isr_Exit_Cntr);
   3402              SR_MCU_MOTOR_CHECK_SHORT(check, SR_250us_Isr_Enter_Cntr);
   3403              SR_MCU_MOTOR_CHECK_SHORT(check, SR_250us_Isr_Exit_Cntr);
   3404          
   3405              if(check)
   3406              {
   3407                  SRDATA_CORRUPTION_EXCEPTION(DATA_CORRUPTION_ISR_HANDLER_SECTION);
   3408              }
   3409          
   3410              if (SR_Isr_Init_Flag == 1)
   3411              {   // Isr check already initialized
   3412                  // Catch an Enter/Exit mismatch - at this point they must be equal!
   3413                  if (SR_MC_Isr_Enter_Cntr != SR_MC_Isr_Exit_Cntr)
   3414                  {
   3415                      SRMOTORSAFETYMGR_ISR_FLOW_FAIL_SEQUENCE(SR_MC_Isr_Enter_Cntr,SR_MC_Isr_Exit_Cntr);
   3416                  }
   3417          
   3418                  if (SR_250us_Isr_Enter_Cntr != SR_250us_Isr_Exit_Cntr)
   3419                  {
   3420                      SRMOTORSAFETYMGR_ISR_FLOW_FAIL_SEQUENCE(SR_250us_Isr_Enter_Cntr,SR_250us_Isr_Exit_Cntr);
   3421                  }
   3422          
   3423                  // Catch interrupts less than lower threshold set
   3424                  if (SR_MC_Isr_Enter_Cntr < SR_MC_SRISRMONITOR_MIN)
   3425                  {
   3426                      SRMOTORSAFETYMGR_ISR_FLOW_FAIL_TIMEOUT();
   3427                  }
   3428          
   3429                  if (SR_250us_Isr_Enter_Cntr < SR_250US_SRISRMONITOR_MIN)
   3430                  {
   3431                      SRMOTORSAFETYMGR_ISR_FLOW_FAIL_TIMEOUT();
   3432                  }
   3433          
   3434                  // Everything is going OK - reset all counters for next check
   3435                  SR_DATA_MCU_UPDATE_SHORT(SR_MC_Isr_Enter_Cntr,0);
   3436                  SR_DATA_MCU_UPDATE_SHORT(SR_MC_Isr_Exit_Cntr,0);
   3437                  SR_DATA_MCU_UPDATE_SHORT(SR_250us_Isr_Enter_Cntr,0);
   3438                  SR_DATA_MCU_UPDATE_SHORT(SR_250us_Isr_Exit_Cntr,0);
   3439              }
   3440              else
   3441              {  // First time entering the ISR check --> skip the check to get the correct synchronization
   3442                  SR_DATA_MCU_UPDATE_SHORT(SR_MC_Isr_Enter_Cntr,0);
   3443                  SR_DATA_MCU_UPDATE_SHORT(SR_MC_Isr_Exit_Cntr,0);
   3444                  SR_DATA_MCU_UPDATE_SHORT(SR_250us_Isr_Enter_Cntr,0);
   3445                  SR_DATA_MCU_UPDATE_SHORT(SR_250us_Isr_Exit_Cntr,0);
   3446                  SR_DATA_MCU_UPDATE_BYTE(SR_Isr_Init_Flag, 1); // start executing the check
   3447              }
   3448              MICRO_RESTORE_INTERRUPT_CONTEXT_LOCAL();
   3449              //------- End ISR Protected Code ----------------------------------------------------------------------------------
   3450          }
   3451          
   3452          #endif

   Maximum stack usage in bytes:

   .cstack Function
   ------- --------
      16   MotorMovingHandlerBpm
        16   -> SRData__UpdateLong
         0   -> SRData__UpdateShort
        16   -> SRData__UpdateShort
        16   -> SRException__Queue
        16   -> SRMCPwm__EnableDiagnostic
        16   -> SRMCPwm__GetDiagnosticFeedback
        16   -> SRMCPwm__GetHwFaultStatus
      24   RcThermalUpdate
        24   -> SRData__CheckByte
        24   -> SRData__CheckFloat
        24   -> SRData__CheckLong
         0   -> SRData__UpdateFloat
        24   -> SRData__UpdateFloat
       8   SRMotorSafetyMgr__AnyFaultFound
         8   -> SRData__CheckShort
      16   SRMotorSafetyMgr__ConfigPwmPattern
        16   -> SRData__CheckShort
        16   -> SRMCPwm__TurnOffAllGates
        16   -> SRMCPwm__TurnOnLowSideGates
       8   SRMotorSafetyMgr__ForceStop
         8   -> SRData__CheckShort
         8   -> SRData__UpdateShort
         0   -> SRMotorSafetyMgr__Prepare2StopMotor
      16   SRMotorSafetyMgr__GetFault
        16   -> SRData__CheckShort
      16   SRMotorSafetyMgr__GetFaultHolder
        16   -> SRData__CheckShort
      16   SRMotorSafetyMgr__GetFlag
        16   -> SRData__CheckShort
      16   SRMotorSafetyMgr__GetListedError
        16   -> SRData__CheckShort
       8   SRMotorSafetyMgr__GetMotorTemperature
         8   -> SRData__CheckFloat
       8   SRMotorSafetyMgr__GetSquaredCurrents
         8   -> SRData__CheckFloat
       8   SRMotorSafetyMgr__GetVoltageFrequency
         8   -> SRData__CheckFloat
       8   SRMotorSafetyMgr__Handler1ms
         0   -> SRFlow__ISRLogEvent
         8   -> SRFlow__ISRLogEvent
      24   SRMotorSafetyMgr__Handler250us
        24   -> SRData__CheckByte
        24   -> SRData__CheckLong
        24   -> SRData__CheckShort
        24   -> SRData__UpdateByte
        24   -> SRData__UpdateLong
        24   -> SRData__UpdateShort
         0   -> SRFlow__ISRLogEvent
        24   -> SRFlow__ISRLogEvent
        24   -> SRMCPwm__Handler250us
      16   SRMotorSafetyMgr__Handler5ms
        16   -> MotorMovingHandlerBpm
        16   -> SRData__CheckByte
        16   -> SRData__CheckLong
        16   -> SRData__CheckShort
        16   -> SRData__UpdateByte
        16   -> SRData__UpdateLong
        16   -> SRData__UpdateShort
        16   -> SRException__Queue
         0   -> SRFlow__MainLogEvent
        16   -> SRFlow__MainLogEvent
        16   -> SRMCAtod__EnableDiagnostic
        16   -> SRMCPwm__EnableDiagnostic
        16   -> SRMCPwm__GetHwFaultStatus
        16   -> SRMCPwm__GetMaxPwm
        16   -> SRMCPwm__LoadAllPwmValues
        16   -> SRMCPwm__TurnOffAllGates
        16   -> SRMCPwm__TurnOnLowSideGates
       8   SRMotorSafetyMgr__Initialize
         8   -> Mci__Initialize
         8   -> SRData__CheckByte
         8   -> SRData__CheckLong
         8   -> SRData__UpdateByte
         8   -> SRData__UpdateFloat
         8   -> SRData__UpdateLong
         8   -> SRData__UpdateShort
         0   -> SRFlow__InitLogEvent
         8   -> SRFlow__InitLogEvent
         8   -> SRMCAtod__Initialize
         8   -> SRMCPwm__GetMaxPwm
         8   -> SRMCPwm__Initialize
         8   -> SRMCPwm__StartCounter
         8   -> SRMCPwm__TurnOnLowSideGates
       8   SRMotorSafetyMgr__IsInIdle
         8   -> SRData__CheckByte
      32   SRMotorSafetyMgr__MCPwmHandler
        32   -> Mci__PwmHandler
        32   -> SRData__UpdateLong
        32   -> SRData__UpdateShort
        32   -> SRException__Queue
        32   -> SRIsrMonitor__EnterIsr
         0   -> SRIsrMonitor__ExitIsr
        32   -> SRMCAtod__DiagnosticHandler
        32   -> SRMCAtod__GetDiagnosticFeedback
        32   -> SRMCPwm__DiagnosticHandler
        32   -> SRMCPwm__GetDiagnosticFeedback
        32   -> SRMCPwm__TurnOnLowSideGates
       8   SRMotorSafetyMgr__Prepare2StartMotor
         8   -> SRData__CheckByte
         8   -> SRData__CheckShort
         8   -> SRData__UpdateShort
      16   SRMotorSafetyMgr__Prepare2StopMotor
        16   -> SRData__CheckByte
        16   -> SRData__CheckShort
        16   -> SRData__UpdateShort
       8   SRMotorSafetyMgr__SR_SquaredCurrentRmsA
         8   -> SRData__CheckLong
       8   SRMotorSafetyMgr__SR_SquaredCurrentRmsB
         8   -> SRData__CheckLong
       8   SRMotorSafetyMgr__SR_SquaredCurrentRmsC
         8   -> SRData__CheckLong
      16   SRMotorSafetyMgr__SetParams
        16   -> Crc16__RangeProcess
        16   -> SRData__CheckShort
        16   -> SRData__UpdateFloat
        16   -> SRData__UpdateShort
        16   -> SRException__Queue
       8   SRMotorSafetyMgr__SlowHandler
         8   -> Crc16__RangeProcess
         8   -> RcThermalUpdate
         8   -> SRData__CheckByte
         8   -> SRData__CheckFloat
         8   -> SRData__CheckLong
         8   -> SRData__CheckShort
         8   -> SRData__UpdateFloat
         8   -> SRData__UpdateShort
         8   -> SRException__Queue
         0   -> SRFlow__MainLogEvent
         8   -> SRFlow__MainLogEvent
      24   SRMotorSafetyMgr__UpdatePwm
        24   -> SRData__CheckShort
         0   -> SRMCPwm__LoadAllPwmValues
       0   SRMotorSafetyMgr__UpdatePwmPeriod
         0   -> SRMCPwm__UpdatePeriod


   Section sizes:

   Bytes  Function/Label
   -----  --------------
       4  ??DataTable28
       4  ??DataTable29
       4  ??DataTable29_1
       4  ??DataTable29_2
       4  ??DataTable29_3
       4  ??DataTable5
       4  ??DataTable5_1
       4  ??DataTable5_2
       4  ??DataTable5_3
       4  ??DataTable7
       4  ??DataTable7_1
       4  ??DataTable7_2
       4  ??DataTable7_3
       4  ??DataTable7_4
       4  ??DataTable8
       4  ??DataTable8_1
       2  CHECK_UNLOCK_DOOR_CURRENT_THRESHOLDS_COUNTS
       4  CHECK_UNLOCK_DOOR_MAX_VOLTAGE_COUNTS
       4  CHECK_UNLOCK_DOOR_MAX_VOLTAGE_DUTY_STEP_COUNTS
       4  CHECK_UNLOCK_DOOR_SPEED_IDLING_BEFORE_CHECK_COUNT
       4  CHECK_UNLOCK_DOOR_SPEED_TIMEOUT_COUNTER
     474  MotorMovingHandlerBpm
     324  RcThermalUpdate
      28  SRMotorSafetyMgr__AnyFaultFound
      62  SRMotorSafetyMgr__ConfigPwmPattern
      42  SRMotorSafetyMgr__ForceStop
      34  SRMotorSafetyMgr__GetFault
      38  SRMotorSafetyMgr__GetFaultHolder
      34  SRMotorSafetyMgr__GetFlag
      32  SRMotorSafetyMgr__GetListedError
      22  SRMotorSafetyMgr__GetMotorTemperature
      22  SRMotorSafetyMgr__GetSquaredCurrents
      22  SRMotorSafetyMgr__GetVoltageFrequency
      22  SRMotorSafetyMgr__Handler1ms
    1070  SRMotorSafetyMgr__Handler250us
    3624  SRMotorSafetyMgr__Handler5ms
    1000  SRMotorSafetyMgr__Initialize
      52  SRMotorSafetyMgr__IsInIdle
     986  SRMotorSafetyMgr__MCPwmHandler
      88  SRMotorSafetyMgr__Prepare2StartMotor
      78  SRMotorSafetyMgr__Prepare2StopMotor
      28  SRMotorSafetyMgr__SR_SquaredCurrentRmsA
      28  SRMotorSafetyMgr__SR_SquaredCurrentRmsB
      28  SRMotorSafetyMgr__SR_SquaredCurrentRmsC
     180  SRMotorSafetyMgr__SetParams
     326  SRMotorSafetyMgr__SlowHandler
      52  SRMotorSafetyMgr__UpdatePwm
       4  SRMotorSafetyMgr__UpdatePwmPeriod
     308  SR_SafetyMngr_State
          NSR_SafetyMngr_State
          SR_Avg_Fund_Period_Cycle_Total
          SR_Avg_Cross_Event
          SR_Avg_Fund_Ignored_First
          NSR_Avg_Fund_Period_Cycle_Total
          NSR_Avg_Cross_Event
          pwm_post_scaler
          SR_Motor_Fault
          SR_Motor_Fault_Holder
          SR_Motor_Flags
          SR_CurrentA
          SR_CurrentOffsetA
          SR_CurrentB
          SR_CurrentOffsetB
          SR_CurrentC
          SR_CurrentOffsetC
          SR_Raw_CurrentA
          SR_Raw_CurrentB
          SR_Raw_CurrentC
          SR_Sector
          SR_DCBus
          SR_PowerUpTimer
          SR_Phase_Lost_Counter
          SR_Overload_Counter
          NSR_Motor_Fault
          NSR_Motor_Flags
          NSR_CurrentA
          NSR_CurrentOffsetA
          NSR_CurrentB
          NSR_CurrentOffsetB
          NSR_CurrentC
          NSR_CurrentOffsetC
          NSR_Raw_CurrentA
          NSR_Raw_CurrentB
          NSR_Raw_CurrentC
          NSR_Sector
          NSR_DCBus
          SR_MotorSafety_Params
          SR_CurrentOffsetHistA
          SR_CurrentOffsetHistB
          SR_CurrentOffsetHistC
          SR_ZeroSpeedDebouncer
          SR_ZeroSpeedWithCurrTimer
          SR_SquaredCurrentsSum
          SR_CalibrationCntr
          SR_SquaredCurrentRmsA
          SR_SquaredCurrentRmsB
          SR_SquaredCurrentRmsC
          SR_SquaredCurrentSumA
          SR_SquaredCurrentSumB
          SR_SquaredCurrentSumC
          SR_Curr_Rms_Counter
          SR_Timeout_Failure_Retry
          SR_Overload_Temp
          SR_Voltage_Frequency
          SR_Squared_Current
          SR_Avg_Fund_Period_High_Threshold
          SR_Avg_Fund_Period_Low_Threshold
          SR_Avg_Threshold
          SR_Avg_Fund_Period_Time_Counter
          SR_Avg_Fund_Period_Cycle_Counter
          SR_Applied_Duty_A_Sum
          SR_Applied_Duty_A_Sum_High
          SR_Avg_Fund_Period
          SR_Check_Unlock_Door_Speed_Timer
          SR_Check_Unlock_Door_Speed_Delta_Voltage
          NSR_Avg_Fund_Period_High_Threshold
          NSR_Avg_Fund_Period_Low_Threshold
          NSR_Avg_Threshold
          NSR_Avg_Fund_Period_Time_Counter
          NSR_Avg_Fund_Period_Cycle_Counter
          NSR_Applied_Duty_A_Sum
          NSR_Avg_Fund_Period
          NSR_Check_Unlock_Door_Speed_Delta_Voltage
          NSR_Check_Unlock_Door_Speed_Timer
          NSR_Avg_Fund_Ignored_First
          NSR_Motor_Fault_Holder
          NSR_PowerUpTimer
          NSR_Phase_Lost_Counter
          NSR_Overload_Counter
          NSR_CurrentOffsetHistA
          NSR_CurrentOffsetHistB
          NSR_CurrentOffsetHistC
          NSR_ZeroSpeedDebouncer
          NSR_ZeroSpeedWithCurrTimer
          NSR_SquaredCurrentsSum
          NSR_CalibrationCntr
          NSR_SquaredCurrentRmsA
          NSR_SquaredCurrentRmsB
          NSR_SquaredCurrentRmsC
          NSR_SquaredCurrentSumA
          NSR_SquaredCurrentSumB
          NSR_SquaredCurrentSumC
          NSR_Curr_Rms_Counter
          NSR_Timeout_Failure_Retry
          NSR_Overload_Temp
          NSR_Squared_Current
          NSR_Voltage_Frequency
          NSR_Applied_Duty_A_Sum_High
       4  delta_curr_a
       4  delta_curr_b
       4  delta_curr_c
       2  vbus

 
   322 bytes in section .bss
    18 bytes in section .rodata
 8 764 bytes in section .text
 
 8 764 bytes of CODE  memory
    18 bytes of CONST memory
   322 bytes of DATA  memory

Errors: none
Warnings: none
