###############################################################################
#
# IAR ANSI C/C++ Compiler V7.20.5.7591/W32 for ARM        06/Aug/2024  13:41:27
# Copyright 1999-2014 IAR Systems AB.
#
#    Cpu mode     =  thumb
#    Endian       =  little
#    Source file  =  
#        C:\Data\Python\Self_Commissioning_Bpm\source\Category\Application\ThermalModel\ThermalModelCore_DD\ThermalModelCoreDD.c
#    Command line =  
#        -I./ -I../cx/ -I../cx/inc/ -ICategory/ -ICategory/Application/
#        -ICategory/Application/ThermalModel/
#        -ICategory/Application/ThermalModel/ThermalModelCore_DD/
#        -ICategory/Application/ThermalModel/ThermalModelCore_sBPM/
#        -ICategory/Common/ -ICategory/Common/BoardDebugging/
#        -ICategory/Common/MasterCommander/
#        -ICategory/Common/MasterCommander/Source/
#        -ICategory/Common/MasterCommander/Source/HAL/
#        -ICategory/Common/SelfCommissioning/ -ICategory/Hbl/
#        -IProjectSpecific/ -IProjectSpecific/Application/
#        -IProjectSpecific/Application/API007App/
#        -IProjectSpecific/Application/ModeManagement/
#        -IProjectSpecific/Application/MotorSelector/
#        -IProjectSpecific/Application/ProductInfo/
#        -IProjectSpecific/Application/SRMcuSpeedMonitor/
#        -IProjectSpecific/Application/ThermalModel/
#        -IProjectSpecific/CommonCore/ -IProjectSpecific/Driver/
#        -IProjectSpecific/MasterCommander/ -IProjectSpecific/Mci/
#        -IProjectSpecific/Mci/Mcl/ -IProjectSpecific/Mci/Mcl/old_xls/
#        -IXCategory/ -IXCategory/Application/
#        -IXCategory/Application/MciParametersLoader/
#        -IXCategory/Application/Mode/ -IXCategory/Application/Reveal_APIs/
#        -IXCategory/Application/Reveal_APIs/API003Disc/
#        -IXCategory/Application/Reveal_APIs/API004Debug/
#        -IXCategory/Application/Reveal_APIs/API005LowLevel/
#        -IXCategory/Application/Reveal_APIs/API007Data/
#        -IXCategory/Application/Reveal_APIs/API009System/
#        -IXCategory/Application/Reveal_APIs/API010PollVar/
#        -IXCategory/Application/Reveal_APIs/API011AppCtr/
#        -IXCategory/Application/Reveal_APIs/API013RemoteFunction/
#        -IXCategory/Application/Reveal_APIs/API018Diagnostic/
#        -IXCategory/Application/Reveal_APIs/API019ProductInfo/
#        -IXCategory/Application/Reveal_APIs/API220MotorControl/
#        -IXCategory/Application/Reveal_APIs/API220MotorControl/API/
#        -IXCategory/Application/Reveal_APIs/API221MotionCtrl/
#        -IXCategory/Application/Reveal_APIs/SRAPI020Safety/
#        -IXCategory/Application/SFUpdater/ -IXCategory/Common/
#        -IXCategory/Common/Crc16/ -IXCategory/Common/Crc8/
#        -IXCategory/Common/Log/ -IXCategory/Common/Millis/
#        -IXCategory/Common/SettingFile/ -IXCategory/Common/SRClockMonitor/
#        -IXCategory/Common/SRData/ -IXCategory/Common/SRException/
#        -IXCategory/Common/SRFlow/ -IXCategory/Common/SRIsrMonitor/
#        -IXCategory/Common/SRMain/ -IXCategory/Common/SRMcuSpeedMonitor/
#        -IXCategory/Common/SRPowerMgr/ -IXCategory/Common/SRSignature/
#        -IXCategory/Common/SRSystemConfig/
#        -IXCategory/Common/SRTimerReference/ -IXCategory/Common/SystemConfig/
#        -IXCategory/Common/SystemTimers/ -IXCategory/Common/Utilities/
#        -IXCategory/Driver/ -IXCategory/Driver/API/
#        -IXCategory/Driver/API/Comparator/ -IXCategory/Driver/API/DataFlash/
#        -IXCategory/Driver/API/Dma/ -IXCategory/Driver/API/Flash/
#        -IXCategory/Driver/API/Gpio/ -IXCategory/Driver/API/Micro/
#        -IXCategory/Driver/API/Spi/ -IXCategory/Driver/API/SRMCAtod/
#        -IXCategory/Driver/API/SRMCInputCapture/
#        -IXCategory/Driver/API/SRMCPwm/ -IXCategory/Driver/API/TimerInterrupt/
#        -IXCategory/Driver/API/Uart/ -IXCategory/Driver/Comparator/
#        -IXCategory/Driver/DataFlash/ -IXCategory/Driver/Dma/
#        -IXCategory/Driver/Flash/ -IXCategory/Driver/Gpio/
#        -IXCategory/Driver/Micro/ -IXCategory/Driver/Spi/
#        -IXCategory/Driver/SRMCAtod/ -IXCategory/Driver/SRMCInputCapture/
#        -IXCategory/Driver/SRMCPwm/ -IXCategory/Driver/TimerInterrupt/
#        -IXCategory/Driver/Uart/ -IXCategory/Hbl/ -IXCategory/Hbl/Mci/
#        -IXCategory/Hbl/Mci/InverterTemp/ -IXCategory/Hbl/Mci/Mcl/
#        -IXCategory/Hbl/Mci/Mcl/Braking/ -IXCategory/Hbl/Mci/Mcl/MacroBlocks/
#        -IXCategory/Hbl/Mci/Mcl/MclFvt/ -IXCategory/Hbl/Mci/Mcl/MicroBlocks/
#        -IXCategory/Hbl/Mci/Mcl/MicroBlocks/ClrkPark/
#        -IXCategory/Hbl/Mci/Mcl/MicroBlocks/Filters/
#        -IXCategory/Hbl/Mci/Mcl/MicroBlocks/Math/
#        -IXCategory/Hbl/Mci/Mcl/MicroBlocks/ObserverPmsm/
#        -IXCategory/Hbl/Mci/Mcl/MicroBlocks/Pi/
#        -IXCategory/Hbl/Mci/Mcl/MicroBlocks/PwmModulation/
#        -IXCategory/Hbl/Mci/Mcl/ResistanceEstimation/
#        -IXCategory/Hbl/Mci/PowerModuleManager/
#        -IXCategory/Hbl/Mci/SpeedRefGen/ -IXCategory/Hbl/Mci/SurgeRelay/
#        -IXCategory/Hbl/SRMotorSafetyMgr/
#        -IXCategory/Hbl/SRMotorSafetyMgr/API/ -IXCategory/Service/
#        -IXCategory/Service/Reveal/ -IXCategory/Service/Win/ --remarks
#        --no_tbaa --debug --use_c++_inline --only_stdout --dlib_config
#        ..\cx\inc\DLib_Config_Normal.h -r -D
#        ENABLE_JUMP_TO_APPLICATION_WITHOUT_IAP_FIRMWARE -D
#        SET_FLASH_OPTION_CONFIGURATION -D ARM_MATH_CM4 -e --silent
#        --endian=little --cpu Cortex-M4 --fpu=VFPv4_sp -Ohs -o
#        ThermalModelCoreDD.obj -l ..\listings\ThermalModelCoreDD.lst
#        C:\Data\Python\Self_Commissioning_Bpm\source\Category\Application\ThermalModel\ThermalModelCore_DD\ThermalModelCoreDD.c
#    List file    =  ..\listings\ThermalModelCoreDD.lst
#    Object file  =  ThermalModelCoreDD.obj
#
###############################################################################

C:\Data\Python\Self_Commissioning_Bpm\source\Category\Application\ThermalModel\ThermalModelCore_DD\ThermalModelCoreDD.c
      1          /*
      2           * File: ThermalModelCore.c
      3           *
      4           * Code generated for Simulink model 'ThermalModelCore'.
      5           *
      6           * Model version                  : 1.6
      7           * Simulink Coder version         : 8.11 (R2016b) 25-Aug-2016
      8           * C/C++ source code generated on : Thu Nov 02 16:15:00 2017
      9           *
     10           * Target selection: ert.tlc
     11           * Embedded hardware selection: Intel->x86-64 (Windows64)
     12           * Code generation objectives: Unspecified
     13           * Validation result: Not run
     14           */
     15          
     16          #include "ThermalModelCore_private.h"
     17          #include <math.h>
     18          #include "ThermalModelCoreDD.h"
     19          #define TIMESTEP                       2.500000e-02f
     20          #define EVTITER                        10
     21          #define EVTHYST                        1.000000e-06f
     22          #define NDIFF                          6
     23          #define NDFA                           6
     24          #define NEQ                            42
     25          #define NPAR                           48
     26          #define NDPAR                          2
     27          #define NINP                           5
     28          #define NDISC                          4
     29          #define NIX1                           32
     30          #define NOUT                           5
     31          #define NCON                           0
     32          #define NEVT                           2
     33          #ifdef EVTHYST
     34          #define NZC                            2*NEVT
     35          #else
     36          #define NZC                            NEVT
     37          #endif
     38          
     39          #define INIDREF                        (2*NEVT+2*NZC)
     40          #define sin                            sinf
     41          #define cos                            cosf
     42          #define tan                            tanf
     43          #define asin                           asinf
     44          #define acos                           acosf
     45          #define atan                           atanf
     46          #define atan2                          atan2f
     47          #define sinh                           sinhf
     48          #define cosh                           coshf
     49          #define tanh                           tanhf
     50          #define pow                            powf
     51          #define exp                            expf
     52          #define log                            logf
     53          #define log10                          log10f
     54          #define sqrt                           sqrtf
     55          #define ceil                           ceilf
     56          #define floor                          floorf
     57          
     58          //static real32_T dsn_zero= 0.0f;
     59          //static unsigned char dsn_undefC[4] = { 0, 0, 0xC0, 0x7F };
     60          //
     61          //static real32_T *dsn_undef = (real32_T *)&dsn_undefC;
     62          //static unsigned char dsn_posinfC[4] = { 0, 0, 0x80, 0x7F };
     63          //
     64          //static real32_T *dsn_posinf = (real32_T *)&dsn_posinfC;
     65          //static unsigned char dsn_neginfC[4] = { 0, 0, 0x80, 0xFF };
     66          //
     67          //static real32_T *dsn_neginf = (real32_T *)&dsn_neginfC;
     68          
     69          #define trunc(v)                       ( (v>0.0f) ? floor(v) : ceil(v) )
     70          //#define IS_UNDEF(a)                    (a-a!=0.f || (a!=0.f && a-2.f*a==0.f))
     71          

   \                                 In section .bss, align 4
     72          static real32_T TimeStep = 0.0f;
     73          
     74          OTE2_PARAMS_DD_TYPE* ThermalModelCoreDD_Params;
     75          
     76          /* Block signals (auto storage) */
     77          B_ThermalModelCoreDD_T ThermalModelCoreDD_B;
     78          
     79          /* Block states (auto storage) */
     80          DW_ThermalModelCoreDD_T ThermalModelCoreDD_DW;
     81          
     82          /* External inputs (root inport signals with auto storage) */
     83          ExtU_ThermalModelCoreDD_T ThermalModelCoreDD_U;
   \                     ThermalModelCoreDD_U:
   \   00000000                      DS8 20
     84          
     85          /* External outputs (root outports fed by signals with auto storage) */
     86          ExtY_ThermalModelCoreDD_T ThermalModelCoreDD_Y;
   \                     ThermalModelCoreDD_Y:
   \   00000014                      DS8 20
   \   00000028                      DS8 4
   \                     ThermalModelCoreDD_Params:
   \   0000002C                      DS8 4
   \                     ThermalModelCoreDD_B:
   \   00000030                      DS8 20

   \                                 In section .bss, align 8
   \                     ThermalModelCoreDD_DW:
   \   00000000                      DS8 672
     87          #pragma optimize=size no_inline no_unroll

   \                                 In section .text, align 4, keep-with-next
     88          static void fp(int_T N, real32_T T, real32_T *Y, real32_T *YP)
                                      ^
Remark[Pe826]: parameter "N" was never referenced

  static void fp(int_T N, real32_T T, real32_T *Y, real32_T *YP)
                                   ^
"C:\Data\Python\Self_Commissioning_Bpm\source\Category\Application\ThermalModel\ThermalModelCore_DD\ThermalModelCoreDD.c",88  Remark[Pe826]: 
          parameter "T" was never referenced
     89          {
   \                     fp: (+1)
   \   00000000   0xB538             PUSH     {R3-R5,LR}
   \   00000002   0x460C             MOV      R4,R1
   \   00000004   0xED2D 0x8B0A      VPUSH    {D8-D12}
     90            real32_T Z[9];
     91            Z[0] = Y[39];
   \   00000008   0xED94 0x8A27      VLDR     S16,[R4, #+156]
     92            Y[15] = Y[0]-Z[0]-273.15f;
   \   0000000C   0xEDD4 0xAA00      VLDR     S21,[R4, #0]
   \   00000010   0xEDDF 0x9AC6      VLDR.W   S19,??fp_0       ;; 0xc3889333
   \   00000014   0xEE3A 0x0AC8      VSUB.F32 S0,S21,S16
   \   00000018   0xEE30 0x9A29      VADD.F32 S18,S0,S19
   \   0000001C   0xED84 0x9A0F      VSTR     S18,[R4, #+60]
     93            Z[1] = Y[37];
   \   00000020   0xED94 0xAA25      VLDR     S20,[R4, #+148]
     94            Y[17] = fabsf((Z[1]*(Z[1]*Y[83]+Y[82])+Y[81])*Z[1]);
   \   00000024   0xED94 0x0A53      VLDR     S0,[R4, #+332]
   \   00000028   0xEDD4 0x0A52      VLDR     S1,[R4, #+328]
   \   0000002C   0xEE4A 0x0A00      VMLA.F32 S1,S20,S0
   \   00000030   0xED94 0x0A51      VLDR     S0,[R4, #+324]
   \   00000034   0xEE00 0x0A8A      VMLA.F32 S0,S1,S20
   \   00000038   0xEE20 0x0A0A      VMUL.F32 S0,S0,S20
   \   0000003C   0xEEB0 0x0AC0      VABS.F32 S0,S0
   \   00000040   0xED84 0x0A11      VSTR     S0,[R4, #+68]
   \   00000044   0x4615             MOV      R5,R2
     95            Z[2] = Y[60]*Y[60];
   \   00000046   0xEDD4 0x0A3C      VLDR     S1,[R4, #+240]
     96            Z[3] = Y[66]*Y[66];
     97            Z[4] = Y[17]*Y[17];
     98            Z[2] = Z[2]*Z[2]*Z[4]*Z[4]+Z[3]*Z[3];
     99            Y[16] = 1e-06f*Y[42]*Y[47]*pow(Z[2],0.25f);
   \   0000004A   0xED94 0x2A2F      VLDR     S4,[R4, #+188]
   \   0000004E   0xEE20 0x1AA0      VMUL.F32 S2,S1,S1
   \   00000052   0xEDD4 0x0A42      VLDR     S1,[R4, #+264]
   \   00000056   0x.... 0x....      BL       ?Subroutine3
   \                     ??CrossCallReturnLabel_7: (+1)
   \   0000005A   0xEDDF 0x8AB5      VLDR.W   S17,??fp_0+0x4   ;; 0x358637bd
   \   0000005E   0xEDD4 0x0A2A      VLDR     S1,[R4, #+168]
   \   00000062   0xEE21 0x1A01      VMUL.F32 S2,S2,S2
   \   00000066   0xEE60 0x0AA8      VMUL.F32 S1,S1,S17
   \   0000006A   0xEE21 0x1A00      VMUL.F32 S2,S2,S0
   \   0000006E   0xEE20 0xBA82      VMUL.F32 S22,S1,S4
   \   00000072   0xEE21 0x0A00      VMUL.F32 S0,S2,S0
   \   00000076   0xEEF5 0x0A00      VMOV.F32 S1,#0.25
   \   0000007A   0xEE01 0x0AA1      VMLA.F32 S0,S3,S3
   \   0000007E   0x.... 0x....      BL       powf
   \   00000082   0xEE2B 0x0A00      VMUL.F32 S0,S22,S0
   \   00000086   0xED84 0x0A10      VSTR     S0,[R4, #+64]
    100            Y[18] = -Y[16]*Y[15];
   \   0000008A   0xEE20 0x0A49      VNMUL.F32 S0,S0,S18
   \   0000008E   0xED84 0x0A12      VSTR     S0,[R4, #+72]
    101            Y[9] = Y[2]-Z[0]-273.15f;
    102            Y[11] = fabsf((Z[1]*(Z[1]*Y[80]+Y[79])+Y[78])*Z[1]);
    103            YP[0] = (1.f*(Y[18]+2.f*Y[46]*(Y[4]+Y[5])-4.f*Y[46]*Y[0]))/(Y[69]*Y[55]);
   \   00000092   0xEEB0 0x9A00      VMOV.F32 S18,#2.0
   \   00000096   0xEDD4 0x0A02      VLDR     S1,[R4, #+8]
   \   0000009A   0xEE70 0x0AC8      VSUB.F32 S1,S1,S16
   \   0000009E   0xEE70 0x0AA9      VADD.F32 S1,S1,S19
   \   000000A2   0xEDC4 0x0A09      VSTR     S1,[R4, #+36]
   \   000000A6   0xEDD4 0x0A50      VLDR     S1,[R4, #+320]
   \   000000AA   0xED94 0x1A4F      VLDR     S2,[R4, #+316]
   \   000000AE   0xEE0A 0x1A20      VMLA.F32 S2,S20,S1
   \   000000B2   0xEDD4 0x0A4E      VLDR     S1,[R4, #+312]
   \   000000B6   0xEE41 0x0A0A      VMLA.F32 S1,S2,S20
   \   000000BA   0xEE60 0x0A8A      VMUL.F32 S1,S1,S20
   \   000000BE   0xEEF0 0x0AE0      VABS.F32 S1,S1
   \   000000C2   0xEDC4 0x0A0B      VSTR     S1,[R4, #+44]
   \   000000C6   0xEDD4 0x0A2E      VLDR     S1,[R4, #+184]
   \   000000CA   0xEDD4 0x1A04      VLDR     S3,[R4, #+16]
   \   000000CE   0xED94 0x2A05      VLDR     S4,[R4, #+20]
   \   000000D2   0xEE20 0x1A89      VMUL.F32 S2,S1,S18
   \   000000D6   0xEE71 0x1A82      VADD.F32 S3,S3,S4
   \   000000DA   0xEE01 0x0A21      VMLA.F32 S0,S2,S3
   \   000000DE   0xEEB1 0x1A00      VMOV.F32 S2,#4.0
   \   000000E2   0xEE60 0x0A81      VMUL.F32 S1,S1,S2
   \   000000E6   0xEE00 0x0AEA      VMLS.F32 S0,S1,S21
   \   000000EA   0xEDD4 0x0A45      VLDR     S1,[R4, #+276]
   \   000000EE   0xED94 0x1A37      VLDR     S2,[R4, #+220]
   \   000000F2   0xEE60 0x0A81      VMUL.F32 S1,S1,S2
   \   000000F6   0xEE80 0x0A20      VDIV.F32 S0,S0,S1
   \   000000FA   0xED85 0x0A00      VSTR     S0,[R5, #0]
    104            Z[2] = (Y[3]-Y[1])*Y[77];
   \   000000FE   0xED94 0x0A01      VLDR     S0,[R4, #+4]
   \   00000102   0xEDD4 0x0A03      VLDR     S1,[R4, #+12]
   \   00000106   0xED94 0x1A4D      VLDR     S2,[R4, #+308]
   \   0000010A   0xEE70 0x0AC0      VSUB.F32 S1,S1,S0
   \   0000010E   0xEE60 0xAA81      VMUL.F32 S21,S1,S2
    105            Z[3] = (Y[2]-Y[1])*Y[73];
   \   00000112   0xEDD4 0x0A02      VLDR     S1,[R4, #+8]
   \   00000116   0xEE30 0x0AC0      VSUB.F32 S0,S1,S0
   \   0000011A   0xEDD4 0x0A49      VLDR     S1,[R4, #+292]
   \   0000011E   0xEE20 0xCA20      VMUL.F32 S24,S0,S1
    106            Z[4] = 1.0f/Y[70];
   \   00000122   0xEEB7 0x0A00      VMOV.F32 S0,#1.0
   \   00000126   0xEDD4 0x0A46      VLDR     S1,[R4, #+280]
   \   0000012A   0xEE80 0xBA20      VDIV.F32 S22,S0,S1
    107            Z[5] = 1.0f/Y[57];
   \   0000012E   0xEDD4 0x0A39      VLDR     S1,[R4, #+228]
   \   00000132   0xEEC0 0xBA20      VDIV.F32 S23,S0,S1
    108            Z[6] = 0.002469135802469135802f;
    109            YP[1] = Z[6]*(Z[2]+Z[3])*Z[5]*Z[4];
   \   00000136   0xEE3A 0x0A8C      VADD.F32 S0,S21,S24
   \   0000013A   0xEDDF 0x....      VLDR.W   S1,??DataTable1  ;; 0x3b21d13a
   \   0000013E   0xEE20 0x0A20      VMUL.F32 S0,S0,S1
   \   00000142   0xEE20 0x0A2B      VMUL.F32 S0,S0,S23
   \   00000146   0xEE20 0x0A0B      VMUL.F32 S0,S0,S22
   \   0000014A   0xED85 0x0A01      VSTR     S0,[R5, #+4]
    110            Z[6] = Y[59]*Y[59];
    111            Z[7] = Y[65]*Y[65];
   \   0000014E   0xEDD4 0x0A41      VLDR     S1,[R4, #+260]
   \   00000152   0xED94 0x0A3B      VLDR     S0,[R4, #+236]
   \   00000156   0xEE20 0x1AA0      VMUL.F32 S2,S1,S1
   \   0000015A   0xEE20 0x0A00      VMUL.F32 S0,S0,S0
    112            Z[8] = Y[11]*Y[11];
   \   0000015E   0xEDD4 0x0A0B      VLDR     S1,[R4, #+44]
   \   00000162   0x.... 0x....      BL       ?Subroutine3
    113            Z[6] = Z[6]*Z[6]*Z[8]*Z[8]+Z[7]*Z[7];
    114            Y[10] = 1e-06f*Y[45]*pow(Z[6],0.25f);
   \                     ??CrossCallReturnLabel_6: (+1)
   \   00000166   0xEDD4 0x0A2D      VLDR     S1,[R4, #+180]
   \   0000016A   0xEE20 0x0A21      VMUL.F32 S0,S0,S3
   \   0000016E   0xEE60 0xCAA8      VMUL.F32 S25,S1,S17
   \   00000172   0x.... 0x....      BL       ?Subroutine1
   \                     ??CrossCallReturnLabel_3: (+1)
   \   00000176   0xEE2C 0x0A80      VMUL.F32 S0,S25,S0
   \   0000017A   0xED84 0x0A0A      VSTR     S0,[R4, #+40]
    115            Y[12] = -(Y[9]*Y[10]+Z[3]);
   \   0000017E   0xED94 0x0A09      VLDR     S0,[R4, #+36]
   \   00000182   0xEDD4 0x0A0A      VLDR     S1,[R4, #+40]
   \   00000186   0xEE00 0xCA20      VMLA.F32 S24,S0,S1
   \   0000018A   0xEEF1 0x0A4C      VNEG.F32 S1,S24
   \   0000018E   0xEDC4 0x0A0C      VSTR     S1,[R4, #+48]
    116            Y[8] = fabsf((Z[1]*(Z[1]*Y[76]+Y[75])+Y[74])*Z[1]);
   \   00000192   0xED94 0x0A4C      VLDR     S0,[R4, #+304]
   \   00000196   0xED94 0x1A4B      VLDR     S2,[R4, #+300]
   \   0000019A   0xEE0A 0x1A00      VMLA.F32 S2,S20,S0
   \   0000019E   0xED94 0x0A4A      VLDR     S0,[R4, #+296]
   \   000001A2   0xEE01 0x0A0A      VMLA.F32 S0,S2,S20
   \   000001A6   0xEE20 0x0A0A      VMUL.F32 S0,S0,S20
   \   000001AA   0xEEB0 0x0AC0      VABS.F32 S0,S0
   \   000001AE   0xED84 0x0A08      VSTR     S0,[R4, #+32]
    117            YP[2] = 0.04444444444444444444f*Y[12]*Z[5]*Z[4];
   \   000001B2   0xED9F 0x....      VLDR.W   S0,??DataTable1_1  ;; 0x3d360b61
   \   000001B6   0xEE60 0x0A80      VMUL.F32 S1,S1,S0
   \   000001BA   0xEE60 0x0AAB      VMUL.F32 S1,S1,S23
   \   000001BE   0xEE60 0x0A8B      VMUL.F32 S1,S1,S22
   \   000001C2   0xEDC5 0x0A02      VSTR     S1,[R5, #+8]
    118            Y[7] = 1e-06f*Y[44]*Y[47]*Y[64]*Y[8]*(Y[3]-Y[4]);
    119            Z[3] = Y[3]*Y[3];
    120            Z[6] = Y[4]*Y[4];
    121            Y[13] = -(Z[2]+Y[7])+3.685738550000000334e-14f*Y[44]*Y[47]*(Z[6]*Z[6]-Z[3]*Z[3]);
   \   000001C6   0xED9F 0x....      VLDR.W   S24,??DataTable1_2  ;; 0x2925fdac
   \   000001CA   0xED94 0x2A2C      VLDR     S4,[R4, #+176]
   \   000001CE   0xEDD4 0x1A2F      VLDR     S3,[R4, #+188]
   \   000001D2   0xEDD4 0x0A04      VLDR     S1,[R4, #+16]
   \   000001D6   0xED94 0x1A03      VLDR     S2,[R4, #+12]
   \   000001DA   0xED94 0x3A40      VLDR     S6,[R4, #+256]
   \   000001DE   0xEE62 0x2A28      VMUL.F32 S5,S4,S17
   \   000001E2   0xEE62 0x2AA1      VMUL.F32 S5,S5,S3
   \   000001E6   0xEE62 0x2A83      VMUL.F32 S5,S5,S6
   \   000001EA   0xED94 0x3A08      VLDR     S6,[R4, #+32]
   \   000001EE   0xEE62 0x2A83      VMUL.F32 S5,S5,S6
   \   000001F2   0xEE31 0x3A60      VSUB.F32 S6,S2,S1
   \   000001F6   0xEE62 0x2A83      VMUL.F32 S5,S5,S6
   \   000001FA   0xEE22 0x2A0C      VMUL.F32 S4,S4,S24
   \   000001FE   0xEE20 0x3AA0      VMUL.F32 S6,S1,S1
   \   00000202   0xEE62 0x1A21      VMUL.F32 S3,S4,S3
   \   00000206   0xEE21 0x1A01      VMUL.F32 S2,S2,S2
   \   0000020A   0xEE23 0x2A03      VMUL.F32 S4,S6,S6
   \   0000020E   0xEE01 0x2A41      VMLS.F32 S4,S2,S2
   \   00000212   0xEE21 0x1A82      VMUL.F32 S2,S3,S4
   \   00000216   0xEE7A 0x1AA2      VADD.F32 S3,S21,S5
   \   0000021A   0xEDC4 0x2A07      VSTR     S5,[R4, #+28]
   \   0000021E   0xEE31 0x1A61      VSUB.F32 S2,S2,S3
    122            Y[6] = Z[0]-Y[4]+273.15f;
   \   00000222   0xEDDF 0x....      VLDR.W   S25,??DataTable1_3  ;; 0x43889333
   \   00000226   0xEE78 0x0A60      VSUB.F32 S1,S16,S1
   \   0000022A   0xED84 0x1A0D      VSTR     S2,[R4, #+52]
   \   0000022E   0xEE70 0x0AAC      VADD.F32 S1,S1,S25
   \   00000232   0xEDC4 0x0A06      VSTR     S1,[R4, #+24]
    123            Y[19] = fabsf((Z[1]*(Z[1]*Y[86]+Y[85])+Y[84])*Z[1]);
   \   00000236   0xEDD4 0x0A56      VLDR     S1,[R4, #+344]
   \   0000023A   0xEDD4 0x1A55      VLDR     S3,[R4, #+340]
   \   0000023E   0xEE4A 0x1A20      VMLA.F32 S3,S20,S1
   \   00000242   0xEDD4 0x0A54      VLDR     S1,[R4, #+336]
   \   00000246   0xEE41 0x0A8A      VMLA.F32 S1,S3,S20
   \   0000024A   0xEE60 0x0A8A      VMUL.F32 S1,S1,S20
    124            YP[3] = 0.04444444444444444444f*Y[13]*Z[5]*Z[4];
   \   0000024E   0xEE21 0x0A00      VMUL.F32 S0,S2,S0
   \   00000252   0xEEF0 0x0AE0      VABS.F32 S1,S1
   \   00000256   0xEE20 0x0A2B      VMUL.F32 S0,S0,S23
   \   0000025A   0xEDC4 0x0A13      VSTR     S1,[R4, #+76]
   \   0000025E   0xEE20 0x0A0B      VMUL.F32 S0,S0,S22
   \   00000262   0xED85 0x0A03      VSTR     S0,[R5, #+12]
    125            Y[14] = Y[58]*Y[19]-Y[13]-Z[2]+2.f*Y[46]*(Y[0]-Y[4])+1e-12f*Y[44]*Y[44]*Y[47]*
    126              Y[47]*(1.f-Y[64])*Y[64]*Y[8]*Y[6];
   \   00000266   0xED94 0x0A3A      VLDR     S0,[R4, #+232]
   \   0000026A   0xED94 0x2A13      VLDR     S4,[R4, #+76]
   \   0000026E   0xEDD4 0x0A40      VLDR     S1,[R4, #+256]
   \   00000272   0xED94 0x1A2F      VLDR     S2,[R4, #+188]
   \   00000276   0xEDD4 0x1A2C      VLDR     S3,[R4, #+176]
   \   0000027A   0xEDD4 0x2A00      VLDR     S5,[R4, #0]
   \   0000027E   0xED94 0x3A04      VLDR     S6,[R4, #+16]
   \   00000282   0xEE20 0x0A02      VMUL.F32 S0,S0,S4
   \   00000286   0xED94 0x2A0D      VLDR     S4,[R4, #+52]
   \   0000028A   0xEE30 0x0A42      VSUB.F32 S0,S0,S4
   \   0000028E   0xED94 0x2A2E      VLDR     S4,[R4, #+184]
   \   00000292   0xEE30 0x0A6A      VSUB.F32 S0,S0,S21
   \   00000296   0xEE22 0x2A09      VMUL.F32 S4,S4,S18
   \   0000029A   0xEE72 0x2AC3      VSUB.F32 S5,S5,S6
   \   0000029E   0xEE02 0x0A22      VMLA.F32 S0,S4,S5
   \   000002A2   0xED9F 0x....      VLDR.W   S4,??DataTable2  ;; 0x2b8cbccc
   \   000002A6   0xEE21 0x2A82      VMUL.F32 S4,S3,S4
   \   000002AA   0xEE62 0x1A21      VMUL.F32 S3,S4,S3
   \   000002AE   0xEE61 0x1A81      VMUL.F32 S3,S3,S2
   \   000002B2   0xEE21 0x1A81      VMUL.F32 S2,S3,S2
   \   000002B6   0xEEF7 0x1A00      VMOV.F32 S3,#1.0
   \   000002BA   0xEE71 0x1AE0      VSUB.F32 S3,S3,S1
   \   000002BE   0xEE21 0x1A21      VMUL.F32 S2,S2,S3
   \   000002C2   0xEE61 0x0A20      VMUL.F32 S1,S2,S1
   \   000002C6   0xED94 0x1A08      VLDR     S2,[R4, #+32]
   \   000002CA   0xEE60 0x0A81      VMUL.F32 S1,S1,S2
   \   000002CE   0xED94 0x1A06      VLDR     S2,[R4, #+24]
   \   000002D2   0xEE00 0x0A81      VMLA.F32 S0,S1,S2
   \   000002D6   0xED84 0x0A0E      VSTR     S0,[R4, #+56]
    127            Z[2] = Y[5]-Z[0]-273.15f;
   \   000002DA   0xEDD4 0x0A05      VLDR     S1,[R4, #+20]
   \   000002DE   0xEE70 0x0AC8      VSUB.F32 S1,S1,S16
   \   000002E2   0xEE70 0x0AA9      VADD.F32 S1,S1,S19
    128            Y[20] = Z[2];
   \   000002E6   0xEDC4 0x0A14      VSTR     S1,[R4, #+80]
    129            Y[23] = fabsf((Z[1]*(Z[1]*Y[89]+Y[88])+Y[87])*Z[1]);
   \   000002EA   0xED94 0x1A59      VLDR     S2,[R4, #+356]
   \   000002EE   0xEDD4 0x1A58      VLDR     S3,[R4, #+352]
   \   000002F2   0xEE4A 0x1A01      VMLA.F32 S3,S20,S2
   \   000002F6   0xED94 0x1A57      VLDR     S2,[R4, #+348]
   \   000002FA   0xEE01 0x1A8A      VMLA.F32 S2,S3,S20
   \   000002FE   0xEE21 0x1A0A      VMUL.F32 S2,S2,S20
   \   00000302   0xEEB0 0x1AC1      VABS.F32 S2,S2
   \   00000306   0xED84 0x1A17      VSTR     S2,[R4, #+92]
    130            Y[25] = -Z[2];
   \   0000030A   0xEEF1 0x0A60      VNEG.F32 S1,S1
   \   0000030E   0xEDC4 0x0A19      VSTR     S1,[R4, #+100]
    131            YP[4] = Y[14]/(450.f*Y[71]);
   \   00000312   0xED9F 0x....      VLDR.W   S2,??DataTable2_1  ;; 0x43e10000
   \   00000316   0xEDD4 0x0A47      VLDR     S1,[R4, #+284]
   \   0000031A   0xEE60 0x0A81      VMUL.F32 S1,S1,S2
   \   0000031E   0xEE80 0x0A20      VDIV.F32 S0,S0,S1
   \   00000322   0xED85 0x0A04      VSTR     S0,[R5, #+16]
    132            Y[24] = Y[67]+Y[62]*pow(fabsf(Y[25])+0.1f,Y[68]);
   \   00000326   0xED9F 0x....      VLDR.W   S2,??DataTable2_2  ;; 0x3dcccccd
   \   0000032A   0xE003             B.N      ??fp_1
   \                     ??fp_0:
   \   0000032C   0xC3889333         DC32     0xc3889333
   \   00000330   0x358637BD         DC32     0x358637bd
   \                     ??fp_1: (+1)
   \   00000334   0x6E60             LDR      R0,[R4, #+100]
   \   00000336   0xEDD4 0x0A44      VLDR     S1,[R4, #+272]
   \   0000033A   0xF020 0x4000      BIC      R0,R0,#0x80000000
   \   0000033E   0xEE00 0x0A10      VMOV     S0,R0
   \   00000342   0xEE30 0x0A01      VADD.F32 S0,S0,S2
   \   00000346   0x.... 0x....      BL       powf
   \   0000034A   0xED94 0x1A3E      VLDR     S2,[R4, #+248]
   \   0000034E   0xEDD4 0x0A43      VLDR     S1,[R4, #+268]
   \   00000352   0xEE41 0x0A00      VMLA.F32 S1,S2,S0
   \   00000356   0xEDC4 0x0A18      VSTR     S1,[R4, #+96]
    133            Z[1] = Y[61]*Y[61];
    134            Z[2] = Y[24]*Y[24];
   \   0000035A   0xEE20 0x1AA0      VMUL.F32 S2,S1,S1
   \   0000035E   0xED94 0x0A3D      VLDR     S0,[R4, #+244]
    135            Z[3] = Y[23]*Y[23];
   \   00000362   0xEDD4 0x0A17      VLDR     S1,[R4, #+92]
    136            Z[1] = Z[1]*Z[1]*Z[3]*Z[3]+Z[2]*Z[2];
    137            Y[22] = 1e-06f*Y[43]*Y[47]*pow(Z[1],0.25f);
   \   00000366   0xEDD4 0x9A2F      VLDR     S19,[R4, #+188]
   \   0000036A   0xED94 0xAA2B      VLDR     S20,[R4, #+172]
   \   0000036E   0xEE20 0x0A00      VMUL.F32 S0,S0,S0
   \   00000372   0x.... 0x....      BL       ?Subroutine3
   \                     ??CrossCallReturnLabel_8: (+1)
   \   00000376   0xEE6A 0x0A28      VMUL.F32 S1,S20,S17
   \   0000037A   0xEE20 0x0A21      VMUL.F32 S0,S0,S3
   \   0000037E   0xEE60 0x8AA9      VMUL.F32 S17,S1,S19
   \   00000382   0x.... 0x....      BL       ?Subroutine1
   \                     ??CrossCallReturnLabel_2: (+1)
   \   00000386   0xEE28 0x0A80      VMUL.F32 S0,S17,S0
   \   0000038A   0xED84 0x0A16      VSTR     S0,[R4, #+88]
    138            Y[21] = Y[22]*Y[20];
    139            Z[0] = Z[0]+273.15f;
    140            Z[1] = Y[5]*Y[5];
    141            Z[0] = Z[0]*Z[0];
    142            Y[26] = Y[21]+3.685738550000000334e-14f*Y[43]*Y[47]*Y[63]*(Z[1]*Z[1]-Z[0]*Z[0]);
   \   0000038E   0xEE2A 0x2A0C      VMUL.F32 S4,S20,S24
   \   00000392   0xEDD4 0x0A14      VLDR     S1,[R4, #+80]
   \   00000396   0xEE20 0x0A20      VMUL.F32 S0,S0,S1
   \   0000039A   0xED84 0x0A15      VSTR     S0,[R4, #+84]
   \   0000039E   0xEE78 0x0A2C      VADD.F32 S1,S16,S25
   \   000003A2   0xED94 0x1A05      VLDR     S2,[R4, #+20]
   \   000003A6   0xEDD4 0x2A3F      VLDR     S5,[R4, #+252]
   \   000003AA   0xEE61 0x1A01      VMUL.F32 S3,S2,S2
   \   000003AE   0xEE60 0x0AA0      VMUL.F32 S1,S1,S1
   \   000003B2   0xEE22 0x2A29      VMUL.F32 S4,S4,S19
   \   000003B6   0xEE61 0x1AA1      VMUL.F32 S3,S3,S3
   \   000003BA   0xEE22 0x2A22      VMUL.F32 S4,S4,S5
   \   000003BE   0xEE40 0x1AE0      VMLS.F32 S3,S1,S1
   \   000003C2   0xEE02 0x0A21      VMLA.F32 S0,S4,S3
   \   000003C6   0xED84 0x0A1A      VSTR     S0,[R4, #+104]
    143            Z[0] = Y[36];
    144            Z[0] = Z[0]*Z[0]*Y[53];
    145            Y[27] = -Y[26]+2.f*Y[46]*(Y[0]-Y[5])+3.f*Z[0]*(1.f+(Y[5]-Y[52])*Y[54])-819.45f*
    146              Z[0]*Y[54];
   \   000003CA   0xED94 0x2A2E      VLDR     S4,[R4, #+184]
   \   000003CE   0xEDD4 0x2A00      VLDR     S5,[R4, #0]
   \   000003D2   0xEE22 0x2A09      VMUL.F32 S4,S4,S18
   \   000003D6   0xEE72 0x2AC1      VSUB.F32 S5,S5,S2
   \   000003DA   0xEDD4 0x0A24      VLDR     S1,[R4, #+144]
   \   000003DE   0xEDD4 0x1A35      VLDR     S3,[R4, #+212]
   \   000003E2   0xEE22 0x2A22      VMUL.F32 S4,S4,S5
   \   000003E6   0xEE60 0x0AA0      VMUL.F32 S1,S1,S1
   \   000003EA   0xEDD4 0x2A34      VLDR     S5,[R4, #+208]
   \   000003EE   0xEE60 0x0AA1      VMUL.F32 S1,S1,S3
   \   000003F2   0xEE31 0x1A62      VSUB.F32 S2,S2,S5
   \   000003F6   0xEDD4 0x1A36      VLDR     S3,[R4, #+216]
   \   000003FA   0xEE32 0x0A40      VSUB.F32 S0,S4,S0
   \   000003FE   0xEEF7 0x2A00      VMOV.F32 S5,#1.0
   \   00000402   0xEEB0 0x2A08      VMOV.F32 S4,#3.0
   \   00000406   0xEE41 0x2A21      VMLA.F32 S5,S2,S3
   \   0000040A   0xEE20 0x2A82      VMUL.F32 S4,S1,S4
   \   0000040E   0xED9F 0x....      VLDR.W   S2,??DataTable3  ;; 0x444cdccd
   \   00000412   0xEE02 0x0A22      VMLA.F32 S0,S4,S5
   \   00000416   0xEE60 0x0A81      VMUL.F32 S1,S1,S2
   \   0000041A   0xEE00 0x0AE1      VMLS.F32 S0,S1,S3
   \   0000041E   0xED84 0x0A1B      VSTR     S0,[R4, #+108]
    147            YP[5] = Y[27]/(Y[72]*Y[56]);
   \   00000422   0xEDD4 0x0A48      VLDR     S1,[R4, #+288]
   \   00000426   0xED94 0x1A38      VLDR     S2,[R4, #+224]
   \   0000042A   0xEE60 0x0A81      VMUL.F32 S1,S1,S2
   \   0000042E   0xEE80 0x0A20      VDIV.F32 S0,S0,S1
   \   00000432   0xED85 0x0A05      VSTR     S0,[R5, #+20]
    148          }
   \   00000436   0xECBD 0x8B0A      VPOP     {D8-D12}
   \   0000043A   0xBD31             POP      {R0,R4,R5,PC}    ;; return

   \                                 In section .text, align 2, keep-with-next
   \                     ?Subroutine3: (+1)
   \   00000000   0xEE60 0x1AA0      VMUL.F32 S3,S1,S1
   \   00000004   0xEE20 0x0A00      VMUL.F32 S0,S0,S0
   \   00000008   0x4770             BX       LR

   \                                 In section .text, align 2, keep-with-next
   \                     ?Subroutine1: (+1)
   \   00000000   0xEE20 0x0A21      VMUL.F32 S0,S0,S3
   \   00000004   0xEEF5 0x0A00      VMOV.F32 S1,#0.25
   \   00000008   0xEE01 0x0A01      VMLA.F32 S0,S2,S2
   \   0000000C   0x.... 0x....      B.W      powf
    149          //#pragma optimize=size no_inline no_unroll
    150          //static void otp(real32_T T, real32_T *Y, real32_T *YP)
    151          //{
    152          //  Y[28] = Y[1]-273.15f;
    153          //  Y[29] = Y[5]-273.15f;
    154          //  Y[30] = Y[39];
    155          //  Y[31] = Y[4]-273.15f;
    156          //  Y[32] = Y[38];
    157          //}
    158          #pragma optimize=size no_inline no_unroll

   \                                 In section .text, align 4, keep-with-next
    159          static void eev(real32_T T, real32_T *Y, real32_T *Ypre, real32_T *EA)
                                          ^
Remark[Pe826]: parameter "T" was never referenced

  static void eev(real32_T T, real32_T *Y, real32_T *Ypre, real32_T *EA)
                                                     ^
"C:\Data\Python\Self_Commissioning_Bpm\source\Category\Application\ThermalModel\ThermalModelCore_DD\ThermalModelCoreDD.c",159  Remark[Pe826]: 
          parameter "Ypre" was never referenced
    160          {
    161            EA[0] = Y[34]-0.1f;
   \                     eev: (+1)
   \   00000000   0xED9F 0x....      VLDR.W   S0,??DataTable3_1  ;; 0xbdcccccd
   \   00000004   0xEDD0 0x0A22      VLDR     S1,[R0, #+136]
   \   00000008   0xEE70 0x0A80      VADD.F32 S1,S1,S0
   \   0000000C   0xEDC2 0x0A00      VSTR     S1,[R2, #0]
    162            EA[1] = Y[35]-0.1f;
   \   00000010   0xEDD0 0x0A23      VLDR     S1,[R0, #+140]
   \   00000014   0xEE30 0x0A80      VADD.F32 S0,S1,S0
   \   00000018   0xED82 0x0A01      VSTR     S0,[R2, #+4]
    163          }
   \   0000001C   0x4770             BX       LR               ;; return
    164          #pragma optimize=size no_inline no_unroll

   \                                 In section .text, align 4, keep-with-next
    165          static int_T eex(int_T N, real32_T T, real32_T *Y, real32_T *Ypre)
                                                    ^
Remark[Pe826]: parameter "T" was never referenced
    166          {
   \                     eex: (+1)
   \   00000000   0xB081             SUB      SP,SP,#+4
    167            real32_T Z[1];
    168            if (N==1 )
   \   00000002   0x2801             CMP      R0,#+1
   \   00000004   0xD108             BNE.N    ??eex_0
    169              Y[40] = 1.f-Y[40];
   \   00000006   0xEEB7 0x0A00      VMOV.F32 S0,#1.0
   \   0000000A   0xEDD1 0x0A28      VLDR     S1,[R1, #+160]
   \   0000000E   0xEE30 0x0A60      VSUB.F32 S0,S0,S1
   \   00000012   0xED81 0x0A28      VSTR     S0,[R1, #+160]
   \   00000016   0xE097             B.N      ??eex_1
    170            else if (N==2 )
   \                     ??eex_0: (+1)
   \   00000018   0x2802             CMP      R0,#+2
   \   0000001A   0xD108             BNE.N    ??eex_2
    171              Y[41] = 1.f-Y[41];
   \   0000001C   0xEEB7 0x0A00      VMOV.F32 S0,#1.0
   \   00000020   0xEDD1 0x0A29      VLDR     S1,[R1, #+164]
   \   00000024   0xEE30 0x0A60      VSUB.F32 S0,S0,S1
   \   00000028   0xED81 0x0A29      VSTR     S0,[R1, #+164]
   \                     ??eex_3: (+1)
   \   0000002C   0xE08C             B.N      ??eex_1
    172            else if (N==3 ) {
   \                     ??eex_2: (+1)
   \   0000002E   0x2803             CMP      R0,#+3
   \   00000030   0xD1FC             BNE.N    ??eex_3
    173              Z[0] = Y[33];
    174              if ((Y[40]==1.f) && (Y[40]!=Ypre[40]) ) {
   \   00000032   0xF102 0x009C      ADD      R0,R2,#+156
   \   00000036   0xEDD1 0x0A21      VLDR     S1,[R1, #+132]
   \   0000003A   0xEDCD 0x0A00      VSTR     S1,[SP, #+0]
   \   0000003E   0xEEF7 0x1A00      VMOV.F32 S3,#1.0
   \   00000042   0xED91 0x1A28      VLDR     S2,[R1, #+160]
   \   00000046   0xEEB4 0x1A61      VCMP.F32 S2,S3
   \   0000004A   0xED9F 0x....      VLDR.W   S0,??DataTable3_2  ;; 0x43889333
   \   0000004E   0xEEF1 0xFA10      FMSTAT   
   \   00000052   0xD140             BNE.N    ??eex_4
   \   00000054   0xED90 0x1A01      VLDR     S2,[R0, #+4]
   \   00000058   0xEEB4 0x1A61      VCMP.F32 S2,S3
   \   0000005C   0xEEF1 0xFA10      FMSTAT   
   \   00000060   0xD039             BEQ.N    ??eex_4
    175                Y[38] = Y[5]-Y[33]-273.15f;
   \   00000062   0xED91 0x1A05      VLDR     S2,[R1, #+20]
   \   00000066   0xEE31 0x1A60      VSUB.F32 S2,S2,S1
   \   0000006A   0xEDDF 0x....      VLDR.W   S3,??DataTable3_3  ;; 0xc3889333
   \   0000006E   0xEE31 0x1A21      VADD.F32 S2,S2,S3
   \   00000072   0xED81 0x1A26      VSTR     S2,[R1, #+152]
    176                Y[5] = Y[33]+273.15f;
   \   00000076   0xEE70 0x1A80      VADD.F32 S3,S1,S0
   \   0000007A   0xEDC1 0x1A05      VSTR     S3,[R1, #+20]
    177                Y[4] = Y[4]-Y[38]*Y[51];
   \   0000007E   0xEDD1 0x1A33      VLDR     S3,[R1, #+204]
   \   00000082   0xED91 0x2A04      VLDR     S4,[R1, #+16]
   \   00000086   0xEE61 0x1A21      VMUL.F32 S3,S2,S3
   \   0000008A   0xEE32 0x2A61      VSUB.F32 S4,S4,S3
   \   0000008E   0xED81 0x2A04      VSTR     S4,[R1, #+16]
    178                Y[0] = Y[0]-Y[38]*Y[51];
   \   00000092   0xED91 0x2A00      VLDR     S4,[R1, #0]
   \   00000096   0xEE72 0x1A61      VSUB.F32 S3,S4,S3
   \   0000009A   0xEDC1 0x1A00      VSTR     S3,[R1, #0]
    179                Y[1] = Y[1]-Y[38]*Y[50];
   \   0000009E   0xEDD1 0x1A32      VLDR     S3,[R1, #+200]
   \   000000A2   0xED91 0x2A01      VLDR     S4,[R1, #+4]
   \   000000A6   0xEE61 0x1A21      VMUL.F32 S3,S2,S3
   \   000000AA   0xEE32 0x2A61      VSUB.F32 S4,S4,S3
   \   000000AE   0xED81 0x2A01      VSTR     S4,[R1, #+4]
    180                Y[3] = Y[3]-Y[38]*Y[50];
   \   000000B2   0xED91 0x2A03      VLDR     S4,[R1, #+12]
   \   000000B6   0xEE32 0x2A61      VSUB.F32 S4,S4,S3
   \   000000BA   0xED81 0x2A03      VSTR     S4,[R1, #+12]
    181                Y[2] = Y[2]-Y[38]*Y[50];
   \   000000BE   0xED91 0x2A02      VLDR     S4,[R1, #+8]
   \   000000C2   0xEE72 0x1A61      VSUB.F32 S3,S4,S3
   \   000000C6   0xEDC1 0x1A02      VSTR     S3,[R1, #+8]
    182                Y[39] = Ypre[39]-Y[38];
   \   000000CA   0xEDD2 0x1A27      VLDR     S3,[R2, #+156]
   \   000000CE   0xEE31 0x1AC1      VSUB.F32 S2,S3,S2
   \   000000D2   0xED81 0x1A27      VSTR     S2,[R1, #+156]
    183              }
    184          
    185              if ((Y[41]==1.f) && (Y[41]!=Ypre[41]) ) {
   \                     ??eex_4: (+1)
   \   000000D6   0xEEF7 0x1A00      VMOV.F32 S3,#1.0
   \   000000DA   0xED91 0x1A29      VLDR     S2,[R1, #+164]
   \   000000DE   0xEEB4 0x1A61      VCMP.F32 S2,S3
   \   000000E2   0xEEF1 0xFA10      FMSTAT   
   \   000000E6   0xD12F             BNE.N    ??eex_1
   \   000000E8   0xED90 0x1A02      VLDR     S2,[R0, #+8]
   \   000000EC   0xEEB4 0x1A61      VCMP.F32 S2,S3
   \   000000F0   0xEEF1 0xFA10      FMSTAT   
   \   000000F4   0xD028             BEQ.N    ??eex_1
    186                Y[38] = 0.f;
   \   000000F6   0x2000             MOVS     R0,#+0
   \   000000F8   0xF8C1 0x0098      STR      R0,[R1, #+152]
    187                Y[5] = Y[33]+273.15f;
   \   000000FC   0xEE30 0x1A80      VADD.F32 S2,S1,S0
   \   00000100   0xED81 0x1A05      VSTR     S2,[R1, #+20]
    188                Y[4] = Y[33]-Y[49]+273.15f;
   \   00000104   0xED91 0x1A31      VLDR     S2,[R1, #+196]
   \   00000108   0xEE70 0x0AC1      VSUB.F32 S1,S1,S2
   \   0000010C   0xEE70 0x0A80      VADD.F32 S1,S1,S0
   \   00000110   0xEDC1 0x0A04      VSTR     S1,[R1, #+16]
    189                Y[0] = Y[33]-Y[49]+273.15f;
   \   00000114   0xEDC1 0x0A00      VSTR     S1,[R1, #0]
    190                if (Z[0]<Y[48] )
   \   00000118   0xEDD1 0x0A30      VLDR     S1,[R1, #+192]
   \   0000011C   0xED9D 0x1A00      VLDR     S2,[SP, #+0]
   \   00000120   0xEEB4 0x1A60      VCMP.F32 S2,S1
   \   00000124   0xEEF1 0xFA10      FMSTAT   
   \   00000128   0xBF46             ITTE     MI 
    191                  Y[39] = Z[0];
   \   0000012A   0x9800             LDRMI    R0,[SP, #+0]
   \   0000012C   0xF8C1 0x009C      STRMI    R0,[R1, #+156]
    192                else
    193                  Y[39] = Y[48];
   \   00000130   0xEDC1 0x0A27      VSTRPL   S1,[R1, #+156]
    194                Y[1] = Y[39]+273.15f;
   \   00000134   0xEDD1 0x0A27      VLDR     S1,[R1, #+156]
   \   00000138   0xEE30 0x0A80      VADD.F32 S0,S1,S0
   \   0000013C   0xED81 0x0A01      VSTR     S0,[R1, #+4]
    195                Y[3] = Y[39]+273.15f;
   \   00000140   0xED81 0x0A03      VSTR     S0,[R1, #+12]
    196                Y[2] = Y[39]+273.15f;
   \   00000144   0xED81 0x0A02      VSTR     S0,[R1, #+8]
    197              }
    198            }
    199          
    200            return(0);
   \                     ??eex_1: (+1)
   \   00000148   0x2000             MOVS     R0,#+0
   \   0000014A   0xB001             ADD      SP,SP,#+4
   \   0000014C   0x4770             BX       LR               ;; return
    201          }
    202          //#pragma optimize=size no_inline no_unroll
    203          //static int_T cpr(real32_T T, real32_T *Y)
    204          //{
    205          //  real32_T v;
    206          //  int_T k;
    207          //  k = 0;
    208          //  if (Y[34]>=0.1f )
    209          //    v = 1.f;
    210          //  else
    211          //    v = 0.f;
    212          //  if (Y[40]!=v ) {
    213          //    Y[40] = v;
    214          //    k = 1;
    215          //  }
    216          //
    217          //  if (Y[35]>=0.1f )
    218          //    v = 1.f;
    219          //  else
    220          //    v = 0.f;
    221          //  if (Y[41]!=v ) {
    222          //    Y[41] = v;
    223          //    k = 1;
    224          //  }
    225          //
    226          //  return(k);
    227          //}

   \                                 In section .text, align 4, keep-with-next
    228          static int savespace(real32_T *w, int_T *modes)
    229          {
   \                     savespace: (+1)
   \   00000000   0xE92D 0x41F0      PUSH     {R4-R8,LR}
   \   00000004   0x4603             MOV      R3,R0
   \   00000006   0x460E             MOV      R6,R1
    230          	real32_T t,*y,*yp,*ypre,*tval;
    231          	int_T *oldmodes,*inc,*req;
    232          	t= w[0];
    233          	y= &w[1];
   \   00000008   0xF103 0x0804      ADD      R8,R3,#+4
    234          	yp= &y[NEQ+NPAR];
    235          	ypre= &yp[NDFA];
   \   0000000C   0xF508 0x71C0      ADD      R1,R8,#+384
    236          	tval= &ypre[NEQ];
   \   00000010   0xF101 0x04A8      ADD      R4,R1,#+168
    237          	oldmodes= &modes[NZC];
   \   00000014   0xF106 0x0710      ADD      R7,R6,#+16
    238          	inc= &oldmodes[NZC];
   \   00000018   0xF107 0x0510      ADD      R5,R7,#+16
    239          	req= &inc[NEVT];
    240          	int i,flag;
    241          	eev(t,y,ypre,tval);			//tval either -0.1 or 0.9
   \   0000001C   0x4622             MOV      R2,R4
   \   0000001E   0x4640             MOV      R0,R8
   \   00000020   0xED93 0x0A00      VLDR     S0,[R3, #0]
   \   00000024   0x.... 0x....      BL       eev
    242          	flag= 0;
   \   00000028   0x2000             MOVS     R0,#+0
    243          	for (i=0;i<NEVT;i++) {
   \   0000002A   0xF105 0x0108      ADD      R1,R5,#+8
   \   0000002E   0x2202             MOVS     R2,#+2
   \   00000030   0xED9F 0x....      VLDR.W   S0,??DataTable4  ;; 0xb58637bd
   \   00000034   0xEDDF 0x....      VLDR.W   S1,??DataTable4_1  ;; 0xb58637bc
   \   00000038   0xED9F 0x....      VLDR.W   S2,??DataTable4_2  ;; 0x358637bd
   \   0000003C   0xEDDF 0x....      VLDR.W   S3,??DataTable4_3  ;; 0x358637be
    244          	  if (tval[i]>EVTHYST && modes[2*i]==0 ) {
   \                     ??savespace_0: (+1)
   \   00000040   0xED94 0x2A00      VLDR     S4,[R4, #0]
   \   00000044   0xEEB4 0x2A61      VCMP.F32 S4,S3
   \   00000048   0xEEF1 0xFA10      FMSTAT   
   \   0000004C   0xDB16             BLT.N    ??savespace_1
   \   0000004E   0x6833             LDR      R3,[R6, #+0]
   \   00000050   0xB9A3             CBNZ.N   R3,??savespace_1
    245          		modes[2*i]= 1;
   \   00000052   0x2301             MOVS     R3,#+1
   \   00000054   0x6033             STR      R3,[R6, #+0]
    246          		if (req[i]>0 && y[req[i]-1]==1.0f)
   \   00000056   0x680B             LDR      R3,[R1, #+0]
   \   00000058   0x2B01             CMP      R3,#+1
   \   0000005A   0xDB0D             BLT.N    ??savespace_2
   \   0000005C   0xEB08 0x0383      ADD      R3,R8,R3, LSL #+2
   \   00000060   0x1F1B             SUBS     R3,R3,#+4
   \   00000062   0xEEF7 0x2A00      VMOV.F32 S5,#1.0
   \   00000066   0xED93 0x2A00      VLDR     S4,[R3, #0]
   \   0000006A   0xEEB4 0x2A62      VCMP.F32 S4,S5
   \   0000006E   0xEEF1 0xFA10      FMSTAT   
   \   00000072   0xBF08             IT       EQ 
    247          		  oldmodes[2*i]= 1;
   \   00000074   0x2301             MOVEQ    R3,#+1
   \   00000076   0xD00B             BEQ.N    ??savespace_3
    248          		else
    249          		  flag= 1;
   \                     ??savespace_2: (+1)
   \   00000078   0x2001             MOVS     R0,#+1
   \   0000007A   0xE00A             B.N      ??savespace_4
    250          	  } else if (tval[i]<EVTHYST && modes[2*i]==1 ) {
   \                     ??savespace_1: (+1)
   \   0000007C   0xEEB4 0x2A41      VCMP.F32 S4,S2
   \   00000080   0xEEF1 0xFA10      FMSTAT   
   \   00000084   0xD505             BPL.N    ??savespace_4
   \   00000086   0x6833             LDR      R3,[R6, #+0]
   \   00000088   0x2B01             CMP      R3,#+1
   \   0000008A   0xD102             BNE.N    ??savespace_4
    251          		modes[2*i]= 0;
   \   0000008C   0x2300             MOVS     R3,#+0
   \   0000008E   0x6033             STR      R3,[R6, #+0]
    252          		oldmodes[2*i]= 0;
   \                     ??savespace_3: (+1)
   \   00000090   0x603B             STR      R3,[R7, #+0]
    253          	  }
    254          
    255          	  if (tval[i]>-EVTHYST && modes[2*i+1]==0) {
   \                     ??savespace_4: (+1)
   \   00000092   0xED94 0x2A00      VLDR     S4,[R4, #0]
   \   00000096   0xEEB4 0x2A60      VCMP.F32 S4,S1
   \   0000009A   0xEEF1 0xFA10      FMSTAT   
   \   0000009E   0xDB05             BLT.N    ??savespace_5
   \   000000A0   0x6873             LDR      R3,[R6, #+4]
   \   000000A2   0xB91B             CBNZ.N   R3,??savespace_5
    256          		modes[2*i+1]= 1;
   \   000000A4   0x2301             MOVS     R3,#+1
   \   000000A6   0x6073             STR      R3,[R6, #+4]
    257          		oldmodes[2*i+1]= 1;
   \   000000A8   0x607B             STR      R3,[R7, #+4]
   \   000000AA   0xE01C             B.N      ??savespace_6
    258          	  } else if (tval[i]<-EVTHYST && modes[2*i+1]==1 ) {
   \                     ??savespace_5: (+1)
   \   000000AC   0xEEB4 0x2A40      VCMP.F32 S4,S0
   \   000000B0   0xEEF1 0xFA10      FMSTAT   
   \   000000B4   0xD517             BPL.N    ??savespace_6
   \   000000B6   0x6873             LDR      R3,[R6, #+4]
   \   000000B8   0x2B01             CMP      R3,#+1
   \   000000BA   0xD114             BNE.N    ??savespace_6
    259          		modes[2*i+1]= 0;
   \   000000BC   0x2300             MOVS     R3,#+0
   \   000000BE   0x6073             STR      R3,[R6, #+4]
    260          		if (inc[i] || (req[i]>0 && y[req[i]-1]==0.0f))
   \   000000C0   0x682B             LDR      R3,[R5, #+0]
   \   000000C2   0xB963             CBNZ.N   R3,??savespace_7
   \   000000C4   0x680B             LDR      R3,[R1, #+0]
   \   000000C6   0x2B01             CMP      R3,#+1
   \   000000C8   0xDB0C             BLT.N    ??savespace_8
   \   000000CA   0xEB08 0x0383      ADD      R3,R8,R3, LSL #+2
   \   000000CE   0x1F1B             SUBS     R3,R3,#+4
   \   000000D0   0xED93 0x2A00      VLDR     S4,[R3, #0]
   \   000000D4   0xEEB5 0x2A40      VCMP.F32 S4,#0.0
   \   000000D8   0xEEF1 0xFA10      FMSTAT   
   \   000000DC   0xD102             BNE.N    ??savespace_8
    261          		  oldmodes[2*i+1]= 0;
   \                     ??savespace_7: (+1)
   \   000000DE   0x2300             MOVS     R3,#+0
   \   000000E0   0x607B             STR      R3,[R7, #+4]
   \   000000E2   0xE000             B.N      ??savespace_6
    262          		else
    263          		  flag= 1;
   \                     ??savespace_8: (+1)
   \   000000E4   0x2001             MOVS     R0,#+1
    264          	  }
    265          	}
   \                     ??savespace_6: (+1)
   \   000000E6   0x3708             ADDS     R7,R7,#+8
   \   000000E8   0x3608             ADDS     R6,R6,#+8
   \   000000EA   0x1D2D             ADDS     R5,R5,#+4
   \   000000EC   0x1D09             ADDS     R1,R1,#+4
   \   000000EE   0x1D24             ADDS     R4,R4,#+4
   \   000000F0   0x1E52             SUBS     R2,R2,#+1
   \   000000F2   0xD1A5             BNE.N    ??savespace_0
    266          	return flag;
   \   000000F4   0xE8BD 0x81F0      POP      {R4-R8,PC}       ;; return
    267          }
    268          #pragma optimize=size no_inline no_unroll

   \                                 In section .text, align 2, keep-with-next
    269          static int_T RunEvents(real32_T *w, int_T *modes, int_T first, int_T termvar,
                                                                                      ^
Remark[Pe826]: parameter "termvar" was never referenced
    270            int_T maxiter)
                         ^
Remark[Pe826]: parameter "maxiter" was never referenced
    271          {
   \                     RunEvents: (+1)
   \   00000000   0xE92D 0x4FF5      PUSH     {R0,R2,R4-R11,LR}
   \   00000004   0xB081             SUB      SP,SP,#+4
    272            real32_T t,*y,*yp,*ypre,*tval;
                                            ^
Warning[Pe550]: variable "tval" was set but never used
    273            int_T *m= NULL,*oldmodes,*inc,*req;
                          ^
Warning[Pe177]: variable "m" was declared but never referenced

    int_T *m= NULL,*oldmodes,*inc,*req;
                                   ^
"C:\Data\Python\Self_Commissioning_Bpm\source\Category\Application\ThermalModel\ThermalModelCore_DD\ThermalModelCoreDD.c",273  Warning[Pe550]: 
          variable "req" was set but never used
    274            int_T i,flag,iter,evt,rc,failskip;
                                         ^
Warning[Pe550]: variable "rc" was set but never used
    275            t= w[0];
    276            y= &w[1];
   \   00000006   0xF100 0x0904      ADD      R9,R0,#+4
   \   0000000A   0xED2D 0x8B02      VPUSH    {D8}
   \   0000000E   0xB082             SUB      SP,SP,#+8
   \   00000010   0xED90 0x8A00      VLDR     S16,[R0, #0]
    277            yp= &y[NEQ+NPAR];
   \   00000014   0xF509 0x70B4      ADD      R0,R9,#+360
   \   00000018   0x9001             STR      R0,[SP, #+4]
   \   0000001A   0x4688             MOV      R8,R1
    278            ypre= &yp[NDFA];
   \   0000001C   0xF100 0x0A18      ADD      R10,R0,#+24
    279            tval= &ypre[NEQ];
    280            oldmodes= &modes[NZC];
   \   00000020   0xF108 0x0010      ADD      R0,R8,#+16
   \   00000024   0x9000             STR      R0,[SP, #+0]
    281            inc= &oldmodes[NZC];
    282            req= &inc[NEVT];
    283          //  for (i=0;i<NEQ;i++)
    284          //    if (IS_UNDEF(y[i])) {
    285          //      return(-3);
    286          //    }
    287          
    288            for (i=0;i<NZC;i++)
   \   00000026   0x2000             MOVS     R0,#+0
    289              oldmodes[i]= modes[i];
   \                     ??RunEvents_0: (+1)
   \   00000028   0x9A00             LDR      R2,[SP, #+0]
   \   0000002A   0xF858 0x1020      LDR      R1,[R8, R0, LSL #+2]
   \   0000002E   0xF842 0x1020      STR      R1,[R2, R0, LSL #+2]
   \   00000032   0x1C40             ADDS     R0,R0,#+1
   \   00000034   0x2804             CMP      R0,#+4
   \   00000036   0xDBF7             BLT.N    ??RunEvents_0
    290            for (i=0;i<NEQ;i++)
   \   00000038   0x.... 0x....      BL       ?Subroutine2
    291              ypre[i]= y[i];
    292            if (!first) {
   \                     ??CrossCallReturnLabel_4: (+1)
   \   0000003C   0x9806             LDR      R0,[SP, #+24]
   \   0000003E   0xB928             CBNZ.N   R0,??RunEvents_1
    293          	  flag = savespace(w,modes);
    294          //    eev(t,y,ypre,tval);
    295          //    flag= 0;
    296          //    for (i=0;i<NEVT;i++) {
    297          //      if (tval[i]>EVTHYST && modes[2*i]==0 ) {
    298          //        modes[2*i]= 1;
    299          //        if (req[i]>0 && y[req[i]-1]==1.0f)
    300          //          oldmodes[2*i]= 1;
    301          //        else
    302          //          flag= 1;
    303          //      } else if (tval[i]<EVTHYST && modes[2*i]==1 ) {
    304          //        modes[2*i]= 0;
    305          //        oldmodes[2*i]= 0;
    306          //      }
    307          //
    308          //      if (tval[i]>-EVTHYST && modes[2*i+1]==0) {
    309          //        modes[2*i+1]= 1;
    310          //        oldmodes[2*i+1]= 1;
    311          //      } else if (tval[i]<-EVTHYST && modes[2*i+1]==1 ) {
    312          //        modes[2*i+1]= 0;
    313          //        if (inc[i] || (req[i]>0 && y[req[i]-1]==0.0f))
    314          //          oldmodes[2*i+1]= 0;
    315          //        else
    316          //          flag= 1;
    317          //      }
    318          //    }
    319          
    320              if (!flag) {
   \   00000040   0x9805             LDR      R0,[SP, #+20]
   \   00000042   0x4641             MOV      R1,R8
   \   00000044   0x.... 0x....      BL       savespace
   \   00000048   0x2800             CMP      R0,#+0
   \   0000004A   0xD051             BEQ.N    ??RunEvents_2
    321          //      if (m)
    322          //        for (i=0;i<NZC;i++)
    323          //          m[i]= modes[i];
    324                return(0);
    325              }
    326            }
    327          
    328            failskip= 0;
    329            for (iter=0;;iter++) {
   \                     ??RunEvents_1: (+1)
   \   0000004C   0x2700             MOVS     R7,#+0
   \   0000004E   0xE00D             B.N      ??RunEvents_3
    330              if (!first || iter>0 )
    331                for (evt=0;evt<NEVT;evt++)
    332                  if (modes[2*evt]!=oldmodes[2*evt] || modes[2*evt+1]!=oldmodes[2*evt+1])
    333                  {
    334                    rc= eex(evt+1,t,y,ypre);
    335                    oldmodes[2*evt]= modes[2*evt];
    336                    oldmodes[2*evt+1]= modes[2*evt+1];
    337                  }
    338          
    339              rc= eex(NEVT+1,t,y,ypre);
    340          //    if (rc==8 && !failskip) {
    341          //      failskip= 1;
    342          //      iter--;
    343          //      if (termvar>=0)
    344          //        y[termvar]= 0.0f;
    345          //    } else
    346                failskip= 0;
    347              for (i=0;i<NEQ;i++)
    348                if (y[i]!=ypre[i])
    349                  break;
    350              if (!failskip && i==NEQ ) {
    351          //      if (m)
    352          //        for (i=0;i<NZC;i++)
    353          //          m[i]= modes[i];
    354                return(0);
    355              }
    356          
    357          //    if (iter>=maxiter ) {
    358          //      return(-1);
    359          //    }
    360          
    361              if (!failskip && NIX1>0) {
    362                fp(NEQ,t,y,yp);
   \                     ??RunEvents_4: (+1)
   \   00000050   0x9A01             LDR      R2,[SP, #+4]
   \   00000052   0x4649             MOV      R1,R9
   \   00000054   0xEEB0 0x0A48      VMOV.F32 S0,S16
   \   00000058   0x202A             MOVS     R0,#+42
   \   0000005A   0x.... 0x....      BL       fp
    363              }
    364          
    365          //    for (i=0;i<NEQ;i++)
    366          //      if (IS_UNDEF(y[i])) {
    367          //        return(-4);
    368          //      }
    369          
    370              for (i=0;i<NEQ;i++)
   \   0000005E   0x.... 0x....      BL       ?Subroutine2
    371                ypre[i]= y[i];
    372          //    if (failskip)
    373          //      continue;
    374              savespace(w,modes);
   \                     ??CrossCallReturnLabel_5: (+1)
   \   00000062   0x9805             LDR      R0,[SP, #+20]
   \   00000064   0x4641             MOV      R1,R8
   \   00000066   0x.... 0x....      BL       savespace
   \   0000006A   0x1C7F             ADDS     R7,R7,#+1
   \                     ??RunEvents_3: (+1)
   \   0000006C   0x9806             LDR      R0,[SP, #+24]
   \   0000006E   0xB108             CBZ.N    R0,??RunEvents_5
   \   00000070   0x2F01             CMP      R7,#+1
   \   00000072   0xDB23             BLT.N    ??RunEvents_6
   \                     ??RunEvents_5: (+1)
   \   00000074   0x2400             MOVS     R4,#+0
   \                     ??RunEvents_7: (+1)
   \   00000076   0x9800             LDR      R0,[SP, #+0]
   \   00000078   0x9900             LDR      R1,[SP, #+0]
   \   0000007A   0xF851 0x1034      LDR      R1,[R1, R4, LSL #+3]
   \   0000007E   0xEB00 0x05C4      ADD      R5,R0,R4, LSL #+3
   \   00000082   0xF858 0x0034      LDR      R0,[R8, R4, LSL #+3]
   \   00000086   0xEB08 0x06C4      ADD      R6,R8,R4, LSL #+3
   \   0000008A   0xF104 0x0B01      ADD      R11,R4,#+1
   \   0000008E   0x4288             CMP      R0,R1
   \   00000090   0xBF02             ITTT     EQ 
   \   00000092   0x6870             LDREQ    R0,[R6, #+4]
   \   00000094   0x6869             LDREQ    R1,[R5, #+4]
   \   00000096   0x4288             CMPEQ    R0,R1
   \   00000098   0xD00D             BEQ.N    ??RunEvents_8
   \   0000009A   0x4652             MOV      R2,R10
   \   0000009C   0x4649             MOV      R1,R9
   \   0000009E   0xEEB0 0x0A48      VMOV.F32 S0,S16
   \   000000A2   0x4658             MOV      R0,R11
   \   000000A4   0x.... 0x....      BL       eex
   \   000000A8   0x9900             LDR      R1,[SP, #+0]
   \   000000AA   0xF858 0x0034      LDR      R0,[R8, R4, LSL #+3]
   \   000000AE   0xF841 0x0034      STR      R0,[R1, R4, LSL #+3]
   \   000000B2   0x6870             LDR      R0,[R6, #+4]
   \   000000B4   0x6068             STR      R0,[R5, #+4]
   \                     ??RunEvents_8: (+1)
   \   000000B6   0x465C             MOV      R4,R11
   \   000000B8   0x2C02             CMP      R4,#+2
   \   000000BA   0xDBDC             BLT.N    ??RunEvents_7
   \                     ??RunEvents_6: (+1)
   \   000000BC   0x4652             MOV      R2,R10
   \   000000BE   0x4649             MOV      R1,R9
   \   000000C0   0xEEB0 0x0A48      VMOV.F32 S0,S16
   \   000000C4   0x2003             MOVS     R0,#+3
   \   000000C6   0x.... 0x....      BL       eex
   \   000000CA   0x2000             MOVS     R0,#+0
   \                     ??RunEvents_9: (+1)
   \   000000CC   0xEB09 0x0180      ADD      R1,R9,R0, LSL #+2
   \   000000D0   0xED91 0x0A00      VLDR     S0,[R1, #0]
   \   000000D4   0xEB0A 0x0180      ADD      R1,R10,R0, LSL #+2
   \   000000D8   0xEDD1 0x0A00      VLDR     S1,[R1, #0]
   \   000000DC   0xEEB4 0x0A60      VCMP.F32 S0,S1
   \   000000E0   0xEEF1 0xFA10      FMSTAT   
   \   000000E4   0xD102             BNE.N    ??RunEvents_10
   \   000000E6   0x1C40             ADDS     R0,R0,#+1
   \   000000E8   0x282A             CMP      R0,#+42
   \   000000EA   0xDBEF             BLT.N    ??RunEvents_9
   \                     ??RunEvents_10: (+1)
   \   000000EC   0x282A             CMP      R0,#+42
   \   000000EE   0xD1AF             BNE.N    ??RunEvents_4
   \                     ??RunEvents_2: (+1)
   \   000000F0   0xB002             ADD      SP,SP,#+8
   \   000000F2   0x2000             MOVS     R0,#+0
   \   000000F4   0xECBD 0x8B02      VPOP     {D8}
   \   000000F8   0xE8BD 0x8FFE      POP      {R1-R11,PC}      ;; return
    375          //    eev(t,y,ypre,tval);
    376          //    for (i=0;i<NEVT;i++) {
    377          //      if (tval[i]>EVTHYST && modes[2*i]==0 ) {
    378          //        modes[2*i]= 1;
    379          //        if (req[i]>0 && y[req[i]-1]==1.0f)
    380          //          oldmodes[2*i]= 1;
    381          //      } else if (tval[i]<EVTHYST && modes[2*i]==1 ) {
    382          //        modes[2*i]= 0;
    383          //        oldmodes[2*i]= 0;
    384          //      }
    385          //
    386          //      if (tval[i]>-EVTHYST && modes[2*i+1]==0) {
    387          //        modes[2*i+1]= 1;
    388          //        oldmodes[2*i+1]= 1;
    389          //      } else if (tval[i]<-EVTHYST && modes[2*i+1]==1 ) {
    390          //        modes[2*i+1]= 0;
    391          //        if (inc[i] || (req[i]>0 && y[req[i]-1]==0.0f))
    392          //          oldmodes[2*i+1]= 0;
    393          //      }
    394          //    }
    395            }
    396          
    397            //return(0);
    398          }

   \                                 In section .text, align 2, keep-with-next
   \                     ?Subroutine2: (+1)
   \   00000000   0x2000             MOVS     R0,#+0
   \                     ??Subroutine2_0: (+1)
   \   00000002   0xF859 0x1020      LDR      R1,[R9, R0, LSL #+2]
   \   00000006   0xF84A 0x1020      STR      R1,[R10, R0, LSL #+2]
   \   0000000A   0x1C40             ADDS     R0,R0,#+1
   \   0000000C   0x282A             CMP      R0,#+42
   \   0000000E   0xDBF8             BLT.N    ??Subroutine2_0
   \   00000010   0x4770             BX       LR
    399          #pragma optimize=size no_inline no_unroll

   \                                 In section .text, align 4, keep-with-next
    400          static void InitializeConditions()
    401          {
   \                     InitializeConditions: (+1)
   \   00000000   0xB5F8             PUSH     {R3-R7,LR}
    402            real32_T *w = (real32_T *)&ThermalModelCoreDD_DW.sfn_RWORK[0];
    403            int_T *iw = (int_T*)&ThermalModelCoreDD_DW.sfn_IWORK[0];
    404            real32_T *x = (real32_T*)&ThermalModelCoreDD_DW.sfn_DSTATE[0];
    405          //  real32_T* i[NINP];
    406          //  i[0] = (real32_T*)&ThermalModelCoreDD_U.Temperature;
    407          //  i[1] = (real32_T*)&ThermalModelCoreDD_U.DriftCorrection;
    408          //  i[2] = (real32_T*)&ThermalModelCoreDD_U.Reset;
    409          //  i[3] = (real32_T*)&ThermalModelCoreDD_U.Current;
    410          //  i[4] = (real32_T*)&ThermalModelCoreDD_U.Speed;
    411          //  real32_T* p[NPAR];
    412          //  for (int n = 0; n < NPAR; n++) {
    413          //        p[n] = (real32_T*)&OTE2_params[n];
    414          //  }
    415          //  p[0] = (real32_T*)&OTE2_params[0];
    416          //  p[1] = (real32_T*)&OTE2_params[1];
    417          //  p[2] = (real32_T*)&OTE2_params[2];
    418          //  p[3] = (real32_T*)&OTE2_params[3];
    419          //  p[4] = (real32_T*)&OTE2_params[4];
    420          //  p[5] = (real32_T*)&OTE2_params[5];
    421          //  p[6] = (real32_T*)&OTE2_params[6];
    422          //  p[7] = (real32_T*)&OTE2_params[7];
    423          //  p[8] = (real32_T*)&OTE2_params[8];
    424          //  p[9] = (real32_T*)&OTE2_params[9];
    425          //  p[10] = (real32_T*)&OTE2_params[10];
    426          //  p[11] = (real32_T*)&OTE2_params[11];
    427          //  p[12] = (real32_T*)&OTE2_params[12];
    428          //  p[13] = (real32_T*)&OTE2_params[13];
    429          //  p[14] = (real32_T*)&OTE2_params[14];
    430          //  p[15] = (real32_T*)&OTE2_params[15];
    431          //  p[16] = (real32_T*)&OTE2_params[16];
    432          //  p[17] = (real32_T*)&OTE2_params[17];
    433          //  p[18] = (real32_T*)&OTE2_params[18];
    434          //  p[19] = (real32_T*)&OTE2_params[19];
    435          //  p[20] = (real32_T*)&OTE2_params[20];
    436          //  p[21] = (real32_T*)&OTE2_params[21];
    437          //  p[22] = (real32_T*)&OTE2_params[22];
    438          //  p[23] = (real32_T*)&OTE2_params[23];
    439          //  p[24] = (real32_T*)&OTE2_params[24];
    440          //  p[25] = (real32_T*)&OTE2_params[25];
    441          //  p[26] = (real32_T*)&OTE2_params[26];
    442          //  p[27] = (real32_T*)&OTE2_params[27];
    443          //  p[28] = (real32_T*)&OTE2_params[28];
    444          //  p[29] = (real32_T*)&OTE2_params[29];
    445          //  p[30] = (real32_T*)&OTE2_params[30];
    446          //  p[31] = (real32_T*)&OTE2_params[31];
    447          //  p[32] = (real32_T*)&OTE2_params[32];
    448          //  p[33] = (real32_T*)&OTE2_params[33];
    449          //  p[34] = (real32_T*)&OTE2_params[34];
    450          //  p[35] = (real32_T*)&OTE2_params[35];
    451          //  p[36] = (real32_T*)&OTE2_params[36];
    452          //  p[37] = (real32_T*)&OTE2_params[37];
    453          //  p[38] = (real32_T*)&OTE2_params[38];
    454          //  p[39] = (real32_T*)&OTE2_params[39];
    455          //  p[40] = (real32_T*)&OTE2_params[40];
    456          //  p[41] = (real32_T*)&OTE2_params[41];
    457          //  p[42] = (real32_T*)&OTE2_params[42];
    458          //  p[43] = (real32_T*)&OTE2_params[43];
    459          //  p[44] = (real32_T*)&OTE2_params[44];
    460          //  p[45] = (real32_T*)&OTE2_params[45];
    461          //  p[46] = (real32_T*)&OTE2_params[46];
    462          //  p[47] = (real32_T*)&OTE2_params[47];
    463            int_T j;
    464            w[0] = 0.0f;
   \   00000002   0x....             LDR.N    R4,??DataTable8_3
    465          //  w[1] = 2.96750000000000000e+02f;
    466          //  w[2] = 2.96750000000000000e+02f;
    467          //  w[3] = 2.96750000000000000e+02f;
    468          //  w[4] = 2.96750000000000000e+02f;
    469          //  w[5] = 2.96750000000000000e+02f;
    470          //  w[6] = 2.96750000000000000e+02f;
    471          //  w[7] = 1.39999999999997730e+00f;
    472          //  w[8] = 0.00000000000000000e+00f;
    473          //  w[9] = 1.71926562631000010e+00f;
    474          //  w[10] = -1.39999999999997730e+00f;
    475          //  w[11] = 5.12731053250354400e-01f;
    476          //  w[12] = 1.87144495539000010e+00f;
    477          //  w[13] = 7.17823474550484450e-01f;
    478          //  w[14] = 0.00000000000000000e+00f;
    479          //  w[15] = 1.20888620478549820e+00f;
    480          //  w[16] = -1.39999999999997730e+00f;
    481          //  w[17] = 4.41097050602569370e-01f;
    482          //  w[18] = 1.51750799069100030e+00f;
    483          //  w[19] = 6.17535870843587080e-01f;
    484          //  w[20] = 1.34282321084800000e+00f;
    485          //  w[21] = -1.39999999999997730e+00f;
    486          //  w[22] = -9.53482730316637990e-01f;
    487          //  w[23] = 6.81059093083323910e-01f;
    488          //  w[24] = 1.51750799069100030e+00f;
    489          //  w[25] = 3.01010414518898050e+00f;
    490          //  w[26] = 1.39999999999997730e+00f;
    491          //  w[27] = -9.53482730316637990e-01f;
    492          //  w[28] = 7.26564842343290990e+01f;
    493          //  w[29] = 2.36000000000000230e+01f;
    494          //  w[30] = 2.36000000000000230e+01f;
    495          //  w[31] = 2.50000000000000000e+01f;
    496          //  w[32] = 2.36000000000000230e+01f;
    497          //  w[33] = 0.00000000000000000e+00f;
    498          //  w[34] = 1.50000000000000000e+01f;
    499          //  w[35] = 0.00000000000000000e+00f;
    500          //  w[36] = 0.00000000000000000e+00f;
    501          //  w[37] = 1.83103918650793810e+00f;
    502          //  w[38] = 5.57000000000000030e+01f;
    503            w[39] = 0.00000000000000000e+00f;
   \   00000004   0xF104 0x05B8      ADD      R5,R4,#+184
   \   00000008   0x2000             MOVS     R0,#+0
   \   0000000A   0x6320             STR      R0,[R4, #+48]
   \   0000000C   0x6168             STR      R0,[R5, #+20]
    504            w[40] = 2.50000000000000000e+01f;
    505            w[41] = 0.00000000000000000e+00f;
    506            w[42] = 0.00000000000000000e+00f;
    507          //  w[43] = 1.08909999999999990e+03f;
    508          //  w[44] = 8.24979999999999930e+03f;
    509          //  w[45] = 9.05529999999999970e+02f;
    510          //  w[46] = 3.41800000000000000e+04f;
    511          //  w[47] = 6.00000000000000000e+00f;
    512          //  w[48] = 2.70000000000000000e+01f;
    513          //  w[49] = 3.50000000000000000e+01f;
    514          //  w[50] = 2.00000000000000000e+00f;
    515          //  w[51] = 0.00000000000000000e+00f;
    516          //  w[52] = 1.00000000000000000e+00f;
    517          //  w[53] = 2.00000000000000000e+01f;
    518          //  w[54] = 7.01999999999999960e+00f;
    519          //  w[55] = 4.30800000000000020e-03f;
    520          //  w[56] = 1.75000000000000000e+03f;
    521          //  w[57] = 8.33000000000000000e+02f;
    522          //  w[58] = 1.00000000000000000e+00f;
    523          //  w[59] = 9.00000000000000020e-01f;
    524          //  w[60] = 1.00000000000000000e+00f;
    525          //  w[61] = 1.00000000000000000e+00f;
    526          //  w[62] = 1.00000000000000000e+00f;
    527          //  w[63] = 5.49999999999999970e-03f;
    528          //  w[64] = 0.00000000000000000e+00f;
    529          //  w[65] = 4.00000000000000020e-01f;
    530          //  w[66] = 1.50000000000000000e+01f;
    531          //  w[67] = 1.50000000000000000e+01f;
    532          //  w[68] = 3.00000000000000000e+00f;
    533          //  w[69] = 1.50000000000000000e+00f;
    534          //  w[70] = 2.99999999999999990e-01f;
    535          //  w[71] = 3.00000000000000000e+00f;
    536          //  w[72] = 3.79999999999999980e+00f;
    537          //  w[73] = 7.29999999999999980e-01f;
    538          //  w[74] = 4.00000000000000000e+01f;
    539          //  w[75] = 3.15840000000000010e-02f;
    540          //  w[76] = -1.28809999999999990e-05f;
    541          //  w[77] = 0.00000000000000000e+00f;
    542          //  w[78] = 4.00000000000000000e+01f;
    543          //  w[79] = 3.43110000000000010e-02f;
    544          //  w[80] = -1.27890000000000010e-05f;
    545          //  w[81] = 0.00000000000000000e+00f;
    546          //  w[82] = 2.77230000000000010e-02f;
    547          //  w[83] = -8.59409999999999960e-06f;
    548          //  w[84] = 0.00000000000000000e+00f;
    549          //  w[85] = 2.17288999999999990e-02f;
    550          //  w[86] = 4.27152000000000010e-05f;
    551          //  w[87] = 0.00000000000000000e+00f;
    552          //  w[88] = 2.77230000000000010e-02f;
    553          //  w[89] = -8.59409999999999960e-06f;
    554          //  w[90] = 0.00000000000000000e+00f;
    555            iw[2*NZC+0] = 0;
   \   0000000E   0xF504 0x761A      ADD      R6,R4,#+616
   \   00000012   0x....             LDR.N    R0,??DataTable8_4  ;; 0x41c80000
   \   00000014   0x61A8             STR      R0,[R5, #+24]
    556            iw[2*NZC+NEVT+0] = 41;
    557            iw[2*NZC+1] = 0;
    558            iw[2*NZC+NEVT+1] = 42;
    559            eev(w[0],&w[1],&w[1],&w[2*NEQ+NPAR+NDFA+1]);
   \   00000016   0xF504 0x7717      ADD      R7,R4,#+604
   \   0000001A   0x2000             MOVS     R0,#+0
   \   0000001C   0x61E8             STR      R0,[R5, #+28]
   \   0000001E   0x6228             STR      R0,[R5, #+32]
   \   00000020   0x6230             STR      R0,[R6, #+32]
   \   00000022   0x463A             MOV      R2,R7
   \   00000024   0x2029             MOVS     R0,#+41
   \   00000026   0x62B0             STR      R0,[R6, #+40]
   \   00000028   0xF104 0x0134      ADD      R1,R4,#+52
   \   0000002C   0x2000             MOVS     R0,#+0
   \   0000002E   0x6270             STR      R0,[R6, #+36]
   \   00000030   0xED9F 0x....      VLDR.W   S0,??DataTable8  ;; 0x0
   \   00000034   0x202A             MOVS     R0,#+42
   \   00000036   0x62F0             STR      R0,[R6, #+44]
   \   00000038   0xF104 0x0034      ADD      R0,R4,#+52
   \   0000003C   0x.... 0x....      BL       eev
    560          //  for (j=0;j<NEVT;j++) {
    561          //    if (iw[2*NZC+NEVT+j]>0) {
    562          //      if (w[iw[2*NZC+NEVT+j]]==0.0f) {
    563          //        iw[2*j]= 0;
    564          //        iw[2*j+1]= 0;
    565            iw[0] = 0;
   \   00000040   0x2000             MOVS     R0,#+0
   \   00000042   0xF8C4 0x0268      STR      R0,[R4, #+616]
    566            iw[1] = 0;
   \   00000046   0x6070             STR      R0,[R6, #+4]
    567            iw[2] = 0;
   \   00000048   0x60B0             STR      R0,[R6, #+8]
    568            iw[3] = 0;
   \   0000004A   0x60F0             STR      R0,[R6, #+12]
    569          //      } else {
    570          //        iw[2*j]= 1;
    571          //        iw[2*j+1]= 1;
    572          //      }
    573          //    } else {
    574          //      iw[2*j]= (w[2*NEQ+NPAR+NDFA+1+j]>EVTHYST ? 1 : 0);
    575          //      iw[2*j+1]= (w[2*NEQ+NPAR+NDFA+1+j]>-EVTHYST ? 1 : 0);
    576          //    }
    577          //  }
    578          
    579          //  for (j=0;j<NDIFF;j++)
    580          //    w[NEQ+NPAR+j+1]= 0.0f;
    581          //  for (j=0;j<NINP;j++)
    582          //    w[j+NDIFF+NIX1-NINP+1]= i[j][0];
    583          	w[0+NDIFF+NIX1-NINP+1]  =  ThermalModelCoreDD_U.Temperature;
   \   0000004C   0x....             LDR.N    R0,??DataTable8_5
   \   0000004E   0x6801             LDR      R1,[R0, #+0]
   \   00000050   0xF8C4 0x10B8      STR      R1,[R4, #+184]
    584          	w[1+NDIFF+NIX1-NINP+1]  =  ThermalModelCoreDD_U.DriftCorrection;
   \   00000054   0x6841             LDR      R1,[R0, #+4]
   \   00000056   0x6069             STR      R1,[R5, #+4]
    585          	w[2+NDIFF+NIX1-NINP+1]  =  ThermalModelCoreDD_U.Reset;
   \   00000058   0x6881             LDR      R1,[R0, #+8]
   \   0000005A   0x60A9             STR      R1,[R5, #+8]
    586          	w[3+NDIFF+NIX1-NINP+1]  =  ThermalModelCoreDD_U.Current;
   \   0000005C   0x68C1             LDR      R1,[R0, #+12]
   \   0000005E   0x60E9             STR      R1,[R5, #+12]
    587          	w[4+NDIFF+NIX1-NINP+1]  =  ThermalModelCoreDD_U.Speed;
   \   00000060   0x6901             LDR      R1,[R0, #+16]
   \   00000062   0x6129             STR      R1,[R5, #+16]
    588            for (j=0;j<NDIFF;j++)
   \   00000064   0x2100             MOVS     R1,#+0
    589              w[j+1]= x[j];
   \                     ??InitializeConditions_0: (+1)
   \   00000066   0xF854 0x3021      LDR      R3,[R4, R1, LSL #+2]
   \   0000006A   0xEB04 0x0281      ADD      R2,R4,R1, LSL #+2
   \   0000006E   0x1C49             ADDS     R1,R1,#+1
   \   00000070   0x6353             STR      R3,[R2, #+52]
   \   00000072   0x2906             CMP      R1,#+6
   \   00000074   0xDBF7             BLT.N    ??InitializeConditions_0
    590            for (j=0;j<NPAR;j++)
   \   00000076   0x2100             MOVS     R1,#+0
    591              w[j+NEQ+1]= (*ThermalModelCoreDD_Params)[j];//OTE2_params[j];//p[j][0];
   \                     ??InitializeConditions_1: (+1)
   \   00000078   0x6AC2             LDR      R2,[R0, #+44]
   \   0000007A   0xF852 0x2021      LDR      R2,[R2, R1, LSL #+2]
   \   0000007E   0xEB04 0x0381      ADD      R3,R4,R1, LSL #+2
   \   00000082   0x1C49             ADDS     R1,R1,#+1
   \   00000084   0xF8C3 0x20DC      STR      R2,[R3, #+220]
   \   00000088   0x2930             CMP      R1,#+48
   \   0000008A   0xDBF5             BLT.N    ??InitializeConditions_1
    592            
    593            w[NEQ+NPAR+1]= 0.0f;
   \   0000008C   0x2000             MOVS     R0,#+0
   \   0000008E   0xF8C4 0x019C      STR      R0,[R4, #+412]
    594            if (NIX1>0) {
    595              fp(NEQ,w[0],&w[1],&w[NEQ+NPAR+1]);
   \   00000092   0x.... 0x....      BL       ?Subroutine4
    596            }
    597          
    598            /*if (*/RunEvents(w,iw,1,-1,EVTITER);//)
   \                     ??CrossCallReturnLabel_10: (+1)
   \   00000096   0x.... 0x....      BL       ?Subroutine0
    599          //    return;
    600            j= 0; /*cpr(w[0],&w[1]);
   \                     ??CrossCallReturnLabel_1: (+1)
   \   0000009A   0x2500             MOVS     R5,#+0
    601            if (j>0 && NIX1>0) {
    602              fp(NEQ,w[0],&w[1],&w[NEQ+NPAR+1]);
    603            }*/
    604          
    605            eev(w[0],&w[1],&w[1],&w[2*NEQ+NPAR+NDFA+1]);
   \   0000009C   0x463A             MOV      R2,R7
   \   0000009E   0xF104 0x0134      ADD      R1,R4,#+52
   \   000000A2   0xF104 0x0034      ADD      R0,R4,#+52
   \   000000A6   0xED94 0x0A0C      VLDR     S0,[R4, #+48]
   \   000000AA   0x.... 0x....      BL       eev
    606            /*if (*/RunEvents(w,iw,1,-1,EVTITER);//)
   \   000000AE   0x.... 0x....      BL       ?Subroutine0
    607            //    return;
    608            for (j=0;j<NDIFF;j++)
    609              x[j]= w[j+1];
   \                     ??CrossCallReturnLabel_0: (+1)
   \   000000B2   0xEB04 0x0085      ADD      R0,R4,R5, LSL #+2
   \   000000B6   0x6B40             LDR      R0,[R0, #+52]
   \   000000B8   0xF844 0x0025      STR      R0,[R4, R5, LSL #+2]
   \   000000BC   0x1C6D             ADDS     R5,R5,#+1
   \   000000BE   0x2D06             CMP      R5,#+6
   \   000000C0   0xDBF7             BLT.N    ??CrossCallReturnLabel_0
    610          }
   \   000000C2   0xBDF1             POP      {R0,R4-R7,PC}    ;; return

   \                                 In section .text, align 2, keep-with-next
   \                     ?Subroutine0: (+1)
   \   00000000   0x200A             MOVS     R0,#+10
   \   00000002   0x9000             STR      R0,[SP, #+0]
   \   00000004   0xF04F 0x33FF      MOV      R3,#-1
   \   00000008   0x2201             MOVS     R2,#+1
   \   0000000A   0x4631             MOV      R1,R6
   \   0000000C   0xF104 0x0030      ADD      R0,R4,#+48
   \   00000010   0x....             B.N      RunEvents

   \                                 In section .text, align 2, keep-with-next
   \                     ?Subroutine4: (+1)
   \   00000000   0xF504 0x72CE      ADD      R2,R4,#+412
   \   00000004   0xF104 0x0134      ADD      R1,R4,#+52
   \   00000008   0xED94 0x0A0C      VLDR     S0,[R4, #+48]
   \   0000000C   0x202A             MOVS     R0,#+42
   \   0000000E   0x.... 0x....      B.W      fp
    611          #pragma optimize=size no_inline no_unroll

   \                                 In section .text, align 4, keep-with-next
    612          static real32_T *GetUpdatedWork(int_T getnofeed)
                                                       ^
Remark[Pe826]: parameter "getnofeed" was never referenced
    613          {
   \                     GetUpdatedWork: (+1)
   \   00000000   0xB530             PUSH     {R4,R5,LR}
    614            int_T j,flag;
    615            real32_T *w = (real32_T *)&ThermalModelCoreDD_DW.sfn_RWORK[0];
    616            real32_T t = TimeStep;
   \   00000002   0x....             LDR.N    R0,??DataTable8_5
    617            real32_T *x = (real32_T*)&ThermalModelCoreDD_DW.sfn_DSTATE[0];
    618            real32_T *i[NINP];
    619          //  real32_T* p[NPAR];
    620          //  for (int n = 0; n < NPAR; n++) {
    621          //      p[n] = (real32_T*)&OTE2_params[n];
    622          //  }
    623          //  p[0] = (real32_T*)&OTE2_params[0];
    624          //  p[1] = (real32_T*)&OTE2_params[1];
    625          //  p[2] = (real32_T*)&OTE2_params[2];
    626          //  p[3] = (real32_T*)&OTE2_params[3];
    627          //  p[4] = (real32_T*)&OTE2_params[4];
    628          //  p[5] = (real32_T*)&OTE2_params[5];
    629          //  p[6] = (real32_T*)&OTE2_params[6];
    630          //  p[7] = (real32_T*)&OTE2_params[7];
    631          //  p[8] = (real32_T*)&OTE2_params[8];
    632          //  p[9] = (real32_T*)&OTE2_params[9];
    633          //  p[10] = (real32_T*)&OTE2_params[10];
    634          //  p[11] = (real32_T*)&OTE2_params[11];
    635          //  p[12] = (real32_T*)&OTE2_params[12];
    636          //  p[13] = (real32_T*)&OTE2_params[13];
    637          //  p[14] = (real32_T*)&OTE2_params[14];
    638          //  p[15] = (real32_T*)&OTE2_params[15];
    639          //  p[16] = (real32_T*)&OTE2_params[16];
    640          //  p[17] = (real32_T*)&OTE2_params[17];
    641          //  p[18] = (real32_T*)&OTE2_params[18];
    642          //  p[19] = (real32_T*)&OTE2_params[19];
    643          //  p[20] = (real32_T*)&OTE2_params[20];
    644          //  p[21] = (real32_T*)&OTE2_params[21];
    645          //  p[22] = (real32_T*)&OTE2_params[22];
    646          //  p[23] = (real32_T*)&OTE2_params[23];
    647          //  p[24] = (real32_T*)&OTE2_params[24];
    648          //  p[25] = (real32_T*)&OTE2_params[25];
    649          //  p[26] = (real32_T*)&OTE2_params[26];
    650          //  p[27] = (real32_T*)&OTE2_params[27];
    651          //  p[28] = (real32_T*)&OTE2_params[28];
    652          //  p[29] = (real32_T*)&OTE2_params[29];
    653          //  p[30] = (real32_T*)&OTE2_params[30];
    654          //  p[31] = (real32_T*)&OTE2_params[31];
    655          //  p[32] = (real32_T*)&OTE2_params[32];
    656          //  p[33] = (real32_T*)&OTE2_params[33];
    657          //  p[34] = (real32_T*)&OTE2_params[34];
    658          //  p[35] = (real32_T*)&OTE2_params[35];
    659          //  p[36] = (real32_T*)&OTE2_params[36];
    660          //  p[37] = (real32_T*)&OTE2_params[37];
    661          //  p[38] = (real32_T*)&OTE2_params[38];
    662          //  p[39] = (real32_T*)&OTE2_params[39];
    663          //  p[40] = (real32_T*)&OTE2_params[40];
    664          //  p[41] = (real32_T*)&OTE2_params[41];
    665          //  p[42] = (real32_T*)&OTE2_params[42];
    666          //  p[43] = (real32_T*)&OTE2_params[43];
    667          //  p[44] = (real32_T*)&OTE2_params[44];
    668          //  p[45] = (real32_T*)&OTE2_params[45];
    669          //  p[46] = (real32_T*)&OTE2_params[46];
    670          //  p[47] = (real32_T*)&OTE2_params[47];
    671            flag= 0;
    672            if (fabsf(w[0]-t)>1e-6f*TIMESTEP )
   \   00000004   0x....             LDR.N    R4,??DataTable8_3
   \   00000006   0xED90 0x0A0A      VLDR     S0,[R0, #+40]
   \   0000000A   0xEDD4 0x0A0C      VLDR     S1,[R4, #+48]
   \   0000000E   0xEE70 0x0AC0      VSUB.F32 S1,S1,S0
   \   00000012   0xEEF0 0x0AE0      VABS.F32 S1,S1
   \   00000016   0xED9F 0x....      VLDR.W   S2,??DataTable8_1  ;; 0x32d6bf96
   \   0000001A   0x2100             MOVS     R1,#+0
   \   0000001C   0xEEF4 0x0A41      VCMP.F32 S1,S2
   \   00000020   0xB085             SUB      SP,SP,#+20
   \   00000022   0xEEF1 0xFA10      FMSTAT   
   \   00000026   0xBFA8             IT       GE 
    673              flag= 1;
   \   00000028   0x2101             MOVGE    R1,#+1
    674            w[0]= t;
   \   0000002A   0xED84 0x0A0C      VSTR     S0,[R4, #+48]
    675            for (j=0;j<NDIFF;j++)
   \   0000002E   0x2200             MOVS     R2,#+0
    676              if (w[j+1]!=x[j] ) {
   \                     ??GetUpdatedWork_0: (+1)
   \   00000030   0xF854 0x3022      LDR      R3,[R4, R2, LSL #+2]
   \   00000034   0xEE00 0x3A10      VMOV     S0,R3
   \   00000038   0xEB04 0x0382      ADD      R3,R4,R2, LSL #+2
   \   0000003C   0xEDD3 0x0A0D      VLDR     S1,[R3, #+52]
   \   00000040   0xEEF4 0x0A40      VCMP.F32 S1,S0
   \   00000044   0xEEF1 0xFA10      FMSTAT   
   \   00000048   0xBF1C             ITT      NE 
    677                flag= 1;
   \   0000004A   0x2101             MOVNE    R1,#+1
    678                w[j+1]= x[j];
   \   0000004C   0xED83 0x0A0D      VSTRNE   S0,[R3, #+52]
    679              }
   \   00000050   0x1C52             ADDS     R2,R2,#+1
   \   00000052   0x2A06             CMP      R2,#+6
   \   00000054   0xDBEC             BLT.N    ??GetUpdatedWork_0
    680          
    681            i[0] = (real32_T*)&ThermalModelCoreDD_U.Temperature;
    682            i[1] = (real32_T*)&ThermalModelCoreDD_U.DriftCorrection;
   \   00000056   0xAA00             ADD      R2,SP,#+0
   \   00000058   0x1D03             ADDS     R3,R0,#+4
   \   0000005A   0x6053             STR      R3,[R2, #+4]
   \   0000005C   0x9000             STR      R0,[SP, #+0]
    683            i[2] = (real32_T*)&ThermalModelCoreDD_U.Reset;
   \   0000005E   0xF100 0x0308      ADD      R3,R0,#+8
   \   00000062   0x6093             STR      R3,[R2, #+8]
    684            i[3] = (real32_T*)&ThermalModelCoreDD_U.Current;
   \   00000064   0xF100 0x030C      ADD      R3,R0,#+12
   \   00000068   0x60D3             STR      R3,[R2, #+12]
    685            i[4] = (real32_T*)&ThermalModelCoreDD_U.Speed;
   \   0000006A   0xF100 0x0310      ADD      R3,R0,#+16
   \   0000006E   0x6113             STR      R3,[R2, #+16]
    686            for (j=0;j<NINP;j++)
   \   00000070   0x2300             MOVS     R3,#+0
    687              if (w[j+NDIFF+NIX1-NINP+1]!=i[j][0] ) {
   \                     ??GetUpdatedWork_1: (+1)
   \   00000072   0xF852 0x5023      LDR      R5,[R2, R3, LSL #+2]
   \   00000076   0xED95 0x0A00      VLDR     S0,[R5, #0]
   \   0000007A   0xEB04 0x0583      ADD      R5,R4,R3, LSL #+2
   \   0000007E   0xEDD5 0x0A2E      VLDR     S1,[R5, #+184]
   \   00000082   0xEEF4 0x0A40      VCMP.F32 S1,S0
   \   00000086   0xEEF1 0xFA10      FMSTAT   
   \   0000008A   0xBF1C             ITT      NE 
    688                flag= 1;
   \   0000008C   0x2101             MOVNE    R1,#+1
    689                w[j+NDIFF+NIX1-NINP+1]= i[j][0];
   \   0000008E   0xED85 0x0A2E      VSTRNE   S0,[R5, #+184]
    690              }
   \   00000092   0x1C5B             ADDS     R3,R3,#+1
   \   00000094   0x2B05             CMP      R3,#+5
   \   00000096   0xDBEC             BLT.N    ??GetUpdatedWork_1
    691          
    692            for (j=0;j<NPAR;j++)
   \   00000098   0x2200             MOVS     R2,#+0
   \                     ??GetUpdatedWork_2: (+1)
   \   0000009A   0x6AC3             LDR      R3,[R0, #+44]
   \   0000009C   0xF853 0x3022      LDR      R3,[R3, R2, LSL #+2]
   \   000000A0   0xEE00 0x3A10      VMOV     S0,R3
   \   000000A4   0xEB04 0x0382      ADD      R3,R4,R2, LSL #+2
   \   000000A8   0xEDD3 0x0A37      VLDR     S1,[R3, #+220]
   \   000000AC   0xEEF4 0x0A40      VCMP.F32 S1,S0
   \   000000B0   0xEEF1 0xFA10      FMSTAT   
   \   000000B4   0xBF1C             ITT      NE 
    693              if (w[j+NEQ+1]!=(*ThermalModelCoreDD_Params)[j]) {
    694                flag= 1;
   \   000000B6   0x2101             MOVNE    R1,#+1
    695                w[j+NEQ+1]= (*ThermalModelCoreDD_Params)[j];
   \   000000B8   0xED83 0x0A37      VSTRNE   S0,[R3, #+220]
    696              }
   \   000000BC   0x1C52             ADDS     R2,R2,#+1
   \   000000BE   0x2A30             CMP      R2,#+48
   \   000000C0   0xDBEB             BLT.N    ??GetUpdatedWork_2
    697          
    698            if (flag) {
   \   000000C2   0xB109             CBZ.N    R1,??CrossCallReturnLabel_9
    699              fp(NEQ,w[0],&w[1],&w[NEQ+NPAR+1]);
   \   000000C4   0x.... 0x....      BL       ?Subroutine4
    700            }
    701          
    702            return(w);
   \                     ??CrossCallReturnLabel_9: (+1)
   \   000000C8   0xF104 0x0030      ADD      R0,R4,#+48
   \   000000CC   0xB005             ADD      SP,SP,#+20
   \   000000CE   0xBD30             POP      {R4,R5,PC}       ;; return
    703          }
    704          #pragma optimize=size no_inline no_unroll

   \                                 In section .text, align 4, keep-with-next
    705          static void EulerStep(real32_T *w)
    706          {
    707            int_T i;
    708            w[0]+=TIMESTEP;
   \                     EulerStep: (+1)
   \   00000000   0xED9F 0x....      VLDR.W   S0,??DataTable8_2  ;; 0x3ccccccd
   \   00000004   0xEDD0 0x0A00      VLDR     S1,[R0, #0]
   \   00000008   0xEE70 0x0A80      VADD.F32 S1,S1,S0
   \   0000000C   0xEDC0 0x0A00      VSTR     S1,[R0, #0]
    709            for (i=1;i<=NDIFF;i++)
   \   00000010   0x2101             MOVS     R1,#+1
    710              w[i]+=TIMESTEP*w[NEQ+NPAR+i];
   \                     ??EulerStep_0: (+1)
   \   00000012   0xEB00 0x0281      ADD      R2,R0,R1, LSL #+2
   \   00000016   0xEDD2 0x0A5A      VLDR     S1,[R2, #+360]
   \   0000001A   0xED92 0x1A00      VLDR     S2,[R2, #0]
   \   0000001E   0xEE00 0x1A80      VMLA.F32 S2,S1,S0
   \   00000022   0x1C49             ADDS     R1,R1,#+1
   \   00000024   0xED82 0x1A00      VSTR     S2,[R2, #0]
   \   00000028   0x2907             CMP      R1,#+7
   \   0000002A   0xDBF2             BLT.N    ??EulerStep_0
    711          }
   \   0000002C   0x4770             BX       LR               ;; return
    712          /* Model step function */
    713          #pragma optimize=size no_inline no_unroll

   \                                 In section .text, align 4, keep-with-next
    714          void ThermalModelCoreDD_step(void)
    715          {
   \                     ThermalModelCoreDD_step: (+1)
   \   00000000   0xB570             PUSH     {R4-R6,LR}
    716            /* S-Function (cOTE2_DDBPM_Single): '<S1>/sfn'
    717             *
    718             * Block description for '<S1>/sfn':
    719             *   Generated by MapleSim
    720             */
    721            real32_T *w/*, *y = (real32_T*)&ThermalModelCoreDD_B.sfn[0]*/;
    722            int_T *iw = (int_T*)&ThermalModelCoreDD_DW.sfn_IWORK[0];
    723            int_T i;
    724            real32_T *x;
    725            if (!iw[INIDREF]) {
   \   00000002   0x....             LDR.N    R4,??DataTable8_3
   \   00000004   0xF8D4 0x0298      LDR      R0,[R4, #+664]
   \   00000008   0xB082             SUB      SP,SP,#+8
   \   0000000A   0xB920             CBNZ.N   R0,??ThermalModelCoreDD_step_0
    726              InitializeConditions();
   \   0000000C   0x.... 0x....      BL       InitializeConditions
    727              iw[INIDREF]= 1;
   \   00000010   0x2001             MOVS     R0,#+1
   \   00000012   0xF8C4 0x0298      STR      R0,[R4, #+664]
    728            }
    729          
    730            w= GetUpdatedWork(0);
   \                     ??ThermalModelCoreDD_step_0: (+1)
   \   00000016   0x2000             MOVS     R0,#+0
   \   00000018   0x.... 0x....      BL       GetUpdatedWork
   \   0000001C   0x4606             MOV      R6,R0
    731          
    732            {
    733                /*if (*/RunEvents(w,iw,0,-1,EVTITER);//)
   \   0000001E   0x200A             MOVS     R0,#+10
   \   00000020   0x9000             STR      R0,[SP, #+0]
   \   00000022   0xF04F 0x33FF      MOV      R3,#-1
   \   00000026   0x2200             MOVS     R2,#+0
   \   00000028   0xF504 0x711A      ADD      R1,R4,#+616
   \   0000002C   0x4630             MOV      R0,R6
   \   0000002E   0x.... 0x....      BL       RunEvents
    734          	  //    return;
    735              x= (real32_T*)&ThermalModelCoreDD_DW.sfn_DSTATE[0];
    736              for (i=0;i<NDIFF;i++)
   \   00000032   0x2000             MOVS     R0,#+0
    737                x[i]= w[i+1];
   \                     ??ThermalModelCoreDD_step_1: (+1)
   \   00000034   0xEB06 0x0180      ADD      R1,R6,R0, LSL #+2
   \   00000038   0x6849             LDR      R1,[R1, #+4]
   \   0000003A   0xF844 0x1020      STR      R1,[R4, R0, LSL #+2]
   \   0000003E   0x1C40             ADDS     R0,R0,#+1
   \   00000040   0x2806             CMP      R0,#+6
   \   00000042   0xDBF7             BLT.N    ??ThermalModelCoreDD_step_1
    738            }
    739          
    740          //  otp(w[0],&w[1],&w[NEQ+NPAR+1]);
    741          //  y[ 0]= w[29];
    742          //  y[ 1]= w[32];
    743          //  y[ 2]= w[30];
    744          //  y[ 3]= w[31];
    745          //  y[ 4]= w[33];
    746          
    747            /* Outport: '<Root>/MagnetTemperature' */
    748          //  ThermalModelCoreDD_Y.MagnetTemperature = w[2] - 273.15;//ThermalModelCoreDD_B.sfn[0];
    749          //
    750          //  /* Outport: '<Root>/StatorTempareture' */
    751          //  ThermalModelCoreDD_Y.StatorTempareture = w[5] - 273.15;//ThermalModelCoreDD_B.sfn[1];
    752          
    753            /* Outport: '<Root>/WindingTemperature' */
    754            ThermalModelCoreDD_Y.WindingTemperature = w[6] - 273.15; //ThermalModelCoreDD_B.sfn[2];
   \   00000044   0x69B0             LDR      R0,[R6, #+24]
   \   00000046   0x....             LDR.N    R5,??DataTable8_5
   \   00000048   0x.... 0x....      BL       __aeabi_f2d
   \   0000004C   0x....             LDR.N    R3,??DataTable8_6  ;; 0xc0711266
   \   0000004E   0xF04F 0x3266      MOV      R2,#+1717986918
   \   00000052   0x.... 0x....      BL       __aeabi_dadd
   \   00000056   0x.... 0x....      BL       __aeabi_d2f
   \   0000005A   0x61E8             STR      R0,[R5, #+28]
    755          
    756          //  /* Outport: '<Root>/AmbientTemperature' */
    757          //  ThermalModelCoreDD_Y.AmbientTemperature = w[40];//ThermalModelCoreDD_B.sfn[3];
    758          //
    759          //  /* Outport: '<Root>/error' */
    760          //  ThermalModelCoreDD_Y.error = w[39];//ThermalModelCoreDD_B.sfn[4];
    761          
    762            /* Update for S-Function (cOTE2_DDBPM_Single): '<S1>/sfn' */
    763            w= GetUpdatedWork(1);
   \   0000005C   0x2001             MOVS     R0,#+1
   \   0000005E   0x.... 0x....      BL       GetUpdatedWork
   \   00000062   0x4606             MOV      R6,R0
    764            EulerStep(w);
   \   00000064   0x.... 0x....      BL       EulerStep
    765            fp(NEQ,w[0],&w[1],&w[NEQ+NPAR+1]);
   \   00000068   0xF506 0x72B6      ADD      R2,R6,#+364
   \   0000006C   0x1D31             ADDS     R1,R6,#+4
   \   0000006E   0xED96 0x0A00      VLDR     S0,[R6, #0]
   \   00000072   0x202A             MOVS     R0,#+42
   \   00000074   0x.... 0x....      BL       fp
    766            for (i=0;i<NDIFF;i++)
   \   00000078   0x2000             MOVS     R0,#+0
    767              x[i]= w[i+1];
   \                     ??ThermalModelCoreDD_step_2: (+1)
   \   0000007A   0xEB06 0x0180      ADD      R1,R6,R0, LSL #+2
   \   0000007E   0x6849             LDR      R1,[R1, #+4]
   \   00000080   0xF844 0x1020      STR      R1,[R4, R0, LSL #+2]
   \   00000084   0x1C40             ADDS     R0,R0,#+1
   \   00000086   0x2806             CMP      R0,#+6
   \   00000088   0xDBF7             BLT.N    ??ThermalModelCoreDD_step_2
    768            TimeStep = TimeStep + TIMESTEP;
   \   0000008A   0xED95 0x0A0A      VLDR     S0,[R5, #+40]
   \   0000008E   0xEDDF 0x....      VLDR.W   S1,??DataTable8_2  ;; 0x3ccccccd
   \   00000092   0xEE30 0x0A20      VADD.F32 S0,S0,S1
   \   00000096   0xED85 0x0A0A      VSTR     S0,[R5, #+40]
    769          }
   \   0000009A   0xBD73             POP      {R0,R1,R4-R6,PC}  ;; return
    770          
    771          /* Model initialize function */
    772          #pragma optimize=size no_inline no_unroll

   \                                 In section .text, align 2, keep-with-next
    773          void ThermalModelCoreDD_initialize(void)
    774          {
   \                     ThermalModelCoreDD_initialize: (+1)
   \   00000000   0xB530             PUSH     {R4,R5,LR}
    775            /* Registration code */
    776          
    777            /* block I/O */
    778            (void) memset(((void *) &ThermalModelCoreDD_B), 0,
    779                          sizeof(B_ThermalModelCoreDD_T));
   \   00000002   0x....             LDR.N    R5,??DataTable8_5
   \   00000004   0xB087             SUB      SP,SP,#+28
   \   00000006   0x2214             MOVS     R2,#+20
   \   00000008   0x2100             MOVS     R1,#+0
   \   0000000A   0xF105 0x0030      ADD      R0,R5,#+48
   \   0000000E   0x.... 0x....      BL       memset
    780          
    781            /* states (dwork) */
    782            (void) memset((void *)&ThermalModelCoreDD_DW, 0,
    783                          sizeof(DW_ThermalModelCoreDD_T));
   \   00000012   0x....             LDR.N    R4,??DataTable8_3
   \   00000014   0xF44F 0x7228      MOV      R2,#+672
   \   00000018   0x2100             MOVS     R1,#+0
   \   0000001A   0x4620             MOV      R0,R4
   \   0000001C   0x.... 0x....      BL       memset
    784          
    785            /* external inputs */
    786            (void)memset((void *)&ThermalModelCoreDD_U, 0, sizeof(ExtU_ThermalModelCoreDD_T));
   \   00000020   0x2214             MOVS     R2,#+20
   \   00000022   0x2100             MOVS     R1,#+0
   \   00000024   0x4628             MOV      R0,R5
   \   00000026   0x.... 0x....      BL       memset
    787          
    788            /* external outputs */
    789            (void) memset((void *)&ThermalModelCoreDD_Y, 0,
    790                          sizeof(ExtY_ThermalModelCoreDD_T));
   \   0000002A   0x2214             MOVS     R2,#+20
   \   0000002C   0x2100             MOVS     R1,#+0
   \   0000002E   0xF105 0x0014      ADD      R0,R5,#+20
   \   00000032   0x.... 0x....      BL       memset
    791          
    792            /* InitializeConditions for S-Function (cOTE2_DDBPM_Single): '<S1>/sfn' */
    793            real32_T* ic[NDIFF];
    794            for (int n = 0; n < NDIFF; n++) {
   \   00000036   0x2000             MOVS     R0,#+0
   \   00000038   0x....             LDR.N    R1,??DataTable8_7
   \   0000003A   0xAA00             ADD      R2,SP,#+0
    795                  ic[n] = (real32_T*)&ThermalModelCoreDD_ConstP.MapleSimICs_Value[n];
   \                     ??ThermalModelCoreDD_initialize_0: (+1)
   \   0000003C   0xEB01 0x0380      ADD      R3,R1,R0, LSL #+2
   \   00000040   0xF842 0x3020      STR      R3,[R2, R0, LSL #+2]
    796            }
   \   00000044   0x1C40             ADDS     R0,R0,#+1
   \   00000046   0x2806             CMP      R0,#+6
   \   00000048   0xDBF8             BLT.N    ??ThermalModelCoreDD_initialize_0
    797          //  ic[0] = (real32_T*)ThermalModelCoreDD_ConstP.MapleSimICs_Value;
    798          //  ic[1] = (real32_T*)&ThermalModelCoreDD_ConstP.MapleSimICs_Value[1];
    799          //  ic[2] = (real32_T*)&ThermalModelCoreDD_ConstP.MapleSimICs_Value[2];
    800          //  ic[3] = (real32_T*)&ThermalModelCoreDD_ConstP.MapleSimICs_Value[3];
    801          //  ic[4] = (real32_T*)&ThermalModelCoreDD_ConstP.MapleSimICs_Value[4];
    802          //  ic[5] = (real32_T*)&ThermalModelCoreDD_ConstP.MapleSimICs_Value[5];
    803            real32_T *x = (real32_T*)&ThermalModelCoreDD_DW.sfn_DSTATE[0];
    804            int_T * iw = (int_T*)&ThermalModelCoreDD_DW.sfn_IWORK[0];
    805            int_T j;
    806            iw[INIDREF]= 0;
   \   0000004A   0x2000             MOVS     R0,#+0
   \   0000004C   0xF8C4 0x0298      STR      R0,[R4, #+664]
    807            for (j=0;j<NDIFF;j++)
    808              x[j]= ic[j][0];
   \                     ??ThermalModelCoreDD_initialize_1: (+1)
   \   00000050   0xF852 0x1020      LDR      R1,[R2, R0, LSL #+2]
   \   00000054   0x6809             LDR      R1,[R1, #+0]
   \   00000056   0xF844 0x1020      STR      R1,[R4, R0, LSL #+2]
   \   0000005A   0x1C40             ADDS     R0,R0,#+1
   \   0000005C   0x2806             CMP      R0,#+6
   \   0000005E   0xDBF7             BLT.N    ??ThermalModelCoreDD_initialize_1
    809          }
   \   00000060   0xB007             ADD      SP,SP,#+28
   \   00000062   0xBD30             POP      {R4,R5,PC}       ;; return
    810          
    811          /* Model terminate function */
    812          #pragma optimize=size no_inline no_unroll

   \                                 In section .text, align 2, keep-with-next
    813          void ThermalModelCoreDD_terminate(void)
    814          {
    815            /* (no terminate code required) */
    816          }
   \                     ThermalModelCoreDD_terminate: (+1)
   \   00000000   0x4770             BX       LR               ;; return

   \                                 In section .text, align 4, keep-with-next
   \                     ??DataTable1:
   \   00000000   0x3B21D13A         DC32     0x3b21d13a

   \                                 In section .text, align 4, keep-with-next
   \                     ??DataTable1_1:
   \   00000000   0x3D360B61         DC32     0x3d360b61

   \                                 In section .text, align 4, keep-with-next
   \                     ??DataTable1_2:
   \   00000000   0x2925FDAC         DC32     0x2925fdac

   \                                 In section .text, align 4, keep-with-next
   \                     ??DataTable1_3:
   \   00000000   0x43889333         DC32     0x43889333

   \                                 In section .text, align 4, keep-with-next
   \                     ??DataTable2:
   \   00000000   0x2B8CBCCC         DC32     0x2b8cbccc

   \                                 In section .text, align 4, keep-with-next
   \                     ??DataTable2_1:
   \   00000000   0x43E10000         DC32     0x43e10000

   \                                 In section .text, align 4, keep-with-next
   \                     ??DataTable2_2:
   \   00000000   0x3DCCCCCD         DC32     0x3dcccccd

   \                                 In section .text, align 4, keep-with-next
   \                     ??DataTable3:
   \   00000000   0x444CDCCD         DC32     0x444cdccd

   \                                 In section .text, align 4, keep-with-next
   \                     ??DataTable3_1:
   \   00000000   0xBDCCCCCD         DC32     0xbdcccccd

   \                                 In section .text, align 4, keep-with-next
   \                     ??DataTable3_2:
   \   00000000   0x43889333         DC32     0x43889333

   \                                 In section .text, align 4, keep-with-next
   \                     ??DataTable3_3:
   \   00000000   0xC3889333         DC32     0xc3889333

   \                                 In section .text, align 4, keep-with-next
   \                     ??DataTable4:
   \   00000000   0xB58637BD         DC32     0xb58637bd

   \                                 In section .text, align 4, keep-with-next
   \                     ??DataTable4_1:
   \   00000000   0xB58637BC         DC32     0xb58637bc

   \                                 In section .text, align 4, keep-with-next
   \                     ??DataTable4_2:
   \   00000000   0x358637BD         DC32     0x358637bd

   \                                 In section .text, align 4, keep-with-next
   \                     ??DataTable4_3:
   \   00000000   0x358637BE         DC32     0x358637be

   \                                 In section .text, align 4, keep-with-next
   \                     ??DataTable8:
   \   00000000   0x00000000         DC32     0x0

   \                                 In section .text, align 4, keep-with-next
   \                     ??DataTable8_1:
   \   00000000   0x32D6BF96         DC32     0x32d6bf96

   \                                 In section .text, align 4, keep-with-next
   \                     ??DataTable8_2:
   \   00000000   0x3CCCCCCD         DC32     0x3ccccccd

   \                                 In section .text, align 4, keep-with-next
   \                     ??DataTable8_3:
   \   00000000   0x........         DC32     ThermalModelCoreDD_DW

   \                                 In section .text, align 4, keep-with-next
   \                     ??DataTable8_4:
   \   00000000   0x41C80000         DC32     0x41c80000

   \                                 In section .text, align 4, keep-with-next
   \                     ??DataTable8_5:
   \   00000000   0x........         DC32     ThermalModelCoreDD_U

   \                                 In section .text, align 4, keep-with-next
   \                     ??DataTable8_6:
   \   00000000   0xC0711266         DC32     0xc0711266

   \                                 In section .text, align 4, keep-with-next
   \                     ??DataTable8_7:
   \   00000000   0x........         DC32     ThermalModelCoreDD_ConstP
    817          
    818          /*
    819           * File trailer for generated code.
    820           *
    821           * [EOF]
    822           */

   Maximum stack usage in bytes:

   .cstack Function
   ------- --------
       0   EulerStep
      32   GetUpdatedWork
        32   -> fp
      24   InitializeConditions
        24   -> RunEvents
        24   -> eev
        24   -> fp
      64   RunEvents
        64   -> eex
        64   -> fp
        64   -> savespace
      40   ThermalModelCoreDD_initialize
        40   -> memset
      24   ThermalModelCoreDD_step
        24   -> EulerStep
        24   -> GetUpdatedWork
        24   -> InitializeConditions
        24   -> RunEvents
        24   -> __aeabi_d2f
        24   -> __aeabi_dadd
        24   -> __aeabi_f2d
        24   -> fp
       0   ThermalModelCoreDD_terminate
       0   eev
       4   eex
      56   fp
        56   -> powf
      24   savespace
        24   -> eev


   Section sizes:

   Bytes  Function/Label
   -----  --------------
       4  ??DataTable1
       4  ??DataTable1_1
       4  ??DataTable1_2
       4  ??DataTable1_3
       4  ??DataTable2
       4  ??DataTable2_1
       4  ??DataTable2_2
       4  ??DataTable3
       4  ??DataTable3_1
       4  ??DataTable3_2
       4  ??DataTable3_3
       4  ??DataTable4
       4  ??DataTable4_1
       4  ??DataTable4_2
       4  ??DataTable4_3
       4  ??DataTable8
       4  ??DataTable8_1
       4  ??DataTable8_2
       4  ??DataTable8_3
       4  ??DataTable8_4
       4  ??DataTable8_5
       4  ??DataTable8_6
       4  ??DataTable8_7
      18  ?Subroutine0
      16  ?Subroutine1
      18  ?Subroutine2
      10  ?Subroutine3
      18  ?Subroutine4
      46  EulerStep
     208  GetUpdatedWork
     196  InitializeConditions
     252  RunEvents
     672  ThermalModelCoreDD_DW
      68  ThermalModelCoreDD_U
          ThermalModelCoreDD_Y
          TimeStep
          ThermalModelCoreDD_Params
          ThermalModelCoreDD_B
     100  ThermalModelCoreDD_initialize
     156  ThermalModelCoreDD_step
       2  ThermalModelCoreDD_terminate
      30  eev
     334  eex
    1084  fp
     248  savespace

 
   740 bytes in section .bss
 2 828 bytes in section .text
 
 2 828 bytes of CODE memory
   740 bytes of DATA memory

Errors: none
Warnings: 4
